:1010000008FC0320011100005F270200BD0204005C
:101010005F2702005F2702005F2702000000000038
:101020000000000000000000000000005F27020038
:101030005F270200000000005F2702005F27020018
:1010400059110000C11100005F2702005F27020054
:101050005F2702005F270200052C02005F270200C5
:10106000451200005F2702005F27020039120000CE
:101070005F270200CD1100005F2702005F270200FA
:101080005F270200DD2C02005F2702005F270200BD
:10109000AD1100005F2702005F2702005F270200FA
:1010A0005F2702005F2702005F2702005F27020020
:1010B0005F2702005F270200000000000000000020
:1010C0005F2702005F2702005F2702005F27020000
:1010D0005F2702005F2702005F2702005112000015
:1010E0005F2702005F2702005F2702000000000068
:1010F000000000005F270200000000005F270200E0
:1011000021F030FB0E480F490022814201D004C07B
:10111000FBE70D480D490E4A814202D008CA08C0BB
:10112000FAE70C484FF47001026842EA01020260DB
:10113000BFF34F8FBFF36F8F1FF082FB00DE000005
:10114000D821002050A8002008000020D421002031
:10115000D060040088ED00E0B0B502AF3AF0B6FB15
:10116000104C206828B1002020600F48203021F06A
:10117000F5FF606850B10C4D0020606005F1200063
:1011800021F0ECFF05F1180021F0E8FFA06838B16C
:101190000020A06004481830BDE8B04021F0DEBF58
:1011A000B0BD00BF1C0100402094002080B56F46F8
:1011B0000248BDE8804021F0D1BF00BF0C8600206E
:1011C00080B56F46BDE880403BF012BFF0B503AF7D
:1011D0004DF804BD154E0020306022F09BFE144DEA
:1011E0000446286DF0B94FF0FF302865E86D78B1FE
:1011F000296E88420CD0D6F808140170D5E9170181
:101200000130E865884204BF05F1540021F07AFFFF
:10121000286D0130286520465DF804BBBDE8F0402C
:1012200022F0AEBE034821F003FA00BF00D1004017
:1012300020940020DC45040080B56F46BDE8804066
:101240003CF072BD80B56F46BDE880403BF0C4BE47
:10125000F0B503AF4DF8048D84B0344C206858B11C
:10126000334D0120C4F8080205F1200021F076FF7B
:1012700005F1280021F072FFE06D38B14FF4000055
:10128000C4F808022A48283021F068FFA06A38B163
:101290004FF48060C4F808022548283021F05EFF32
:1012A000A06D28B10020A0652148203021F056FF14
:1012B000206EB8B300202066D4F86C631C48C4F8D4
:1012C0006C63BFF35F8F50E8041F314340E80412A2
:1012D000002AF8D10020BFF35F8F8DF80C000720A3
:1012E0000DF10408029001200190404617F0F6FC31
:1012F000012817D101F01F040D4626FA04F0C0079B
:1013000004D028461CF0E0FE21F028FF84F01000F5
:1013100026FA00F0C007E8D028461CF0FBFE21F0BA
:101320001DFFE2E704B026F0A9BB00BF0071024038
:1013300020940020D0B502AF0446083017F0C3FC5B
:10134000012808D1D4E900021144B1FBF0F202FBFC
:1013500010110120D0BD0020D0BDD4D4F0B503AF12
:101360004DF8048D064690F83000884650B10328A9
:1013700073D1354615F82C0FB0B1032875D1746AB6
:1013800020681BE0D6E90010B2687261C6E903105C
:10139000887910F07F00B06162D00020354605F8F2
:1013A0002C0F45F8101C00E0F1698879344610F0E4
:1013B0007F0044F8200F4ED0C6E909411CF084FE9E
:1013C000D8E9001221F0E8FE2B480269BFF35F8FD5
:1013D000B16A24680968082CD1F8103536D24FF06C
:1013E000010C0CFA04F10024114208BF02240B4244
:1013F00008BF01244CB1022C1DBF0120287001241C
:10140000032404BF2C7003201BE0316ABFF35F8FFD
:1014100001F01F010CFA01F1C94350E8042F0A4002
:1014200040E80423002BF8D106F10C03BFF35F8FD3
:101430000124B1690DCB86F82C40006821F0B0FD85
:10144000022086F830405DF8048BF0BD0B481C216B
:101450000B4A20F0FBFF0B4803E0064821F05FF940
:10146000094821F02BFA21F037FA014821F057F909
:10147000701F0400401F0400209400204146040017
:10148000C43604001400000016000000B0B502AF1E
:1014900026F069FAC0B2102808D1284621461EF06D
:1014A000E3F9C0B2102818BF0220B0BD0220B0BDC1
:1014B000B0B502AF26F057FAC0B2102805D1D5E971
:1014C0000101884201D026F0FABA0220B0BDB0B5C1
:1014D00002AF26F048FAC0B2102805D120462946AE
:1014E000BDE8B0401FF098B90220B0BDB0B502AF62
:1014F00026F039FAC0B2102805D1D5E90101884299
:1015000001D026F0DCBA0220B0BDB0B502AF26F0A3
:101510002AFAC0B2102805D120462946BDE8B040BD
:101520001FF0A6B80220B0BDB0B502AF0546044614
:1015300055F80C0F30B128461EF080FA00B1B0BD4E
:101540000020286021680020012904D1D4E901216C
:1015500060601046B0BDB0BDF0B503AF2DE9F00737
:10156000804691F8300091460D4650B1032879D15C
:10157000AA461AF82C0FB0B103287BD16C6A2068F8
:101580001BE0D5E90010AA686A61C5E903108879F3
:1015900010F07F00A86168D00020AA460AF82C0F3E
:1015A0004AF8101C00E0E96988792C4610F07F00A9
:1015B00044F8200F54D0C5E909411CF0ABFDD9E92E
:1015C000001221F0E9FD2F4ED6F81090BFF35F8F87
:1015D000A86A216800681CF089FD48B3206800F003
:1015E0001F0080F0100029FA00F0C00731D0286AEF
:1015F0000121BFF35F8F00F01F0080F0100001FA9F
:1016000000F0C04356E8041F014046E80412002AD7
:10161000F8D105F10C04BFF35F8F0120AA6985F8AA
:101620002C0019CC0168009402A821F06BFC06E0A4
:1016300001208AF8000040F20110ADF80800DDE951
:101640000201C8E90001012085F83000BDE80F075C
:10165000F0BD032002218AF8000088F80010F3E7AB
:10166000094803E0064821F05AF8084821F026F915
:1016700021F032F9014821F052F800BF701F040038
:10168000501F0400209400201400000015000000EA
:10169000DCB504AF044668461EF018F826F0C2FA1E
:1016A00004D19DF801006070012002E001986060A3
:1016B00000202070DCBDF0B503AF4DF804BD04463A
:1016C00000254FF0FF36022E15D020461CF04CFEB0
:1016D000C00713D1013601F07F00C6EBC60202F04D
:1016E0000F029040054348B20028ECD4022E09D1E5
:1016F000C8B2032806D940F2015006E0C8B2000281
:10170000013000E02804C10703D000F47F4001301D
:1017100002E04FF6FF71884326F07FB9F0B503AFC2
:101720002DE9C00704460620CDE90010684600F008
:10173000CFF8C0F30725C1B2022901D101203DE055
:10174000C0074FD0684600F0C3F8C0F30726C1B207
:10175000022902D10120354630E0C00742D0684658
:1017600000F0B6F8C0F30728C1B2022902D1012067
:10177000454623E0C00735D0684600F0A9F8C0F31D
:101780000729C1B2022902D101204D4616E0C00747
:1017900028D0684600F09CF8C0F3072AC1B202299D
:1017A00002D10120554609E0C0071BD0684600F071
:1017B0008FF826F0CFFA07D10120154601212554D4
:1017C0002170BDE80C07F0BDC0070BD0657000218B
:1017D0000620154684F805A084F8049084F8038058
:1017E000A670ECE701200E25E8E7DFB506AF04465A
:1017F000486880B101384860096868461DF091FF6B
:1018000026F010FA0BD19DF801000021022220726F
:10181000C4E90021DFBD0020C4E90000DFBDDDE92F
:10182000020100220123C4E90201C4E90032DFBD44
:10183000416871B180B56F4626F04EFD1DF03EFA4D
:10184000C1B21529BDE8804004BF00F47F401630C6
:10185000704715207047416899B1F0B503AF4DF856
:10186000048D82B026F038FD0321CDE900016846E1
:1018700000F02EF80546C0B2022804D1A8B2040A2E
:1018800011E000207047E8071CBF019E002E09D020
:10189000DDF8008040461CF067FD0C46C00702D111
:1018A000012E05D10E24E0B20002023026F052B91A
:1018B00040461CF059FDC00701D00C46F3E7E0B2EA
:1018C000090641EA004005F47F4108440130EDE794
:1018D000416869B180B56F4626F0FEFC1CF044FDFE
:1018E000C0074FF0010018BF0220BDE8804000E0B3
:1018F000002040EA01207047416871B180B56F4611
:1019000026F0EAFC23F0C6F9C007BDE8804012BF0C
:10191000012001F0010100207047002002217047E2
:10192000416879B180B56F4626F0D6FCFFF7C3FE5B
:10193000C107BDE8804008D04FF4702101EA0020C3
:10194000022106E00020002103E04FF6FF718843EA
:10195000012108437047DCB504AF0446486870B104
:10196000013848600968A7F10F001CF0EDFF17F877
:101970000F1C17F80E0C1B2904D11C2109E01B2099
:101980002070DCBD17F8092CA27157F80D2CC4F893
:10199000022060702170DCBDF0B503AF4DF804BDCE
:1019A00082B00C46014600208AB28DF80600ADF8E0
:1019B000040001A9032809D0D3090A5409D0D2B2DE
:1019C00042F080020A5401301A46F3E7032501AAC7
:1019D00006E0094B01A9032200F0D2F802460D46A9
:1019E00026F0B3F901D9022004E025F02CFF70198C
:1019F0006060102025F015BFC43A0400F0B503AFB5
:101A00002DE9F80FE8460D460646404613219B4651
:101A100091463EF02AFAD7F808A0002013281BD0E0
:101A2000F1094FEAD91241EA4561ED0942EA4B62F8
:101A300045EA496541EA020345EADB14234308F815
:101A400000600CD046F0800308F800304FEADB1B42
:101A500001300E469146E1E713246A4606E00D4B3D
:101A60006946132200F08CF802460C46DAE9015070
:101A7000401B844201D9022008E011462846224634
:101A80003EF0E7F92819CAF80400102005B026F046
:101A900006BA00BFF43A0400F0B503AF4DF804BD38
:101AA000D1E901320024062C08D01D19954207D037
:101AB000065D013405F8016B4D60F4E7102000E08D
:101AC000022025F0AABF824221BF0B18111A184626
:101AD000704780B56F4626F071FAD0E901239A422B
:101AE00004BF02207047B0B502AF0C78154605F868
:101AF000014B9D4245600BD04C785470941C9C4225
:101B0000446005D089789170D11C41601020B0BD2F
:101B10000220B0BDF0B503AF4DF804BD84B004465B
:101B20000020ADF80C00CDE9010001A90A280DD074
:101B3000D5090A5445EA436555EAD31609D042F05F
:101B400080020A54DB0901302A46EFE70A2501AA80
:101B500006E00A4B01A90A2200F012F802460D46DF
:101B600026F0F3F801D9022004E025F06CFE70198C
:101B70006060102004B025F050BF00BFE43A0400BC
:101B8000D0B502AF044690423FBF621C08461146E2
:101B9000D0BD0020214620F010FCD4D4F0B503AF16
:101BA0002DE9000FAFB08246D0F830018B4602908D
:101BB00000280A9140F0E4869AF838010AF59E72EE
:101BC000CDE9062ADFE810F06701790D790D0600EE
:101BD0002D0017000AF5A27005909AF84401DFE87D
:101BE00010F00600AB006C0D4200AD0131000AF5AB
:101BF0009E70006856E19AF850010AF5A874002812
:101C000000F0D580032840F08F809AF84C010AF547
:101C1000A67558B3032800F0F380DFF81C0E20F0FF
:101C20007EFD9AF848010AF5A474DFE810F005007B
:101C30008100460D0800A500DAF8400149E1DAE923
:101C4000530189E09AF866010AF5B378DFE810F0ED
:101C500005007800350D24001100D146DAF848A1BE
:101C6000D9E95301C9E1DAE9520150E1DAF8440156
:101C7000B1E09AF898010AF5CC79DFE810F0080095
:101C800069001E0DDF052D0039003A04DF054C46C2
:101C9000D146DAF880A1EEE10AF5BD7008909AF815
:101CA0007A01DFE810F0050051000A0D0B0014075F
:101CB000D146DAF868A1CDF8248049E29AF88D017E
:101CC000CDF824800AF28D18F0B1032801F01D80B0
:101CD000DFF8680D20F023FD9AF8D4010AF5EA74C4
:101CE000D0B1032800F01183DFF8540D20F017FD68
:101CF0009AF8A9110AF5CE7099B1032900F0AD83C5
:101D0000DFF8400D20F00BFD9AF88F01DAE95F69EA
:101D1000DAF8884100F0E2BFDAE97056DAF8D0016B
:101D2000E2E2DAF8A41195E3DFF81C0D20F0F7FCED
:101D3000DFF8180D20F0F3FCDFF8140D20F0EFFCB5
:101D4000DFF8100D20F0EBFCDFF80C0D20F0E7FCC5
:101D5000DFF8080D20F0E3FC26F095F8C0B2052866
:101D600001D1032011E000218AF85401DAF844017E
:101D70008AF85511CAF85001DBF800100AF5A67070
:101D800001F0B0FE002878D0042020700698DBF81F
:101D9000001000681DF0BCF9002871D100200AF580
:101DA000A8748AF85001DAF83401CAF83C01DAF86C
:101DB0003C01CAF8400190F8C410012904BF90F812
:101DC000C510012965D100212C308AF84C110AF583
:101DD000A675CAF844010168D1F82C25D20736D07F
:101DE000CD4B1A6812B949F275321A60C0225A6195
:101DF00049F275321A600022C1F82C25CAF8480150
:101E000025F02BFDDFF8580C203021F0C5F9DAF869
:101E100048010068D0F80014D0F8002101F40073E4
:101E20001A4309D149052ED54FF48061C0F800143A
:101E30000121C0F808158165B749086810B949F251
:101E4000753008600020486149F275300860012053
:101E500000218AF84C01DAF8400180F8C410DAF861
:101E6000400100F16805406EC60096B1F5E8020138
:101E7000CA6900219047083EF7E7DAF844012AE0F2
:101E8000042000F07BBD032020702870052000F0A6
:101E900075BD0120207000208AF84401DAF8340171
:101EA000CAF83C010AF5A2710591CAF8400190F800
:101EB000C410E9B10120DFF8A81B8AF84401002012
:101EC0008AF848014431DAF834010AF5A474CAE901
:101ED0004F10CAF8440190F8C4100029D9D000F17D
:101EE000310200F130012C300AF5A67307C333E745
:101EF000002100F1D4028AF8601100F1310300F1F1
:101F000030012C300AF5A474CAF854210BC425F012
:101F1000BAFFC0B2052808D19AF86001D8B10328E9
:101F200029D0DFF8400B20F0FAFB00218AF850019D
:101F3000DAF840018AF85111CAF84C01DBF80010B8
:101F40000AF5A47001F0CEFD002800F007870420F8
:101F5000059900F011BDDAF8540100220168CAF8B1
:101F60005811C1F800224FF40002DAF85811C1F8F4
:101F70000423CAF85C0125F070FCDFF8E40A28307D
:101F800021F00AF9DAF85C010068D0F85C01002859
:101F900000F0C283DAF858010021D14609F5B37880
:101FA000C0F85C11DAF85821D2F88004D2F88434F1
:101FB000D2F88844C0B2D2F88C54DBB22D0664F358
:101FC000174545EA03231844D2F89034D2F89444D4
:101FD000D2F89854D2F89C248AF86611D9B2E3B2A8
:101FE0001206DAF840A141EA0321EBB2C9E952A096
:101FF00042EA03421144C9F85011C0F3411289F872
:102000006421020AC9E9550189F86221020CA9F884
:102010005E11090CA9F85C21C2B2D209A9F86011BD
:1020200000F01F01CDF8248089F86521042928BF1C
:10203000042189F8631109F5AE7140B2B0F1FF3F98
:102040006CDD0DF190080A2208F10A003DF001FF55
:102050001BA898E87C0001467CC109F5C271C9F84B
:1020600080A190E87C0000207CC109F5CC74DDF8EB
:10207000248089F8980109F5C27009F5C7710A2210
:10208000C9F870A13DF0E5FEB9F88801C9F87401FE
:10209000BAF8D810C9F878110021C9F87C11DAF81B
:1020A000D020824206D20AF1D400C9E96701CA46AB
:1020B000A146C3E3DAF8CC10DFF8AC3923F022F8FC
:1020C000D9F87821002A00F08F850123CA4689F8C3
:1020D000B43109F5D47307C30020A14600210128BB
:1020E000CAF89C1102D1DAE9685605E00AF5D47005
:1020F0001DF04CFD05460E46002D6ED09AF8B441F9
:1021000000208AF8B401DAF89C01012840F0D08060
:10211000DAF8A001D5E000BF00EC064024A818C9F9
:10212000021D18C2098811801BA938C80A4638C286
:102130000088108009F5B670C9F868A11CC91CC0D8
:1021400000220988018009F5BD7089F87A2108907C
:10215000B9F87401C9F86CA11090B9F872010F9028
:10216000DAE933C2B9F870E19AF8C90099F87881D0
:1021700099F8763199F877B1B8F1020F0390BAF86F
:10218000D800049099F879010E90CDF834C0CDE9CB
:102190000BE225D0B8F1000F32D1BBF1000F00F0F7
:1021A000D181BBF1010F00F0A981BBF1020F27D152
:1021B000002B40F082840F9BDAF82C1003F00F0004
:1021C0005BB2B3F1FF3F40F34E83082880F01A85DD
:1021D00001EB800000F244404CE3DAF87C61CEE091
:1021E000BBF1000F0CD1DAF84890B9F1000F07D01D
:1021F0009AF84C00834204BF0F98072800F03882F9
:10220000DAF864000AF168040DF14C094FEAC00ADB
:10221000BAF1000F00F05184D4E900101D46C66ADF
:102220000E988DF855001098ADF850000F988DF865
:102230005230634600924A468DF854808DF853B070
:10224000ADF84E00ADF84CE024A8B047249840B952
:10225000AAF1080A0834DDF834C02B46DDE90BE2A8
:10226000D6E7DDE925C9BCF1000F00F026841099FE
:10227000049C08468C4238BF2046039A002A18BFA7
:102280000846122C28BF0846484528BF484640F259
:102290001381DDF828B0002C00F0C284B0FBF4F10B
:1022A000DDF81CA001FB1401B1FA81F14A090BE130
:1022B0000AF5D4701DF06AFC0122CAF8A411CAE91B
:1022C0006720B0FA80F0002140098AF8D5418AF8E9
:1022D000D6010AF5EA74DAF870018AF8D411D4301C
:1022E000CAE97056CAF8D001CAE96E560021CAF888
:1022F000C8010068C0F828110121C164DE49C0F896
:102300000413DAF8C801CAF8CC0125F0A6FADFF800
:102310005007283020F040FFDAF8CC010068D0F8F0
:10232000281151B1DAF8C8110022DAE96E300968D3
:10233000009024A820F0E6FD0BE0D0F8001121B9B0
:10234000D0F85C01002800F00E8340F20110ADF8D7
:102350009000DDE9241001222270C9B219B10229CE
:1023600040F0708201E3DAE95E121618CAF87C6167
:10237000814204D8DAF87401864240F0B080DAF87D
:102380007031D3F8D020964200F22884D3F8CC00E4
:102390009AF88C110F90CAE95A060029BAF88801F8
:1023A000BAF884219AF88AB19AF88BE10E90BAF8BB
:1023B000860110909AF88D01CDF82480CDE90C01AA
:1023C000CDF82C9054D0586E03F168054FEAC0093F
:1023D000B9F1000F00F02682F5E8020190468DF871
:1023E00097E033468C6AF2460C998DF899100D9956
:1023F0008DF898100E99ADF8941010998DF896B04C
:10240000ADF89210ADF8902024A90F9AA047A9F139
:102410000809C1B2D64642460229D9D0C00740F0C9
:102420000182DDF81CA0DAF8700100F1D40190F807
:10243000C720002A56D090F8C90000228AF8A801C7
:102440000AF5CE708AF8A921CAF8A411DDE9098B32
:10245000DDF82C900022C0E900121CF023F80120C6
:1024600000218AF8A901DAF8700180F8C710E9E1C3
:10247000BEF1000F00F0DC801098BEF1010FC4B275
:1024800073D0BEF1020F9ED1BBF1010F00F0F680B8
:10249000BBF1030F08BF002A40F0C4811099D86A2D
:1024A000090707BF0121416504F0870101F580712B
:1024B00018BFC0F81815B4E7DDF81CA00022DDF83D
:1024C00028B0002C00F09783012300218AF8B43152
:1024D000CAE96432CAE9661CCAE96804C5E3DAF8E5
:1024E0009C01FBE5DDE9098B0020DDF82C90CAE9B1
:1024F00067100AF5CE701BF0D5FFA3E1DAF85000A3
:102500000F99884240F2D9820A2B00F09F81002B5C
:102510007FF476AEDFF854350220614625F07DFC6D
:1025200000220223ADF89020DFF84425009224AA6F
:1025300021F048FEDDE90C2C012A3FF698AEDFF8C9
:102540003435B2E1002B00F0B980062B00F0A280F8
:10255000082B40F0B282002A00F06E839AF8C8007F
:102560000438B0FA80F0400978E1186DA04240F2DA
:102570005981BBF10B0F40F0558103EB440000F192
:10258000540AD0B29AF80110814240F24B810DF109
:10259000900BD3E90D0190469946002600258AF854
:1025A0000020CDE9110111A9584620F0D1FE249850
:1025B000012840F0A1802699B9B325F010FA25D062
:1025C000042816D00528EED113A820F0F5FEC00788
:1025D0002BD1E8B2A042E6D19AF80020F0B2101A4E
:1025E000B0FA80F04209D9F82C001BF0E3FD109DF1
:1025F000D9E713A820F0E0FEC00716D113A80D46B6
:1026000020F0DAFEC00710D10E46CCE713A820F068
:10261000D7FF80B248B913A820F0CEFEC00704D17E
:1026200013A820F0C9FEC007BDD0DFF84C0484E138
:10263000ABF10100082800F2F580DFE810F0090096
:10264000F3008D00F3007200F300F300F3009C0030
:10265000012A40F0E780002025F08EFD002D3FF498
:10266000E0AEF4E802010A6A00219047083DF5E770
:10267000DAF844C0FBE500BF01048000002A40F006
:10268000D180109800071EBFD86A04F08701C0F8F7
:102690001815C6E64FF0FF3000EB1E20052800F2AB
:1026A0000881DFE810F00600B30188010A020A027F
:1026B000AD010AF1A80C4FF01209D8E5DFF8BC33E0
:1026C000022061469AF8C5409AF8C66025F0A5FB3D
:1026D00062000223D2B23243ADF89020DFF8A0238B
:1026E000009224AA21F06EFDDDE90C2C012A3FF6B0
:1026F000BEADDFF89033D8E0D9F8640009F1680482
:10270000C500002D3FF48DAEF4E8020142464B6A4D
:1027100010999847083DF4E7032005998AF860016D
:102720002AE1501E80B27F287CD240F2013003F1B2
:102730006804A3F8C700586E83F8C920C500002DAF
:102740003FF46FAEF4E802021E4693F8C9105269D6
:1027500090473346083DF2E7012A63D1012025F076
:102760000BFD002D3FF45DAEF4E802010A6A012181
:102770009047083DF5E7002A00F0A380012A51D1D7
:102780000420D3F8509083F8C80003F1540AD3E929
:102790000D010DF1440BCDE9110113AE1C464FF0B4
:1027A0000008002524A8594620F0D2FD24980128CD
:1027B00040F0CB80269999B325F011F923D0042855
:1027C00015D00528EED125F0FEFCC00728D1E8B2CF
:1027D000814540F22C821AF810005FFA88F2801AC4
:1027E000B0FA80F04209E06A1BF0E4FCDAE725F079
:1027F000EAFCC00714D130460D4620F0DDFDC007CD
:102800000ED18846CEE7304620F0DAFE80B238B9E5
:1028100025F0D9FCC00703D125F0D5FCC007C1D0F5
:1028200099488AE0DDF81CA00020DDE9098BDDF87D
:102830002C90DAF87011D431CAE967100AF5CE701D
:102840001BF042FE012089F8000085E2002A00F01A
:10285000F6810F990AF1540010F811008CF800006D
:102860004FF0010903E5082880F0D38101EB8000D7
:1028700000F58460854B61460468022025F0CDFA9E
:102880004FF0FF32022312FA84F2B2FA82F25209B6
:10289000ADF890207E4A009224AA21F093FCDDE955
:1028A0000C2C012A3FF6E3AC7A4B002002211FF0EA
:1028B00084FD4FEA1E200F2840F0FF80DAE90FC99F
:1028C000D5E493F8C80002283FF4ABAD03200DF126
:1028D000900883F8C8001C46D3E90D01CDE9110129
:1028E00011AE13AD4046314620F032FD2498012848
:1028F00040F090802699F9B125F071F80DD00428A8
:1029000010D00528EED1284620F056FDC00713D17F
:10291000E06A00221BF04EFCE4E7284620F050FE5F
:1029200080B248B9284620F047FDC00704D12846A8
:1029300020F042FDC007D5D057480090A7F11D02F6
:1029400056482B21564B1FF0C2FE20466834406E7D
:10295000C500002D3FF465ADF4E802018A6901214C
:102960009047083DF5E7032020700420059989F879
:10297000000088F800000520087003208AF838015C
:10298000DAE90001084318BF01200C9040F0B7823B
:102990009AF82800DFE810F00700910691060C0075
:1029A0004B027F028F02DAF80800CAF80C00E6E159
:1029B000DAF82C40E7E15FFA8EF1032900F28C800F
:1029C00004205446DFE801F002753472002A00F05A
:1029D0003D81012A8CF8000000F03B810320022A8F
:1029E0008CF8010040F239810920032A8CF802009A
:1029F00000F037814FF004098CF80390FFF737BCE3
:102A00000AF1BA0C4FF00A09FFF731BCDAE90DC937
:102A1000FFF72DBC20466834406EC500002D3FF402
:102A200000ADF4E802018A6900219047083DF5E70E
:102A30000AF108040C203CE0D835040024390400D5
:102A400034390400E4380400F0200400E0200400DD
:102A50004021040000210400302104007021040002
:102A600020940020F438040050210400D01F0400FA
:102A7000E01F0400F01F040060200400901F040009
:102A8000A01F0400B01F0400402004001020040018
:102A90002020040030200400502004008054040052
:102AA00034350400C0200400D02004000AF11004D2
:102AB00014205AF80010206810BBDDF81CA000207C
:102AC000DDE9098BDAF86C11D431CAE95F100AF537
:102AD000BE701BF0F9FC3CE1DAF864000AF168040E
:102AE000C500002DE9D0F4E802010F9A0E6B714683
:102AF000B047DDE90BE2083DDDF834C00028F0D036
:102B0000012A40F2A08000EB010A0DF19008032297
:102B10004FF0020900248CF801201CB100258346E7
:102B20000C9B32E0504555D083460C9B1BF9011B92
:102B3000CCB2B1F1FF3F27DC427804F01F01E02C5A
:102B400002F03F0212D38678F02C06F03F0646EAE8
:102B5000821210D3C47801F0070100F1040B04F0D5
:102B60003F0444EA821242EA814508E042EA8114C5
:102B700000F1020B08E042EA013500F1030B0020EE
:102B8000B0EB154F1CD12C46002509F102069E42E0
:102B90004AD25FF8F000314600904846624622F083
:102BA000BBFA5FF8FC20022300924246ADF8904049
:102BB00021F008FBDDF834C058462C46B146ACE79E
:102BC00005F57F00372161F39F254FF4584141EA15
:102BD0009024DAE78CF80090FFF749BBDFF82C3E31
:102BE000002031461FF0E9FBDFF8240E3721DFF823
:102BF000242E1FF033F8DFF8180E3721DFF8442EAB
:102C00001FF02CF8DFF8100E1C21DFF8102E1FF03B
:102C10001DFCDFF8040E1C21DFF8042E1FF016FC4B
:102C2000DFF8240E1FF071FDDFF8140EA3E0DFF8CB
:102C3000D82D49461FF010FCDFF8EC2D01E0DFF83D
:102C4000E42D24F07DFDDFF8F40D94E0DFF8E82DAD
:102C5000F7E7DFF8E02D24F019FEDFF8D02D24F09F
:102C60009DFFDFF8CC2D24F090FF0AF5C8780020F6
:102C70000129CAF8A80102D1DAE96B6904E04046EB
:102C8000FEF752FC06468946002E60D09AF8B44101
:102C900000208AF8B401DAF8A801012802D1DAF894
:102CA000AC0107E04046FEF73FFC0122CAF8B01134
:102CB000CAE96A200021B0FA80F08AF88D11400933
:102CC000DAF86C110AF28D188AF88E4101F1D404F9
:102CD000CAE95F698AF88F01CAF888418AF88C01CD
:102CE00000202568002132464B46C5F828019AF895
:102CF0008C018000C0B2C5F80002206820F050F9B5
:102D0000E348C5F80403CAF88441DBF80040D4E97D
:102D1000001089688847DFF8EC0CD4E900122830ED
:102D200020F03AFADAF884010068D0F8281129B1C5
:102D30000120DAF8A8118AF88D0196E7D0F8001181
:102D400011B9D0F85C0168B1012088F80000DDF805
:102D5000248008990120087088F80000DAF8400102
:102D6000FFF7A5B80899032088F80000DDF8248053
:102D700008700599FDE51FF0A1FD1FF0ADFDDFF81E
:102D8000D04CCAF82C40C3480068C00540F0A98563
:102D90002068002840F0A88525F060FA207B0128F3
:102DA00004D104F1D80020F0ADF9217BD4E901026F
:102DB000904201D1C9070FD000212173411C00EBC3
:102DC0004000B1F1100218BF0A46626004EB8000B7
:102DD00010F80E5F042D07D124F03FFD04F1D00060
:102DE00020F09DF9042504E0411C1BA80B223DF0B6
:102DF00030F824F039FE042D7ED054460B2204F81E
:102E0000105F1BA9601C3DF024F821F057FCC0B2F4
:102E1000032805D1DFF8EC0B443021F041FAAEE78E
:102E200000208AF83400DAF80C00CAE90B04DBF859
:102E300000200AF12C0124A81BF058FB2498072835
:102E400054D006289BD05446DDE9251244F81C0FC7
:102E5000DFF8080CC4E901121FF024FD204616F02B
:102E60008BFB1FF0EDFD2068032804BF9AF82000BB
:102E700001287FF484AFDFF88C0B443021F010FA86
:102E800024A824F003FEDDE924129DF89800CAE985
:102E90000C128AF83800DBF800100AF1300020F03C
:102EA000D9F938BB0020DAF80C108AF834000AF19E
:102EB0001000CAE90B10DBF800200AF12C0124A84D
:102EC0001BF014FB2498072812D006283FF457AFB4
:102ED000DDE9251224AB07C3DFF8840B1FF0E2FC09
:102EE00024A816F049FB1FF0ABFD48E7042004E0DE
:102EF000062002E0052000E003208AF82800DAE935
:102F00002A01084318BF01200B9040F017819AF85E
:102F1000B90098B1032826D19AF829010AF2291498
:102F2000A8B103281BD19AF820010AF5907588B141
:102F3000032869D0DFF82C0B1FF0F1FBDAF8B4009E
:102F40009AF8BA10CAF8B0008AF8B81014E0DAF8A3
:102F5000240118E0DAE92F02DAF8C41022E0DFF8E1
:102F6000080B1FF0DCFBDBF800100AF1C80020F0B2
:102F700071F940BBDAF8B0000021CAF824018AF8E0
:102F800029110AF2291400210AF594728AF82811ED
:102F90000AF5907500688AF820110121CAE92F020C
:102FA000CAF8C4100029CAE93202CAF8D01000F0E9
:102FB00064830189CAF8D41000680068BFF35F8F8A
:102FC000CAE9360001E00420B6E0DAE93323DFF88D
:102FD0009C1A0091012122F09FF8DAF8D420002AEF
:102FE00000F045830AF1E00307C30AF1E0001CF09A
:102FF000CDFD78B30022CAF8F4108AF81C21DAF863
:10300000C8200432CAE93B20DBF800200AF1EC01B9
:1030100024A8FEF7A1FA9DF89000022800F089800C
:10302000C00704D0DAF8C81024F0F2FD18E02599A2
:10303000DAF8DC00DAF8D4200844CAF8DC0091425F
:1030400001D301286ED1DAF8C80000210068BFF36F
:103050005F8F0160DAE936010029B6D0E0B10222C3
:103060000123CAE92F208AF829314FF400428AF857
:1030700020310023CAF8C41024A820F0CDF8DDE9DF
:1030800024129DF89800CAE932128AF8D0006AE743
:103090000104800004ED00E001209AF828418AF83C
:1030A00020018AF8290121F047FA9AF8B810C0B235
:1030B00088427FF45FAFB8480068C00540F01184D3
:1030C000DFF8AC09DFF8AC1915F0BAFD0646007C54
:1030D0000D46012804D106F1080124A81CF005FAC8
:1030E000F06FE0B1317C002940F0B880D6E90212DF
:1030F00006EBC2039861501C821E1C7518BF024665
:10310000F260914204BF01203074D6E9000124F03E
:10311000DEFDC6E9000106F1240021F0ADF824F03F
:103120004EFD27E7DAF8C8100968BFF35F8F086023
:103130005BE70320207028708AF8B900DAF8D821FC
:103140000299002A40F048849AF8F4010D9290B157
:10315000032817D19AF810020AF5FC7888B30328DF
:1031600040F080809AF80C0298B3032840F08280E7
:10317000DAF80442BAE20AF5EE720AF5F47307CA05
:1031800007C39DE29AF898030AF566720E92D8B1C9
:1031900003286BD19AF89403F0B1032840F06E80B5
:1031A0009AF848020AF538730AF512790F93DFE8A6
:1031B00010F005006900840227001800DAE986583B
:1031C000F2E2D8F8000082E2DAE98058DAF8084240
:1031D000B7E2DAF8FC0180E2DAE98358DAF814425F
:1031E000B6E20AF5257010909AF89402DFE810F024
:1031F000F1005200650205002400DAF8C00206E181
:103200009AF8DC020AF5377B88B103283ED19AF898
:10321000D8020AF53676C8B103283FD19AF8D4020D
:103220000AF53575A8B103287FF484AE9CE0DAE98D
:103230009386DAF8545235E024F07AFF00F02182C8
:10324000DAF89862C8460AF527791EE1DAF86C5276
:1032500039E0DAE99C40DAF8781253E0DFF8180830
:103260001FF0EAF8DFF83C081FF059FADFF82C08E5
:103270001FF055FADFF828081FF051FADFF8180898
:103280001FF04DFADFF80C081FF049FADFF80008CC
:103290001FF045FADFF8F0071FF041FADFF8EC07FE
:1032A0001FF03DFACAE99686CAF86052002D75D023
:1032B0000020CAF86C528AF8D802DAF85802CAE933
:1032C00099060AF53676202D0AD2DFF8E4071FF0BA
:1032D000E9FA28461FF0D8FA1FF0B2FB012434E1C6
:1032E000DAE999012A46DFF8C0370468202021F086
:1032F00009FF0022CAE99C408AF8D4220AF53575F4
:10330000CAF878121F29CAE99F40CAF8841240F20D
:10331000B4812089CAF8880220680168BFF35F8FF2
:10332000CAE9A311DAE9A023DFF8400700900846B4
:10333000202121F0F1FEDAF88822002A00F097819E
:103340000AF5257307C30AF525701CF01FFC002839
:1033500000F0E4800022CAF8A8128AF8D022DAF835
:103360007C220432CAE9A8200A980AF5287102686A
:1033700024A8FEF7F1F89DF89000022804D103205C
:10338000022430702870E2E0C00700F0B380DAF861
:103390007C1224F03DFCCAE004ED00E00120DAF8E4
:1033A00020528AF8DC0213AC0AF50A71202224F0BC
:1033B000E2FA0AF5147021462022CAF84C523CF079
:1033C00048FDDDF828B000208AF894020AF525703F
:1033D00010900AF51D740AF51471DAF84C52202287
:1033E0002046CAF870523CF034FD95F8EC00C0B3AA
:1033F000012021468AF89C020AF29D202022CAF868
:1034000098523CF026FD05F1E000CAF8C002DBF856
:1034100000101BF07DFE00B324F08AFE00F0318125
:10342000A648DAF898420068C00540F05A82206841
:10343000002840F0598224F0B5FB002800F0E68017
:1034400024F00BFA04F138001FF069FE01208AF81D
:103450009C0224F009FB032046E0C846DAF87052CB
:1034600000E0C846FF200AF51D718AF874020AF2CE
:103470009D20202205F14006CAF898623CF0E9FC44
:1034800000200AF527798AF89C0224A80AF29D25D3
:10349000041D2022294624F06EFA8848CDF8B4B0E5
:1034A00024960068C00540F01C823068002840F077
:1034B0001B820DF16C0B0A9B4FF0FF30311D306009
:1034C0005846224601F000F924F0E7FB9DF86C0015
:1034D00070B101200BF1010189F80000284624F0A9
:1034E000C7FA0420DDF828B010990870042041E0E4
:1034F000C146A3E02599DAF89002DAF88822084458
:10350000CAF89002914202D3202840F0A980DAF84C
:103510007C0200210068BFF35F8F0160DAE9A3102D
:1035200000283FF4FFAE0222002900F0928001241F
:103530002C702690DFF87405CDE924211FF0B2F934
:1035400024A821F027F91FF07BFA01213170022C09
:103550000BD0ECB9DAE99712DFF85835FEF7B3FA79
:1035600006460D46CAE99765A0E603208BF80000E1
:10357000DDF828B08AF848029AF81003DFE800F076
:1035800003859D431000DAE9B801CAE9BA0124E1D4
:1035900001208BF80000DDF828B089F80000F3E185
:1035A0009AF890030AF5647400284DD0032870D16E
:1035B0009AF88C030AF5637600284ED003286CD164
:1035C0009AF849030AF24935DFE810F005006B006C
:1035D0007700A501C101DAE9CE02212ADAF8441305
:1035E000CAF8401361D28988202A00F0528100294C
:1035F0005FD0B2FBF1F303FB1123B3FA83F35B0952
:103600008AF848334AE1DAF81443EAE0A5680AF296
:103610009D21202204EB45100D303CF01AFC002DBA
:1036200018BF01356068A560A84204BF012020735F
:1036300004F130001FF066FD24F016FA0120DAF8DC
:1036400024828AF89402B1E0DAE9C506DAF81C535C
:10365000FFE001210024297077E7DAF8345308E10C
:10366000DAF87C120968BFF35F8F08606BE6E84800
:103670003721DFF808241EF0F1FADFF80404FFF721
:103680007ABBDFF80004FFF776BBDFF840041FF0D9
:1036900046F8DFF834041FF042F8DFF828041FF082
:1036A0003EF8DFF814041FF03AF8DFF81004FFF7D3
:1036B00062BBDFF80C041FF028F8FEDE04ED00E02A
:1036C0000021CAF8F8018AF810120AF5FC780021E6
:1036D00004308AF80C12CAF8FC01817911F07F04D9
:1036E00078D00121CAE980048AF8081220461AF02D
:1036F00011FDDBF80010D1E900121FF04DFDDAF8E2
:103700000002214600681AF0F1FC9AF80812012222
:10371000484018BF03228AF810228AF80C2256D19A
:103720000AF5F47500208AF898030AF5FC7223CD97
:103730000AF5FE74CAF8084282E823010AF56670A9
:103740000E900020CAE983588AF89403CAF81442FC
:10375000BE480068C00540F0C480286C002840F0D6
:10376000C3804FF0FF30286495F84C00012804BF57
:1037700005F1D8001FF0C6FC286C002685F84C60C7
:10378000013028642846C5E9116620F00DFE0AF5CF
:1037900038708AF81063CAE9B8540AF512798AF8C1
:1037A0004862CAE986580F90CAE988580AF50A762D
:1037B0002021202530463CF0D9FA0020CAE9938622
:1037C0008AF8DC020AF5377BCAF854526AE503200E
:1037D0000D9AFEE0C248FFF7CEBA00F14004CAF8E5
:1037E00014439A480068C0057BD1206800287BD12B
:1037F00024F034FD207B012804D104F198001FF04F
:1038000081FC217BD4E90102904201D1C90757D044
:103810002168421C4FF0000804EB401001310AF50A
:103820003C76131F84F80C8018BF1346C4E90013BC
:1038300000F10D013046202220253CF0CBF9DAF8CA
:10384000EC020AF564748AF89083CAE9C506CAF8DE
:103850001C53CAE9C806CAF8285325B30020CAF881
:1038600034538AF88C03DAF82003CAE9CB060AF548
:103870006376202D1DD1DAE9CB1000220AF24935FA
:1038800009688AF849232022CAE9CE02CAE9D01180
:10389000898800228AF848232022E9B1CAE9D302A4
:1038A000CAF8541329E001208AF89003DAF8E802F4
:1038B00093E787481EF0F6FF28461EF0E5FF5AE022
:1038C00023F0CBFF04F190001FF029FC20680D9A33
:1038D00001302060032074E04D4837217F4A1EF0FC
:1038E000BDF95C48FFF747BA5B481EF0DBFF21F0EB
:1038F00023FC1FF0A5F81EF0EFFF0AF553701CF033
:103900009DF8B0B10022CAF860138AF88823DAF86B
:103910004023CAE9D620DBF800100AF55670FDF7FF
:103920001DFDC0B20228E8D00D9A03281BD1032048
:1039300042E09AF8480301282DD100200121DAF84D
:1039400040238AF87C03CAE9D321CAF85403DBF880
:1039500000100AF55370FDF701FDC0B202281AD01D
:103960000D9A032827D0012028705B481EF09AFF8B
:10397000012020F001FF1FF063F801208AF8900376
:103980008AF88C038AF810038AF898038AF894035B
:10399000DAF8E80194E6DAE9C91201204D4B8AF819
:1039A0008C038AF84903202021F092FC06460D463C
:1039B000CAE9C96551E70420032128703170042049
:1039C000217003218AF8100304208AF898138AF8DA
:1039D000941302998AF8F401002918BF01219AF87A
:1039E0009C03002818BF01202AB10C9A10400840FF
:1039F0000B99084002D12FB023F08CBF0AF59870C4
:103A00000BF026FF20940020702004008021040089
:103A1000083504006021040041460400F436040027
:103A2000E436040000200400C01F0400A0200400AD
:103A3000B020040090200400802004002300000037
:103A400024000000202104001021040004ED00E007
:103A5000C08E002037000000500000004100000030
:103A600040000000C421040084360400D421040076
:103A7000E08B0020E84A0400084B0400E421040025
:103A80001F0000003900000088330400A436040041
:103A9000942F040098330400783304006833040042
:103AA000B0390400F42104009436040048000000FA
:103AB0004C000000A42F0400242204002100000078
:103AC00004220400B4360400B42F0400A833040018
:103AD0004B000000C42F0400490000001422040021
:103AE00013000000F0B503AF2DE9800F8046407A47
:103AF0000D46DFE810F005001F01280149002B00EA
:103B000098F80810D8F80400C8F80000DFE801F0C1
:103B100003DD4C5B4700022180F8C8100021D8F873
:103B2000000080F8C410D8F8000080F8C510D8F85C
:103B3000000080F8C91023F0F0FD002D00F0D280C5
:103B4000F4E8020109698847083DF6E798F8100093
:103B5000C00740F0F280D8F80C0000680021C0F8DF
:103B60000015012088F81000D8F8000080F8C8106F
:103B700023F0D3FD002D00F0D680F4E80201CA68DE
:103B800000219047083DF5E7464616F8180FDFE894
:103B900000F003D7DA427300D8F80C001AE02C309A
:103BA0000021C8E90301D8E7002180F8C41023F000
:103BB000B4FD002D00F0B780F4E80201CA690021CD
:103BC0009047083DF5E70021464606F8181F2C30BF
:103BD00046F80C0CC8F8100049F2753201684046EE
:103BE00040F8141F03235B490A60C1F814310A60CE
:103BF0000B6803B90A60C0234B610A600122D8F840
:103C00001410C1F800254FF48002D8F81410C1F840
:103C10000423C8F81C005048D5E9001220301FF0DA
:103C2000BBFAD8F81C000068D0F80004000501D4E5
:103C300003202FE0D8F814004FF40061C0F80014FE
:103C40004448016811B949F275310160002149F217
:103C50007532416102600260C0F814118021026077
:103C60003E480160D8F814003D49C0F80413D8F864
:103C700010000530C8F81C003748D5E9001218308C
:103C80001FF08AFA37480168890707D40068C0071F
:103C900009D0042030700120032146E0D8F8140038
:103CA0000121C0F804150120022188F81800D8F875
:103CB000000080F8C81023F030FDA5B3F4E802013D
:103CC000CA6801219047083DF7E7012180F8C41038
:103CD00023F023FD3DB3F4E80201CA6901219047B6
:103CE000083DF7E7D8F800004FF00009002500F183
:103CF000540B016D0BEB410AD34514D08BF80090A7
:103D0000D8F8000000F16804406EC6003EB1F4E847
:103D1000020100224B6A29469847083EF6E7013522
:103D20000BF1020BE8E70020012188F80910BDE83B
:103D3000080FF0BD06481EF0F2FC03481EF0EFFC31
:103D400002481EF0ECFCFEDEF8350400E835040005
:103D5000801F040000EC06402094002004E100E0F5
:103D6000010040013804004080B56F46002080BD4E
:103D700080B56F46002080BD80B56F4680BDD4D42D
:103D8000B0B502AF0446407C0D46DFE800F00321E9
:103D90002C395300D4E900100B28E268A2601AD233
:103DA00092880A2807D1002323746AB92E48372144
:103DB0002E4A1DF053FF9AB1B0FBF2F303FB12033E
:103DC000B3FA83F35B092374C4E90510E2610BE0E5
:103DD00022481EF0A4FC22481EF070FD1EF07CFD5F
:103DE00020481EF092FCFEDE04F114001BF026FEBB
:103DF000A8B10022A16284F85020A268C4E908207A
:103E000004F120002946FDF7A9FAC0B20228EBD040
:103E1000032807BF03210320012101201BE0207C90
:103E20000121012816D10020A26884F84400C4E9C9
:103E30000521E06104F114002946FDF78FFAC0B2B4
:103E4000032802D10320042105E0022818BF012025
:103E5000012100E002206174B0BD00BF24220400F3
:103E6000210000000422040008350400142204008C
:103E7000F0B503AF2DE9000F97B093F814900DF152
:103E80001C0A06901546D3E902049846DE7C0322FC
:103E9000039050464B460096059100F0F5F80DF161
:103EA0002C0B5146584600F01BF99DF8300059463E
:103EB0000290032200960DA84B4600F045F9200A17
:103EC00004948DF84D4001908DF84E0022200D9CF9
:103ED0008DF84C004148129012A9204600F092F94A
:103EE00004F1F00098F812B0B8F810901FF042F802
:103EF000012863D003200DF13C0A8DF84400D4F86A
:103F0000EC000F9041F080000AF104018DF84200AE
:103F10002046BE688DF843B0ADF840901FF0BCFA63
:103F2000D6B104F1F2001FF025F801284DD003208E
:103F30008DF84FB08DF850008346D4F8EC00ADF802
:103F40004C908DF84E10129012A8011D20461FF0C3
:103F5000A3FADDE9129401E04FF0040B0998403018
:103F60001FF044FB019805F1200668772220E876CF
:103F70004FF48070A5F819001948C5F8150002988B
:103F8000049A2875D8E90001039B2A77C5E9003215
:103F9000C5E90260134A05982961294600F058F8DE
:103FA000069DC5E90394284685F814B09AE80E00EA
:103FB0000EC0AE6117B0BDE8000FF0BD0D48A7F10F
:103FC0001D02009018210C4805E00748A7F11D02CA
:103FD000009019210548064B1EF079FB10010001E5
:103FE0000921100144220400DC220400C022040044
:103FF00024350400B02204009822040080B56F46E6
:1040000080BD80B56F4680BD80B56F4600210160E0
:1040100080BD80B56F46002080BD80B56F46002012
:1040200080BD80B56F46002080BD80B56F46022000
:1040300080BD80B56F4680BD80B56F4680BD80B5C0
:104040006F4680BD80B56F4680BD80B56F4680BD30
:10405000D0B502AFD0F89430082B3FBF00EBC304BB
:10406000C4E92612591CC0F8941038BFD0BD0548C9
:104070001EF018FC08201EF007FC1EF0E1FC1EF0EC
:104080002BFC00BF25000000F0B503AF4DF804BDC8
:1040900082B0D1F8D8600C4691F887100546002010
:1040A000012917D1B96807F8142CA7F1160207F8EF
:1040B000121C0B2107F8133C062307F8110C07F814
:1040C000150C204607F8166C1FF09AF9A069411FDD
:1040D0000120FFE72E7313C502B023F064BCD4D4D3
:1040E000D0B502AF0A684AB1D1E9013251698B42B9
:1040F00021D21169CC5C0134CC5400E08A68D2F83A
:10410000D81008293FBF00234371017102603FBFEF
:10411000481CC2F8D80002EB4100A0F8DC3038BFE0
:10412000D0BD08481EF0BEFB08201EF0ADFB1EF0FF
:1041300087FC1EF0D1FB024A18461EF08DF900BF25
:104140007822040026000000F0B503AF4DF8048D7E
:1041500082B00E6880464C790D79601C4871D6F8A3
:10416000D810A9423CD906EB450090F8DD1001318A
:1041700080F8DD106CB93068012835D1706871693C
:10418000884236D2D6F810C01CF8001001310CF865
:104190000010B069012107F8142CA7F117020430B0
:1041A000D7F808C007F8133C0723C6E9021000201F
:1041B00007F8110C042107F8150C304607F812CC4B
:1041C00007F8164C07F8175C1FF01AF988F8054035
:1041D00088F80450C8F8006002B05DF8048BF0BDA8
:1041E000054A28461EF038F904481EF067FB1EF009
:1041F00073FB034A1EF030F98822040029000000F6
:10420000D846040080B56F460A4621210723BDE841
:1042100080401FF0F5B8D4D4F0B503AF4DF8048D4D
:1042200082B04668144696420FD3D0F80080054607
:1042300009480A4600902146404623461FF0C2FF27
:10424000301B08EB0401C5E900100020A64238BF6E
:10425000012023F07FBC00BF2C4A0400D0B502AF80
:10426000044600F580700122D0E84F3F63B9C0E8F2
:10427000432F002BF8D120464FF48072BFF35F8F9D
:104280003BF0E7FD2046D0BD02487921024A23F0E9
:1042900026FC00BF9C4A0400D84A0400D0B502AFF7
:1042A000044624300122D0E84F3F5BB9C0E8432FD9
:1042B000002BF8D120462422BFF35F8F3BF0C9FDCD
:1042C0002046D0BD02487921024A23F008FC00BFF5
:1042D0009C4A0400D84A040080B56F460121D0E80A
:1042E0004F2F4AB9C0E8421F002AF8D10121BFF37D
:1042F0005F8F00F8011F80BD02487921024A23F038
:10430000EEFB00BF9C4A0400D84A0400F0B503AF9E
:104310004DF804BDADF5836D0546009068464FF439
:104320000272041D23F086FF1149284614F088FC10
:104330000646007C0D46012804D106F1080183A839
:104340001BF0B4F883A83146224600F025F89DF80A
:104350001204022801BF2868013028600DF5836D22
:1043600004BF5DF804BBF0BD02481EF065F800BF55
:10437000E84A0400084B040080B56F46034914F076
:104380007EFC007C0A68013A0A6080BDA823040014
:1043900080B56F46082080BDF0B503AF2DE900075A
:1043A000814641F28C000E589EB3087C0D4630B118
:1043B000114648464FF402723AF0D6FE2CE0D5F88A
:1043C0000C804FF40370B2F806A2114640F20622A8
:1043D00008FB005404F114003AF0C6FE08F1010095
:1043E000C4F81C62B0F10801A4F81AA218BF014673
:1043F000A868E960884204BF01202874D5E900015B
:1044000023F065FCC5E9000141F2740028441FF067
:104410001FFF022089F8060223F0D5BBD0B502AFFA
:10442000054914F02CFC08300C461AF0C3FF216833
:1044300001392160D0BD00BF88230400F0B503AF6F
:104440004DF804BD0446006878BB23F0ABFB01289F
:1044500005D104F58C701EF055FE207B00E0002095
:10446000D4E901158D4206D1C00704D100210426EC
:10447000042000250AE004F110068D4206EB01102D
:1044800091BFC1F11001691A0025042613F0BEFC8A
:104490003046294613F0BAFC00202073C4E901001D
:1044A00023F0E2FA5DF804BBF0BD04481EF0FAF90F
:1044B00020F042FE1EF0C4FA1EF00EFA500000007A
:1044C000F0B503AF4DF8048D8046086880BB4FF00F
:1044D000FF3012F8016B08600D46087C48B1102EC1
:1044E0001AD008F1010011463F223BF0B2FC002037
:1044F00019E0EC6811463F2205EB8410067619306E
:104500003BF0A7FC601C811E18BF0146A868E9604B
:10451000884204BF0120287405F198001EF0F2FDC6
:10452000286810260130286088F8006023F0A6BAB9
:1045300004481EF0B7F920F0FFFD1EF081FA1EF0CE
:10454000CBF900BF50000000F0B503AF4DF8048D6B
:104550008046086868BB4FF0FF300D460860087B56
:1045600038B192E85A0008F104005AC00021012035
:104570001AE0D5F808C092E8590005EB0C1110318B
:1045800059C10CF10100B0F1100118BF0146686873
:10459000A960884204BF0120287305F588701EF0C9
:1045A000B1FD2868411C00202960C8F8000023F0F4
:1045B00065BA04481EF076F920F0BEFD1EF040FA00
:1045C0001EF08AF950000000F0B503AF4DF8048DDD
:1045D0008046086870BB0D464FF0FF3101CA296064
:1045E000297B39B1D0B192E8580008F1040158C1D3
:1045F00000211AE0A96805EB0113186103F114000A
:1046000092E8580058C0481CB0F1100118BF01468C
:104610006868A960884204BF0120287305F5887086
:104620001EF070FD2868411C00202960C8F80000B9
:1046300023F024BA04481EF035F920F07DFD1EF069
:10464000FFF91EF049F900BF50000000F0B503AFBC
:104650002DE9000B8146087AB0B155685DB3D2F8F8
:10466000008002F108063BB11868D0E9003201F57C
:10467000AA7019461EF053FD96E80E0009F10800D5
:104680000EC0C9F800801BE0D1F804C092E8714068
:104690000CEB8C0301EB83030C3383E871400CF1CA
:1046A0000100B0F1100218BF024608684A6090424B
:1046B00004BF0120087201F5A6701EF023FD00253D
:1046C000C9F8045023F003BAF0B503AF4DF8048DD8
:1046D0008046087A16460D4670B133B11868D0E9A5
:1046E000001205F194001EF01AFD08F10100314698
:1046F00023F0BEF9012016E06C683146202205EB5C
:10470000441009303BF0A5FB601C011F18BF014697
:1047100028686960884204BF0120287205F18C0076
:104720001EF0F0FC002088F8000023F0A7B9D4D4D4
:10473000F0B503AF4DF8048D0E46014610C9804612
:104740001546E00048B10A460838083153689D42D2
:10475000F8D112689642F5D118E0012C04D14046F8
:104760001FF076FDD8F8004031682846884744B1EC
:1047700060B1C2680846904705481EF09FF81EF0D9
:10478000ABF80122C8F80810C8E9002023F076B978
:1047900018000000B0B502AF0A46054623F0FEFA45
:1047A0000C4690F85C1304290DD141F20131A0F8B8
:1047B0005C1305F57670054920F094FD103023F068
:1047C0009CFA23F0FCF923F04FF9B0BD7C2A0400D9
:1047D000F0B503AF2DE9FC0B8146087E90460C46F0
:1047E00050B1032840F09880A07D68B1032840F0C4
:1047F0009680D4E9011211E0216800220868097945
:10480000A2752175206101E0217D2069234603F80E
:10481000151FD0E90012A3F111000EC0434B6846EA
:1048200014F01DFAE06801990078814268D9009976
:104830004FF45E7210FB0216D8E9001206F54A70BA
:104840001EF06DFCD6F8200100285CD14FF0FF303F
:10485000C6F8200196F82C01012806D106F50E7045
:104860001EF050FC96F82C1100E00021D6E9490218
:10487000904201D1C90717D0002186F82C11411CA4
:10488000B1F1100218BF0A4606EB0011C6F8242148
:10489000D1F8300140B101F5987103AA01F1040C7F
:1048A0009CE82A002AC206E0D8E9001206F50C703E
:1048B0001EF035FC0020D6F820110131C6F8201179
:1048C00048B103AA09F1080192E8680068C1C9F873
:1048D0000400002004E096F85C130029F7D00120C2
:1048E0000299C9F800000A6801320A60012110B17A
:1048F000C9F8001003212176A17506B023F0E7B8AE
:104900000B4A1DF0A9FD0B481DF0CCFF20F014FC54
:104910001EF096F81DF0E0FF03481DF000FF01486F
:104920001DF0FDFECC290400C8230400DC2904008E
:10493000EC29040050000000F0B503AF2DE9800F12
:104940008146087D90460C4668B1032840F084807B
:10495000A3461BF8120F90B1032840F08080D4E9E1
:1049600001010A7814E02168A34608680A79002149
:104970000BF8121F0BF8022C4BF8060C01E0227CFE
:10498000E068214601F8112F41F80D0C41F8091C8F
:1049900023F008FA0546D0F88002002853D14FF0E2
:1049A000FF308A46C5F8800295F89002012806D1AA
:1049B00005F548701EF0A6FB95F8901200E0002166
:1049C000D5E9A202904201D1C9070FD0002185F894
:1049D0009012411C05EB80108A1E18BF0A46C5F8CC
:1049E000882290F89862F1B2102907D1D8E9001214
:1049F00005F546701EF093FB102607E000F52671C2
:104A000009F1010001313F223BF023FAD5F8800281
:104A1000F1B289F800600130C5F88002DAF80000D0
:104A20000138CAF80000012010294FF0010108BF29
:104A300003218BF8001002BF102089F8000003202A
:104A4000207523F04EB909481DF02CFF20F074FBAF
:104A50001DF0F6FF1DF040FF03481DF060FE014809
:104A60001DF05DFE0C2B0400E82304005000000044
:104A7000F0B503AF2DE9000F97B0804690F84400E1
:104A8000894668B1032840F09D8098F8410008F1FC
:104A90001405D0B1032801953ED04C481DF03FFECF
:104AA000D8F8000008F1040C08F11405D0F800B0A3
:104AB000294602799CE8590059C1002088F8410034
:104AC00088F84020C8F83CB003E098F84020D8F8B7
:104AD0003CB0019528460DF1080A90E8780051464F
:104AE00078C1DBE900011FF0A1FCB0F858431022A7
:104AF00008680138086006AE5146B01C3BF0A9F9C1
:104B00000BF57E70C8F8240008F12A003146122205
:104B1000A8F828403BF09DF94446002154F828EFBE
:104B200062686160002A3FD008F130030DF1400C4B
:104B30000CF10C0593E8430043C5D8F82460CDF888
:104B40005890CDE911E23068109690BB0DF12C0A17
:104B50004FF0FF300CF10402311D306050464B46DF
:104B6000FFF774FD23F099F80C9E56B1D8E90B01BC
:104B700013F0A5F99AE82F002FC4032488F84140C8
:104B800009E0D8E90B0113F09AF90198012488F89B
:104B9000414013F0EFFB88F84440002E18BF012677
:104BA000304617B023F07BB90B481DF087FE1DF08F
:104BB00093FE08481DF076FE20F0BEFA1DF040FF7F
:104BC0001DF08AFE02481DF0AAFD00BF1C2B040048
:104BD000F8230400500000003900000080B56F4643
:104BE0001FF024FCB0F858030A68013A0A6080BD3F
:104BF000F0B503AF4DF8048D054691F832019046AB
:104C00000C4620B103281DD01A481DF088FD04F180
:104C10003800214623F005FB01202246A4F830018C
:104C200084F86A00A06F02C842F8700F04F598700B
:104C30005160002182F8BE1032F8081CA2F8BC10A6
:104C4000C2E9032004F17C0628464246314606F0BC
:104C50004FF92878232801D1032007E0304613F0CC
:104C600043FC94F86A0022F035FD012084F83201FB
:104C700022F004BF18240400DFB506AF0A4B23F06E
:104C80002FFB01A822F065FC0299E0B2814281BFAE
:104C9000019A03994FF4B07310FB032084BF04B052
:104CA000D0BD024A1DF0D8FB28240400382404009B
:104CB000F0B503AF4DF8048D0E464968403A0446FE
:104CC00090B2814217D930681D46FFF7D5FF88465C
:104CD000B0F85011AAB28A4210D900F02FFD0A494B
:104CE00006F1080020F0FEFA303023F006F822F03A
:104CF00066FF052003E01220207003E021202070D1
:104D000022F01FFE22F0BABEFC250400F0B503AF6E
:104D10002DE9000F8BB004460220ADF80A000120F7
:104D20008DF808001E462C4888468DF8092003900F
:104D300007A822F067FC079DEDB3DDE9089BFB2087
:104D4000D7F808A0CDE904B00020069004A803A974
:104D500009F01CFEC0B202281CD104A802A909F067
:104D600015FEC0B2022815D1DDE90530191A022955
:104D70000ED3049A19490091811C019120F0CCF9BD
:104D8000CDE9070107A831460222FFF745FAB8B17D
:104D9000042004E0C0074FF0040018BF0D200121DB
:104DA00020706170284649460BB0BDE8000FBDE891
:104DB000F04022F065BC162020700BB022F0AABD96
:104DC000019851460A9007A880E8200A07AB2046C0
:104DD000424604F0AFFAF0E706000500A42E0400F6
:104DE000F0B503AF2DE9000FBBB0D7F808800DF187
:104DF000980BDFF8F0681C460D924246CDE90B1087
:104E00009AB15846194612F0E7FF2799002900F099
:104E10002F84289ABDF89A008242C0F02E8433462F
:104E200020F056FA03460A46EAE70B9808300A9043
:104E300014A80D9E10300990B8F1000F00F03584D1
:104E400058462146424612F0C7FF27999DF89840E0
:104E5000002900F02D84289ABDF89A30DFF88C08DC
:104E6000009058469DF8995013F0A0FF2898DDE96E
:104E700026A9DDF8A4800E90A01F10284CD8DFE8EA
:104E800010F01100C400A700A700A700A700A7000A
:104E9000A700A700A700A700A7009A00B100F10093
:104EA00032015500B9F1040F3CD3DFF8440822F079
:104EB00095FC2998B0BB2698DFF8443804880B98F5
:104EC00022F0BCFCDDE926104FF4B072504301F52E
:104ED000A672002800F0A7811146A0F5B0700B88DB
:104EE00002F5B0729C42F4D1A1F5A670052145737C
:104EF0000173183000F036FC0A98DFF8081820F02B
:104F0000F1F9303023F057F822F0C7FE28980D9EB3
:104F100022F050FD2120E8E2012C59D1B9F1020F15
:104F200080F03F8101208DF83C00E4E2B9F1040FEC
:104F3000C0F0E182DFF8B80722F050FC2998002881
:104F400040F0D9822698DFF8C437B0F8029006887E
:104F50000B9822F073FCDDE926014FF4B072514347
:104F6000002900F07B81027B032A06D1B0F854218E
:104F7000B24204BF0288012A04D000F5B070A1F546
:104F8000B071EDE70D9B42889BB29342F5D1B0F82A
:104F90005A114944CA0340F1C58200F0CFFB0A9878
:104FA000DFF86C1720F09EF9303023F004F822F07F
:104FB00074FE0520BCE2F868324622F0EBFE38B100
:104FC0000A6890F86E03013A0A60002800F0F18048
:104FD000DFF8143722F049FE9DF89800212840F0B0
:104FE000888290E2B9F1020FC0F0F080DFF800078C
:104FF00022F02EFC022313F0D9FE2998002840F05D
:10500000E58021208DF83C007DE2B9F1040FC0F06D
:10501000DD80DFF8DC0622F0E1FB2998002840F073
:10502000D5802698DFF8D03646880B9822F006FC0B
:10503000DDE926404FF4B07100FB01F5002D00F0D2
:105040000D81DFF8B81604F10C0019F061FC20B1F5
:10505000B4F84C01864200F0F68004F5B074A5F572
:10506000B075EBE7B9F10A0FC0F04582DFF88006B2
:1050700022F0EEFB0A2313F099FE2998002840F055
:105080003A82269801890691C18807914188089142
:10509000B0F804A004880A98DFF8881620F022F9F6
:1050A0008946611EFE2900F2CB806109234650F833
:1050B000212004F01F010024CDF814A022FA01F1F0
:1050C000C90700F0D080CDE903303246F86822F0FD
:1050D0006DFE002800F05A8190F8742322F066FCDF
:1050E00021A8212154E1B9F10A0FC0F00482DFF8B0
:1050F000000622F0ADFB0A2313F058FE2698B0F804
:105100000890B9F10C0F00F0F6812999002940F0C0
:10511000F281018807918188B0F806A04088069046
:105120000B980891D0E900125846DFF8E83522F0D4
:1051300010FADDE926C04FF4B071002448436146FF
:105140000346002B46D00C7B0022012C05D14C7B62
:10515000A54204BF0C88012C05D001F5B071A3F560
:10516000B0731446EDE70D9E4C88B6B2A6420D9E74
:10517000F3D1B9F1000F00F0DD810420A1F80E9009
:1051800008730A98DFF8901520F0ACF828300C4628
:105190001DF0B8FF2068ADF83E900130206011206E
:1051A0003AE0DFF84C0522F053FB022313F0FEFD3A
:1051B000A9E1B9F1080F09D3DFF8340522F048FB63
:1051C000082313F0F3FD299800284ED00120ADF8F4
:1051D0003C0090E10CF10C0190B10A78012A04BF67
:1051E00031F80C2C012A04D0A0F5B07001F5B07193
:1051F000F2E731F80A2CB3B2934208BF0C70F3E720
:105200000A98DFF81C1520F06DF8283022F0D3FE44
:1052100022F043FD0D9E142028998DF83C000A6869
:1052200001320A6063E128982A46DFF8DC3422F074
:10523000C1FBF868314600900FA8FFF767FD56E103
:1052400002200024F8E000204FF48031C4E901106E
:1052500020802073C4E95300C4E9550028980D9EAE
:1052600022F0A8FB4FE10220E6E026984FF000096B
:105270000999D74B0668446843F60850C1E900997C
:10528000320CC1E902990021E2FB03019A4643F680
:1052900009520023ADF878403AF03EFEB2B2CDE9B3
:1052A000160143F608500021E2FB0A0143F60952B9
:1052B00000233AF031FEC74B220CCDE9140143F62E
:1052C0000850002122F022FACDE91C0114AC20463E
:1052D00020F05CF8B8B10BF10800214630223AF01A
:1052E000B8FD07200D9E8DF89800F8688DF8D290D3
:1052F0003346D0E90012ADF8D060CDF800B021A857
:1053000004F052FBFFE002208DF8D950ADF8DA002E
:1053100013208DF8D800B048379021A822F072F9F8
:10532000DDF88490B9F1000F00F01D8122980DF195
:10533000E00A0890FB20239ECDE9386000203A90D7
:1053400037A9504609F022FBC4B2022C40F0DD80A0
:1053500036A9504609F01AFBC4B2022C40F0D580A1
:10536000E449504609F032FBC4B2022C40F0CD8033
:105370003A98F968CDE9236008980D9ECDE921900F
:1053800021AB5846324603F0D5FF25E626A8222158
:105390008DF884101C218DF89810017804202129A3
:1053A0004AD1D10748D00B98DF4B22F047FADDE90C
:1053B00026204FF4B07100FB01FA029211465046CC
:1053C000A0B10A88012A0CD14B88B2B2934208D10D
:1053D000B1F85421089B9A4203D10A7B002A40F07D
:1053E000458101F5B071A0F5B070E9E7029CCDF8F8
:1053F00004904FF0000904F5AE76BAF1000F12D018
:10540000CA4904F10C0019F083FA18B13078002869
:1054100000F0B88004F5B074AAF5B07A06F5B0765D
:1054200009F10109E9E704200D9E0024DDF804904C
:1054300028990A6801320A60ADF8E8000A20ADF840
:10544000DA001520D9F800108DF8D800B9480131DC
:1054500037905846C9F80010CDE938448DF8D95036
:1054600022F0D0F8DDF89890B9F1000F3CD0DDE9DA
:1054700027A6FB202394CDE9216021AC37A9204643
:1054800009F084FAC0B202281ED136A9204609F0DC
:105490007DFAC0B2022817D1DDE92230191A0A2993
:1054A00010D3219A00F10A04A349009121461FF06C
:1054B00033FECDE9260138A958460A22FEF7ACFE94
:1054C000002853D0042004E0C0074FF0040018BFA8
:1054D0000D2001218DF83C008DF83D1048465146C5
:1054E00022F0CEF80D9E02E016208DF83C009DF8CB
:1054F0003C00012807D17C4B22F0B7FB9DF8984077
:10550000212C40F0DC800E9C96E4089901208DF857
:105510009900484622F0B4F8E0074FF0040018BFA5
:105520000D2021E0A0F85A1110301DF0EBFD2120D4
:105530000D9E71E60798A1F854010698A1F858014C
:105540000898A1F8560103200873A1F85AA10A98F7
:1055500072491FF0C7FE283022F02DFD22F09DFB7E
:105560000D9E212058E616200D9EC2E7CDE9286445
:105570005B46CDE9269A0FA80D9EF968324603F0E6
:10558000D9FEB4E74FF4B070029909FB001ADAF8BB
:105590001800002840F09C804FF0FF300D9ECAF8A4
:1055A00018009AF82400012806D10AF598701DF019
:1055B000A9FD9AF8240000E00020DAE907148C42E3
:1055C0000CD1C0070AD1042000210290002411E070
:1055D00000C4090000204E00060005000AF1280260
:1055E0008C4202EB011091BFC1F11001611A00243D
:1055F0000422029212F08DFC0298214612F089FCDE
:1056000000208AF82400CAE90700DAF818000130FF
:10561000CAF818000AF59C7008F00DFF0898AAF85F
:10562000540109F14000AAF84C010120AAF8000039
:105630000698AAF85A010398AAF84E010598AAF804
:1056400058010798AAF856010220AAF802608AF8C1
:105650000D508AF80C00289822F0ACF904982030FC
:105660001DF050FD019922F0A1F94CE70A20DFE678
:105670000C999DF8980048701CE0F8689DF89920F6
:10568000009026AC184B0D992046FFF73FFB9DF884
:105690009850212D01D1052008E00C9E611C132299
:1056A000701C3AF0D6FB357006E021200C9902E020
:1056B0000C994C70012008703BB022F02BB90C9D66
:1056C0000BF101011322681C3AF0C3FB2C70F3E7C5
:1056D00017481DF0E7F81FF02FFD1DF0B1F91DF080
:1056E000FBF800BF88250400982504009C250400D1
:1056F000584204002A2504003C25040058250400D3
:10570000182504002C250400282504007824040012
:1057100088240400D8240400F8240400E8240400A9
:1057200008250400C8240400782504004C25040042
:10573000500000000E000500A42E0400D0B502AFFA
:10574000074904460C3019F0E3F838B106202073FD
:1057500004F11800BDE8D04000F004B8D0BD00BF8F
:105760005025040080B56F468AB00146002006909F
:1057700001A806AAFEF7E8FE019801281CBF0AB09E
:1057800080BDDDE902010AB0BDE8804012F097BBA0
:10579000F0B503AF2DE9000794B002AD884681460D
:1057A000482122F0A7FAD8F80C404826314B294668
:1057B000482C38BF2646304648221FF0A3FC054639
:1057C000D8F808008A4621461AF02CF98E424BD8A8
:1057D0000346294800901A462846514633461EF093
:1057E000F1FC022C09D22C481DF05CF830461DF06B
:1057F0004BF81DF025F90A2017E09DF80800451E1A
:10580000ECB20E2C10D21D48711E30F814008142EB
:105810001BD109F1010002A948223AF01AFBC9F88C
:105820004C6089F8005008E0072089F80500032043
:1058300089F804000E2089F80000D8E9000121F061
:105840001FFF14B0BDE80007F0BD0D481DF02AF899
:105850000C480D4DA8470D48A8470D480D4922F0AA
:1058600018FB0020A847C4E70C4B0A46002031462D
:105870001CF0A3FD4C2704006C270400643B0400CB
:105880005D0000000A00000029280200520100000B
:1058900020580400E85704005E0000005C27040064
:1058A000F0B503AF2DE9000F95B01C788046212C90
:1058B00015D044481D4616468A4693F801B01CF0A0
:1058C000F1FF41481CF0B0FF28461FF0F5FA032C09
:1058D00018BF4FF0080B1DF0B3F8192C05D121208B
:1058E00088F8000015B022F015B8B6F858430FA894
:1058F00021F088FE0F98002844D0A7F143000094BF
:10590000C51C0FA90C2222F039F8A7F15200294634
:10591000C61C0C2222F00FF812AD31460C2222F0E8
:105920002DF802A82946042200F06AF89DF8080024
:10593000DDE903549DF818902128059E23D13046B7
:10594000494600F049F8C9B380F800B051461F48F5
:10595000CDE90254049630F81900053080B2059064
:1059600002AB009A404603F0E5FC98F800002128BD
:10597000B5D017481CF096FF40461FF08FFA1DF077
:105980005FF8AFE716209DF80B1088F80310BDF8FC
:1059900009109DF81B20A8F80110BDF81910ADF8EA
:1059A00004108DF8062088F81090C8E90154C8F852
:1059B0000C60A8F8111088F8132091E7054A21F02F
:1059C000BFFE00BF5600000047010000643B04001A
:1059D0005B0000008C270400E0B502AF02460648D9
:1059E0000090C8B20549FB2331F81000053081B2A0
:1059F00005201FF091FB8CBDBC270400643B040014
:105A0000F0B503AF4DF8048D82B08C689046184B0A
:105A10000E46054602202146FB221FF073FB154B64
:105A20005FFA88F233F8122002230132ADF8042025
:105A3000114A009201AA1EF0C5FB0620A7F112022E
:105A400027F8120C02210D4802230090A01C1EF022
:105A5000B9FB08F10100207196E80E00281D0EC068
:105A60002120287085F8108002B05DF8048BF0BD0D
:105A7000CC270400643B0400DC270400EC2704006E
:105A800091F8673301F51472012B12BF91F8561289
:105A900002F58C720121A0B1D0B502AF9388B0F8A5
:105AA000154112686340D0F8114162401A4390F8E2
:105AB00017315940C90718BF0020002A18BF00201D
:105AC000D0BD00207047D4D4F0B503AF4DF8048D9D
:105AD000ADF5587D044610BA039018BA0290884676
:105AE000B86800BA0190F86800BA0090386900BA46
:105AF0000790786900BA0690B86900BA0590F8690D
:105B000000BA0490786A0C90386A0B9004A80A9046
:105B1000684609901F4871901F4870901F486F9009
:105B20001F486E900DAE6EA9304619F0F9FE6EADAD
:105B30004146202221F022FF30462946202218F03B
:105B400065FE0020CDE9D600CDE9D400D4AD3046C5
:105B5000294619F025FF6EAE2946304619F0E0FEC1
:105B600009AD204632460023294600F01BF8D0A894
:105B700029463246012300F015F8D0AB22F09DF8FB
:105B8000C4E90432C4E906100DF5587D5DF8048BB4
:105B9000F0BD00BF5A6083BE60370BDBAAF5A538A5
:105BA0006C888391F0B503AF2DE9F007DFF8909092
:105BB0000E46804615461046694601228DF8003093
:105BC0004FF0010AC8471F4928460422C8473168D8
:105BD0006C46204621F0F2FE284621461022C84796
:105BE00071686C46204621F0E9FE284621461022C5
:105BF000C847B1686C4622F020FB284621460722A0
:105C0000C847F1686C4622F018FB28462146072257
:105C1000C847694628460222ADF800A0C8470020C0
:105C20006C46CDE902002146CDE90000284619F076
:105C3000B7FE4046214621F0C1FEBDE80F07F0BD8A
:105C40000DE8010054250400F0B503AF4DF804BD84
:105C5000ADF5487D044610BA699018BA6890B868E6
:105C600000BA6790F86800BA669001AD66A9284648
:105C700019F056FE39692846114E2022B04779693D
:105C800028462022B047B86901228DF8980166A9FC
:105C90002846B04766AE29464FF4C27222F00DF98D
:105CA00062A8314613F062FD62AB22F006F8C4E947
:105CB0000032C4E902100DF5487D5DF804BBF0BD6B
:105CC0000DE80100B0B502AFADF5487D00BA6990AE
:105CD00008BA689010BA679018BA669001AC66A9C5
:105CE000204619F01DFEB9682046104D2022A84715
:105CF000F96820462022A84721F00FFE66A9204619
:105D0000A84766AD21464FF4C27222F05DF962A841
:105D1000294613F02BFD6598054900BAB0FBF1F256
:105D200002FB11000DF5487DB0BD00BF0DE801007C
:105D300040420F00F0B503AF2DE9FF07DFF8949064
:105D400000260D468046EA46CDE90266CDE90066AA
:105D50000F2E1ED8D5F80041402C07D3284600212D
:105D600019F026FFD5F80041412C2AD23046514681
:105D700010224B46FBF7A7FE02460B4605EB8400BC
:105D8000C4F140011EF0EAF92044C5F800010E44B8
:105D9000DEE704A89AE81E001EC004AB21F026FE30
:105DA0001FBFA8E80F0008B0BDE80007F0BD084815
:105DB0001CF078FD04A820F08FFA1CF041FE1CF0C6
:105DC0008BFD054B2046402140221CF0F6FA00BF17
:105DD00070000000BC54040008360400F0B503AFA6
:105DE0004DF8048DADF5487D01AD80461E46144644
:105DF000284619F095FD20BA699030BA6890B868C5
:105E00001022274E00BA6790F86800BA669066A91B
:105E10002846B04721F081FD66A92846B047386A78
:105E2000102200BA6990786A00BA6890B86A00BA1D
:105E30006790F86A00BA669066A92846B047386B42
:105E40000322ADF89801000C8DF89A0166A9284646
:105E5000B04766AC796B22F0F0F92846214607225C
:105E6000B04766ACB96B22F0E8F928462146072214
:105E7000B04766AC29464FF4C27222F0DBF962A843
:105E8000214613F073FC62AB21F017FFC8E9003222
:105E9000C8E902100DF5487D5DF8048BF0BD00BF28
:105EA0000DE80100F0B503AF4DF8048D94B022F079
:105EB000DAF90BAE304600F077FA9DF82C00212875
:105EC0001CD1A7F14600311D851C21F0AEFC02A8B3
:105ED0002946861C21F028FC10AD314621F0A5FC96
:105EE00022F0FCF8207821280BD007481CF0DAFCBF
:105EF00020461EF0D3FF1CF0A3FD02E040F6032075
:105F0000208014B021F0BABD68000000F0B503AFE6
:105F10002DE9000FCDB0FE68D7F80880CDE91D202F
:105F200056F870AFD8F84400C346CDF8AB00C14670
:105F30005BF8410FD6F808E02A90D8F83D0012939C
:105F400016917268F568D6F810C07369B169F46982
:105F5000CDF8CB0059F83A0F2192CDF870E01B959F
:105F6000CDF868C0199320911F94329032A88DE823
:105F7000120454460DF1F80ACDE9032E6246059548
:105F80002AA9CDE90610A6F130015046FFF79CFD85
:105F900022A89AE82E002EC04298119043981090A3
:105FA00044980F9045980E90306A1890706A179038
:105FB00008F14E00D6E90AA520F0A7FC20F07F40AA
:105FC000CDE90A0B209800901F98CDE90104219893
:105FD00003901C98CDE908A5049005461B98CDF8C0
:105FE00054B005908346189806901798CDF84C90B9
:105FF000CDF830901494079026A822A91A9A199BDC
:1060000091469846FFF7EAFE1D98102804D126A86D
:10601000169913F060FB30B11E990F20087040F6FE
:106020000330888090E0D6E90C40D7F808A01D9096
:10603000B06B18900AF14800F66B20F066FC20F077
:106040007F400A9013980B9015980C90209804901C
:106050001F981899CDE905041D98CDE90816CDE9DA
:10606000005BCDE9029807902AA822A9149A219BE7
:10607000FFF7B4FEDDE92C01DDE92A23CDE90001BB
:106080003EAC204600F036FA9DF8F850212D48D15C
:106090000DF1C809211D09F1030521F0C6FB2EAE43
:1060A000294621F041FB129C0DF1F808324640468A
:1060B000214609F0CBF89DF8F850212D3CD19AF8F3
:1060C000380002239AF84A100DF1F8089AF8502087
:1060D000022801F0030008BF012302F0030180F051
:1060E000010081F0010108430F990091B0FA80F09E
:1060F0000E994009CDE901132146DDE910320390E4
:10610000404609F0DBF89DF82161022E1FD198E886
:106110006E0048466EC01E9E99E83E00301D3EC08F
:1061200008E0611C32AC21F012FC1E9E214621F0D9
:10613000BDFE35710F2006E01E9E08F1010121F021
:10614000B5FE0F20357130704DB021F0E3BB32AC9D
:106150003EA9292221F00FFCBDF826012146ADF809
:1061600030012922DDF822014B903EAD21F006FCE2
:1061700050462946292239F06CFE4B981E99CAF8E0
:106180002A00BDF83001AAF82E000A208AF82960FA
:106190000870D9E7102B40F09B80F0B503AF2DE9D4
:1061A000000F9DB009908846F868137800F16006EA
:1061B000D2F80100D2F80540D2F8095043EA002C89
:1061C00039692B0243EA1463240244EA1060D47B49
:1061D000B2F80D20C6E900C042EA0442120242EAC7
:1061E0001562C6E9023218A8FFF7A4FD06F1300ACD
:1061F000189806F11003F66B1A9A08F07F041999A3
:10620000DDF86CB0069283E80708A4F1400207911C
:10621000314608909AE820065046CDF8148039F0AF
:10622000DFFC804628464946224639F0D9FCC4F1B5
:106230004002814650463146D7F80CA039F0F3FDB4
:106240000AF1200103910699402CCDE901BA009191
:1062500038BF49EA00082A48002C08BFA84660F366
:106260005F08CDF810800AA8DDE90732FFF7ECFCE3
:10627000DDE90C01DDE90A23CDE9000118AC204677
:1062800000F06AF89DF86050212D27D10FA8211D3C
:10629000C61C1022D7F8088021F04DFB14AD314602
:1062A00021F0C3FA18AC41462A46204608F0CEFF3A
:1062B0009DF86050212D18D1099C5146B02204F15F
:1062C000080039F0A3FC059860600620207013E0F8
:1062D0000F21017040F6032181807047611C0FACD3
:1062E00021F035FB099E214601E0099E611C21F049
:1062F000DDFD0F20357130701DB021F00BBB00BFEC
:10630000C0FFFF7FF0B503AF4DF8048D8EB005469A
:1063100008A8884621F076F90898C0B1A7F137009F
:1063200008A9C61C0C2221F006FBA7F14600314645
:10633000C41C0C2221F01FFB0BAE21460C2221F0C5
:10634000FAFA284631464246FFF75AFB01E016208A
:1063500028700EB021F092BBF0B503AF2DE9000F0D
:1063600089B0044604A8022199469046FFF7CAFF67
:106370009DF81050212D10D121F012FAFA68102347
:106380000792BA680692074ACDE90489009204AAE6
:106390001DF018FF21F0BAFD01E021F0E3F92570AE
:1063A00021F06ABA1C280400F0B503AF2DE9000FF4
:1063B00089B0044604A8032199469046FFF7A2FF3E
:1063C0009DF81050212D10D121F0EAF9FA68102320
:1063D0000792BA680692074ACDE90489009204AA96
:1063E0001DF0F0FE21F092FD01E021F0BBF92570D7
:1063F00021F042BA2C280400F0B503AF2DE9000FBC
:1064000099B003AE044620220D4621F094FA05F11E
:1064100020010BAD202221F0B1FA304612F0B7FC7A
:10642000284612F0B4FC14A80B21FFF76BFF9DF86F
:1064300050A0BAF1210F39D19DF86080DDF85C9051
:10644000BDF861009DF86310DDE915B2ADF84C00B0
:10645000A4F8110048468DF84E10E17441460292AE
:10646000FFF7BAFA1F4B05460E4620202946324652
:106470001EF048FE1C4A2023009203AA1DF0A2FE33
:106480001A484021009020202A4633461EF044FE40
:10649000174A202300920BAA1DF094FE029884F85C
:1064A0001080C4F804B0C4E9020915E09DF8530057
:1064B000E070BDF851009DF86310DDE91556A4F8B1
:1064C0000100BDF86100179A9DF86030ADF84C00EE
:1064D0008DF84E1021F022FD84F800A019B021F0B3
:1064E00019BA00BF3C2804004C2804005C280400B2
:1064F0006C280400F0B503AF2DE9000F89B0044605
:1065000004A80C219B469246FFF7FCFE9DF81080E4
:10651000B8F1210F31D19DF82060DDF81C90BDF855
:1065200021009DF82310059A0292069AADF80C00FE
:10653000A4F8110048468DF80E10E174314601921E
:10654000FFF74AFA0246F868194B0D4607901146C4
:10655000B8682A4606901020CDE904AB1EF0D2FDA3
:10656000144A1023009204AA1DF02CFE02986060C9
:1065700001982674C4E9020915E09DF81300E07043
:10658000BDF811009DF82310DDE90556A4F80100BF
:10659000BDF82100079A9DF82030ADF80C008DF869
:1065A0000E1021F0BBFC84F8008021F065B900BF1B
:1065B0007C2804008C280400F0B503AF2DE9FE0F01
:1065C000044602A888460721FFF79CFE9DF8085064
:1065D000212D1ED19DF81860DDF81490BDF819002A
:1065E0009DF81B10ADF80400A4F8110048468DF882
:1065F0000610E1743146DDE903ABFFF7EDF9154A0A
:10660000102321F01AFC2674C4E901ABC4F80C90E5
:106610001CE09DF80B00E070BDF809009DF81B1010
:10662000DDE90362A4F80100BDF81900DDF814C02B
:106630009DF81830ADF804008DF806102374C4E9F5
:106640000162C4F80CC0A4F81100E174257007B011
:1066500021F060B99C280400F0B503AF2DE9FF07D5
:10666000044603A80D460821FFF74CFE9DF80C00D8
:10667000212834D19DF81C80069EBDF81D00ADF880
:10668000040041469DF81F008DF806003046DDE904
:10669000049AFFF7A1F9002942D00246A8790B46D7
:1066A000002818BF0120107007211F48009001200A
:1066B0001EF032FD1D4A062300922A461DF082FD7F
:1066C000212084F810802070BDF80400A4F8110087
:1066D0009DF80600C4E9019AE660E0741DE09DF8AB
:1066E0000F10E170BDF80D109DF81F20DDE9046367
:1066F000A4F80110BDF81D10DDF818C09DF81C505D
:10670000ADF808108DF80A202574C4E90163C4F8B7
:106710000CC0A4F81110E274207008B021F053BA34
:10672000034A21F00DF800BFBC280400CC28040067
:10673000AC280400F0B503AF4DF8048D92B00DF114
:1067400004080D4606461146404644221C4638F0D1
:106750000BFDB8682946009030464246234600F0BB
:1067600005F812B05DF8048BF0BDD4D4F0B503AFDA
:106770002DE9000FADF6642D179001F1D0001893AC
:106780000DF58D691690EEA891F8C86000F16004CF
:106790000DF5427801F1780593468A46022E19914B
:1067A00052D11AAE5146C822304639F02FFA152080
:1067B0009DF868108AF804000E208AF800000C2961
:1067C0009BF8000000F2CC83DFE811F00D00ED0132
:1067D00059013901D9001B01A402CA035E03B303A6
:1067E000CA039E03B100052804BF9BF80C100029C2
:1067F00001F01380DDF864A0DFE810F00600AC03C0
:10680000AC03AC036608B7039BF80100DDF860B089
:10681000002801F071810DF50C645946204608F0FE
:106820003DFE9DF8E958032D41F09F870DF5E76C7B
:1068300094E86E0060466EC0614678A891E87C00DE
:1068400004307CC001F090BB78A8514621F0ADFB2C
:1068500015209DF8E0118AF8040012208AF8000043
:106860000F299BF8000000F27386DFE811F010009A
:1068700056049F0353058D05710619047504D4044D
:1068800071066A06EE05710671068703260405285F
:1068900004BF9BF80C200A2A40F05A86DBF8080057
:1068A000002802F05D82DDF864A00C22DBF8041001
:1068B0000DF50C689AF81901032808BF0822DDF8C5
:1068C00060B0DBF8383093F8700393F8713302440A
:1068D0008AF81A210C7813B101218AF8181158B1DD
:1068E0009AF81C019AF81D1140F003008AF81C0167
:1068F00041F003018AF81D111AA8594608F01EFE3E
:106900009DF89100022807D0600741F1B3839DF8FC
:106910009000022801F0AE830DF5E76421F0A7FB9B
:1069200021F0CAFC41F09282012401F055BB0528F8
:1069300004BF9BF80C20082A40F00283DBF80820F3
:10694000DDF864A0002A02F00982DBF80400047874
:10695000022C81F0E780062A42F2F28150F8011FF2
:106960000DF50C68CAF811118188DDF860B021F0CE
:10697000EDFA00F0A68721F0F2F900F0A2BF052899
:1069800004BF9BF80C10022900F02E870DF5B961A9
:1069900001F1900401EB8001DDF864A0DFE810F064
:1069A0009407DA02DA0206009407E5020DF5B968E9
:1069B0000AF11801902221F00DFB711C0DF50C66F7
:1069C000112220F0B8FF0025DBF80400C4E900051F
:1069D000C4E904059DF8C008C4E90255C007C4E92C
:1069E000065501F08C85DDF860B0721CB868002196
:1069F000CDE900B81023029078A8FFF7CBFB00F098
:106A00006ABF052804BF9BF80C20022A40F0988238
:106A1000DDF864A00DF50C68B0220AF1080121F040
:106A2000D9FADBE90123DDF860B0B8681B99CDE93C
:106A300000B8029078A8FFF7ADFB00F04EBF0FF250
:106A40000A01DDF864A0DFE810F03F070600E50862
:106A500085023F07C6089DF86900002801F03A82C8
:106A600006F1180016991022CDE9001078A8DDF87B
:106A700060B0B11C5B46FFF749FA00F02CBF052857
:106A800004BF9BF80C20032A40F05A82DDF864A072
:106A9000C2A870220AF1080139F0B8F80AF1980189
:106AA0000DF5D2602022D5E90049D5E9026539F01B
:106AB000D0F921F0A9F841F07480DBF804000DF55D
:106AC0000C6822464B46D0F809101591D0F80510F5
:106AD000149101781391C17B12911899D0F801A0FB
:106AE000B0F80D0011904046CDE90065FFF7DAF9E6
:106AF0009DF8C0B8BBF1210F41F00082DDE9112102
:106B00000DF5E76000F1700B42EA0148C2A970225E
:106B100039F07CF8149A1599100240EA1A63139818
:106B2000CBE9004940EA0A2A080240EA12624FEA29
:106B3000082040EA1168CBE90265CBE904A30DF512
:106B4000D261CBE906280DF5E76B0BF190001492AA
:106B50002022129339F07DF912990BF12000149A3A
:106B60004346CDE9000B5046CDE90249CDE9046525
:106B7000FFF7A8F8DDF864A09AF80811022941F09F
:106B8000C8840DF50C640DF5E761E01D20F073FF7E
:106B9000092021468DF8E00178A80130B72239F0AC
:106BA00058F900F096BE052804BF9BF80C200B2A6C
:106BB00040F0C6810DF5D268DBE9011240461FF0B6
:106BC000AFFEDDF860B02022DBF82C10B2AE20F072
:106BD000B2FEDBF83010C2AC402220F0CCFE0DF546
:106BE0000C6931464246234648461FF0DDFE9DF8BB
:106BF000C008C00700F0DD879DF8C30809F1060151
:106C00008DF866011222BDF8C108ADF864010DF5DA
:106C1000DA609DF8C4A89DF8C55839F01AF909F151
:106C2000180056A90DF50C640CC80CC1007808704A
:106C3000C2A92046FFF7E0FB9DF8C0080DF50C68DF
:106C4000212841F067810DF5E769211D09F1020650
:106C500020F06AFDAAA83146841C20F088FE64AEAC
:106C6000214620F061FD5AA821F0D3F89DF8684133
:106C7000212C41F07384C2A94846202209F1600802
:106C800039F0E7F809F120060DF5D261202220F055
:106C900052FEBDF864010DF5DA61ADF878071222F5
:106CA0009DF866018DF87A0709F145008DF87C574B
:106CB0008DF87BA739F0CDF809F1570056A90922C4
:106CC00039F0C7F84046502139F050F8DDF864A09B
:106CD0009AF80801023838BF0220C0B2022801F039
:106CE0004486B968032841F061860F200DF50C65D4
:106CF00021F024F9AAAE21F0DDF89DF8A842212C5C
:106D000041F05687E81D0DF5E76120F0B4FE07203D
:106D10002946F0E0052804BF9BF80C20032A40F028
:106D20000F81DDF864A0EEA820F04FFD20F06CFF8D
:106D300040F04887DBF804001B9ED4E90E89D0F8A8
:106D4000011006F07F0B0278109642EA01222262BF
:106D50001592D0F80930D0F805201D0245EA1265D9
:106D6000120242EA1161A5626162CBF14002149104
:106D7000C17BB0F80D00139540EA0140494600027E
:106D800040EA136AD4E90C50C4F82CA01190404694
:106D900039F049F811995A461290284638F020FFE8
:106DA000ABF1400206464046494638F019FFBBF1B8
:106DB000400F129938BF46EA0100BBF1000F08BF2F
:106DC0002846E449EEAA139B61F35F0002F120011B
:106DD000CDE9003ACDE90212DDE9143204900DF557
:106DE000D260FEF731FFDDF89466DDF89C56D4E9F9
:106DF00000BA8AEA0601D4E9028989EA0500DDF8C9
:106E000090C60843DDF898368BEA0C0288EA030145
:106E10001143084341F08380D4E90601D4E90423F7
:106E20000DF50C64CDE900012046FFF7BDFA9DF891
:106E3000C058DDF864A0212D41F09F830DF5E76077
:106E4000211DC61C20F070FCC2AC314620F08FFD25
:106E5000DDF860B00DF50C6622463046594608F064
:106E6000F5F99DF8C0480DF50C68212C41F07984A6
:106E7000109C132C41F0A086F01DEEA920F0FBFD24
:106E80000920314601F0ACBB052804BF9BF80C205B
:106E9000032A55D1DDF864A00DF58D6020F095FC36
:106EA00020F0B2FE40F09386DBF8040009F1700494
:106EB00004F1100520F06DFE0EC5B968E0612046B2
:106EC000FEF738FFDDF860B0D4E90201D4E9002311
:106ED0000DF50C64CDE9000159462046FEF7E2FFAE
:106EE00021F0E2F941F03980E01D0DF58D6120F0CF
:106EF000C2FD092021468DF8E00178A80130B722B3
:106F000038F0A7FF00F0E7BC052804BF9BF80C2071
:106F1000072A15D1DDF864A020F076FE40F08186C6
:106F20009AF8F900022801D020F0F5FD0C2000F0BD
:106F30007CBE052804BF9BF80C200C2A00F0AB8512
:106F4000DDF864A0DFE810F0A804060006000600E3
:106F5000C004110078A81AA921F027F800F0B9BCE4
:106F6000DDF864A0052840F08D849BF80C0004280F
:106F700000F023840D2840F0A784EBE7052804BF28
:106F80009BF80C20072A40F0E38220F03DFE40F001
:106F9000DE86DDF864A00DF50C689AF8F900022889
:106FA00001D020F0B8FD0F2000F0D9BE052804BFA5
:106FB0009BF80C200B2A40F0CB8278A80DF52A799B
:106FC000011D2022484638F044FFDDF864A0B2AC31
:106FD00040220AF124052046294638F03AFF0DF5F3
:106FE000D266DBE9011230461FF09AFC0DF5E76826
:106FF00049463246234640461FF0D6FC9DF83807E6
:10700000C00700F0B3869DF83B072E468DF8AA0016
:1070100008F10601BDF839071222ADF8A800BDF845
:107020003C471AAD05F1450038F013FF05F1570054
:1070300008F11801092238F00CFF05F120000DF5C8
:10704000D26120F015FD2846314620F011FD05F1F2
:1070500060005021ADF8AB4038F088FE9AF8080186
:10706000811E38BF0221DDF860B0C9B2022901F0EB
:10707000D880032941F0F4800DF5E76420F01BFC73
:107080000DF5DA660F2020F095FE9DF8D056212DE3
:1070900041F05881E01D1AA920F0EDFC09206AE1B9
:1070A0009BF80C10052808BF022900F0D3840DF5C9
:1070B0000C68052800F05282A8E2052804BF9BF85E
:1070C0000C20082A40F04482DBF80820002A01F056
:1070D0004986DBF804000DF50C68DDF864A004783F
:1070E000022C80F05286DDF860B0062A41F22A8632
:1070F00050F8011F0DF5E765CAF81111818820F0DD
:1071000025FF01D020F02BFE9AF822110DF50C601E
:107110005A4601F0A7FE01F023B90DF50C680528C9
:1071200040F038839BF80C100A2900F028860129CA
:1071300040F01482DBE901121AA81DF095FF9DF8BA
:107140006800022840F014870A2020F0E7FD01F0D3
:1071500056BA00BFC0FFFF7F052804BF9BF80C2074
:10716000022A40F0F581DDF864A00DF5E7606022A9
:107170000AF1080138F04AFD95E850020AF1880149
:107180003022D5F80C801AA838F063FE20F03CFDC0
:1071900040F0AC84DBF804000DF5D2657999224605
:1071A0001591334641681491816813911899D0F86C
:1071B00000B0C06812902846CDE9009801F01EFE8C
:1071C0009DF890A6BAF1210F40F0DD860DF50C6A0E
:1071D0000DF5E7610AF1080060220AF1680538F050
:1071E00015FD149805F10C01686030221398A86011
:1071F0001298C5F81C80D04681E851020AF1880037
:10720000C5F800B01AA938F024FE1598CDF8C408C6
:10721000082000F0B5BD052804BF9BF80C20032A08
:1072200040F09681DDF864A00DF58D6020F0CDFA78
:1072300020F0EAFC40F0A78509F160057998D5E9CE
:107240000E8600F07F09696BA9F140022C6B149146
:10725000314613904046DBF804A0159438F0C0FC8A
:107260001499834620464A4638F0BAFCC9F14002D8
:1072700004464046314638F0D6FDDAF80410DAF814
:107280000C80DAF80830DAF800208A460DF58D61B6
:107290000391203102911493B9F1400FCDE90038E8
:1072A00038BF44EA000B1598B9F1000F08BF8346B8
:1072B000CB485346914660F35F0B0DF5E760CDF880
:1072C00010B0FEF7C1FCD5E902E3DDF84427DDF894
:1072D0003C67D5E900C15A40DDF840077140DDF850
:1072E0003847114380EA0E0084EA0C021043084339
:1072F00040F05786C5E9089A1399DDE918BA149841
:107300001329C5E90A0841F083810DF50C600DF5DC
:107310008D63E6E3052804BF9BF80C20022A40F0A9
:107320001781DDF864A0C2A820F04FFA20F06CFCB1
:1073300040F0DC83DBF8040008F1600420F029FC55
:1073400084E80E00B968E06004F11000FEF7F2FC7A
:10735000DDF860B0D4E90601D4E904230DF5E76453
:1073600020F0AEFD20F0A8FF40F02B86E01DC2A962
:1073700020F081FB04200DF50C688DF8C00808F1A1
:107380000100214600F079BF052804BF9BF80C20BE
:10739000032A40F0DD80DDF864A0EEADB0220AF1F2
:1073A000080120F041FF20F02FFC40F09F83DBF824
:1073B000040005F120011591D0F80080D0F8049068
:1073C000D0F808B0D0F80CA0002004900DF5D260E1
:1073D00042464B46CDE900BACDE90215FEF734FC32
:1073E000D4E902E3DDF89C26DDF89466D4E900C117
:1073F0005A40DDF898067140DDF89056114380EA56
:107400000E008CEA05021043084340F0EA8504F1BF
:10741000100304F1200080E8000B0FCBC4F82CA06F
:10742000EEAC0094159C01ADCDF814A085E8100BCE
:10743000FEF748FCDDF864A09AF80811022941F033
:1074400003810DF50C60EEAB49E3052804BF9BF802
:107450000C200C2A7CD1199C0DF5E76000F1100579
:107460000DF5E76004F10801502238F0CFFBDBE9AD
:10747000010105F1340B0D90286912906869119093
:10748000A8691090E8690F90286A1390686A1490B0
:10749000286B0E9004F58F709BE8400C1591D5E990
:1074A0000A891FF032FAD4F8142120F07F40D4F872
:1074B0001111CDF89326CDF89016D4F80D21D4F8FB
:1074C0000A11CDF86B201A910DF5D261DDE9132375
:1074D000CDE90A010DF5E761129802901198039029
:1074E000109804900F9805900E98CDE906060DF5BA
:1074F000DA60CDE908AB0DF1680BCDF830B0CDE91D
:107500000089FEF76BFC1598102807D10D980DF532
:10751000DA6112F0E0F8002800F06E854FF00B09F8
:107520000325DDE918BA0DF50C68AAA908F10600D3
:10753000122238F08EFC13208DF8C5988DF8C458AF
:1075400009E3052804BF9BF80C20032A00F0B18250
:1075500005280BD19BF80C100DF50C68042926D0DA
:1075600020F0DCFB0D2900F01A811FE105390DF533
:107570000C68082900F20E81DFE811F009004800CC
:107580000C010C01A0000C010C01F1000901012803
:1075900000F0FB8220F0C2FB022840F0078120F0BF
:1075A00023FD40F60340ADF8C40800F0D9BEDDF875
:1075B00064A0DBF80800002801F0CC83DBF80400AD
:1075C000032100788DF8C41813218DF8C018411ECE
:1075D000102928BF08208DF8C50800F0DFBC00BFC7
:1075E000C0FFFF7F684B04006000000064000000E3
:1075F0006B00000062000000540000005C0000000E
:10760000F5620200744E04006D000000032840F093
:10761000C180DDF864A00DF5B9680DF5B960902260
:107620000AF1180100F1600520F0D4FCDBF8041029
:107630000020DDF860B00DF5E769C5E90C104246A1
:10764000C5E910100021C5E90E005B46C5E912002E
:10765000B868009048469DF8E16101F0F3FC9DF8A0
:107660003847212C40F082820DF50C68F00700F0BD
:10767000268478A80DF5E7640230016842688368C3
:1076800085E80E00C068D5E90423E860D5E9060165
:10769000CDE900012046594601F0B0FB20F00CFE78
:1076A00040F0918408F108000DF5B96120F0F2FA7C
:1076B0000020CDF8C408082000F04EBE042869D18F
:1076C00019980DF5A365B02200F1080120F0ACFD7A
:1076D000DBF809000BF1210415902022DBF80D00E6
:1076E0002146DBF80190DBF805A014901AAE20F0DB
:1076F00022F95FF81011204611F0EDFF40B95FF854
:107700001C1106F1100011F0E6FF002800F0CA84F9
:10771000DDE91A8629461D9D0DF5E764002020311C
:10772000DDF870B04246049020463346CDE900B5FE
:10773000CDE90211FEF788FA1AA800F110012046DF
:1077400011F0C9FF002800F0B1841320DDF864A017
:107750008DF8C00840F20340ADF8C4080CE3C8B986
:107760009BF80100002800F07583DDF864A0DDF8C7
:1077700060B09AF82301800700F14B859AF8221136
:107780000DF50C605A4601F06DFB00F0E7BD0028D6
:1077900000F0E58120F0C2FA0138022806D20DF58A
:1077A0000C6078A920F001FC00F0DABD20F01CFC90
:1077B00015208DF8C40800F0D3BDDBF808000DF5E6
:1077C0000C68002801F0C882DBF80400032100786F
:1077D0008DF8E4110F218DF8E011411E102928BF0A
:1077E00008208DF8E50186E320F00EFA40F08F8145
:1077F000DBF8041078ACA01C20F0E0F8DDF864A001
:107800000DF50C6808F1060020F027FC20F0FCF8CC
:107810000420DDF860B001F000BADBE901640DF589
:107820000C60DDF860B0594607F088FEDDF864A012
:107830009DF8E908022816D00D2020F03CF80DF53F
:107840000C638DF8C0084CA807F0A5FD9DF8300129
:10785000212808D05FF870021BF024F84CA81DF016
:107860001DFB1BF0EDF80DF50C60314622461DF0B6
:10787000FBFB9DF8C0480DF50C68022C40F04B81D5
:107880000A20A7E2072908BF042800F0D381421E7E
:10789000032AFFF45FABB8B90A2915D19BF80100A0
:1078A000DDF860B0002800F027819AF81D018007FC
:1078B00000F17A829AF822010DF50C68800700F138
:1078C00045840D2001F0A9B920F0BBFA15208DF8F0
:1078D000E401DDF860B00DF50C689DF8E0010F28BB
:1078E0000CD178A808F10401043090E87C000E2047
:1078F0007CC10DF5E7658DF8C00825E00DF5F07940
:107900000DF50C60C822494638F080F99DF8C00892
:107910000DF5E7650E2817D00D2833D19AF8F980B8
:10792000B8F1020F2ED09AF81A0100F003000128D6
:1079300002BF9AF8200100F0030001283AD09AF81B
:10794000F8C04FF002085CE0281D08F1040111F0B6
:10795000E1FC0C20DBF828108DF838072B46DBF80B
:10796000382069AC204607F016FD9DF8A4012128B7
:1079700008D05FF888031AF095FF20461DF08EFAB4
:107980001BF05EF80DF50C61504620F00EFB78AC54
:10799000514620461DF020FE21208DF838079DF825
:1079A000E001222818BF25462E46179D96E81F00A5
:1079B00000F032BD6EA8169A594607F015FD9DF8E5
:1079C000B801212808D05FF8D8031AF06BFF6EA821
:1079D0001DF064FA1BF034F816984C46DDF864A0EC
:1079E000D0E902BE01680AF1E00C159141681491DA
:1079F0009CE86F006FC40DF5E765DDE914109AF897
:107A0000F8C0CDF8441705F11801CDF840078DF8FE
:107A100039C7CDF848B7CDF84CE799E87D007DC16E
:107A20000B200DF5E7658DF8380718982B468DF873
:107A300069878DF868C7816A826B73AC204607F04E
:107A4000AAFCDDF864A09DF8CC0121289AD05FF84B
:107A50005C0490E7DBF808000DF50C68102874D181
:107A6000DBF8041008F102001FF0A8FFDDF864A0A5
:107A70000DF5E765A81D20F0F0FA012029468DF8E4
:107A8000C10808F11200B62238F0E3F9DDF860B061
:107A9000062000F0BABD06F10800169BDBE90112D2
:107AA000CDE9003078A8DDF860B05B46FEF72EFA2D
:107AB00085E0DDF864A00DF5E7601FF086FE20F09C
:107AC000A3F813D1DBF8040020F063F8CDF8C40765
:107AD0000DF5F7600EC00DF5E7630DF50C60DDF8F0
:107AE00060B0169A594601F037FB67E220F07CFA45
:107AF00005208DF8C4083FE15FF804051AF0DEFEAA
:107B000020F09FF940F60370ADF8E401E3E60520AC
:107B1000DDF864A010E09DF8C258280700F15481F8
:107B2000032057E15FF82C051AF0BCFE204619F03F
:107B3000C9FD1AF085FF05208DF8E4010F20DDF85E
:107B400060B00DF50C6801F068B80520DDE918BAE1
:107B50008DF8C40813200DF5E76500F056BD9BF8BD
:107B60000100002800F08181112009E10DF50C6869
:107B700009F1010108F1050020F094F98DF8C058D1
:107B80000DF5E7658DF8C448EAE378A8DDF860B044
:107B9000169A00F108030DF50C60594601F0DCFA65
:107BA000D1E240F60320ADF8E4010F208DF8E001AA
:107BB0008FE640F60330ADF8E40120F042F9DDF83D
:107BC00064A088E620F03DF940F6032026E020F08E
:107BD00038F905207BE69DF8690000287FF4C5A9E7
:107BE0009BF80C000C287FF4C0A920F00DF8A2D15E
:107BF000DBF8041078ACA01C1FF0E0FE0DF50C685B
:107C00000AF1180108F106001FF035FF1FF0FCFE15
:107C10000320FEE520F015F940F60340ADF8E4013D
:107C200057E605208DF8E4010F200DF50C688DF85E
:107C3000E00160E10AF108010DF5A36020F02AF8E7
:107C40000BF121060DF5427820224046314638F0EE
:107C500000F9DBF805005FF874161490DBF80900F2
:107C600015903046DBF80140DBF80D509AF81E9174
:107C70001EF06BFF40B95FF8941608F110001EF07B
:107C800064FF002800F08784CDE911950DF5E766C3
:107C90001394C2AB0DF5D2690FCB10901FF04AFFC1
:107CA0000F914946CDF8900630460E920D9319F08B
:107CB00041FB0DF50C64002531464FF4B8722046A7
:107CC000CDF8A458CDF8A058CDF89C58CDF89858C8
:107CD000CDF8305ACDF8345ACDF8385ACDF83C5A50
:107CE00037F042FA0DF5E76621464FF4C07220F0F6
:107CF000E4F80DF5A3605FF8F88600F12004304643
:107D000020228DF8B8582146C0473046214620220F
:107D1000C0470DF50C64304601228DF8C05821464D
:107D2000C047204631464FF4C27237F01DFA9DF825
:107D300040BA04F5B8715FF83437102258461DF088
:107D400021FC00294DD000F8015B0139F9E705203D
:107D5000DDF864A08DF8C40813200DF50C680DF54E
:107D6000E7658DF8C008DDF860B0F9E240F6033051
:107D7000ADF8C40820F038F9DDF860B01EE101204C
:107D80008DF8C00808E105200EE15FF884071AF0BD
:107D900089FD204619F096FC1AF052FE20F024F9D5
:107DA00005208DF8C408F9E0DBF83C4004F1080335
:107DB0000FCB41EA030540EA0206354300F0618239
:107DC0000DF5DA650FC565E29DF8C368102E80F0E9
:107DD000C08106208DF8E50103208DF8E40100F054
:107DE0001BBFA7F13C060025204647F83C5C314606
:107DF0008DF8405A47E90E5547F8305C1EF0DAFA24
:107E0000A7F12C083146404609F084FC04F5B07611
:107E1000102D09D06019013590F8601190F870218B
:107E2000514080F86011F3E7BBF1100F40F0BA81C8
:107E3000DDF860B00020139CDDE91195102800F0FA
:107E4000C98118F800101FF04EFEF7E7611C08F119
:107E50000500BBE0DFF83C0F1AF030FD20F0C4F85D
:107E600040F60370ADF8C40896E0DDF860B00D2070
:107E70008DF838070DF5DD600DF5E7631FF01BFD8C
:107E800007F089FADDF864A09DF8E806212809D0FA
:107E9000DFF8F80E1AF006FD0DF5DD601CF0FEFFB0
:107EA0001AF0CEFDF00700F0B6810DF5E76420F082
:107EB000DEF820F001FA40F0868001204CE208F163
:107EC00008000DF5B9611FF0E5FE0020CDF8C408EB
:107ED000072041E20DF50C680AF1180108F10700CE
:107EE0001FF0C9FD092041468DF8E00178A8013056
:107EF000B72237F0AEFFDDF860B0EEE478A808F105
:107F0000010105301FF01AFD0F208DF8E4B18DF846
:107F1000E0011FE00A2003248DF8690127E3DFF860
:107F2000980E1C46159565461AF0BCFC58465146FD
:107F300042464B461DF0CEF8159B28463146224658
:107F40001DF0C8F81AF07CFD1FF07BFF40F20340E3
:107F5000ADF8E401DDF864A0BBE478A8611C05304D
:107F60001FF0ECFC8DF8E4510F208DF8E001B2E435
:107F70009DF86A100DF5E765DDE918BA0A0700F10A
:107F8000388303203BE30DF50C68691C1FF021FFCB
:107F90008DF8C4A88DF8C048DDF864A0DDF860B0A5
:107FA000DCE1DDF864A0032004218DF8C40813206F
:107FB000DDF860B08DF8C5188DF8C0080DF50C68B7
:107FC000CCE10DF50C6808F10500611C13221324A7
:107FD00037F03FFF8DF8C4580DF5E7658DF8C048C0
:107FE000BEE1DDE918BA0DF50C6840F60340ADF8C6
:107FF000C4080DF5E76507E3DDF864A002269AF8EA
:108000001A119AF820419AF8080101F0030104F0CE
:10801000030481F00101022808BF0126D5E90023ED
:1080200084F00104D5E9020521435C46B1FA81F1EF
:108030008DE8610058464909DDF860B00391594662
:1080400007F03CF99DF86850A0469DF86990A11C86
:108050009DF89160B2AC12221FF08DFC022E40F010
:108060001283AAA84ECC212D4EC0218801807FF416
:108070005AAA40E30DF5E7645946204607F00EFA88
:108080009DF86157032D40F03B830DF5D26C94E8C9
:108090006D0061466DC108F104009CE83E003EC0E1
:1080A000132499E7DDE91A86DDE91CB50DF5A36017
:1080B000159900F17004199890F81E01002802BF6C
:1080C000014682468146149A08BF024604F1280000
:1080D00080E806010DF5E760B968C4E9089AC4E9CB
:1080E0000D6BE563FDF726FEDDF83C37DDF8441740
:1080F000DDF84007DDF83827DDF860B0C4E900237B
:10810000C4E902010DF5E7641FF0DAFE20F0D4F8AF
:1081100010D1E01D0DF5A3611FF0ADFC0A200DF597
:108120000C688DF8C00808F101002146B72237F02D
:1081300090FE08E00DF50C68611C1FF04AFE8DF8FA
:10814000C4588DF8C048DDF864A007E10B2000F0AA
:1081500064BDBDF8C4989DF8C1885FEA897042BFCC
:108160009AF81C0140F002008AF81C015FEA89506D
:1081700040F17884DBF83C30D3E902E1D3E9042311
:1081800041EA030C4EEA020050EA0C0000F055846C
:10819000CDF8C0E8CDF8C418CDF8C828CDF8CC3853
:1081A00000F054BC16F80B00A7F12C0180F0800001
:1081B00006F80B00484609F0ADFADDF860B0002083
:1081C000102804D019F800101FF08DFCF8E7139C5C
:1081D000DDE911950DF50C6031461EF0EBF80FCE80
:1081E0001FF0A8FCCDF89006C2A800F110010DF513
:1081F000D2601EF0AAFC0DF1340EDDF840C000285C
:108200009EE8044100F0CD811FF01BFE40F20340C8
:108210007AE40E20A0E0DFF8780B1AF04FFB102074
:108220009AE0002800F0BF820DF5E7641FF043FBE1
:108230000DF5DA660A201FF0BDFD9DF8D056212D00
:1082400040F08080A01D1AA91FF015FC06200DF536
:108250000C68ADF8C00808F112002146B6220DE006
:1082600008F107001AA91FF006FC0DF50C620320A7
:108270008DF8C0084146501C9046B72237F0E9FD02
:108280006CE00020CDF8DC06CDF8D806CDF8D40699
:10829000CDF8D0060DF50C660DF5DA613046FEF727
:1082A0008BF920F001F841D108F1030A311D1022A9
:1082B0001FF08CFDAAAE51461FF036FA0DF50C6981
:1082C0001FF0BCFE1FF0F0FF40F03C822068C107A9
:1082D00000F049836168000A0DF50C660A0E8DF8FE
:1082E00096210A0A40EA01606490ADF8942164A9DD
:1082F0003046FEF7B1F91FF0D7FF40F07684311D0C
:1083000050461FF05BFBB2AE51461FF00DFA0DF563
:108310000C6459463246204606F098FF1FF0C4FF11
:1083200040F0B084DDF864A0FFF7C4BA711C404689
:108330001FF004FBB8E81E000DF5D2601FF016FE1A
:1083400000F05FBC0DF50C68711C08F105001FF012
:10835000F5FA13208DF8C4588DF8C0080DF5E765BF
:108360009DF8C00813280BD108F10400291D90E8DE
:108370007C0012207CC10DF5E7658DF8380719E007
:108380000DF50C690DF5E760C822494637F03EFC53
:108390009DF8380712280DD0112828D19AF8F980B5
:1083A000B8F1020F3DD1DFF8000A1AF087FA0DF597
:1083B0000C681CE008F10400291D10F0ABFF0C2034
:1083C0001FF079FA43468DF8C0080DF2FC6006F004
:1083D000E2FF9DF8FC06212809D0DFF8D0091AF049
:1083E00061FA0DF2FC601CF059FD1AF029FB0DF545
:1083F000E76150461FF0D9FD1AAC514620461DF0EA
:10840000FCF821208DF8C0089DF86800222818BFCC
:10841000A046179D98E81F001FC50DF6642D1FF09C
:1084200079BA9AF81A0100F00300012802BF9AF8FD
:10843000200100F00300012806D09AF8F8C00DF1E1
:10844000680B4FF002082BE0169A0DF5E2605946D2
:1084500006F0CAFF9DF81007212809D0DFF840096F
:108460001AF020FA0DF5E2601CF018FD1AF0E8FA97
:1084700016980DF1680BDDF864A05C4601680AF1FE
:10848000E00C15914168149181681391D0F80CE0CB
:108490009CE86F006FC4DDE9132115989AF8F8C0C5
:1084A000CDF8D4E809F1180ECDF8C8088DF8C1C888
:1084B000CDF8CC18CDF8D0289BE87B008EE87B0067
:1084C0000B204B468DF8C00818988DF8F1888DF870
:1084D000F0C8816A826B0DF2247006F05CFFDDF853
:1084E00064A00DF50C689DF8240721283FF47FAFA8
:1084F000DFF8B0081AF0D6F90DF2247073E778A807
:108500000DF5B96108301FF0C5FB79950520FFF71F
:108510004DBBDDF860B009218DF8C0180DF50C6475
:10852000CDF8C408DBF828102346DBF83820B2AEBB
:108530001FF0C0FC9DF8C8520DF50C68212D40F0CD
:108540000881A01D0DF5E7611FF095FA0320214673
:10855000ADF8E00178A81230B62246E0DFF85C08FA
:108560001AF0A0F95AA81CF099FC1AF069FADDF883
:1085700064A078A805305AA914E3611C0DF5E764DE
:108580001FF0E5F978A8214605301FF0D7F98DF8DE
:10859000E451FFF70ABBDDE9C2CEDDE9C482DDF8B4
:1085A00060B00DF5A360159B903019F0010108BF74
:1085B0000B46149E02BF0E460C460D46C0E90682CD
:1085C00000F108010DF50C68C0E9004608F107004C
:1085D00081E828500DF5A3611FF04DFA08204146AF
:1085E0008DF8E00178A80130B72237F032FCFFF7B0
:1085F00074B99DF86B200F2A00F2448106208DF893
:10860000C50803208DF8C40813208DF8C008A7E61C
:108610004C1C0DF5E766B8680DF58D62009030468C
:1086200021465B4600F00EFD9DF838570DF50C68AD
:10863000212D40F08A8108F108000DF58D611FF0B1
:1086400029FBCDF8C44843E4DDF860B009218DF87A
:1086500038170DF5E764CDF83C07DBF82810234602
:10866000DBF838201AAE1FF025FC9DF868500DF598
:108670000C68212D40F06E81E01DEEA91FF0FBF982
:108680000520FEF77ABE08F1140C15960DF5D26898
:10869000BCE84F00C646AEE84F009CF800008EF8DC
:1086A0000000BDF89600ADF89401DDF892006490EA
:1086B0001AA94DCC8C46ACE84D0012222088ACF8AB
:1086C00000000AF1D2008AF8D1908AF8D05037F031
:1086D000C0FBB8E83E000AF1E4003EC015998AF8F4
:1086E000F91098F8001001706498CAF8FA00BDF803
:1086F0009401AAF8FE000C200DF50C68FFF72BBAC8
:108700000DF5D2600DF5E761292237F0A2FBDDF807
:108710006207022DB290BDF86607ADF8CC0200F0FA
:10872000168316980DF5D261292237F092FBB29884
:108730000D24CAF8FA00BDF8CC028AF8F950AAF85C
:10874000FE0049E409F101010DF5D2601FF0F6F8D1
:1087500055E278A8711C05301FF0F0F88DF8E4514F
:108760005AE278A8711C05301DE20DF5E7640DF59D
:108770000C6129221FF0FFF8DDF8EA082146569027
:108780002922BDF8EE08ADF85C01169837F061FBC0
:108790005698CAF8FA00BDF85C018AF8F950AAF8B0
:1087A000FE00FFF782B81AA8D7F80890903015900D
:1087B00010301490F34840F2FF1B4FF0FF38824610
:1087C000484615F0B9FC044648460E4615F0B4FC80
:1087D000ED4D0023A0FB0502E1FB0523A4FB0541B1
:1087E000A6FB056576184FF00001454152F10002E5
:1087F00053F1000024EA0B0341F10001BAEB03033B
:1088000078EB060378EB050378EB0202D8D3149BD0
:108810000022DDF860B00DF5DA6483E80700DA6065
:10882000159BCDF83C0783E8070008212046DA6055
:108830000DF5E7638DF838171FF03DF806F0ABFD36
:108840009DF8D056212D40F0C081B8680DF5E76441
:1088500000901AAA204600215B46002600F0F2FB99
:108860009DF838570DF50C68DDF864A0212D40F017
:10887000F28108F108001AA91FF00CFACDF8C468BB
:10888000FFF726BB8AF820110AF58F718AF81E01BE
:108890000AF58C70BDF86C309DF86940AAF8223159
:1088A0008AF821218AF81F411EF08EF98AF80911F1
:1088B0002022DBF82C108AF808010DF5D26037F081
:1088C000C8FA0DF5E766DBF8301040221FF033F8E8
:1088D0000DF1680831464046FDF78EFD9DF86800B1
:1088E000212840F07D81B2A808F10401861C1EF009
:1088F0001BFFAAA83146841C1FF039F80DF5DA6673
:1089000021461EF011FF0DF27C601FF082FA9DF8E7
:108910007C46212C40F0A48108F103000DF5D261C2
:108920001FF0A6F80DF50C640DF5E76104F12400C5
:10893000402237F08EFA022041468DF8C008601CB4
:108940002322A04637F085FA0AE508F10500711CDC
:10895000FFF73CBB08F10500711C1EF0EFFF8DF81E
:10896000C458FFF746BB052549E1B9689AF80901E3
:10897000002800F06A810A200DF50C651FF0DEFA70
:10898000AAAE1FF097FA9DF8A842212C40F0108162
:10899000A81D0DF5E7611FF06EF804202946ADF81B
:1089A000E00178A81230B622FEF7AABA08F110004A
:1089B000FDF7C0F9D8E906010024D8E904238DE8C1
:1089C00003020DF50C60CDE90364FDF73DF9DDF818
:1089D000C438DDF8CC18DDF8C808DDF8C028C8E9CF
:1089E0000023C8E902010DF50C68CDE900014046FD
:1089F000FDF7B2FC9DF8C048212C40F01B81AAA8CD
:108A000008F10401C61C1EF08FFE64AC31461EF056
:108A1000AEFF5FA85946224606F018FC9DF87C413F
:108A2000212C40F0318108F107000DF5E7611FF0BE
:108A300022F802204146FEF75EBA0020CDF8CC08AD
:108A4000CDF8C808CDF8C408CDF8C008D2490DF556
:108A50000C6010F040FE28B19AF81D0140F00200B1
:108A60008AF81D019AF819010C21AAF822918AF8B6
:108A7000216103288AF820518AF81F818AF81E4153
:108A800008BF0821DBF838000AF58C7B90F87023CA
:108A900090F8713388188AF81A010AF58F7013B1AB
:108AA00001218BF8001059461EF08EF88AF8080153
:108AB0000DF50C608AF809110121FDF723FC9DF8E2
:108AC000C048212C3BD19DF8D068DDF8CC48BDF8DA
:108AD000D108ADF8080331469DF8D3088DF80A0394
:108AE0002046DDF8C488DDF8C898FCF775FF1FF054
:108AF000EFFB58461A461CF0DCFAC0B2022845D1FA
:108B0000BDF808030DF50C62ADF8CD089DF80A0319
:108B10008DF8CC68CDF8C848CDF8C498CDF8C08899
:108B20008DF8CF0851A8DDF860B0594606F08EFBED
:108B30009DF84441212C74D10120FFF716BA9DF80D
:108B4000D0289DF8C3088DF85421DDF8CC288DF885
:108B50004701BDF8C1085492DDF8C8289DF8D31824
:108B6000ADF84501BDF8D1085392DDF8C428ADF841
:108B700038078DF83A1752928DF85711ADF8550114
:108B800009E000BFFFC5FCFF40420F0040464946D8
:108B90001EF076FD0524DDF860B078A80DF50C68B0
:108BA000053051A901311EF0C9FE8DF8E44133E0D2
:108BB00078A8711C053073E078A8EEA908301FF082
:108BC00069F8601C7990052027E00DF50C68611CA0
:108BD00008F105001EF0B2FEDDF864A0FFF7B9BB96
:108BE0000A2003248DF87D0643E0711C40461EF0E8
:108BF000A5FEB8E81E000DF5D2601FF0B7F9DDF84C
:108C000064A08DF8E45178A805300DF5D2611322E7
:108C10000DF50C6837F01DF90F208DF8E001FEF717
:108C20005CBE6A4819F03EFE51A81CF037F919F0F5
:108C300007FFB2E7AAAD08F1010113221EF09EFE64
:108C40005FA829461EF026FE26E0DBF8000090B360
:108C5000DBF8041049E008F10500611CFFF777BB61
:108C6000474819F01FFE0DF27C601CF017F919F04F
:108C7000E7FE0DF27C610DF50C6808F1050001318D
:108C8000FEF77ABF611C5FE54F4819F00BFE5FA845
:108C90001CF004F919F0D4FE78A85FA90530013161
:108CA0001EF04CFE0F200DF50C688DF8E0018DF8DC
:108CB000E441FEF712BED1F80001304C414D40288E
:108CC00008D3BE680021304616F072FFD6F80001C6
:108CD00040284AD2B968421C51F82000C1F800214E
:108CE000A0FB0401A8421046E9D808F14000002684
:108CF00008F13002CDF8C418C0E900160DF50C6378
:108D0000C0E902660820C2E90016C2E902668DF8D1
:108D1000C0081EF0D0FDAAAD284606F03CFB9DF829
:108D2000A84278A8212C08D108300DF5E7611EF083
:108D3000B1FF79960520FFF718B90530691CAFE738
:108D40001B4B00E00B4B0120072119F036FB0D48AF
:108D500019F072FB114A06E01D4A04E0154A02E0D0
:108D6000094A00E0044A1EF0EBFC154A402119F0C4
:108D700073FB00BF1C2904000C29040040420F00B3
:108D80006A000000FC280400EC28040061000000D8
:108D90005800000057000000684B0400DC28040065
:108DA0006C000000630000006E0000006500000021
:108DB00034500400245004005200000069000000F8
:108DC000183604007F3DF1FF660000005F000000E0
:108DD000FC270400D0B502AF92B0BC688DF810201B
:108DE00005228DF80420CDE902343A69FB6800922F
:108DF00001AAFDF7BBFC12B0D0BDD4D4F0B503AFCF
:108E00004DF8048D94B01FF02EFA0BAE3046FDF7EE
:108E1000CBFA9DF82C0021281CD1A7F14600311D6A
:108E2000851C1EF002FD02A82946861C1EF07CFC53
:108E300010AD31461EF0F9FC1FF050F920782128C2
:108E40000BD0074819F02EFD20461CF027F819F02A
:108E5000F7FD02E040F60320208014B01EF00EBEA5
:108E600067000000F0B503AF2DE9000F9FB0824608
:108E7000880703D411208AF8000068E0D56B934678
:108E800005F108030FCB1EF00CFF11BF8DE80F009A
:108E90000020CDE90200CDE9000016AE694630465B
:108EA000FDF78AFB9DF85840212C39D111A8311DBE
:108EB00000F1030810221FF08AF80AAE41461EF0A6
:108EC00033FC0DF158091FF0B9F89DF85840212CDA
:108ED0002ED12868C1073DD06968000A0A0E8DF8B6
:108EE0003E200A0A40EA0160ADF83C200E9016AE22
:108EF0000EA93046FDF7B0FB9DF85840212C0FD14C
:108F0000311D40461EF05AFD1BAE41461EF00CFCC2
:108F100005A81EF07EFF9DF81440212CAAD00CE07D
:108F200011AD711C13221EF029FD05A8294602E08F
:108F300005A809F101011EF0ADFC05A90AF1050023
:108F400001311EF0AFFF8AF800508AF804401FB0CC
:108F50001EF0E0BC0524F0E7F0B503AF2DE9000FEB
:108F60008BB0044602A80D4600219046FDF7CAF9D1
:108F70009DF80800212834D19DF818B0059EBDF851
:108F80001900ADF8040059469DF81B008DF8060045
:108F90003046DDE9039AFCF71FFD02460B4605F15A
:108FA000480011461A461CF084F8C0B2022837D196
:108FB000BDF804004146ADF829009DF806008DF883
:108FC00028B00996CDE9079A8DF82B0002AD07AAC3
:108FD000284606F03BF99DF80860212E2BD1212070
:108FE0001AE09DF80B10E170BDF809109DF81B20E8
:108FF000DDE903C5A4F80110BDF81910059E9DF820
:109000001830ADF81C108DF81E202374C4E901C57A
:10901000E660A4F81110E27420700BB01EF07ABC68
:1090200005205146207048460BB0BDE8000FBDE852
:10903000F0401EF025BB601C691C1EF07FFC2670F2
:10904000EBE7D4D4F0B503AF2DE9000F9FB00D4688
:10905000B968069314460B901AA8FCF76BFE1A9891
:1090600004F170061C9A05F07F0504F1900B1B9922
:109070001D9B0FC60892A5F140020A909BE8400E86
:10908000504609915946079336F0AAFD804630466E
:1090900049462A4636F0A4FDC5F1400281465046B5
:1090A000594636F0C0FE04F12001402DCDE90241C1
:1090B000079901910899009138BF49EA00082548AD
:1090C000002D08BFB04660F35F08CDF810800CA8F3
:1090D000DDE90932FCF7B8FDDDE90E01DDE90C231D
:1090E000CDE900011AAC2046FDF736F99DF868502D
:1090F000212D18D1DDF82C8011A8C51C211D1EF0D2
:1091000094FB16AE29461EF00FFB1AAC06993246A8
:10911000204606F09BF89DF86850212D0FD12120A4
:1091200088F8000012E0611C11AC1EF010FC0B9ED0
:1091300021461322701C36F08CFE357006E008F1D3
:109140000100611C1EF0FAFB88F800501FB01EF0F1
:10915000E1BB00BFC0FFFF7FF0B503AF2DE9000FFB
:10916000B5B016461D4655F8702FB04615900DF156
:10917000A00CD6F83D00CDF8A30058F83A0FEC68E3
:10918000D5F814E0289056F8410F12916B68D5F885
:1091900008B02969D5F81890D5F81CA02C90D6F8FD
:1091A000030013921493CDF86CB01A941991CDF872
:1091B00060E0CDF85C90CDF858A0CDF8B3002CA8B5
:1091C000CDE900B4CDE9021E04A981E800160DF135
:1091D0008009A5F1300107904846FCF775FC1CA8F2
:1091E00099E81E0005F1300B1EC0249811902598B7
:1091F000109026980F9027980E90F01D9BE8100A6B
:10920000D5F83CA01DF081FB20F07F40CDF820B0C8
:10921000DDF84CB0CDE909A01B9800905A461A9889
:109220000190199802901898039017980490169836
:10923000CDE90B8605A981E8110228A81CA9149B79
:109240009946FCF7CBFDDDE92A01DDE92823CDE9CC
:10925000000120AC2046FDF74DF99DF88060212EDD
:1092600049D1DDF854802CA8C61C211D1EF05CFAE3
:1092700031AC31461EF07BFB0DF1800A129922467B
:10928000504605F0E3FF9DF88040212C44D146462E
:1092900008F11804D5E9088010221290A86A0D90F0
:1092A0000AF10700ED6A1CA936F0D3FD0B205146E8
:1092B00006F8010B17221EF03EFB19982062189841
:1092C00060621798A0621698C4E90B081298606350
:1092D0000D98C4E90E0511982060109860600F98F1
:1092E000A0600E98C4E9030B1B98A0611A98C4F8FB
:1092F0001490E0611AE0611C2CAC13224FF01308AB
:109300001EF039FB159D21461322681D36F0A1FD84
:109310002E7185F8008009E008F105000AF10101CD
:109320001EF0C0FD88F8005088F8044035B01EF0EB
:10933000F1BAD4D4F0B503AF4DF8048D90B005ACBC
:109340008046A01C16460D4619461EF037FB05F553
:109350007E70ADF82C600A900AAEB01D2146122234
:1093600036F077FDD5F8F803E0B94FF0FF30321D45
:1093700005F57F71C5F8F80368460023FBF766F929
:10938000D5F8F8030130C5F8F803019820B1029927
:109390001EF076F9162000E0212088F8000010B0B9
:1093A0001EF06CBB044819F07DFA1BF0C5FE19F0E5
:1093B00047FB19F091FA00BF50000000DFB506AF7F
:1093C0000A4B1EF08DFF01A80FF049FC0299E0B294
:1093D000814281BF019A03994FF45E7310FB032011
:1093E00084BF04B0D0BD024A19F036F89C290400AD
:1093F000AC290400BFB506AF1C46134B15460A4600
:10940000014601A80FF02BFC1EF001FAAAB2A9B187
:1094100090F85C33032B12BF042BB0F858339342FF
:1094200002D01EF0BBFAF2E7A1B2F7290C4628BF22
:10943000F724A0F85A43002908BF172403981EF008
:10944000B9FA204604B0B0BDBC290400B0B502AFE3
:1094500088B01D46194B044601A81DF00FF91EF0F7
:10946000D6F9BA68ABB251B190F85C53022D03D96A
:10947000B0F85853AB420ED01EF090FAF3E70398C1
:109480001EF0AAFB14202070D2E9000108B0BDE84C
:10949000B0401EF0F5B800F5907104A8FBF794F801
:1094A000049820B105991EF0EBF8162000E0212069
:1094B000207003981EF090FB08B0B0BDFC2904009A
:1094C000F0B503AF2DE9000FADF50B7D15468946CC
:1094D000D1E900120DF5D07A9B46804650462B46C6
:1094E00000F0B2FA9DF8A0619DF8A141212E04D1AF
:1094F0007CB1212088F800003CE208F102000AF16A
:109500000201122236F0A5FC88F8014088F80060BC
:1095100030E2D9E900012A461AF088FF824690F825
:109520005F030D4620B140F60300A8F800001EE2DC
:10953000DFF8681409F110000FF082FB089106466D
:10954000D9E9021209A8DFF858340FF088FB09980E
:1095500006909AF86E03079030460A9C1DF0B5F904
:1095600068B1BAF858039AF860130596012912D128
:10957000BAF86513DAF8613301F5803215E096F830
:109580003E015146023818BF06F12000FCF778FA78
:1095900020B32120E3E1059B9968CA0700F02E81E2
:1095A000DA68090A41EA0263120AADF83420120CA3
:1095B0008DF8362009F5427C9AF867230AF5107673
:1095C0000C93012A04950BD101228DF83E20BAF8A4
:1095D0006C23ADF83C20DAF8682307E01520BEE1E3
:1095E000DAF85022DAF85332CDF83B30DDF814E0E7
:1095F0000E920EF528721C920EF520720699CDE996
:109600001D9AB146CDE91AC2ADF88000DEE900022C
:109610009EF8E83213941291CDE9100210A899E84F
:109620007610103080E876100EF108001F90079831
:10963000002800F0A08000204FF47021CDE9001038
:1096400068A80CA90EAA1DF089FA7EA80A21FCF7C9
:1096500059FE9DF8F841212C5ED1BDF80902ADF804
:10966000F0009DF80B02819E8DF8F2009DF8081223
:109670007F9806908098039030460791FCF7ACF9EC
:109680009AF87043BBF1000F9DF8E99104F10805C9
:109690000CD182468B467EA810A905F04FFF9DF89D
:1096A0002102022840F01F8150465946B9F1030FAC
:1096B00001D004F10C05002900F06C8105700398BD
:1096C0005B9006985A9007988DF87401BDF8F000E9
:1096D000ADF875019DF8F2005C968DF877017EA8D3
:1096E00010A95AAA05F0B2FD9DF8F841212C13D11A
:1096F0003FA868AC07304E22214636F0AAFB9DF801
:10970000EE6161AD04F14F0109221EF037F900242A
:10971000022E40F0F08014E09DF8FB018DF88E00E1
:10972000BDF8F901ADF88C00BDF80902ADF898015B
:109730009DF80B028DF89A0180987F99819A9DF887
:10974000083288F80040BDF88C40C8E90110BDF827
:109750009801A8F801409DF88E40A8F811009DF8E6
:109760009A01049D88F8034088F81030C8F80C204E
:1097700088F81300F5E040F666104FF0C071CDE9AF
:10978000001068A80CA90EAA1DF0E8F99DF8E901DF
:109790000C21032808BF08219AF870039AF8712356
:1097A00001448DF8EA11012A04BF01218DF8E81166
:1097B00058B19DF8EC019DF8ED1140F003008DF8D3
:1097C000EC0141F003018DF8ED117EAD10A92846A2
:1097D00005F064FE9DF8F891691C9DF821A261AE28
:1097E00013221EF0A8F8BAF1030F09D155A81ECE16
:1097F0001EC031880180B1788170C3E00520AEE0E1
:1098000005F11400CC460DF5B479BAF1020F7CC80D
:1098100049467CC100780870DDF822026690BDF8E8
:109820002602ADF89C010FD17EAD68A910AA28468A
:10983000FFF792FB9DF8F891B9F1210F40F09E805F
:1098400068AE4FF0010919E08DF8A0C168AE701C38
:1098500061A91EF073F8B9E83E0006F114003EC09D
:1098600099F800104FF00D0901706698CDF8CA0103
:10987000BDF89C018DF8C9A1ADF8CE0119F0A8FA88
:109880001EF0BAFB19F0B4FCCDE974013FA8073013
:1098900031464E2236F0DDFA9DF8EE413CAD06F140
:1098A0004F0109221EF06AF8022C6BD026AE3FA9A8
:1098B00055221EF002FB0DF18C0A06CD504606C063
:1098C00055222978059D0170314605F1E90085F89A
:1098D000E8B085F8209036F0BCFA05F23F1051460A
:1098E00085F83E4136E09DF8200259460228504650
:1098F0003FF4DFAEDFE60DF198093FA95522484657
:1099000035F032FC0DF5AA7B06CD584606C055222F
:109910002978059D01704946BDF88C00A5F8210005
:109920009DF88E0085F82300BDF89801A5F8310058
:109930009DF89A0185F83300022085F8E80005F1CA
:10994000E90085F8204036F084FA85F83E6105F29A
:109950003F105946092236F07CFA2120049D88F8F0
:1099600000000B981EF026F808991EF01FF82868D2
:10997000013828600DF50B7D1DF0CCBF691C55A882
:109980001DF0DCFF08F8019B55A913221EF01FFBF8
:10999000049DE6E7034A1DF0D3FE00BF9C270400A8
:1099A000AC2704000C280400F0B503AF4DF804BD4B
:1099B00094B01D46234B044601A80FF050F91DF04A
:1099C00026FFBA68ABB251B190F85C53042D04BFC6
:1099D000B0F85853AB4211D01DF0E0FFF3E7039805
:1099E0001DF0E8FF142092F83A102070107814B09F
:1099F0005DF804BBBDE8F0400FF06BB811780229A8
:109A000009D102F1080600F5167C6ACEACE86A00BE
:109A10005188A0F8681200F5207104A8FAF750FDEB
:109A20009DF81000102801D1212004E09DF84A1073
:109A30000FF04FF81620207003981DF0BBFF14B0F4
:109A40001DF0B1BF4C2A0400D0B502AF0446084651
:109A500011461A461AF0EAFC90F85C23042A11BF5A
:109A60001C2090F85F036070212020700868013886
:109A70000860D0BDDFB506AF0E4B1EF031FC01A86B
:109A80001CF0FCFD1DF0C3FEA2B251B1B0F858337A
:109A9000934203D190F85C33022B07D81DF07EFF70
:109AA000F3E703981EF098F8002000E0039904B053
:109AB000D0BD00BF8C2A0400DFB506AF0E4B1EF0F0
:109AC0000FFC01A80FF0CBF81DF0A1FEA2B251B11E
:109AD000B0F85833934203D190F85C33022B07D887
:109AE0001DF05CFFF3E703981DF064FF002000E029
:109AF000039904B0D0BD00BFEC2A0400F0B503AF59
:109B00004DF8048D0E460546D0E9000190463246D8
:109B1000FFF7D2FFD0B10C4690F85C13042913D1A3
:109B2000B0F85813B2B28A420ED1012180F85D8399
:109B300080F85C1305F5767005491BF0D3FB1030F7
:109B40001EF0DBF81EF03BF81DF08EFF1DF096BFF7
:109B5000FC2A040090F85E13FF291EBF013180F833
:109B60005E13704780B56F46024818F0A7FE18F0E4
:109B7000B3FE00BF6F000000F0B503AF2DE9000F8A
:109B8000B1B00290914691F82C010D464FF6FF7846
:109B90000891019220B103281DD0C44818F0BFFDE0
:109BA000D5E930210020C5F8D0000120C5E93221D7
:109BB00011F8013B0024688005202870BC48A9608A
:109BC0004FF4205185F82040AA61E980A5F804806F
:109BD00050F82300E8600BA829464A4605F024FD0A
:109BE0000B9C022C00F019810DF1340A1098099099
:109BF00028469AE842040591BDF832B09DF83080BD
:109C00009DF831500EF02DFE012C00F00B813046F6
:109C1000514615F007FF02460B460BA81DF09BFEB0
:109C200048EA05209DF8308040EA0B420B98012855
:109C300000F0028105990020B8F1010F049040F076
:109C4000E080089D4FF00009DDE90E100392BDF899
:109C50003620BDF83430CDE9121005F1D400ADF84E
:109C60004620ADF84430079014A8411D04300691F9
:109C70000A901AAE0BA811A91DF036F89DF82C8099
:109C8000B8F1220F73D0DDF82EB0B8F1210F4FEAF2
:109C90001B497BD1D5F8CC8011220A98414636F079
:109CA000D8F808F1010130461022CDF850B09DF8E7
:109CB00054A036F0CEF8D5F8D040032C13D8162295
:109CC000079904FB02F041F800B004FB0210314692
:109CD000112280F804A0053036F0BBF85346601C12
:109CE000C5F8D00003E05346BAF1030F5BD1D5F8B5
:109CF000C840A068002840F0D680E66816214FF0E2
:109D0000FF30A06004F1100006FB01FA06FB01021F
:109D10000992BAF1000F15D080461FFA8BF238F87D
:109D2000161B914204BF4188494503D0AAF1160A87
:109D30004046EEE70A9904301D4614F01EFA2B4601
:109D400080B9F3E7032E0BD8099811220699037105
:109D5000C0F800B0053036F07CF8701CE06001E01F
:109D6000032B23D10020089DA0601AAE82E74FF696
:109D7000FF78C14576D0039805991DF081FC09F163
:109D80000100D5E93221DDF8049011E70F9E4FEA7A
:109D90001B20DDE90D4A9DF82D50BDF832100A91C7
:109DA000CDF8109008E00020049002E0002004901C
:109DB000A0604FF00408002005998146039A1046E0
:109DC0001DF05EFC012002990A9A08605FFA8BF090
:109DD0004A8140EA0920049A0A814822C88001F198
:109DE0001800C1E9034A4E614D7181F804801FA932
:109DF00035F0BAF9089D012085F82C0131B01DF02D
:109E000089BDB8F1030F28D19DF83250089E0A2D64
:109E10002BD004904FF0020821E002990220086044
:109E20000320E9E7059934464FEA1B29099E88B2C9
:109E30000490080C0A90C5E7BDF836000A90BDF8FA
:109E40003400109EDDE90E4A04909DF831509DF8D3
:109E500032B09DF833900599B1E74FF009084FF003
:109E60000009ACE705992E46039A10461DF008FC40
:109E70003046D6F8D840B0F8D61048220A91B0F84B
:109E8000D410049100F1E401D6E937A690F8D0800F
:109E900090F8D150B0F8D2B01FA835F065F94FEA6C
:109EA0001B2900208FE7034818F0C2FBCC2B0400CD
:109EB000803B0400DC2B0400F0B503AF2DE9000F5C
:109EC0009FB00D4691F8F0109046CDE9060504923A
:109ED00091B1032940D12A4612F8E01FD1B10329DC
:109EE0003DD12946029211F8D60F059168B3032897
:109EF00048D0AD4818F013FC00202A4602F8E00FC5
:109F0000D0899489916822F8020C22F8044C42F816
:109F1000081C05E0B5F8DE00B5F8DC40D5F8D8102F
:109F2000029200222B4603F8D62F03F10B02059371
:109F300023F8040C23F8064C43F8161C43F8122CA3
:109F4000A5F8D400C5E932120CE0D5E93012B5F815
:109F5000D200B5F8D040F3E7954818F0E0FB9348FD
:109F600018F0DDFB81B2A2B28A4200F29D80A88087
:109F7000062000212870D5F8C800264685F8201054
:109F80006C80A8610FA82946424605F04DFB0F9C46
:109F9000022C00F0BD800DF1440B14980A909BE850
:109FA000010A099028460396BDF842A09DF840603A
:109FB0009DF841800EF055FC012C00F0AE80484623
:109FC000594615F02FFD02460B460FA81DF0C3FCA5
:109FD00046EA08209DF8406040EA0A410F980128AF
:109FE00000F0AA80032E00F0BA80022E40F0C2805A
:109FF00008910DF12C0ADDE91221A7F12D0B14981F
:10A000004FF00108BDF8463042F60215BDF8444055
:10A01000ADF82C400E90CDE90C21ADF82E3015AEE8
:10A020000FA802300A900FA851461CF087FEBDF819
:10A030003C0060BB0A9930461422BDF83E4035F022
:10A0400008FFB01C4FF000085946BDF8549007F8BF
:10A050002D8C27F82C5C14F090F801340028E2D005
:10A060004FF0000A4FF001082226DDE90645089965
:10A07000084609991DF004FB05990120232E08705C
:10A080001BD1029903200870232121703BE05FEA75
:10A09000C8707DD1DDE908011DF0F2FA079DDDF8F9
:10A0A0001080B5F8D4005DE705990120069C2226B2
:10A0B0004FF0000A4FF00008087028460EF06AF8CA
:10A0C000012085F8E00028460EF0F8FC222E07D18A
:10A0D0005FEAC8704FF01406484618BF222607E012
:10A0E0005FFA88F0049940EA0A200A9BDDE900C281
:10A0F00060800120C4E9022B2361A4F806C0A4F803
:10A1000004906170267085F8F0001FB01DF002BC4D
:10A1100005990320069C0870B3E7CDF804904FEA38
:10A120001A21DDF82490CDF81080D046069C8A468E
:10A130004FEA194000909FE714980A90DDE9120B4E
:10A140000190BDF8460000909DF84100BDF8449094
:10A1500004909DF842809DF843A0069C88E79DF8F6
:10A160004200069C0A280ED14FF0000822264FF02C
:10A17000000A0CE04FF0000809264FF0000A069C88
:10A18000DDF80C9074E704904FF0000A02266FE7A8
:10A190004FF0000809264FF0000ADDE90645DDF81A
:10A1A0000C90089964E700BFEC2B0400BC2B040062
:10A1B0000C2C0400F0B503AF2DE9000F93B08146DD
:10A1C00091F8C00016460C4660B103286CD1A04639
:10A1D00018F8BC0FA8F1AC0BA8B103282AD034485A
:10A1E00018F09DFAD4E900A0A34680884BF810AF80
:10A1F000ABF80C00D8465BE90201CBE90101002075
:10A2000008F8AC0F01E0DBF800A06D4604F1140182
:10A21000E81C0C2235F01DFE0B20294684F8200096
:10A2200004F121000F2235F014FE0020C4F838A0FC
:10A2300084F8B80004F1200A04AD3246284651469D
:10A2400000F068F89DF81060232E06D10325232026
:10A2500088F8005089F8000021E0691C09AD13223C
:10A260001DF08CFB50460EF033F9222E0AD00FCD94
:10A270000DF1380CACE80F002888ACF80000A87885
:10A280008CF802000125584688F800500EF0DDFADF
:10A2900009F8016B0EA91322484635F0DAFD84F85F
:10A2A000C05013B01DF036BB024818F038FA00BF9A
:10A2B000542F04004C2C0400F0B503AF4DF8048D6E
:10A2C0008CB001AD804628461CF024FE9DF8044069
:10A2D0000E2C04D19DF80500061D012012E09DF80A
:10A2E0000860691D07A81DF029FB0D2C01D1092E5E
:10A2F00002D10120092605E008F1050007A91DF09B
:10A300001DFB0020C8F8000088F804600CB01DF0A8
:10A31000B5BBD4D4F0B503AF2DE9000F91B08246A0
:10A3200091F898009346894668B1032840F08180EF
:10A3300009F1500459462046FAF79AFB002860D0EC
:10A34000032023216EE0D9F81800CC46029009F1D1
:10A350001C089CE87D0041467DC140461CF092FDF2
:10A360004E4626F8340F0420708008A81DF04AF9E4
:10A370000898002854D0CDF80CA00BADEC1C08A90F
:10A380000C221DF0F8FAA7F14F00214600F1030A54
:10A390000C221DF01BFD09F1380051460C220190E2
:10A3A00035F057FDD9F84000CA464AF8440F00205E
:10A3B000FB21CAE901105046314604F0E7FAC6B263
:10A3C000022E24D12846294698E87C1080E87C108B
:10A3D000504604F09DF8C6B2022E18D1019D09F135
:10A3E00054010298C9F85000D9F84C0095E81C00B7
:10A3F0001CC10021DDF80CA089F89410C9F8600098
:10A4000096E720460DF062FF012022210AE0D9E9FB
:10A410000E011DF035F9DDF80CA0311D012001E021
:10A420000120162189F898008AF8001011B01DF05B
:10A4300071BA014818F073F9CC2C0400F0B503AFE1
:10A440002DE9F00B0546087B0C46DFE800F0036AB7
:10A450006D0A320020686060406800F5C0602061CD
:10A4600000E02069114614F06DFF78B3A0606068C9
:10A47000406800F00FFDE0B36068406800F1100133
:10A4800002A81BF0FBF89DF80800012831D104F167
:10A490001000BDF80D10ADF8041081806168DDF882
:10A4A0000920026009680092002284F82020C4E993
:10A4B000061004F1180102A813F090FF9DF808009F
:10A4C000032807D123202870042026E023202870A9
:10A4D000032022E00298C1B202290CD160684668CC
:10A4E00018F076FC62681DF0ABFBC6F81806C6F8DB
:10A4F0001C16222608E0DDF80C90010A10F0010677
:10A5000018BF212641EA0968A0680DF0ADFC0120C2
:10A51000C5F8049085F801802E702073BDE80F0BFC
:10A52000F0BD024818F0FBF8FEDE00BF142D040059
:10A53000D0B502AF044600F0A1F910B12078023086
:10A54000D0BD2068E17910F0010018BF0846D0BDE9
:10A55000F0B503AF2DE9000FA9B08346C8B23C287F
:10A5600028D0022821D000BB88490BF578709A4684
:10A5700015461AF0B7FE0C46DBE90212844B804602
:10A58000866905A80EF06BFBDDE905214FF45E70CE
:10A59000414302F5577061B302780AB982787AB301
:10A5A000A1F55E7100F55E70F5E70BF5BA6004F099
:10A5B00056FBD9E0DBF85016DBF8542616A8714B91
:10A5C0001CF0C7FFDDE916010022490019B100F8AF
:10A5D000022B0239FAE718981DF0ECF96A490BF5DD
:10A5E000CB601AF07FFE0C4618F08CFD1DF03CFA93
:10A5F000BAE007981DF0DEF91DF036FA0020B4E04D
:10A60000A0F557790496D9F88002002840F0B08070
:10A610004FF0FF300394C9F8800299F890020128A6
:10A6200006D109F5487018F06DFD99F8900200E028
:10A630000020F9680191D9E9A2148C4206D1C00723
:10A6400004D100210826082000240AE009F5267616
:10A650008C4206EB811091BFC1F10201611A002406
:10A660000826CDF808800EF057FA304621460EF045
:10A6700053FAD9F880024FF0000889F8908201302F
:10A68000C9F8800209F55170C9E9A28803F0D3FE28
:10A690000498C9F84003032089F85C03DAF8031032
:10A6A00089F86F83A9F85A83A9F85853CDF89B10FD
:10A6B000DAF80000DBE90412CDE92488CDE922882C
:10A6C000269016A822AB1BF0EDFF9DF881100DF12E
:10A6D000580E022908D00EF1100C0EA800F1080E39
:10A6E0009CE87B0072467BC2DAF803100DF1200C67
:10A6F000DAF80000CDF86B106146CDE91888CDE995
:10A7000016881A909EE87D00D7F808A07DC109F54B
:10A7100010709CE87E007EC009F51670DDF804C05C
:10A7200089F86EA39CE87E007EC00E2209F5587061
:10A730003969A9F8728335F08CFB0298BAF1000FE1
:10A7400018BF083018F0DEFC07981DF033F90399A4
:10A750001DF02CF910490BF5B5601AF0C3FD026825
:10A76000013202601DF022F9012029B01DF097BBD3
:10A77000084818F097F81AF0DFFC18F061F918F0A3
:10A78000ABF800BFF4520400045304002C2A040068
:10A790003C2A040050000000542D0400F0B503AF23
:10A7A0002DE900070446407C8846DFE800F0035BA3
:10A7B00061160D00D4E902012160A17C217440687A
:10A7C00000F5C060606109E0A14619F8210FC0B131
:10A7D00003284AD1D4E9050A1BE06069414614F018
:10A7E000B1FD50B160600022A146217C206809F8CB
:10A7F000212F84F82210E06106E04FF001080325C4
:10A800002BE094F82210E069A2460AF8201F4AE9DA
:10A81000030A0EF0F5F90E46D8E90012054618F0C5
:10A820007EFC287C02280FD14FF000089AF8000027
:10A8300085F81080687401251DF02FFA606884F88F
:10A8400021500DF011FB08E030684FF0010804259D
:10A8500001303060032089F8000065744046BDE88F
:10A860000007F0BD044817F05AFF024817F057FFE1
:10A87000FEDE00BFE42E0400642D0400F8B504AF32
:10A8800000F1100168461AF0D1FE9DE80F0019434F
:10A890001043084318BF012004B080BDF0B503AFDA
:10A8A0002DE9000F95B0814691F8A80001F1400A0A
:10A8B00088461546DFE810F00B00B101B7012F0004
:10A8C00079001B00BE00EB000E0146017D0208F17D
:10A8D0002000D8F8886041462022C8F88C6035F006
:10A8E000B8FA706800F5C060C8F8B00015E008F26A
:10A8F0001D10009098F81D01DFE810F0070092018C
:10A9000095010601780103010D010AF17003D8F8E1
:10A9100018510FCB35E1D8F8B000294614F012FDDC
:10A92000002850D0C8F89000D8F88C00406800F596
:10A93000BA6004F087F90028CDF8149041D0D8F817
:10A940008C00406800F5B76004F07CF9C8B3D8F813
:10A950008C00406800F5BD6004F074F988B3D8F845
:10A960008C0008F1B009406800F1100150461AF05F
:10A970005DFE9AE82E0042EA050041EA03063043F4
:10A980000AF1100011BF2EC00021C0E90011C0E97A
:10A990000211D8F88C10002088F8B0000968C8E9C6
:10A9A0002D19DDF8149088F8BC0008F1B4010EA848
:10A9B00013F03CFD1DF0D6FA09D11DF05CFA04201D
:10A9C00051E222263EE21DF056FA03204BE20E9899
:10A9D000C1B2022940F08A80D8F82000022800F095
:10A9E0009D80012840F0BE8008F1280C0AF120016A
:10A9F0009CE87D007DC10AF120031CF0F7FF00F008
:10AA0000AD8098F87640454605F8B04F05F8074CFC
:10AA10000AF138040FC455F8780C55F8241CC5F811
:10AA2000010035F8740CA5F80500086800212974A8
:10AA3000C5E9020508F1B8010EA813F01FFD1DF0CD
:10AA400091FA03D11DF017FA06200CE298F8A9003C
:10AA5000454605F8B00F1022A5F1380155F8400C15
:10AA6000C5F8010035F83C0CA5F80500E81D35F0E7
:10AA7000F0F905F11700A5F160011CF09FFF55F8F2
:10AA8000240C0021006885F83010C5E90A0508F19A
:10AA9000D8010EA813F0DEFC1DF064FA03D11DF0FE
:10AAA000EAF90720DFE198F8A900414601F8BC0F58
:10AAB0000120C87151F84C0C51F8302CC1F801003C
:10AAC00031F8480CA1F805001068002201F8042CA8
:10AAD00041E9030108F1B0010EA813F093FC1DF049
:10AAE00041FA3BD11DF0C7F90820BCE10F9D010AD6
:10AAF00010F00106CDF8149018BF212641EA05692F
:10AB0000A0E1CDF814900AE198F82801C00745D0DB
:10AB1000DC4817F004FECDF8149022E198F83E00CE
:10AB2000414601F8B00F51F8780C51F8242CC1F8C7
:10AB3000010031F8740CA1F80500106800220A74B5
:10AB4000C1E9020108F1B8010EA813F097FC1DF04D
:10AB500009FA03D11DF08FF9092084E1222088F839
:10AB600094001BE100200AF1700488F81D019AE8A6
:10AB70000F00D8F88C500FC408F21D14C8F81851F3
:10AB800000940AF18004C8F810510FC4002128680D
:10AB900088F8281108F59071C8E9480125F0ABFF45
:10ABA000012188F8281108B10021EDE00AF18003A5
:10ABB000CDF814901CF01AFF0AF1900523D008F587
:10ABC000907985E80F001721484635F0CFF808F254
:10ABD000371029461CF0F2FED8F810010068C8E9C9
:10ABE00052090020DDF8149088F8500108F5A4718E
:10ABF0000EA813F02FFC1DF0B5F901D104203AE1A5
:10AC0000CDF8149004E00020C5E90000C5E9020079
:10AC10004FF0000BC8F814B106E09C4817F07FFD18
:10AC2000994817F07CFDFEDED8F81001984B40687B
:10AC3000D0E9041206A81BF021FD06994FF0020C82
:10AC40000A68934519D20BEB4B0001EB001E0EF185
:10AC5000180CDEF808000490DEF80C000390DEF813
:10AC600010000190DEF814900EAA9CE87B007BC2D5
:10AC70009EF831C09EF83000029008990A68013AA7
:10AC80000A60BCF1020F7CD0049808F1F00ECAF8FB
:10AC9000A0000398CAF8A4000198CAE92A090EAADC
:10ACA00092E87B008EE87B00029888F80801D8F8CB
:10ACB0001401DAE92C3200F1010BDAE92E0142EA43
:10ACC000010488F809C143EA0005C8F814B12C430F
:10ACD000AAD0CAF8E730129BCAF8EB2098F80621F0
:10ACE000CAF8EF0008F23710CAF8F31008F1D001E3
:10ACF000C8F82131BDF84C3088F8202188F81C2193
:10AD00001022A8F8253135F0A4F8D8F8100108F57C
:10AD100090710068C8E95201002088F8500108F5D8
:10AD2000A47106A813F096FB9DF81800022824D100
:10AD30000120D8F8101188F8330198F81C0188F820
:10AD40002C01D8F80001C8F82D01B8F80401A8F8C2
:10AD500031010868002188F8281108F59671C8E9C2
:10AD6000480108F5907106A813F04CFB9DF81800F7
:10AD700003287DD0D8F814B156E7032801D1052067
:10AD800077E0DDF814902221002288F89500012058
:10AD9000C8F8982088F8941088F81D0101204146D1
:10ADA00001F8B00F002251F8240C00680A73C1E9C1
:10ADB00001010DF1380B08F1B401584613F036FBD0
:10ADC0001DF0D0F803D11DF056F80A204BE0022800
:10ADD000CDF814900ED108F19C00D8F89850B8F82E
:10ADE00096A098F8946098F895900BA990E81C00AC
:10ADF0001CC127E09DF8391008F1940904910DF168
:10AE0000180ADDF83CE099E83E0056463EC610F0D0
:10AE1000010618BF21269DF818C09DF81990BCF1B5
:10AE2000220F18BFD3460BF10801BBF802A0079D03
:10AE30000BAA91E8190019C208BF754604980CBF07
:10AE400081466646D8F890000DF00EF805984560EA
:10AE5000A0F802A080F8019006700BA9083091E8D4
:10AE60001C001CC0012088F8A80015B01CF052BDC1
:10AE70000620DDF81490009908701CF0FCFF0520F6
:10AE8000F1E700BF44380400942D0400742D040041
:10AE9000744F0400B0B502AF0446FFF7EFFC88B171
:10AEA00004F5BA6003F0CEFE60B104F5B7600DF0B2
:10AEB000A7FE0B68027C407C0133022A0B6004D0A1
:10AEC000C00702D100252846B0BD04F5BD6003F0DF
:10AED000B9FE00250028F6D017F07AFFD4F818261E
:10AEE000D4F81C36801A71EB030028BF0125EAE76D
:10AEF000F0B503AF2DE9000F9BB08B4691F8B2106F
:10AF00000590019221B3032940F01F8114465A464F
:10AF100012F8AE1FA2F1A6030492029379B303299B
:10AF200040F01681DA461AF84B0FAAF12701039177
:10AF3000DFE810F00500110114017D00CC00DBE911
:10AF40000901DBE910959BF84A20BBF8488041E0F5
:10AF5000DBF800905A460021D9F8040000F5AC60F7
:10AF600042F8080F029252F8045CB2F8A880A2F8E6
:10AF7000A480C2E9019502F8A61F049205E0DBE96E
:10AF80000209DBF81050BBF8AC80784908301AF0A1
:10AF9000A9F990F83820012A98BF0122531C80F8A3
:10AFA000383008680023013008605846102140F806
:10AFB000143F8246A0F8348080F83620C0E90B9513
:10AFC000C0E90133C0E903300AF8373F00F110034C
:10AFD0004161039313235C4604F82C3F05260023AC
:10AFE000E680634EC4F80260264646F8080FC4E9BE
:10AFF0000313211D3046627003F0C8FCC0B2022862
:10B0000023D13046214603F0C1FCC0B202281CD136
:10B010003046294603F0DAFCC0B2022815D1019C63
:10B0200000208BF85C00ABF85880CBF84C900BF10B
:10B030004C080DF1180922464846414600F026F911
:10B04000069D022D1DD103204DE0061DDDE904857E
:10B050002846132200F8016B16A934F0FAFE0124E9
:10B06000232E8AF8004042D003980DF010FB287878
:10B0700088F8004023283DD002980DF0D3FA012033
:10B080003BE09DF81C600CAC09F105011CF05FFC75
:10B09000012D07D116A82ECC2EC021880180A178C1
:10B0A0008170D3E78BF84C600BF14D000CA91CF0BC
:10B0B00045FC0BF1340049461CF0D8FB019C0022F2
:10B0C0008BF88520CBF88080CBE91A0122680BF140
:10B0D000600406AD2146284603F076F89DF8186016
:10B0E000232E0FD10420DDE904858AF80000032017
:10B0F00088F800002320287003208BF8B2001BB0D2
:10B100001CF008BC691C11AD13221CF037FC204652
:10B110000DF071F9DDF81080222E07D1DBF8500018
:10B12000BBF854201CF056FB22260CE016A81ECDBE
:10B130001EC029880180A9788170DBF85000BBF817
:10B1400054201CF047FB059D82E7074817F0E7FAFB
:10B15000044817F0E4FA024817F0E1FAFEDE00BFF7
:10B16000242D040068250400A42D04006824040094
:10B1700002000600B0B502AF0546887B0C46DFE84A
:10B1800000F0032E340D19006068B4F80B10218113
:10B19000617B2060A1721CF062FE20611CF044FF04
:10B1A000C0B1206801680020207604F10800C4E9DD
:10B1B000041003E0207EC00714D1606925F0DAFC9A
:10B1C00001210022217600286A60687008BF2222CF
:10B1D0002A7002E0232003212870A173B0BD044827
:10B1E00017F09DFA014817F09AFAFEDE04370400C2
:10B1F000B42D0400F0B503AF4DF8048D0546887AF0
:10B200000C46DFE800F003373D0B17006068B4F828
:10B210000B10206021811CF022FE20611CF004FF35
:10B2200000B3206804F10806002100682176C4E913
:10B23000040604E0207EC0071FD1D4E904060021E3
:10B240004FF0000818F0CCFEC0B218B9304625F017
:10B25000FFFE68B1002168700120C5F804802970E4
:10B26000207602E0232028700320A0721CF006BC88
:10B270002221F0E7044817F052FA024817F04FFA7B
:10B28000FEDE00BFD4370400B42D0400F0B503AFD8
:10B290002DE900070546087C0C469146DFE800F0E2
:10B2A0000360630A1A002068A1896060E1811CF0D4
:10B2B000D6FD606104F114001CF088FC48B3A06066
:10B2C0000088A082E8B36068466804F10E00C4E913
:10B2D000066001E0D4E90660B0F8008056F8080F77
:10B2E00071684246FEF7E8FBB8B18A4690F86F13E2
:10B2F000012915D1D9F8001000F51E701CF0F8FBDB
:10B3000002202860DAF800000130CAF800000420AA
:10B3100023E00220286003201FE01420012112E016
:10B32000012180F86F13DAF800000130CAF800003C
:10B33000D4E90101D1F804C00021A28AE3890068A0
:10B3400001E01B200121C5E900100120EA82AB8247
:10B35000C5F810C0A5F80C80AE6020741CF033BC9A
:10B36000014817F0DCF9FEDEC42D0400F0B503AF90
:10B370002DE9000FADF56F7D8B469AA902313D9105
:10B38000E8A990469BF82A2101F1020E0BF59A716B
:10B3900036914FF0000C4FF0000900240023CDF847
:10B3A0000CB10026DFE812F0060041004D00150048
:10B3B000B002A8133E90DBE90040CDF8D4E0CDF810
:10B3C000C880CBE90204002033901CF067FA02F039
:10B3D000B2BB9BF858110BF5AC793E90CDF8C88004
:10B3E000CDF8D4E089B1032923D19BF854110BF592
:10B3F000AA7A89B1032920D10020DBE95246339093
:10B40000DBF850511CF04AFA2FE0002042912F90B7
:10B410002C9133912E9115E00020DBE94F463390BB
:10B42000DBF844511CF03AFA1BE0DFF8580D17F036
:10B4300076F9DFF8540D17F072F9DFF8500D17F0B8
:10B440006EF9FEDEDBE94B464FF481750020CBE957
:10B450004F468BF854010BF5AA7ACBE94D65CBF832
:10B460004451CBE95246CBF850516808802842F24B
:10B47000E2850DF5DC7800206E90304641461FF0E5
:10B48000BEF8012300280ED46E9804280ED002289E
:10B4900042F0D3850120DBE94D128BF854014FF0C7
:10B4A0000209449E88E00246429D62E080A831463F
:10B4B0002A4616F057FB819900230425002955D010
:10B4C0009DF800020E2851D19DF80122829D9542DF
:10B4D000C2F06F839AA816F083FA9B99002943D093
:10B4E0009C9A00230425022A40D3DFF8A4BC02233F
:10B4F000CDF800B09AA816F0B5F89A9800230688FF
:10B50000A6B3DDE99C129AA816F06AFA9B9900236B
:10B5100061B342F28300864228D19C9A022A25D345
:10B52000CDF800B002239DF868629AA84FF0020B94
:10B5300016F098F8409A00239D98C0B99A9A012372
:10B54000D4E903101288A2812289A672A4F808B057
:10B550006FF02204012A42F0358049688847429DF5
:10B5600001236FF0220202E000230425409ADDF857
:10B570000CB11BB112F1230000F08D830120409229
:10B580008AF8000023B1110A0620A946449E58E01B
:10B59000DBE94D12042D449E0DD19AA816F0E2FA73
:10B5A0001CF0D9FD05D09C9A9DF869329A4232D29E
:10B5B0000024A94610E0A9460024042A0CD3DFF891
:10B5C000D00B042300909AA816F04CF89A989D9AF4
:10B5D0000568B2EB154F09D2E0076FF00B0218BFF8
:10B5E0006FF015026FF07F4106202AE0DFF8A40B10
:10B5F0002C0C9C99234600909AA816F033F89B9A3D
:10B60000944202F2B1839A9A64F3070441940320AE
:10B61000110A2E4615E0DFF8800B00909AA816F06C
:10B6200021F89DF86F02A946BDF86D1226469A9A38
:10B6300041EA00409DF86C1241EA00204190110A55
:10B640000520D2B2012342EA0125419A0328ABF832
:10B650001C608BF85831CBE90405CBF818204496D0
:10B66000CDF8089100F06D81052840F09184F0B28A
:10B67000052800F06882082800F0AB81132800F04C
:10B68000FE81302800F0A5813E2842F05282002A37
:10B6900002F0DD842B780126581E362802F2D88469
:10B6A000DFE810F037003700370037003700370089
:10B6B00037003700370037003700370037003700D2
:10B6C00037003700370037003700370037003700C2
:10B6D00037003700370037003700370037003700B2
:10B6E00037003700370037003700D614D614D61489
:10B6F000D6143700D614D614D614D614D614D614AD
:10B70000D614D61437003700D614D61437003700B5
:10B710003700691C013A112800F23D84DFE810F07F
:10B720001200E6088D0809124B08210AD3090912F4
:10B730000912000B09121908F30A09120912091259
:10B740000608A40A9AA816F04BF91CF009FD02F0AD
:10B75000D0849C9A9AA816F0B1F99B99002902F01E
:10B7600098849C9ABDF868429AA816F0C1F99DF891
:10B770006862022E02F09D84DDE99B129AA816F001
:10B780002FF99B999DF868020029389002F0AE8449
:10B790009C9A9AA816F03EF99C999DF868A20029F7
:10B7A00002F0A8841BF0C4FF1CF001FD9AA816F05B
:10B7B00085F99B99002902F06C841CF079FD9AA808
:10B7C00016F07CF99B99002902F06384BDF86802A9
:10B7D0009C9A31909AA816F071F99B99002902F071
:10B7E00058849C9ABDF868829AA816F04BF99DF887
:10B7F0006802082802F05D849C9B6E999DF8BC212C
:10B80000002BE8918DF8A4238DF86C229A9142F0D8
:10B810005C84210A9A9A9DF86C328BF82D110021D4
:10B820008BF82C4134468BF82EA18BF83C013898CC
:10B830008092CBF82F21BBF82C218BF8333130923A
:10B840008BF83B018DF8BE01BBF83201F14AADF82F
:10B85000BC01DBF82E016E9043F60850E9FB0201B3
:10B860008DF804322B958BF83A51319D43F60952ED
:10B8700000238BF83D61ABF8388143F60856ABF8EE
:10B880003651ABF83491DBF80CA034F045FBCDE930
:10B890009A010021E04843F609520023E8FB0061C9
:10B8A000304634F039FBADF878520025CDE99C01E3
:10B8B00004F001028DF807528DF80052DAF8040006
:10B8C00080A900929AAACDE901216EAB2B99309AFA
:10B8D000FEF73EFE002842F02C8136991420DDF858
:10B8E000D4E0DDE9328C4876BBF82C01A1F81700D2
:10B8F000DBF80C00CBF844013E982C9CDDE92E3699
:10B90000DDF808918BF84E51CDF808910BF5A07138
:10B910002C944246CDE92E36CDF8CCC0CDF8D4E0FB
:10B920003E909AA8CDF8C880FFF724FC9DF86802E5
:10B93000232842F0F7803E9923200870042002F06B
:10B940000EB9DBF80C00D0F804801CF042F9C146B7
:10B95000D8F80C1059F8083F82B21846FEF7ACF838
:10B960009AAC0A46611C2223002820461FBF10689B
:10B970000130106080A81CBF411C21231C220DF542
:10B98000DC7A8DF8682213228DF8003290F800B02E
:10B990001CF01CFABBF1210F15D1449C204616F077
:10B9A000FDF81FFA80FBC4F30130012851D00228B2
:10B9B00040F03681419A042A80F009814FF0010B52
:10B9C000ADF890B130E164A86EA901301BF0B6FF6C
:10B9D00028E1DBF80C103028D1F8049009F1080AAE
:10B9E00000F0D980082842F0A4809AA8294615F0D2
:10B9F000F7FF9B999DF86862002900F05E819C9A90
:10BA00009AA816F05BF89B99002900F0A4839C9AF1
:10BA10000020DDF8F0C0A2B10B780120022B10D875
:10BA2000DFF86C070123BDF8685200909AA815F062
:10BA300019FE9A980078032841F073823F98DDF848
:10BA4000F0C07649349A1140C2B2114401F14073FA
:10BA50008CE3449816F0A2F81BF076FE002800F064
:10BA600014810E46D0F84413002900F06F8100F5D0
:10BA700051719AA8419B2A4602F0E8FC6EE1002A27
:10BA800002F0E08241982C78421EB2EB840FC2F0A3
:10BA9000D982DFF80807691C00909AA8A30015F066
:10BAA000E1FD9D98002842F0CD829A9D0DF51A7B0C
:10BAB000DFF8EC8605EB840A554500F0E280584635
:10BAC0002946042215F0FAFFA91C584602229B9C25
:10BAD000BDF8686215F0F2FF31040435002C08BF90
:10BAE0000121BDF868020C0C9B9A0004002A08BFD3
:10BAF00001204FEA10490906DED1C007DCD1439886
:10BB00004346C0684068D0E9021258460DF0A7F8D5
:10BB1000DDE99A014FF45E72514381B190F85C23E4
:10BB2000042A12BF032AB0F85823A24202D01BF005
:10BB300035FFF2E7D0F8401349441CF054F99C98C3
:10BB40001BF038FFB8E79AA8294615F049FF3A9844
:10BB50009B999DF8684220F0FF05002900F099802C
:10BB60009C9A9AA815F0AAFF9B99002900F04E8193
:10BB70009C9ABDF868629AA815F032FF9DF8680299
:10BB80009B99002900F0448146EA04419C9A41EACD
:10BB9000006300203FE19AA8294615F021FF1CF020
:10BBA000DFFA01F016839C9A9AA815F087FF9B98FC
:10BBB000002801F00C839C980124BDF868C200287D
:10BBC0003F98664600F03183002201F007BBDFF8A2
:10BBD000C005294600909AA804230DF0E7F89A982A
:10BBE000DDE99C43458806883F2D6BD8DFF8B41506
:10BBF0000020062814D00A5A0230AA42F9D1052D95
:10BC000008BFB34201F0CB80B34238936DD000F04F
:10BC10006BBC00BF00C4090000204E0000FFFF0005
:10BC20004FF0170B8DF890B1449E1BF0D2FF439D4F
:10BC30005FFA8BF0152818BF1C2818D11BF0C9FF1C
:10BC4000E868DFF864354068D0E902129AA81AF073
:10BC500015FD9C981BF0C0FFE86844681BF0B9FF15
:10BC600004F1080281B210461322FDF747FFE8688D
:10BC7000DFF838151CF005FA8268013282601BF08B
:10BC800095FEDDF80CB101F054BF5C4602209A909D
:10BC900068E02B19BDE032980068D0E90012DFF8A7
:10BCA000100517F079FA3E9A0320232189F8000045
:10BCB0008AF80000117001F052BFF2483499084030
:10BCC00030444EE208F5AC61B342389340F0018451
:10BCD00031949AA82A4633465C46F8F7E9FF1BF0F0
:10BCE000E5FD41F05180A346319C9AA81BF08AFCE7
:10BCF0009A98002801F04480CDE930049B982B905D
:10BD000044989C9C15F04AFF1BF01EFD002801F092
:10BD100036822A912A462B9933469B9130999C94DE
:10BD20009A919AA9009100F5517180A8309102F082
:10BD300079FB9DF800429AA8212C41F06382DDE94D
:10BD40003012389B02F082FB01F065BA449815F07E
:10BD500025FF15208DF86C0201209A9030685C4612
:10BD600001303060012080901C208DF804026EA804
:10BD70009AA980AA0DF02CF8DDE9712B7399BDF812
:10BD8000BC516E9880B16891CDE9662BBDF8BE01BB
:10BD9000AB46ADF89201ADF89051449E5FFA8BF03E
:10BDA00021287FF442AF6CE7709E002E01F0CC801A
:10BDB000042D00F03B84052D00F022841446062D4E
:10BDC00040F093844498319115F0E8FED8E90212CE
:10BDD0000546DFF8E03358A81AF050FC4FF45E70C7
:10BDE000DDE958A14843A9B2002801F0A7809AF8DC
:10BDF0005C23032A12BF042ABAF858238A4201F0AE
:10BE000098800AF55E7AA0F55E70EDE79DF868020D
:10BE10002B180120379A3B9D002A1946399C1CBFDC
:10BE200021460025002808BF0C4642F01581002A53
:10BE30001146CDE93A35379218BF0121084342F047
:10BE40000981DBF80C001FFA84F9DB4BD0F804A061
:10BE5000DAE902126EA80CF002FF260E4FF45E70B3
:10BE600008BF1F26399414F47F0F18BF1F26DDE981
:10BE70006E514843002800F01281B5F85813494527
:10BE800002D195F85C1321B905F55E75A0F55E70D9
:10BE9000F0E705F55170002485F85C4302F0CBFA19
:10BEA00005F51C70DFF8148385F86F43C04705F56E
:10BEB0001E70C0478DF8684205F520718DF86962E3
:10BEC00080A89AAAF8F7FCFA1BF097FF2846F8F723
:10BED000B5FA05F59070F8F7B1FA05F54A70C04764
:10BEE00005F54C70A5F87543C04705F54E70C04781
:10BEF000B3490AF1180085F8704385F85F430CF0E8
:10BF00009FFE884690F83E11022923D095F86713CA
:10BF100005F51472B0F83531D0F83161012990F887
:10BF200037C112BF95F856E202F58C724FF0010E40
:10BF300011689BB2928871405A4011430AD18EEA2F
:10BF40000C01C90706D1022180F83E1100F53870B6
:10BF500017F0D8F8D8F800009A4B0130C8F8000064
:10BF6000DAE904129AA80CF07AFE9A9E3896D6F86E
:10BF700000A046F82849A24560D030362846314610
:10BF800013F007FA01340028F5D14FF0010858E00A
:10BF9000212401F023B9352B00F01287372B41F013
:10BFA000C8859AA815F01CFD1CF0D5F802F0B880E1
:10BFB0009C9A9AA815F082FD9B99002902F0618055
:10BFC0009C9A012A42F2A88071480223BDF8685267
:10BFD00000909AA815F046FB9A98DDE99C12068815
:10BFE0009AA815F06BFD9B99002902F04A809C9A53
:10BFF000BDF868A29AA815F061FD9B99002902F08E
:10C0000040809C9ABDF868829AA815F057FD9B99CC
:10C01000002902F036801CF04BF99AA815F04EFD6D
:10C020009B98002802F02D809C98002842F0728096
:10C03000002C01F07880099501F07BBD4FF00008DD
:10C040005446AAEB040B04EB4400389C04EB0010AC
:10C0500000F10806BBF1000F16D02846314613F058
:10C0600098F940B1A8EB88003146302206EB001069
:10C0700033F0EFFE01E008F10108ABF1010B3036BF
:10C08000E8E700BF00FFFF00AAEB080020609C98D3
:10C09000DDF80CB11BF08EFC002085F8740370985D
:10C0A000494B1BF087FCDBF80C0042683892D2F851
:10C0B0006015D2F864259AA81BF04BFA4FF4B070C3
:10C0C000DDE99A5101FB00F64FF0000B4FF4803A86
:10C0D0000024A6421DD0285B012817D105EB0408D7
:10C0E000B8F80200484511D108F11800F9F73AFBF9
:10C0F00008F59C7002F09FF925F804B0C8E901AB7F
:10C1000088F80CB0C8E953BBC8E955BB04F5B07456
:10C11000DFE79C981BF04EFC38982C4900F5AD6089
:10C1200019F0E0F8054620301BF045FF05F1280026
:10C1300016F0E8FF3068DDF80CB1013030602449BA
:10C14000DBF80C001BF09DFF4268013242601BF0DF
:10C150002DFC01F0EEBC1F48349908409DF8681290
:10C16000084400F140733F98DDF8F0C003F0FE4151
:10C17000B1F1407F00D039D103F001024FF040719E
:10C180003EE000BFD42D0400903904006437040061
:10C1900058420400784204004842040098420400D7
:10C1A0007C290400FC2C04004C290400E42D04002C
:10C1B00014860020DC2A04008C29040005310200CA
:10C1C0006C2604007C260400482404005824040043
:10C1D000F42D040000FFFF0059000000DC260400DD
:10C1E000EC260400FC2604000C2704002099002201
:10C1F00000294FF0407108BFDAB208BF23F0FF01F9
:10C200000A430C0E032C00F0CC873493002C01F071
:10C21000FE414FF6FF7318BF0124B1F1407F08BF04
:10C220004FF6017303EA0206150C3F902806CDF87D
:10C23000F0C000F0C5805FF8600016F033FB2846C0
:10C2400015F04EFA16F0FCFBD9E902013246FDF773
:10C2500033FC0A469AAB3D9904462220002C00F09C
:10C2600097805FF8881009F118003192CDF8E0A0AE
:10C270000CF0E6FC30918346D9E904124DA85FF832
:10C28000A0300CF0ECFCDDE94D6004F5107A09F506
:10C290004479CDE92A0656F8080B00EB4000050169
:10C2A0005DB106F1100051461AF018F9303D3036F4
:10C2B0000028F5D0012084F872039BF83E01214646
:10C2C000023818BF0BF12000F9F7DAFB804600288E
:10C2D00050D098F8C800CDF8A490022806D098F85D
:10C2E00000000D2804BF012084F872030020ADF87F
:10C2F0000002DBE900CE9AA800F110029AE86B0276
:10C3000082E86B020BF528704146A6900BF5207071
:10C31000A5902A989D902B989C903898A7900BF107
:10C320000800299DCDE9A840B4F85803ADF8A8024B
:10C330000BF5A470A495CDE99ACE00906EA880AAC2
:10C340009AABFAF7F7F99AA8414619F037F99DF830
:10C35000680222280BD00BF5387016F0D3FE0320AC
:10C360002946ADF8680280A89AAA18F0C9FF9DF87E
:10C37000A10329904F981BF01DFB30991BF016FB71
:10C3800031991BF013FBE8AB3599DDF80CB1212096
:10C390008DF8A0031C208DF868020C22D1F8025001
:10C3A0000631B3F802801C7847AE1BF0C4FA212C8A
:10C3B00001F0BF83E5A81BF073FF299A00F00EBFC0
:10C3C000D9E9020132463194FDF776FB00287AD094
:10C3D0002B9104465FF8F41109F11800CDF8E0A0A4
:10C3E0000CF02EFC2A910546D9E9041247A85FF803
:10C3F00008320CF034FC95F83E012146DDE947A6F1
:10C40000023818BF05F12000F9F73AFB04F5107B5C
:10C410000028309400F0B680D5E9001209F5447E7A
:10C42000A846A446CDE927219AAB299003F1100232
:10C4300033469BE8730282E8730208F5287044468D
:10C44000A69008F52070CDE99CA3F146CDE9A4E0C3
:10C45000664627989B9028989A9008F10800A99022
:10C46000BCF85803ADF8A8020020DDF8E0A08DF874
:10C47000000231988DF8010208F5A470CDF8A0C231
:10C480000DF568780090CDF89CA280AA299D9AAB02
:10C4900040462946FAF74EF9DDF80CB129469DF8D9
:10C4A000A003212840F0D8840D78334691F8C800C5
:10C4B000022840F0BE84A5F10B020020022A40F2BF
:10C4C000C08400F0C4BC22208DF800029AA800F0BD
:10C4D00010BE0DF51A792A4633464846F8F7E8FBB0
:10C4E0001BF0E4F940F056849AA81BF08BF8DDF8B5
:10C4F0006892B9F1000F00F043844498A346DDE947
:10C500009BA415F04BFB1BF01FF9002800F03E86A2
:10C51000CDE9809A0DF51A7A829400F55174884617
:10C52000504621462A4633460DF50079CDF8009055
:10C5300001F078FF9DF86802212840F08F869AA8C4
:10C54000389B21465A4601F081FFBDF86D02ADF8D7
:10C5500000029DF86F02DDE99C518DF802029A9865
:10C56000012841F041809DF802228DF8BA21BDF8E2
:10C570000022ADF8B8210A46DDE99E349DF86C0230
:10C5800001F03DB85AF8280900EB40000401002CE6
:10C5900000F04C840AF140055946284619F09EFFE8
:10C5A000303C0AF1300A0028F1D0DAE900E0DAE99B
:10C5B000029B2990404695E85E1080E85E10319815
:10C5C000002800F07685CDF8CCE09AF828E09AF8BB
:10C5D00029C0DDF8C0A08AF85FE3E8A998E87D00EB
:10C5E0007DC1212055468DF834015C463398724652
:10C5F000299B7146DDF80CB1DDF8E0A000F051BCDC
:10C600005846154613F00EFACDE9001908F5AC614D
:10C610000DF51A78034622464046F8F7E1FB1BF079
:10C6200045F940F06584294601F059B8584614464A
:10C63000319113F0F7F902460B4680A811461A46CD
:10C640001AF068FC9DF80002042800F082840E288D
:10C6500040F0B7843199584613F0E4F9002901F00D
:10C6600066850078410601F139808DF8A503032025
:10C670000DF568788DF8A4030D20B246002606213A
:10C680008DF8A0034046ADF8A8638DF8A6131AF004
:10C69000F9FB59464FF0040BADF84C01FB20ADF807
:10C6A0004EB13091CDE95F1061965FA853A902F0B9
:10C6B0006DF9C0B2022840F089879AA9A64698E889
:10C6C0007C10084680E87C105FA8744601F020FFCB
:10C6D000C0B2022840F07A871BF0CEFC30997194EA
:10C6E0007091CDE96EA500F05FBC3F2D389640F209
:10C6F0000B848946D8F86415A5F1400290B28142B6
:10C7000040F25B85D8F86005F8F7B6FA06460020D7
:10C710008090307B032804BFB6F84C01854201F0BD
:10C720000E801BF043F9389800F00CBCDBF80C00CD
:10C7300002244268D2F87416D2F87806D2F870361D
:10C74000C2F87046012B41F0F4814968884701F036
:10C75000F0B90DF51A78404615F042F91BF000FDCE
:10C7600000F08E859C9A9AA815F0A8F99B9900294B
:10C7700000F084859C9ABDF868A29AA815F066F925
:10C780009DF86892B9F1000F00F07585DDE99B1204
:10C790009AA815F05BF99DF86802002800F06B85F7
:10C7A000DDE9164200269C99002901F01380002043
:10C7B0002E9D00F06FBDDBF80C00D0F804809AA825
:10C7C00015F07CF99B99002900F05C879C9ABDF8D4
:10C7D00068629AA815F0AAF99C99002900F052877E
:10C7E0009D9ADDE99A549AA815F068F99B9800285B
:10C7F00000F048879C980022002840F0EE84BDF8A5
:10C80000680208F54471ADF80402284665F3070094
:10C81000ADF80262ADF80022CDF80602CDF80A426A
:10C820009AA880AA18F06CFDBDF868020A95052840
:10C8300001F07F811624FFF7ACBB9AA815F0D0F861
:10C840001BF089FC01F02A849C9A9AA815F036F90D
:10C850009B99002901F020841BF02AFD9AA815F06D
:10C860002DF99B99002901F017849C9ABDF868A2C4
:10C870009AA815F023F99B99002901F00D840DF574
:10C880001A789C9ABDF86852404615F017F99B98A3
:10C89000002801F001849C98002841F014840CBB0E
:10C8A000BDF868220021E94B43F6085043F60856CC
:10C8B0001AF02CFF1BF024FA0021E548EAFB006186
:10C8C000304633F029FBCDE99C010220ADF86A52D5
:10C8D0004B468DF86802D4E90212CDF8008080A89A
:10C8E000FDF762F8CDF8309001F023B99AAC2046FC
:10C8F00015F076F8DDF86CB29DF86802BBF1000F18
:10C90000389001F0E583601C31904398DDF8708227
:10C910008068309000F125012B9100F118012891D9
:10C9200000F10C01013029912790389800283FF43C
:10C93000A8A9B8F1000F00F091869BF80000042828
:10C9400000F28E865FF8B807594600909AAC4246CE
:10C950000123204614F086FE9A9890F80090B9F1D1
:10C96000050F00F08186DDE99C12204615F038F8AD
:10C970002D989B999DF8686220F0FF00DDF80CB1BE
:10C98000002900F079869C9AA0462D90204615F04B
:10C9900041F89C989DF86842002800F06F869D99A8
:10C9A000002901F0C68005784A1EAA42C1F0C18064
:10C9B00031992B462A9691F804A00E68A54900915A
:10C9C000411C404614F04EFE9D9A002A01F0B180B1
:10C9D0009A9801239C992D905FF84C08009040464E
:10C9E00014F040FEB9F1040F01F2A3809A989A491D
:10C9F000DDE99CB800780968C90541F058834FEA21
:10CA00000A2141EA166E389944EA062C2B9B01391B
:10CA1000389119689B8881EA0C0183EA0E039BB266
:10CA20001943309BB1FA81F1490993F8243003EAA4
:10CA3000010A2D99BDB10B460C4613F8016B691E16
:10CA4000B14210D38D1B9919032EF3D31B78FF2B02
:10CA5000F0D1638845F253229342EBD1042E04BFF8
:10CA6000217901290ED0BAF1000F3FF45EAF299869
:10CA700017F016FCB9F1010F7FF457AF289817F0A3
:10CA80000FFC52E774490968C90541F010832A99DF
:10CA90000222309C279D41EA0C2361682B60237899
:10CAA00022701FFA8EF2120242EA1C62012B42EA45
:10CAB0000062A0686A6004BF49688847BAF1000F45
:10CAC0003FF433AFDAE79AA814F0F8FF9B990029F6
:10CAD00001F0C8829C9ABDF868829AA814F0EEFF13
:10CAE0009B99002901F0BE821BF0E2FB9AA814F08A
:10CAF000E5FF9B99002901F0B5829C9ABDF8685228
:10CB00009AA814F0DBFF9B99002901F0AB82BDF8D5
:10CB100068429C9A9AAE304614F0D0FF9B98002849
:10CB200001F0A0829C98002841F0CB82DBF80C1029
:10CB30004346BDF86802ADF86A924968ADF87002E4
:10CB40000420ADF86E42ADF86C528DF86802D1E960
:10CB50000212009680A8FCF727FFCDF8348000F081
:10CB6000E8BF9AA814F0AAFF9B99002901F08082DF
:10CB70001BF09EFB9AA814F0A1FF9B99002901F0DD
:10CB800077829C9ABDF868429AA814F097FF9B9907
:10CB9000002901F06D829C9ABDF868529AA814F0A1
:10CBA0008DFF9B99002901F063820DF51A789C9AFC
:10CBB000BDF868B2404614F081FF9B98002801F050
:10CBC00057829C980026002841F05682BDF86822C2
:10CBD00043F608501D4B002144EA054443F6085A29
:10CBE0001AF094FD439BDA68556843F60952CDE983
:10CBF000A40107208DF86802200CCDE9A066CDE9DC
:10CC0000A2668DF8A26240F2E2467043ADF898B297
:10CC10009B46C10DADF8A0921BF019F8CDE99E011D
:10CC2000A0B2704343F60952C10D1BF010F8CDE9D4
:10CC30009C014B46D5E90212CDF8008080A8FCF794
:10CC4000B3FECDF82C9000F074BF00BF00204E0062
:10CC500000C409006842040004ED00E0145304001D
:10CC600080000000245304009AA814F0B9FE9B9998
:10CC7000002901F019829C9A002A01F02E825FF8A7
:10CC8000F00A012300909AA814F0ECFC9A98DDE9D0
:10CC90009C1204789AA814F011FF9B992F9E0029EA
:10CCA00001F002829C9A9AA814F09AFE9B980028A0
:10CCB00001F0FA819C98002808BF26461E9818BFEC
:10CCC00000201E9041F00B82DBF80C005FF87430FE
:10CCD0004468D4F85016D4F854269AA81AF039FCAF
:10CCE000DDE99A10022201314000C8B311F8013C7D
:10CCF000012B05D10D78F3B29D4208BF01F8012C3C
:10CD000002310238F1E79AA814F06AFE9B980028D5
:10CD100040F00F879DF868425FF8BC0001F09EB9B3
:10CD20009AA814F05DFE9B999DF86882002900F096
:10CD3000F4859C9A9AA814F0C1FE9B99002900F0F2
:10CD4000EA839C9ABDF868429AA814F0D1FE9DF837
:10CD50006852022D40F020839DF8698200F0DDBD0D
:10CD60009C982F961AF026FE5FF8081104F5CB6008
:10CD700018F0B8FA1AF0C1FF1AF021FF00F0D9BE7E
:10CD80004FF0160BFEF74EBF64A89AA9013001318F
:10CD9000FEF71CBE64A809F10101FEF716BE449E11
:10CDA0001D461AF016FFCDE9005982B208F5AC61B4
:10CDB00064A82346F8F714F89DF890B1FEF7EEBF8B
:10CDC0009AA814F00DFE15989B999DF8689220F092
:10CDD000FF04002900F0A4819C9A9AA814F06EFE2A
:10CDE0009B99002900F09A839C9A4FF00008139BAE
:10CDF000DDE91146B2B108784FF00108022811D8D8
:10CE00005FF8744C0123BDF868A200949AA814F04E
:10CE100029FC9A980578032D40F0E184DDE912633E
:10CE2000DDE91084159868F307007FE31AF0F8FD38
:10CE30002AE00020112D0AD80122AA4012F4303F26
:10CE400005D091F8F920022A18BF91F8F8000022C5
:10CE500083F85F0383F8722380A818F0AFFB9DF876
:10CE6000000222280BD004F5387016F04BF903208D
:10CE70004946ADF800026EA880AA18F041FA4DA804
:10CE800098E83E003EC0309D3198002800F01381A4
:10CE900095F85F134FF0020C339ADDE92530DDE998
:10CEA000234900293392CDE92530CDE9234900F00B
:10CEB0000281CDE99C038DF86912CDE99E949AAA6E
:10CEC000E8A902F1180E91E879018EE87901309D08
:10CED00033988DF898020E208DF899C205F52071CF
:10CEE0008DF8680280A8F7F7EBFA1AF086FFE2E007
:10CEF000389664A8013008F101011AF01FFD8DF881
:10CF000090B12946449E07E0449E1AF062FE4FF01D
:10CF1000210B8DF890B1214638981AF0B1FBFEF73D
:10CF20003DBF9D99209145EA064141EA0063FFF724
:10CF30001AB99AF87303002800F0D6815A981AF0AB
:10CF40004BFE30461BF05CF921208DF89001FEF776
:10CF500098BE4498BDF8025214F020FE1AF07EFEEE
:10CF60000D21ADF822018DF81C110020DC495391F0
:10CF7000FB218DF82001CDE95FB161905FA853A935
:10CF800001F004FDC0B2022840F00E815FA847A95D
:10CF900001F0BEFAC0B2022840F006811BF06CF826
:10CFA000CDE970B4CDE96E659AAD82B26EAB4946FB
:10CFB0002846FCF7BFF91AF079FCC5D064A8691CB3
:10CFC00046E39DF804120D28389608BF002900F0AA
:10CFD000E1820C2800F071830D2840F08883092934
:10CFE00040F06D84BDF80802C00700F068840DF5BC
:10CFF0009A7A0C208DF83401504619F043FF042131
:10D00000ADF84C01ADF84E119AA81AF0FBFA9A9DB2
:10D01000002D00F07086DDE99B61FB20CDE95F10FB
:10D0200000202A9161905FA853A901F0AFFCC0B223
:10D03000022840F0B2859AA82B94AC46B6469AE8EE
:10D040007E007EC0764665462B9C5FA89AA901F0BB
:10D050005FFAC0B2022840F0A085DDF810A1CDF83B
:10D06000C0B0619C504614F099FD2A9982B270912B
:10D0700049467194CDE96E569AAC6EAD20462B466A
:10D08000FCF758F91AF012FC40F0C187504614F032
:10D0900085FD319983B27191309970912B996F917F
:10D0A00038996E91D8E9021200959AA8FCF7CEF94A
:10D0B0004AE71AF0B5FC49980DF59A79DDE92A247A
:10D0C0000DF51A784B461AF075FC10685146013080
:10D0D000106040462A46F8F7E3FB1AF0C5FC80A82A
:10D0E00099E87C0001467CC19DF80012222908BF06
:10D0F00040461C2190F801908DF8681200F108015B
:10D10000B0F802800C224568047864AE1AF013FC73
:10D11000212C00F00E85E5A81BF0C2F84A465DE020
:10D1200004EB0900FDE1BDF8682200216D4B43F6D8
:10D130000850389543F608551AF0E8FA1AF0E0FD61
:10D140004FF47A400021E6FB0051284632F0E4FE1D
:10D15000CDE99C010620ADF86E92ADF86C82ADF879
:10D160006AA28DF86802D4E902129AA8009080A8F9
:10D17000389C2346FCF718FC099400F0DABC022026
:10D180002B999A9030981AF07BFA47E0222051466A
:10D190008DF8000248461AF073FA0F9D0DF51A79C2
:10D1A00046E202F0010218E01BF01CF818BF4FF035
:10D1B0000D0B8DF890B1304612E2449E4FF0120BE9
:10D1C0008DF890B138981BF01BF8FEF72EBD9DF836
:10D1D00068523C9820F0FF00421901243E994FEA22
:10D1E0001820C870D0B240EA0820A1F801004D60B4
:10D1F00001F108000C70E5A991E81C001CC0012099
:10D2000000F0ADBC80A9053001311AF097FB012078
:10D210008DF86C429A902A991AF0C8FB01208090F0
:10D220001C208DF804026EA89AA980AA0BF0D0FDEC
:10D23000BDF8BC516E9828B170AB0FCB65AC0FC474
:10D24000FEF7A4BD5C46DDE97062DDE972B1002E37
:10D250007EF4AEAD4FF0150BFEF7E4BC9DF86B12FB
:10D260008DF8BA11BDF86912ADF8B811DDE99D3439
:10D27000DDE99B52C3E19DF8695201E09DF86852D7
:10D280001498DDE9164220F0FF0000EB050A0020AB
:10D290002E9D5646002800F02787CDE9164225B17D
:10D2A0002E95CDF850A000F044BCF1B28DF86A0282
:10D2B00041EA0223DBF80C1001208DF869428DF859
:10D2C00068024968D1E90212CDF8008080A8FCF715
:10D2D0006BFB0020CDF850A02E9000F02ABC00BFC0
:10D2E0000300040000204E003198CDE95B64CDE9D5
:10D2F0005DB09AF86E039AAC5BA9002800F0C78174
:10D300002046F8F745FA9DF868B2BBF10E0F00F021
:10D31000C68180AE611C48221AF00DFBAD9D6EAC3B
:10D32000314648221AF086FFDFF85C2E2046294657
:10D330000BF00BFD30900AF5107CBAF858032B91D6
:10D3400031462A9031969CE87D007DC108F1180095
:10D35000DFF8381E0BF074FC0D46D8E90412DFF834
:10D36000303E064693A80BF07AFCDDE99340299005
:10D37000304619F0AAFABBF1000FCDF8E0B040F04A
:10D380007A84002800F077849AF86003012840F03E
:10D39000EC831AF038FFF1E3DDE99B129AA814F050
:10D3A0001FFB9B999DF86862002900F084819C9A7C
:10D3B0009AA814F02FFB9C999DF86892002900F020
:10D3C0002F821AF0B5F94D909DF804029D9A8DF8C0
:10D3D00038019AA814F01EFB9C999DF868A20029B8
:10D3E00000F07D821AF0A4F9E8909DF804029D9A5D
:10D3F0008DF8A4039AA814F00DFB9C999DF868027F
:10D40000002900F0898238901AF092F91AF0CFFEC4
:10D410009AA814F053FB9B9900297CD0BDF86802B0
:10D420009C9A31909AA814F049FB9B99002972D0DC
:10D43000BDF868029C9A30909AA814F03FFB9B9923
:10D44000002968D0BDF868029C9A2B909AA814F025
:10D4500019FB9DF8680208283FF47EAC4D9947916E
:10D460009DF838118DF82011E89964919DF8A41366
:10D470008DF894116E995F919DF8BC11479A8DF8C3
:10D4800080119C999A929DF8202100298DF86C2298
:10D49000649ACDE903A94FF0020ACDE92765CDE9E9
:10D4A00029484FF0000880929DF89421DDE91C196D
:10D4B000DDE91A43DDE918C5DDE9216E8DF80422A6
:10D4C0005F9A6E929DF880218DF8BC2140F02F82EA
:10D4D0009DF86C128DF8A4139A99E89180994D915A
:10D4E0009DF804128DF838116E99DDF8A4804791EB
:10D4F0009DF8BC118DF820114FEA1829DDE90331A0
:10D50000389CDDE930E5DDE92A6CDDF8A0A0279A3A
:10D510001F920E900BE29DF86882FEE19DF8680272
:10D520002044DDF84080139BDDE911460325824647
:10D53000032D00F0FA8515902C981393CDE9114630
:10D5400028BB5FFA8AF040EA0323DBF80C000021D5
:10D550002C9143F608528DF86A5240689D91ED492E
:10D560008DF8694201EA4621114443F60952B1FBA4
:10D57000F2F19C91310CADF86B1205218DF8681217
:10D58000D0E902129AA8009080A8FCF70DFACDF815
:10D590004080CEE2449EBDF806521AF01AFB1AF003
:10D5A0005DFB1AF016FB1AF047FA9AAD2846FBF716
:10D5B0004DFF1AF07BF93FF4C7AC64A8691C1AF060
:10D5C00069F9A2E1429D2246FDF7D1BF0121C007C2
:10D5D0008DF89111504618BF4FF00D0B8DF890B19A
:10D5E0001AF00EFEFEF7D9BB28460AF068FC15209B
:10D5F000002D08BF2120089B0F9DDDE90624D8F8E7
:10D60000001008930131C8F80010BDF8B8112228A5
:10D61000ADF801129DF8BA1183938DF80312CDE98C
:10D620008152CDE9062484948DF8000208BFD146CA
:10D630001C200F958DF86802132219F801BB6EA803
:10D64000494632F006FCBBF1210F03D064A86EA955
:10D650001AF020F98DF890B1FEF79FBB002100E091
:10D660000121DDF80CB102E0DDF80CB105992D982F
:10D67000059161F3070003E0304401E02D98204458
:10D680002D9056E20A991AF061FD0A18A5E5204688
:10D69000F8F77EF89DF868620E2E40F0CC8080A8E6
:10D6A000211DC51C14221AF069F964A82946142208
:10D6B00032F0CFFBC9E3B0462FE1449814F06EFA84
:10D6C0001AF042F8389E48B10D46012180F87613D1
:10D6D00000F54E7015F016FD1AF071FA2146212062
:10D6E0008DF89001304619F0CBFFFEF7CABA449E80
:10D6F0001AF06FFA0546319871903898CDE96F4B62
:10D700006E90D8E9021264A8DFF8A43A18F0B6FFC8
:10D710004FF45E70DDE964125043AAB2002800F0B5
:10D72000818091F85C33022B04D9B1F858339A42C6
:10D7300000F0D78001F55E71A0F55E70EEE73289EA
:10D7400058464FF0160B002A00F06C823191511EA2
:10D75000B6F90A2006F59C7B3181012192FA51F13C
:10D760007181D6F83811002900F02A82494612F05A
:10D7700059F99AAD02460B465946284600F066FE16
:10D780009A98002800F0BE8205F1040C64A9A24614
:10D790009CE83D003DC13046F7F7D0FFDFF8141A92
:10D7A00008F5AD6017F09EFD30301AF0A6FA286833
:10D7B0003199013028601AF0F9F8389851469DF8EF
:10D7C00090B119F05DFF449EBBF1210F7EF42DAAAC
:10D7D000FFF7BABB4FEA1A2256464C465AE515984F
:10D7E0009D9A00F47F40012A7FF69BAE9C990646E5
:10D7F00000949AA8022313F035FF9D9A62B19A987B
:10D8000001239C99B0F8008000949AA813F02AFF95
:10D810009D9A012A00F27C83DDF84080304682E642
:10D82000C8467AE066981AF0D7F938981AF0E8FCFA
:10D830004FF0140B69E0611C80AC48221AF09BF891
:10D840000DF5DC7B21464822AD9D584631F08CFC1D
:10D85000DFF84029584629460BF077FACDE9301019
:10D860000AF5107CBAF8580321462B90B646389436
:10D870009CE87D007DC108F118007646DFF8181994
:10D880000BF0DEF90D46D8E90412DFF810398346B3
:10D8900093A80BF0E4F9DDE993402A90584619F07B
:10D8A00014F80A2E40F08A82002800F087829AF845
:10D8B0006003012840F03D821AF0A5FC43E2449E3B
:10D8C0001AF087F91AF0B8F89AA8FBF7BFFD9DF88F
:10D8D000680221283FF438AB4FF0160B15E0D04614
:10D8E0001BE09AA86EAAF6F76FFE9A9D4FF0210BE7
:10D8F0002DB19B99284619F0C3FE4FF0160B669880
:10D900001AF06AF9002D3FF41FAB8DF890B1FEF7C5
:10D9100045BA00BF00FEFF018046DDE91C194FF04B
:10D92000020ADDE91A43DDE918C5DDE9216E9DF83B
:10D93000A403BAF1020F8DF89401E89864904D9811
:10D940001F9A5F909DF838018DF880014798539099
:10D950009DF820018DF8500100F0AE836498CBF85B
:10D960002F019A905F9880909DF880018DF80402B5
:10D9700053986E909DF850018DF8BC010E988BF86D
:10D9800048018098CBF835019DF804028BF83901E5
:10D990006E98CBF83B019DF8BC011C918BF82E11C1
:10D9A0009DF894118BF82D918BF82C818BF83F0109
:10D9B000BBF82C018BF833113890BBF832011B9364
:10D9C0008BF83431EB4BADF8BC01DBF82E018BF852
:10D9D00047211F928DF8BE21AAB28DF86C1200214A
:10D9E0006E9043F60850E2FB030143F60952002310
:10D9F000CDF874901A948BF83A4100248BF849A121
:10DA000021968BF846616646ABF844C1ABF842E11B
:10DA1000ABF84051199543F60855DBF80C90CDF85A
:10DA200088E032F079FAD44A0023CDE99A01B0B205
:10DA300000211896E0FB025143F60952284632F0C5
:10DA40006BFA369ACDE99C012298ADF8780290885D
:10DA5000116808431FBF9088ADF8380110684D90D9
:10DA6000114618BF012451F8060FDDF8C8808A88D6
:10DA700010430AF001024FF000001FBF8888ADF884
:10DA8000A4030868E89018BF01204D998DF807029B
:10DA9000E898CDF80112BDF838118290BDF8A403C2
:10DAA0008DF80042ADF80512ADF80C02D9F804006B
:10DAB00080A900929AAACDE901216EAB2199389AEA
:10DAC000FCF746FDA8BB36991420DDF8D4E0DDF85C
:10DAD000CCC081F8250000208BF85A01BBF82C013E
:10DAE000A1F82300DBF80C00CBF850013E982C9CE9
:10DAF000DDE92E36DDF80891CDF808910BF5A67119
:10DB00002C944246CDE92E36CDF8CCC0CDF8D4E0E9
:10DB10003E909AA8CDF8C880FDF72CFB9DF86802CE
:10DB2000232818D0DBF80C00406800F5BA6001F03B
:10DB300096F8DBF80C400BF128054FF481711AF0D0
:10DB4000D9F8206800218BF858110BF5AC79CBE996
:10DB50004B05FDF777BC3E992320087005208BF814
:10DB60002A010DF56F7D19F0D5BEB068C10700F030
:10DB7000F980F168000A40EA0160090A9690080CF1
:10DB80008DF85E02AB469AF86703ADF85C12012887
:10DB9000289451D11AF04AF850E01AF023FB284695
:10DBA000314618BF4FF00D0B8DF890B119F068FD9C
:10DBB000A5E0DFF89035114600202A4614F0FDFB61
:10DBC0004946CDF8C0B0834611F02CFF0246DFF87D
:10DBD000E80500900B469AA811461A4602230BF05E
:10DBE000E5F89B98002800F0A58201282B9400F00E
:10DBF000A3829A980488B6F85201844240F2A18127
:10DC00003046F7F79BFDDFF8BC1508F5AD6017F05F
:10DC100069FB30301AF071F82B9C4FF0050B3199ED
:10DC200019F0CDFF19F0C2FE389821468DF890B159
:10DC300019F026FDFDF7F8BF1AF0DBFA98900024E2
:10DC40004FF4702096F8E832CDE900049AAD96A919
:10DC500005F1D00098AA18F081FF022029468DF81E
:10DC6000300306F120004FF494728DF8684231F0D1
:10DC7000CDFF5D46289C96F83E015146023818BFFC
:10DC800006F12000F7F7FCFE002800F0A68084468D
:10DC900090F8C800022840F0A08008F54470A490D5
:10DCA0002998B646CDE9A79ACDE99C402A98ADF8C7
:10DCB000A80206F52870A69006F52070A590D6E972
:10DCC0000002CDE99A029AA8DDF8C4B010302A9576
:10DCD0009BE87E007EC00EF10800A9900EF5A470AE
:10DCE0002B992A9D00919AA9CDE9011064A8389A30
:10DCF0006146309BA2E04FF0160B8DF890B1449E28
:10DD0000FFF709B99C98002800F04E8105F1080C36
:10DD1000819980AAA6469CE8390039C20020744641
:10DD20000AF0CDF831990125809800283EF4F9AC2D
:10DD300021E1DBF80800C10714D0DBF80C10000A61
:10DD400040EA0160090A9690080C8DF85E029AF884
:10DD5000670329942C460128ADF85C120ED119F006
:10DD600065FF0DE0052039E0DFF8E03300202146B3
:10DD700014F023FB00C4090000204E001AF039FA09
:10DD8000989040F666104FF0C0719BF8E832CDE9EC
:10DD900000109AAD96A905F1D00098AA18F0DEFE01
:10DDA000002029468DF830034FF494728DF86802F4
:10DDB0000BF1200031F02AFF2546299C9BF83E01FB
:10DDC0005146023818BF0BF12000F7F759FE20B179
:10DDD000844690F8C800022803D115208DF89001E0
:10DDE0002EE008F54470A4902A98CDE9A79ACDE9D1
:10DDF0009C402B98ADF8A8020BF52870A6900BF567
:10DE00002070A590DBE90002CDE99A029AA8DDF81E
:10DE1000E0E010302A962B959EE87E007EC00BF144
:10DE20000800A9900BF5A47030992B9D00919AA938
:10DE3000CDE9011064A82A9A6146319BFAF7CAFF1E
:10DE4000959819F0B7FD19F0BAFED54908F11800F8
:10DE50000AF0F6FE05460C4618F037FD18B105F538
:10DE6000387015F04FF99DF890B1BBF1210F1BD11F
:10DE700095F83E01022810D014F0AAFF1AF0BCF861
:10DE800015F0B6F9C5E948010320ADF8680280A88D
:10DE900008F544719AAA17F033FA19F0E5FD5A987B
:10DEA00019F09AFEFFF750B82068494652460130F3
:10DEB000206069A864AD2B46F7F7F2FC9DF8A40139
:10DEC000212807D0B74814F0EDFC69A816F0E6FF4A
:10DED00014F0B6FD01350DF5A6781322404629460B
:10DEE00031F0B7FF8DF87CB15FAE701C414619F080
:10DEF00025FDAD4814F0D6FC304616F0CFFF14F0E7
:10DF00009FFD5A9819F068FE28464146FDF75EBD10
:10DF10009A9802239C9990F800B000949AA813F064
:10DF2000A1FB9D98002862D05046DDF840804FF05C
:10DF3000000A0325DDF80CB1139BDDE91146FFF75C
:10DF4000F7BA0BF102015846F922BBF8008031F014
:10DF500041FEA9F10200ABF8F980A0422FD1CDE932
:10DF600082B000252B988199819004463898809042
:10DF7000002009F0A4FF9AA806F1180180AAF6F77C
:10DF8000E3FA9A9898B1DDE99B0109F098FF31997D
:10DF90004FF0160B449E19F009FD002D8DF890B13D
:10DFA0003DF443AEFFF70EB93199FEF7BABB319994
:10DFB00019F0FCFC002D7EF4B6ABFEF7C5BF2B9923
:10DFC0000DF51A786F912A46389923466E9130994B
:10DFD000CDE900A04046CDF8C0B100F001FA19F03B
:10DFE00065FC1ED1319919F0E1FCFEF7ADBF9A989E
:10DFF0005C46DDF80CB14FEA1A23CDF8B0900088EA
:10E0000048EA0046DDF840805046FFF791BA64A820
:10E01000611C19F03FFC8DF890B156462B99FEF724
:10E020007BBF64A808F1010119F034FC319919F0A3
:10E03000BDFCFDF7F7BD424800E0434814F03EFC4C
:10E0400014F04AFC424814F02DFC00205CE000264D
:10E050004C4812E03B9C00E01C463E4814F022FC79
:10E06000204651E00D991AF071F80C183D48F5E77B
:10E070000B991AF06BF80E18374814F013FC304661
:10E0800042E009989DF8681220F0FF0044183348D8
:10E09000E4E79DF868A22DE09DF868420C9820F016
:10E0A000FF0004443048D9E79DF8680216E0304884
:10E0B000C4E79DF869A21DE0304814F0F3FB404628
:10E0C00022E00024D2E70024ECE74FF0000A11E040
:10E0D000284814F0E7FB389816E000201E902648E8
:10E0E00014F0E0FB1E980FE02048C6E7DDF8E0A042
:10E0F00000E0AA469DF838018DF804024D98809002
:10E100001F4814F0CFFB504616F0A0FF14F098FC07
:10E1100014F0E2FB0024BAE7099800F47F44B6E764
:10E12000099820F0FF000444B1E70D48E9E71F4AD1
:10E1300019F006FB224AFBE7204A19F0A7FB00BFB3
:10E14000310000003C4A0400320000008842040014
:10E150008400000077000000830000007B000000C6
:10E16000810000007D0000007C00000082000000B3
:10E170003700000078000000790000007E000000F9
:10E180007A0000007F0000001C2704002C270400F8
:10E190003C270400AC260400BC260400CC26040066
:10E1A0007C2704005A00000055000000042D0400E4
:10E1B0005C2B0400DC250400AC250400CC25040005
:10E1C000BC250400EC250400F0B503AF2DE9000FD9
:10E1D000C5B091F825308946CDE90120DFE803F08C
:10E1E0000322281A1200D9F82040002189F82410AF
:10E1F000C9F81040648AD9E9021374B109F1140016
:10E200001AC016E099F84800C0070ED1D9F844406A
:10E21000256850E0D9F8280018E05A4837215A4AB2
:10E2200013F01CFD554814F07AFA534814F077FAAD
:10E23000FEDE09F1140011F001FC00286CD0C9E9E0
:10E240000001D9F810000430C9F82800D0F800A067
:10E250008688DAE900013246FBF72EFC002865D0FB
:10E260000D4690F85C1303295ED3D0F840130029C3
:10E2700071D00139C0F8401328684C46D046B346E7
:10E28000013028600120A9F83060C9E90AA0D9F856
:10E290001000D9F80050018A44F8345F54F8302C4B
:10E2A000626014F8102C41EA0231218100680021DB
:10E2B0002175C4E9030403A8FB21061D4FF0FB0AE6
:10E2C000304631F0D2FD626829462089CDE9436AA3
:10E2D00040EA0240039043A8F5F79EFFF0B9BDF86D
:10E2E0000E00FC2843D203A81CF07EF90121B0F1F6
:10E2F000FF3F89F848101BDDD9F82C0089F824105D
:10E300000028014618BF0121401AC9F82C0009F164
:10E31000280009F0B5FF8CE7222010E001206FF003
:10E320000B0889F8480005E019F049FC1C2006E0BC
:10E3300000EAE07809F1280009F0A2FF2120029A02
:10E340000121A2F80CB0C2E90181107089F82510F2
:10E3500045B019F0DFBA019900F51C7019F0C8FB3F
:10E36000029923200870032119F029FCEEE70448E4
:10E3700014F0A4FA14F0B0FA80390400242E04003A
:10E380003000000008350400142E0400B0B502AFC0
:10E39000044690F84C000D4620B103280FD00F48DA
:10E3A00014F0BDF904F12000214619F061FB206B47
:10E3B00000F03BFC002084F84800206B206404F14E
:10E3C0004000294600F05CFC08B1032102E0012175
:10E3D00084F8381084F84C10B0BD00BF642E0400DF
:10E3E000F0B503AF2DE9000BD7F8089080460D6813
:10E3F0002DB1D9E9000119F043F9152010E0D1F849
:10E4000004E00E4699E83100D7F80CC031C6002070
:10E410004B820A82C1F80CC0714609F050FD2120E0
:10E4200019F03EBBDCB504AF00240194BC68009435
:10E43000FFF7D6FFDCBD80B56F46D0E90021002391
:10E4400003601046BDE8804009F039BDF0B503AF68
:10E450002DE9F80FD1F8009004460020B9F1000F23
:10E4600008600AD00E464968F0689A46B6F81280ED
:10E47000C518454506D9052007E001202060142075
:10E4800020713FE0FB2D0BD9042001222071226076
:10E49000484605B0BDE8000FBDE8F04019F0F0B8FF
:10E4A00093460491318AFB23B26802911649009188
:10E4B0002946039216F030FE144A534600925A46FB
:10E4C00015F080FE454509D10498E0600398C4E941
:10E4D00004080298A4F80680A0800FE0029804992E
:10E4E00030820398C6E902050020C6F800904FF07C
:10E4F0000009A6F81280716009F0E1FC0020C4F860
:10E500000890206019F089B9842E0400942E04002C
:10E51000F0B503AF2DE9000F95B0D0E9014883466F
:10E5200008468A46A4EB080518F0ACFC854201D2E7
:10E5300000200DE25046DBF8005018F0A3FC00EB81
:10E540000801DFF8386440462A462346009616F054
:10E55000E3FD9AF800200D2A1FD19AF80420092A19
:10E560003ED119F0E0FDBAF8080001280AA814BF4E
:10E570001B211D2118F080FFC0B2022840F0DF816E
:10E58000BAF80A100AA816F0BBFFC0B2022840F081
:10E59000D681DAE903120AA850E1B2F10A044FF079
:10E5A000000398BF1C46002C35D0012C48D119F02F
:10E5B000BAFD0AA8522118F05FFFC0B2022840F04D
:10E5C000BE81BAF80C100AA816F09AFFC0B2022851
:10E5D00040F0B581DAE901120AA816F0B3FF35E080
:10E5E000CDE9030100200590DFE812F00900C60024
:10E5F0005B00A2003200F4001D01C3002B0103A840
:10E60000032118F039FFC0B2022840F09881BAF80F
:10E61000061003A88DE10AAC0A2A0BC400F2A581FA
:10E62000DFE812F00B001701340137016B014901DB
:10E630007501A301A301A30114010AA810210AE195
:10E6400019F071FD0AA81E2118F016FFC0B276E17C
:10E6500003A8092118F010FFC0B2022840F06F8112
:10E66000DAF8144003A8214618F006FFC0B20228C9
:10E6700040F0658119F0BEFA0AA8294618F0DEFAC2
:10E680009DF82800212840F0598119F0F5FAC0B210
:10E69000022840F0548119F003FDC0B20228EBD0EB
:10E6A0004DE103A8052118F0E7FEC0B2022840F0B2
:10E6B00046819AF8144003A8214618F0DDFEC0B246
:10E6C000022840F03C810AF108008DF8244006A998
:10E6D0000DF1400990E81C001CC10AA8043002900A
:10E6E00003AC0AA806A918F029FBBDF828000028E9
:10E6F00040F02481029AA446BDF82A10484678CA00
:10E7000078C0644612780270604616F0F9FEC0B216
:10E71000022840F01481484616F020FD19F0D8FD7B
:10E7200020461A4616F00EFFC0B20228D9D006E1E4
:10E7300003A8012118F0A0FEC0B2022840F0FF801B
:10E740009AF8051003A818F097FEC0B2022840F00E
:10E75000F680BAF8081003A816F0D2FEC0B202285C
:10E7600040F0ED80DDE90430834240F0F480002089
:10E77000E5E003A80D2158E003A8072118F07CFE6E
:10E78000C0B2022840F0DB800AF1080010AD0DF1A4
:10E79000280990E81C0029461CC103AE48462946BA
:10E7A00018F0A2FA9DF82800212840F0C780BDF893
:10E7B0002A103046BDF82C4016F0A2FEC0B2022846
:10E7C00040F0BD803046214616F09AFEC0B20228C5
:10E7D000E4D0B4E003A8112118F04EFEC0B2022824
:10E7E00040F0AD80DAF8144003A8214618F044FE4A
:10E7F000C0B2022840F0A38019F0FCF90AA829460B
:10E8000018F01CFA9DF82800212840F0978019F094
:10E8100033FAC0B2022840F0928019F041FCC0B235
:10E820000228EBD08BE003A80B2118F025FEC0B224
:10E83000022840F08480DAE9021203A816F082FE72
:10E8400079E003A8132118F017FE74E00AA80C2140
:10E850005FE00AA8082118F00FFEC0B202286ED1AE
:10E86000BAF812100AA816F04BFEC0B2022866D100
:10E87000BAF814100AA816F043FEC0B202285ED1FE
:10E880000AF101010AA818F017FE54E00AA80A21AB
:10E8900035E00AA8122118F0EFFDC0B202284ED1CF
:10E8A000BAF802100AA816F02BFEC0B2022846D110
:10E8B000DAE901126FE60AA8062118F0DDFDC0B200
:10E8C00002283CD1BAF802100AA816F019FEC0B20C
:10E8D000022834D1BAF804100AA816F011FEC0B20A
:10E8E00002282CD1BAF806100AA816F009FEC0B208
:10E8F000022824D1DAE902124DE60AA8022118F012
:10E90000BBFDC0B202281AD1BAF8021010E00AA862
:10E91000042118F0B1FDC0B2022810D1BAF80210DB
:10E920000AA816F0EDFDC0B2022808D1BAF804100A
:10E930000AA816F0E5FDC0B2022800D10220022884
:10E9400006D1504618F09EFA4044CBF80800022049
:10E9500015B019F0A4BA039A411C9AF80640009623
:10E9600016F0DAFB31B10470E8E705480F21054ADB
:10E9700013F06CFD044A18F0E3FE00BFB45304002A
:10E98000C4520400E4520400DC540400F0B503AFA8
:10E990004DF804BD84B019F09EF904290CD3226807
:10E9A000061D094918F05EFFCDE9020102A82946BB
:10E9B0000422F5F731FC08B1002001E00220A66036
:10E9C00004B019F02AB800BFA42E0400F0B503AFBC
:10E9D0004DF804BD84B019F07EF902290CD32268E9
:10E9E000861C094918F03EFFCDE9020102A829461C
:10E9F0000222F5F711FC08B1002001E00220A66018
:10EA000004B019F00AB800BFA42E0400F0B503AF9B
:10EA10002DE9000796B08046087F0D469146DFE855
:10EA200000F00358641D130095E80700C5E90312C0
:10EA3000D0E90012284640F8141F00210446426025
:10EA400004F8141FC06012E02C4614F8360FDFE8FB
:10EA500000F003434C582500686A47E02C4614F840
:10EA6000280FDFE800F0033942082100286A6862B5
:10EA700019F0F5F9E86205F12C0019F0A7F848B192
:10EA8000686A0021006885F8341005F12901C5E99C
:10EA90000B010DE00320232120709EE095F840003B
:10EAA000C0071CD1E86B3BE095F83400C00719D1D2
:10EAB00021F0A1FF0121002885F8341085F82810E5
:10EAC0007BD1D5E90301C1EBC1010144C5E91101C5
:10EAD00031E0484813F023FE444813F020FE42483A
:10EAE00013F01DFE424813F01AFEFEDEA96AD5F8A7
:10EAF0002B20C5F82F102862C5F8322019F0AFF985
:10EB0000A86305F1380019F061F8002857D0286A89
:10EB10000168002085F8400005F12F00C5E90E10BE
:10EB200021F0B4FF0121002885F8401085F8361047
:10EB300043D1D5E91101884248D0C11D6964A96952
:10EB40004FF0000A0268D0F8030014921292D1E943
:10EB50000412CDE910AACDE90EAACDF85300CDF8E4
:10EB60004B0002A80EAB17F09DFD9DF831102C460E
:10EB700005F1140002291FBF0A9ADDF82B3001931A
:10EB8000CDF8012014AB02296A46194618BF511C62
:10EB90008E88096802F10702ADF80C60029108BF87
:10EBA0009A1D127804F836AF04F80E2C44F8120CB3
:10EBB00044F80D1C24F8096C98E7002107E00320B5
:10EBC0002070232088F80000042008E02221002281
:10EBD00088F80100C8F80420012088F80010287780
:10EBE00016B018F0F0BF00BFA4380400B42D040024
:10EBF00054380400B42E0400F0B503AF4DF804BD42
:10EC00000C4609F0FDFF0E46D4E900120546083017
:10EC100014F085FA3268297C0132687C326001295F
:10EC200018BF02205DF804BBF0BDD0B502AF09F0FB
:10EC3000E7FF0C4601210182083014F063FA18F056
:10EC400013FFD0BD80B56F4609F0DAFF007C0A687B
:10EC50000238B0FA80F0013240090A6080BDB0B5D8
:10EC600002AF09F0CDFF044602202074204619F0BF
:10EC700044F804F1080014F045FA18F0A0FFB0BD04
:10EC8000F0B503AF4DF8048D0446007A884618B1FC
:10EC900003281AD1606801E02068606009F0B0FFC5
:10ECA0000D46D8E90012064614F039FA2968307C7E
:10ECB000013129600121022818BF03210238217285
:10ECC00018BF01205DF8048BF0BD014813F027FD4B
:10ECD000F42E0400F0B503AF4DF804BD16460D4602
:10ECE000044613B1012084F818022046294616F084
:10ECF0002BF8F6B2C0B25EB1012E1DD1DFE800F0F4
:10ED0000936F6B0201202075C4E90005206166E065
:10ED1000DFE800F07C4B8E02607D002840F07680BA
:10ED20002046294616F046F801286FD1E068814256
:10ED300088BF0846E06069E0DFE800F0021F5D225E
:10ED400019F0CEF8C00705D020690131814288BF93
:10ED500008462061A068002872D0691CB1FBF0F25F
:10ED600002FB1011204616F025F8C00743D0E068DA
:10ED7000814238BF0846E0603DE0002020753AE05F
:10ED8000206801282ED1607D002841D0A16800298B
:10ED90005CD0206962680244B2FBF1F303FB1121ED
:10EDA0008D4204BF0130206125E02068002844D056
:10EDB00004F1080207CA013A01310028C4E903122C
:10EDC00041D00021217561680131B1FBF0F202FBF5
:10EDD000101060601AE001202075C4E900050020D1
:10EDE000607513E04FF480700021A0820120C4E917
:10EDF0000005C4E90310022E08D11F2D9FBF04EBAC
:10EE000085000021C0F89811C0F8181118F0CBBD8A
:10EE100019F066F8C007EED020690131814288BF41
:10EE200008462061E7E70D4899210D4A12F016FFC8
:10EE30000C48A7210C4A12F011FF0C4813F0FCFA01
:10EE4000044813F062FC0A4813F05FFC024813F018
:10EE50005CFC00BFC84D0400B84D04005C4D0400CC
:10EE6000A84D0400F84C04004C4D0400D84C04009C
:10EE7000E84C040080B56F464FF4807100F58C7249
:10EE8000818200210023C0E90311016080F818127B
:10EE9000802B02D0D1500433FAE700F5CC71002268
:10EEA0000023802B02D0CA500433FAE71830002127
:10EEB0000F22B1F5807F08BF80BD42540831F8E7CA
:10EEC00080B56F46F5F7AAFAC0F1080080BDD4D42A
:10EED000F0B503AF2DE9000BADF5047D044601A8A4
:10EEE000061D0D4611464FF402723046984630F02A
:10EEF0003BF911492846CDF8048009F0A1FE81466E
:10EF00000D46204649463246F5F746FA94F8060281
:10EF1000022818BFB8F1000F05D118F050FE0DF50A
:10EF2000047D18F0D4BDD8F80000D0E9001209F52E
:10EF30008450F5F7FDFBF0E7042F040080B56F4621
:10EF4000054909F07DFE41F290028358013B835050
:10EF500018F02CFD80BD00BF142F0400F0B503AFE6
:10EF60002DE9000FADF5077D30499946934609F02C
:10EF700067FE054641F28C008846295805F1080ACB
:10EF8000D5E9006401392950504610F013FA361AB9
:10EF900064F10000BBEB060179EB00003CD3E946CD
:10EFA0005146484610F04EFABBEB0600049004D0E0
:10EFB000411E684609F0B7FE70B183AC99E84E0077
:10EFC00020464EC0204610F0FBFC28B1D0F80812B5
:10EFD0000139C0F80812F5E700204FF403766C46BB
:10EFE000D5E90212914202D12A7CD2070ED001FB50
:10EFF0000651D1F81C1249B92046514610F056FA74
:10F000009DF8060202280DD00120E9E7C0071CBFC9
:10F0100005F5845015F01CF918F093FC0DF5077DEB
:10F0200018F078BC024813F007FA00BF242F040040
:10F030002C230400F0B503AF2DE9000FADF2244DF1
:10F0400014460A46594998460490104609F0F8FDBE
:10F050008346F0E8026505910394D4E900A90446CB
:10F0600010F0A8F9311A65F10002BAEB010379EB4F
:10F0700002031BD2059CB1EB0A0662EB090B039A53
:10F0800016EB0A004BEB0901049DC2E9000105F1F2
:10F09000080006A94FF4FF7230F0B8FD0220C5E960
:10F0A000006B85F8078285F8060255E0AAEB010699
:10F0B0004546B04242D90DF506782146404610F04B
:10F0C000C1F94046314609F02EFE002867D080463F
:10F0D000D0F808020138C8F8080230430ED0D8E949
:10F0E000006008F108014FF4FF72029006A830F0AA
:10F0F0003BF898F8060298F807821BE00DF50678B1
:10F100002146404610F0D2F99DF81E0401900228D5
:10F1100048D0DDE9866008F108014FF4FF720290E3
:10F1200006A830F073FD0BF584509DF81F8415F090
:10F130008FF80198022815D0032817D13DB129680E
:10F1400041F274005844D1E90012F5F7F1FA04993C
:10F150000320059C81F8060218F086FC0DF2244D70
:10F1600018F0D8BB059CDDF808B088E7039A834601
:10F170001AF1010049F10001049CC2E9000106A94D
:10F1800004F108004FF4FF7230F040FD029884F85B
:10F19000078284F806B2C4E90060059CDCE70548F4
:10F1A00013F04AF9024813F047F900BF342F040066
:10F1B0001C2304000C23040080B56F46BDE880408A
:10F1C000F5F72CB9B0B502AF0B4909F039FD05468A
:10F1D000007C0C46012804BF05F5845015F038F872
:10F1E00005F1080010F027F900202874C5E9020095
:10F1F00018F03AFCB0BD00BF98230400D0B502AFB0
:10F20000084909F03CFD0C68D0E90223007C013C70
:10F210000C60D11AB1FA81F180F00100490908406F
:10F22000D0BD00BFB8230400B0B502AF06491C46EC
:10F23000154609F024FD0B68D0E90002013B0B6084
:10F24000401B62EB0401B0BD442F0400F0B503AFD6
:10F250002DE900079CB08A46B1F840C08146496B51
:10F2600092F80CE06B4692E861001C460DF13808FC
:10F27000624661C4104830F81E00053080B2039029
:10F280004046FAF757F89DF83860212E09D103203F
:10F29000DAF82810ADF838000EAA684616F030F8F3
:10F2A00005E009F1010008F1010118F047FB89F8B8
:10F2B00000601CB018F087BC643B0400F0B503AFDD
:10F2C0002DE9000FADB001F1100988469A4693462A
:10F2D0004946039004AA91E8794002F1100C414696
:10F2E0008CE87940F8680790B8687C693E690690B8
:10F2F000CDE901ABCDE904BA8DF839408DF838601D
:10F300001EAD284600F070F89DF878B0BBF1210FD3
:10F310002AD1D8F828102A46B8F840C005F11808B4
:10F32000A346B24699E8794088E87940F868239086
:10F33000B8682290019821900298209001208DF8C1
:10F34000A9B08DF8A8A0ADF87AC0ADF8780010A8E3
:10F3500015F0D6FFBDF84000052811D104A9039887
:10F36000302230F076FD13E0039C691C1322601CF0
:10F3700030F06FFD022084F800B084F8290007E027
:10F38000DDF80CA002208AF8290016208AF8000077
:10F390002DB018F0BFBAF0B503AF4DF804BD9EB064
:10F3A0000D4602F52071044668461A461E78F5F7A8
:10F3B00087F89DF8000010280DD1A6F10B00012858
:10F3C00007D803206A46ADF8000010A8294615F0BA
:10F3D00097FF212004E09DF83A1009F07AFB1620EF
:10F3E00020701EB018F0DFBAF0B503AF2DE9000FA2
:10F3F000A3B002F1100805900191D1E90210454631
:10F40000CDE9031010680290D2E901A6D36814A8D0
:10F4100095E8125A103080E8125A0DF1500B0298FC
:10F42000CDE915A60DF1180A1490108DDDE903122F
:10F4300017935B46ADF87800504616F0FFFF9DF835
:10F440001840212C1CD198E80F001943DDF81490C6
:10F450001043084312D001980BF10802816AB0F8FA
:10F4600040C098E8794082E8794004205A46ADF8D7
:10F470005000ADF852C006A815F042FF212408E064
:10F48000DDF814900AF10101132209F1010030F0B6
:10F49000E0FC89F8004023B018F03CBAF0B503AFA7
:10F4A0002DE9000FABB08246886B90F8720340B92B
:10F4B00002AE0D46304600F041F89DF831000228BA
:10F4C00003D102208AF8290035E0029906F1100BD9
:10F4D000019103990091DDE904891CA99BE85C5026
:10F4E000183181E85C5000998DF8A10001201F912E
:10F4F0000199ADF870009DF830001E918DF8A000C4
:10F50000B5F84000A96ACDE92089ADF872000EA8CF
:10F510001CAA15F0F5FEBDF8380005281FBF032012
:10F520008AF8290016208AF8000001BF02A9504677
:10F53000302230F08EFC2BB018F0ECB9F0B503AFF0
:10F540004DF8048D8D68804601F1100655F82809A4
:10F5500000EB400004014CB105F14000314616F0CB
:10F56000BDFF303C30350028F5D000E00025404696
:10F5700029465DF8048BBDE8F04017F07FB9D4D47C
:10F58000F0B503AF2DE9800F90468A46814613B14E
:10F59000012089F8180209F1180B00250024B4F5A0
:10F5A000807F0CD00BEB040630780F2804D0504637
:10F5B00031460AF05BF898B908340135EFE7B8F145
:10F5C000000F27D0DAF8006009F12000C9E944688B
:10F5D000F822594630F021FCCBE9006818F081BBD5
:10F5E000B8F1000F19D01F2DC6F80480F6D8002DF1
:10F5F000F4D00BEBC50109F12000012D06D1D1E9B2
:10F600000068DBE90012C0E90012E5E7D1E9006813
:10F61000EA00DEE7034812F00FFF014812F00CFF8A
:10F62000842F0400742F0400F0B503AF2DE9000F00
:10F630008DB0044691F820008846154608F1240A4A
:10F64000DFE810F00500ED00FE0018002600D8F8F5
:10F6500018C04246C8F81CC0A146AB4692E87B00E1
:10F66000D6468EE87B0000205D464C4688F8BC00FC
:10F67000C8F83CC006A851462A46FAF74BFE9DF84A
:10F680001890B9F1230F06D1022020600320BBE0BF
:10F69000D8F838B031E0BDF82A000090BDF8260057
:10F6A0000490BDF8240005900898029007980190F6
:10F6B00050460395BDF828B09DF81B50BDF8196061
:10F6C00008F006FFB9F1220F7ED12546D8F81C407C
:10F6D00006A818F091FC13F09FFDDDE90612C8E9B9
:10F6E0000A1241F2081104EB010B2C46039D9DF810
:10F6F0002000C8F838B088F83000DBF80000002897
:10F7000040F087804FF0FF30CBF800009BF80C00F2
:10F71000012806D10BF12C0013F0F4FC9BF80C101F
:10F7200000E00021DBE90102904201D1C90718D0B5
:10F7300000218BF80C1000EB8001002818BF01306D
:10F74000CBF804000BEB8100466956B100F11001C3
:10F75000D1E902A9488A0490088A05900868010A3C
:10F760000AE02868D0E900120BF1240013F0D7FC5E
:10F770004FF0000900210026DBF800200132CBF811
:10F780000020BEB1C0B240EA012BD8F81C0027F817
:10F790001EBC02790068D0E90001F5F71FFAADF848
:10F7A000180080B21FFA8BF181423BD10020DDE9C5
:10F7B00004211FE0296808F1280013F04BFD78B1FF
:10F7C0000220206004201FE046EA0540DDE9042114
:10F7D000DDE9003A49EA0026DDF80890012009E059
:10F7E000D8F81C0001790068F4F7D4FF192601202D
:10F7F0004FF0000A84E841040120E382A4F814B029
:10F8000062822182C4F80C9088F820000DB018F0B4
:10F8100081B80D4813F046F815F08EFC0CE009484D
:10F8200012F07DFF094813F03DF8A7F11E0009F022
:10F83000E9FD06A809F0E6FD13F002F913F04CF813
:10F84000FEDE00BF642F04005000000073000000C3
:10F850000168012902D102210160FEDE80B56F46F8
:10F86000024813F02BF813F037F800BF1100000026
:10F87000D0E9001281F00101114304D100210222DC
:10F88000C0E90021FEDE80B56F46024813F016F88D
:10F8900013F022F811000000D0E9001281F00101FC
:10F8A000114301BF00210222C0E90021704780B549
:10F8B0006F46024813F002F813F00EF81100000032
:10F8C000FEB506AF0649CDE9001000210491694656
:10F8D000CDE90211283002A909F068FF06B080BD09
:10F8E00044450400D0B502AF044690F8340018B97E
:10F8F0000020A16AC4E90B1006482246064913F00D
:10F900004BFC2FF059F8032084F8340084F83000C1
:10F91000D0BD00BF0C8600204445040080B56F4672
:10F920000021017301490131016080BD2094002054
:10F9300080B56F4641F6D4328150104400214171A8
:10F9400080BDD4D4E0B502AFDFF880C00446002506
:10F9500046F2901040F2011285422FD02B186544D8
:10F9600005F1180656E8001F21B946E800210029D4
:10F97000F8D103E0BFF32F8F1D46EDE7144868620E
:10F9800005F128002146FFF7D3FF2046294613F052
:10F9900012F90025BFF35F8F54E8000F44E80051CF
:10F9A0000029F9D1BFF35F8F30B1C669C5614576D3
:10F9B000416A88473046F7E720BFEBE705487A1EE3
:10F9C00000902B210448054B12F081FED821002025
:10F9D000C1F8000078350400805404004435040068
:10F9E000F0B503AF2DE90007804691F830000C46D2
:10F9F000DFE800F0037C7F1F4F00D4E9005004F1E2
:10FA00001009A560D5F8201201EB003648462021E8
:10FA1000E66030F02AFA384A4846012109F0AEF98A
:10FA20000022C4E90F1684F8442005F50772C4E9E2
:10FA30000D2004F134000FF08DFF002503284ED176
:10FA40002646552116F8100F2C4A01EA5001401A9B
:10FA5000332101EA900100F03300084400EB10105C
:10FA600000F00F0005284FF0000038BF012086F895
:10FA700024003046012156E9029A09F07FF90AF67E
:10FA8000FF7209F5077386F83850C6E90A30C6E9EF
:10FA90000C1204F138000FF05DFF032816D1207C12
:10FAA000552194F8342001EA5001401A332101EA2B
:10FAB000900100F03300084400EB101000F00F013B
:10FAC00032B10020042988BF012004E0002506E0AF
:10FAD000042902D90220082501E000200225C8E9F6
:10FAE0000050012084F8300018F06DB8014812F081
:10FAF00016FEFEDEF42F0400E42F040004300400A0
:10FB0000F0B503AF4DF804BD84B0054691F8890007
:10FB10000C4620B1032829D0264812F000FED4F864
:10FB20008410002394F88A20616184F88820D1E948
:10FB300088122069511A38BF19460A0B0126012A7A
:10FB400088BF0E0BC4E90060C4E902362046F1F715
:10FB5000F1FBC0074FF0000020D084F8300004F122
:10FB600088006269C4E90610C4E9082104F1200193
:10FB700001A800F099F8019909290BD002980829E9
:10FB80000ED1E169C0B209788142DFD1A2690120BA
:10FB9000082106E009202860032006E0082100E093
:10FBA000039AC5E900100120AA6084F8890004B016
:10FBB00017F0F9BE14300400F0B503AF2DE9F00BD7
:10FBC0008146087C0C469046DFE800F003686B0C29
:10FBD0003D00002084F82400D4E90001C4E90501B7
:10FBE000C4E9020104F1140501A8294600F05CF8FB
:10FBF0000198092803D118F0B1F903204AE09DF8D3
:10FC00000860082835D1022E2E7030D10120012243
:10FC100060750123D4E90201FFF75CF804F1740573
:10FC2000202118F067F8D4E902010023D0F820223F
:10FC300000F5077084F87030042302EB0131C4E949
:10FC40000605C4E9083104F11805414628460FF0BD
:10FC5000F7F9042803D118F081F904201AE00646C8
:10FC60002846884608F070FA032E0BD1667D0820DE
:10FC70000AE09DF80B10BDF80920DDF80C8042EA7F
:10FC8000014101E0310A0020F2B242EA012189E893
:10FC9000030101202074BDE80F0BF0BD014812F0F4
:10FCA0003EFDFEDE24300400F0B503AF2DE9000B6D
:10FCB0008AB08146087C0C46DFE800F003777A21A1
:10FCC0001500D4E900652946C4E90265304615F0FF
:10FCD0003BF85FFA80F8B8F1030F48D10020C4E97F
:10FCE000056584F8440004F1140103A8FFF778FEC9
:10FCF000039809280FD118F031F9042051E004F1DC
:10FD0000180103A8FFF76CFE0398092814D118F016
:10FD100025F9032045E09DF810800828DDF8111032
:10FD200006910599CDF81B1025D1D4E90201424670
:10FD30000023FEF7CFFF1CE09DF810800828DDF8B7
:10FD4000111001910599CDF8071018D1204607F838
:10FD50003D8C10F8141F41450BD01649049104F155
:10FD60000C010391A7F13D0103AA09F04DF884F8B5
:10FD70001480082009E00699DDF81B2002E00199B3
:10FD8000DDF80720CDF823200891C9F80000089875
:10FD9000DDF82310C9F80500012089F80480C9F8AE
:10FDA000081020740AB017F092BE034812F0B7FC96
:10FDB000FEDE00BF4725020044300400F0B503AF6B
:10FDC0002DE90007804691F85C0092460D4620B16F
:10FDD000032818D01A4812F0A2FCD5E900460222E6
:10FDE000314601232046FEF775FFD4F8200200219A
:10FDF00085F8581004F5077100EB063000F58052C5
:10FE00002A61C5E9021005F10809514648460FF07C
:10FE1000B5F8042802D1032109200BE00646484624
:10FE20000C4608F085F90020C8E90164032E08BFDC
:10FE30000820012185F85C10C8F8000017F0C3BE47
:10FE40007430040041EA0002120505D10A1A0023A9
:10FE5000B3EB523F18BF704780B56F46024835215B
:10FE6000024A11F0FBFE00BF84300400A030040001
:10FE7000F0B503AF2DE9F80F054691F82C000C46BC
:10FE80009246DFE810F009003B0041001B008800AB
:10FE9000B500EB000701310194E8070004F10C0301
:10FEA000019507C3FEF7E6FFE068A3464BF8300F65
:10FEB0000021CDF800B00BF81C1F0EE0A346019501
:10FEC0001BF84C0FABF11C010091DFE800F0031AA6
:10FED0001D2B3E00ABF11C00006860630022D0E9DE
:10FEE0008801C4E90F22081A38BF1046010B01220D
:10FEF000012988BF020B6264A26306E08E4812F0FB
:10FF00000EFC8C4812F00BFCFEDE04F13800F1F719
:10FF100011FAC0072BD00020A16484F88000606B28
:10FF2000C4E9140104F1500102A8FFF759FD029839
:10FF3000022803D00928E8D103206EE0A16C00203C
:10FF400084F8AC00606BC4E9140104F1500502A808
:10FF500052462946FFF732FF029E092E5CD0284602
:10FF6000DDE9039808F005FC082ECED000E0082655
:10FF700001208BF80000009808F059FC019D082E24
:10FF800040F0CF804FF48070A4F8B90000202064C6
:10FF9000E068C4F8B40004F1300102A8FFF7B0FD36
:10FFA000029E092E03D1092028600420BEE0DDE96D
:10FFB0000398082E38D10826C4F82080B9F1010F23
:10FFC000C4E9066927D1E0680023C4F82480D0E999
:10FFD00088122063501A84F8403038BF1846010B4D
:10FFE0000122012988BF020B18F087F86063A06224
:10FFF00004F1300102A8FFF757FE029E092E03D13B
:020000021000EC
:1000000009202860052091E09DF80C00082E10D1F1
:1000100002281CD1082684E0042001998BF80000F6
:1000200009200860032081E0C4E90669C4F8208043
:1000300077E09DF81310BDF8112042EA0141DDF888
:100040000D2040EA0229080240EA126869E0616A6C
:10005000002084F88C00E068C4E90C0104F1300B46
:1000600002A852465946FFF7A9FE029E092E03D167
:1000700009202860062059E05846DDE9039808F079
:1000800078FB082E4DD1616A002084F84000E068BA
:10009000C4E90C0104F1300802A852464146FFF7BA
:1000A0008BFD029E092E03D10920286007203DE028
:1000B0009DF80C00009040460195DDF80D509DF82C
:1000C00013B0BDF8119008F0A7FB082E20D104F161
:1000D0000C02002084F8900004F1300607CAD4E92D
:1000E000093527C6019D236404F1300B02A852464E
:1000F000594600F023F8029E092E03D109202860FA
:10010000082013E05846DDE9039808F072FB08E088
:10011000009949EA0B40000240EA156841EA0529C6
:10012000019DC5E900690120C5F8088084F82C000C
:1001300017F073BB3430040010310400F0B503AF86
:100140002DE9000F8FB000908A4691F8600091462B
:10015000CDF80890DFE810F0070037003A004800BB
:100160009500210050010AF10805DAE90021CAE9E9
:10017000052129CDCAE90703D2F8206206EB05352F
:100180000435CAF82450D2F8202202EB033202F6DA
:10019000FC730432CAE90A2319E09AF860010AF1F3
:1001A00074050AF5B07828B1032800F0CB80AC487C
:1001B00012F0B5FA0AF17C0EDAE91D96DAF888C079
:1001C0009EE81840ABE0A74812F0A9FAFEDEDAF884
:1001D000143000228AF884200AF1280203F50773FC
:1001E000CAE91B10CAE9192304AD0AF164012846C3
:1001F00001F0A8F9DDF810E0BEF1020F00F0D680A2
:100200002A1D0DF1280CBEF1010F92E873000AF1CE
:100210003402634673C300F0D680604690E87A00EB
:100220007AC20022DAF83410CAF83020002900F02F
:10023000DB800CF10402CAF84810DAF844000AF135
:100240004C0392E8700070C3DAF84C20CAF85800EA
:1002500004A814F0FBFA0498002840F0FB800598ED
:10026000514641F85C0F0022A1F1480301F1080456
:1002700051F8480C80F8182281F858200DCB4961BC
:100280000DC40AF1640904A8494600F001FD07986D
:10029000039C042800F08580022800F0A280BDF8AD
:1002A00014600328DDF810B0DDF8188000F09680A7
:1002B000DAF81C00B042C0F0BB80DAF818104FF634
:1002C000FF73DAF8582024EA03030AF16404334484
:1002D00084E842080393CAF8703090455CD1DAF89C
:1002E00014000AF15C01DAF824200123FFF748F931
:1002F000DAF814305546DAF824C00020D3E9884EE5
:1003000003F5077645F8749FCDF804B0A846C5E913
:100310000163C5E9034EC5F814C008F8EC0FD9E92C
:10032000000100228AF8D02009F10802DDF80890C7
:10033000CAE925200AF19C00CAE92363A0E812401B
:10034000CAF8A8C00AF18C0604A84A46314600F053
:10035000F9FFDDF810B0BBF1090F2CD0304608F0E2
:10036000E7F9012088F800002846DDE9056808F073
:10037000C7F9BBF1080F5FD1BAF8702022F0030073
:10038000910718BF021DDAF82430DAE906101A4482
:100390000832CAF824201AE7CDF804B0DDF8089036
:1003A00015E700990920086004204EE00099092013
:1003B0000860032049E00099032088F80000092024
:1003C0000860052041E09CE80B000BC20120CAF840
:1003D0003000DAE90DB6DAF83C802DE0BDF8160001
:1003E0002BE04FF0020B22E0DAF82010DAF81400CC
:1003F0008AF8C020CAE919010AF1640504A84A462E
:100400002946FFF7DBFCDDF810B0BBF1090F04D182
:10041000009909200860062017E02846DDE90568F4
:1004200008F0A7F9BBF1080F06D14FF0080B04E064
:10043000019E4FF0030BA046300C0099C6EA004025
:10044000C1E900B00120C1F808808AF860000FB04F
:1004500017F060BADDE9056800204FF0060BECE705
:10046000F031040020310400F0B503AF2DE9000F96
:1004700089B002908A4691F850000492DFE810F0AB
:100480000E005E006A008500B10029001B003A00E2
:10049000CE02E6020C032703EC0004019AE83F00B9
:1004A0000AF118063FC690F81812012908BFFEF796
:1004B000E1FC00204FE09AF84C010AF154090AF5DA
:1004C000A67438B3032800F08583DFF8A80712F07C
:1004D00026F9544614F8DC0F40B3032832D15646AF
:1004E00016F8D80F38B3032800F0BC81DFF888076E
:1004F00012F015F9D14619F8640FA9F11001039112
:10050000DFE810F005002400280012025202DAF899
:10051000580000E20394DAE91850DAE91646DAF8EE
:100520006CB00090DAF8680001903BE3DAE9150B53
:10053000DAE917912CE1DAE91D104FE1DFF8400705
:1005400012F0EDF8DFF8340712F0E9F8DFF82007D1
:1005500012F0E5F8FEDEDAF818100024CAF83000D0
:10056000D1E988239A1A38BF2246130B0125012BA3
:1005700088BF150BA84200F051814FF48070CAF873
:10058000D810AAF8DD00CAF864400AF1540105A8A1
:10059000FFF7B6FA059D092D00F03C81DDE906085C
:1005A000082D40F03F810821CAF83C800128CAE9A3
:1005B0000D1046D1DAF818000023CAF84080D0E9BF
:1005C0008812CAF85400501A8AF8643038BF1846A6
:1005D000010B0122012988BF020B17F08EFDCAF81A
:1005E00058000AF1540105A8FFF75EFB059D092D8F
:1005F00000F00C819DF81840082D40F07D82022CFF
:1006000040F01581DAE90640DAF84010DAE90832FC
:10061000D4F82042C518079504EB0131CDE9050057
:1006200001F6FC7901F1040B1178DFE801F0085CB8
:10063000484A425E674C7A46794044653E00002154
:1006400054E04FF40070AAF8DD000020CAF86400FE
:10065000DAF81800CAF8D8000AF1540105A8FFF723
:100660004FFA059D092D00F0C980DDE90608082D27
:1006700040F0E3820024012840F0DA80DAF8180024
:100680008AF86440CAE915080AF1540605A8049AD4
:100690003146FFF791FA059D092D00F0B38017F060
:1006A0002EF9082D00F02482D0E00E2139E00B2134
:1006B00037E004211AE00C2118E0092131E0022181
:1006C00014E0032112E0002B00F08B800721017061
:1006D000012B1EBF51784170022B00F0828091786F
:1006E000032681702CE0012100E00521002B78D049
:1006F00000F8011B06901EE00D2112E0002B70D0C7
:100700000621012B01706CD05178022B41701EBF65
:1007100091788170032B64D0D1780426C1700FE0EA
:100720000A21527805A813F082FD5FFA80F8B8F12B
:10073000100F40F08380DDE905010E1A002850D02B
:10074000DAE907123046DFF83C35DAE90A54F1F706
:10075000BAF90246E46805A80B462946A047DDE938
:100760000548042C66D108EB06010024CAF84410A1
:10077000B4EB114F3ED1B1F57F6F3BD8002054460A
:1007800004F8DC0F54F8C40C44E9220B44E920912E
:10079000CAE919910022D0F82012ABEB0101B2EBAB
:1007A000514F0FD1090B5D4600EB8101D1F898B193
:1007B000BBF1000F40F08F80D1F818319D4288BF07
:1007C0002B4600E05B46514600F5077041F86C3F50
:1007D0000E46C1E90191C86006F86C2FCAE91F10E6
:1007E00037E00020DFF8A414C0B24FF0000B06255C
:1007F0000C5C25E2DAF81800072517E217F0C2FAB8
:100800000C2025E217F0BEFA0D2021E217F0BAFA0B
:1008100004201DE217F0B6FA032019E281F818420D
:10082000012505E2CAE90D50CAF83C8005E2002422
:100830000225FDE14FF0000B062501E20238C1B2AE
:100840000B29CFD34FF0000B0324F5E749EA0B4BFC
:10085000F6E1D1E9001200238AF8D530CAF8D000B9
:10086000CAE929120AF1840105A800F059FC05988B
:10087000022800F05981069D0128DDF8208006D16C
:10088000022D1AD1DAF87C000168043111E0DAF89F
:100890007C00012DD0F800B018D14FF6FC7101EAB0
:1008A000080104315FEA887208BF1FFA88F15944D1
:1008B00008310160DAE91F10CBE707990120082D04
:1008C0002070307040F0C881C34613E0DAF86490BD
:1008D00001208AF8D800A9EB0B000021072807D9CE
:1008E00020F00300DAF868200838904228BF012180
:1008F00001202070DAF81800012900F02D81D1467E
:10090000002149F8540FCDF80C9059F8140CC9F88F
:10091000040009F8101F00218AF87810DAF8541042
:10092000CAE91A10CAE9171005A8049A0AF1680161
:10093000FFF742F9059D092D00F0FD800AF16800DE
:100940004E46DDF81C80BDF819B09DF818409DF8A2
:100950001B9007F061FF4BEA094B082D3CD10AF1CF
:10096000680008254FF00008B146012C047035D10D
:10097000DAE9170100220123FEF7ACF90AF1C805F4
:10098000202117F0B7F9DAE917010423D0F8202263
:1009900000F507708AF8C48002EB0131CAE91B0533
:1009A00001F6FC71CAE91D310AF16C040499204674
:1009B0000EF046FB042800F0C0800646204688461C
:1009C00007F0C2FB00240825032E00D107E0F4B293
:1009D0004FEA162B002502E0B14600E00024039800
:1009E000012689F8006007F0D0FE082D40F028812C
:1009F000DAF818000024DAF8401017F097FA38BF38
:100A00002046020B012A88BF060B481CB0FBF6F1FA
:100A100001FB1600CAF85800CAF848000AF1540150
:100A200005A8FFF741F9059D092D79D09DF81840DB
:100A3000082D61D10020022C40F08B80DAF848109C
:100A40008AF86400DAF81800CAE915010AF15406B8
:100A500005A8049A3146FFF7AFF8059D092D5CD033
:100A600016F04DFF082D7FF4F1AEDAF818000024DF
:100A7000DAF8481017F05AFA38BF2046020B012363
:100A8000012A88BF030B481CB0FBF3F101FB1300E4
:100A9000CAF85800CAF84C000AF1540105A8FFF73B
:100AA00003F9059D092D34D09DF81840082D23D158
:100AB000022C1DD00AF1180200208AF8B4000AF1B5
:100AC000540507CADAE9123417C5CAF864300AF1C6
:100AD000540605A8049A3146FFF730FB059D092D01
:100AE00013D03046DDE9064807F083FE082D2CD1EF
:100AF000DAF8300001302EE59DF81B00BDF8191022
:100B0000DDF81C8041EA004B9AE017F03BF90B201E
:100B10009EE017F037F90A209AE017F033F997E0D2
:100B200017F030F9082093E003202070307017F0A0
:100B300029F905208CE0032000E00420029989F8BF
:100B4000000009200860072082E04FEA142BE4B27D
:100B500076E0022500246BE0DAF824105A460123DF
:100B6000FEF70EFDDAF82020DAF8445095427AD8E4
:100B7000DAF81840D146D4E9882104F5077049F81D
:100B8000540F0020019159F8386CC9E9051B4946FA
:100B900001F8F80FC9E90146C9F80C500092C9F8EC
:100BA0001020039130462946DAF8548014F014F9E5
:100BB000514641F8700F0020C1E90284039C81F87E
:100BC0004C000098C86101988D80C1E904168D61C0
:100BD000C1E9080B0AF1780605A8049A314600F02D
:100BE000B1FB059D092D06D1029903202070092033
:100BF000086006202CE0BDF81E0004903046BDF8C9
:100C00001CB0DDF8188007F093FD082D03D1BAF869
:100C100074B0DAF8708001202070484607F07CFD3F
:100C2000082D06D1DAF818000024082580F81842AB
:100C300006E0049940464BEA0148C4B24FEA102B43
:100C4000029944EA0B20C1E900500120C1F8088054
:100C50008AF8500016F010BE092D3FF468AF4FEA35
:100C6000112BCCB2ECE7084B0020294611F0A5FB74
:100C7000D42F040000320400E031040040320400AC
:100C80003031040040310400503104005858040051
:100C9000F0B503AF2DE900078AB0804691F8500007
:100CA0000C46DFE810F00C000101040144006C0068
:100CB0008D00A800D00043017C01BF010302D4E9EC
:100CC00000A0D4E90219C4E904A0C4E906199AF8FD
:100CD0001802012806D15046FEF7CCF8D4F810A02F
:100CE000D4F81C901826B6F58C7F61D00AEB060567
:100CF00028780F2804D04846294608F0B7FC08B9E0
:100D00000836F0E768680022206240F6FF73DAF8E0
:100D1000201284F8A5200AF50772C4F8A020421A10
:100D20009A43114401F6FC716162C4E91D0104F1AA
:100D3000540101A800F0F4F9019B022B01D103201A
:100D4000B6E0BDF81000012BDDE9021202D1BDF8BA
:100D5000123094E0012926D104F1100500216265CA
:100D60002CCD84F8A510A4F85800D4E90810C4E9E3
:100D70001D1002F50770C4E91B35C4F8A00004F18A
:100D8000540101A800F052FA0199042903D1042664
:100D90000C2104208EE00498022975D0032902D189
:100DA000DDE902126AE02069FEF764F8D4F810A0C9
:100DB0004FF48070C4F8D8A0A4F8DD00002060666D
:100DC00004F1540101A8FEF79BFE0199092901D104
:100DD00005206DE0DDE9022008294FD1002AC4E991
:100DE0000A2044D14FF40070A4F8DD0000206066B2
:100DF0002069C4F8D80004F1540101A8FEF780FE70
:100E00000199092901D1062052E0DDE902200829D3
:100E100031D108210025012AC4E91512E06540D12D
:100E20002169D1E9882384F874509A1A38BF2A4678
:100E3000120B134618BF0123451E002808BFD51A00
:100E4000C4E91851A56604F1640101A8FEF72CFF5E
:100E50000199092901D107202AE09DF808500829A5
:100E60003FD1002D44D1206E0121C4E90A10002297
:100E70003421206342E0C4E91512E065030C4FEA17
:100E8000124E4FEA122CAEE0BDF814100022D4F836
:100E900020E0CDB24FEA112C01464FEA1E437046C6
:100EA0000FE0032202211BE09C4811F038FCFEDE1B
:100EB00004260C2148F8016084F850000AB016F0AE
:100EC00082BEC0EA03405FFA8CF345EA0323C8E917
:100ED000020243EA0E430120C8E900131021E9E7AA
:100EE000EFE70398BDF80AE09DF809C0030C12E192
:100EF0002069002580F818520222F1E7625021692A
:100F0000D1F8202202EB003000F6FC720430C4E974
:100F10001002002001F5077184F8740004F1400309
:100F2000D4E90502C4E91531C4E9170204F15401FA
:100F300001A800F007FB0198022844D0DDE9021265
:100F4000012842D0A1B1069D01A813F07FFC0198B1
:100F5000002840D1DDE90206E169019001A808F00E
:100F600085FB18B1012004F1340161C12169D0E78A
:100F7000606BD0BB20690025216BD0E9882384F801
:100F800068509A1A38BF2A46120B134618BF01231D
:100F90004D1E002908BFD51AC4E91550E56504F1B6
:100FA000580101A8FEF780FE0199092909D09DF892
:100FB0000850082995D1002D9AD1606D3021024644
:100FC0009CE7092074E7082072E704984FEA124E64
:100FD0004FEA122C06E0DDE902204FF0000C06215A
:100FE0004FF0000E030CD5B295E020690023E169B3
:100FF0000025A26BFEF7C4FA206980F81852606BD6
:1010000000283FF479AF21694FF0FF30D4E90E2377
:10101000C4E91D2001F5077084F8A550C4E9122326
:10102000C4F8A00001AD04F15401284600F078F89E
:101030000198022801D10A203AE705F1040C07AA19
:1010400001289CE86200134662C304F1B80192E8EB
:10105000680068C107D10120D4E92E12C4F8B40099
:10106000D4F8C00048E0D4F8B8100020C4F8B400A8
:1010700001293DD1D4F8BC3004F110060821B4F8A0
:10108000C02084F8B1004FF0FF3CC4E9151362CED4
:10109000A06CC4E9200C01F50770A4F85C20C4E939
:1010A0001E56A4F864202366C4F8AC0004F1600165
:1010B00001A800F0BBF8019B042B01D10B20F7E63F
:1010C000DDE902520221DDE90490DFE803F01D02B0
:1010D000040E032118E0B5B14FEA102CC5B2D4E9D3
:1010E000120601224946030CEBE62946484603E076
:1010F000D4E9162002216165030C4FEA124ED5B2E5
:101100004FEA122C07E01146030C4FEA194E4FEA42
:10111000192C5FFA89F50322D3E600BF6031040081
:10112000F0B503AF2DE9000B804691F851000C4655
:1011300020B1032823D03B4811F0F1FAD4E9085636
:101140002046D4F84C9020212663C4E90A952EF05D
:101150008CFE08200021606305F10800B0423DD8F4
:10116000082684F85010304A2046314607F006FE23
:101170000022C4E90E9084F84820C4E9101504F157
:1011800038000EF0E7FB032832D1666B2EB3701ED9
:101190000022202A21D0A15CB1F1FF0318BF012356
:1011A000FF294FF0020118BF0121904208BF1946E4
:1011B00001320229EDD00A4689B1201DE58813F0DD
:1011C00039FE80B2A84216D094F85000012110BB1D
:1011D00084F85010D4E90A95C5E700210022C8E937
:1011E00002030120C8E9001284F8510016F06FBC18
:1011F00000220121F3E7A388990723F00300194691
:1012000018BF011DD4E90B0208440830904204D9EC
:1012100002220121E3E70222E1E720680122002106
:10122000DDE700BF8031040090310400F0B503AF6A
:101230002DE9000B814691F851000D4620B103289D
:101240003BD03D4811F06BFA2968D5E906C3A88860
:10125000EA6CA881A960AA62C5E904C3A9B1D5E96D
:10126000082800F1030E2EF0030605F12C040832C5
:1012700046C43244424546D8B3420AD20EF48032C4
:1012800005214FF0030E304644E000214FF0010EDF
:101290003FE0002085F85000AEB1D5E90412304699
:1012A000264BAC6AD5F8308013F02CFF0022C5E93C
:1012B0000E4085F84820C5E9101805F138000EF0F9
:1012C00049FB032822D1A9896A698A4230D3286957
:1012D00013F082FDE96A884205D095F8500070B994
:1012E00001206E6BD6E74FF6FF72D5E90410D5F8F2
:1012F00008C020EA0202AB894FF0020E0AE0A9689A
:10130000D5E904C3A8894FF0000E02E000214FF098
:10131000030E002280B20126104385F85160C9E90E
:1013200000E1C9E9020CC9F81030BDE8000BF0BDBE
:10133000034B002011F041F8A0310400C03104003B
:10134000B0310400F0B503AF2DE9F80F814691F8F4
:1013500044000C469346DFE800F003E9EC399ED3E5
:10136000D4E9000C04F1200ED4E90253E269D4E977
:101370000461AEE849000120E262AB888CF81802F3
:101380009E07CDE9029B23F0030018BF031D561AE8
:101390000020B0EB564F0CD1D118330B01F10802ED
:1013A0000CF5CC7151F823600EB1B24201D941F86D
:1013B0002320A04648F8485F58F81CBC464658F819
:1013C000289C06F8880FC8E9019B12E02646CDF854
:1013D0000CB016F8D00FA6F1880820B1032826D04B
:1013E000544811F09CF904F1480BCDF808909BE8A3
:1013F000200A04F1540A2021FF2250462EF054FC0A
:1014000028686065A888A4F8580027F81E0CA7F182
:101410001E0013F00FFDC4E91D9ADDF80890A4F832
:101420005A00002084F8CC000820C4E91F0B04F106
:10143000740B039958460DF003FE042805D10320D0
:1014400009213070C9F800106CE0054658468A46FC
:1014500006F07AFE01203070404606F043FD032D71
:101460005CD104F1240204F1300507CA01F003063F
:1014700031F0030102F1080200EB01034BC52264C5
:1014800017D0DDF80CB0002384F8A030236AC4E93B
:101490001230C4E9141216F093FC042803D116F09C
:1014A0005DFD04203EE016F00AFE032D36D1E66B0A
:1014B00001E0DDF80CB07EB304F1A4082021404621
:1014C0002EF0D3FCF01C20F00305202D01D90320C1
:1014D00023E01A4B30464146202213F013FED4E994
:1014E0000E23174E009612F06DFE616B0020226CE9
:1014F00084F8A0001144206AC4E91208C4E9145118
:1015000016F05EFC042803D116F028FD052009E042
:1015100016F0D5FD032D01D1082000E0002089E858
:101520002104012084F8440016F077B9024811F034
:10153000F6F8FEDE703104001032040020320400A0
:1015400030320400F0B503AF2DE9FC0B804691F872
:1015500020000C46DFE800F00321270C9C00D4E9B2
:101560000010D4E90223C4E90410C4E906231BE0F7
:10157000264616F8940F50B1032811D1254615F8C8
:10158000900F38B1032827D05E4811F0C8F8D4E98D
:10159000091010E0D4E90B1013E05C4811F0BFF81B
:1015A000594811F0BCF8FEDE2646002246F8241FFA
:1015B000706006F8702F0022254605F8902F45E947
:1015C0001910C4E90D10D1E90012002384F88D3000
:1015D000C4F88800C4E9171204F13C0101A8FFF720
:1015E0009FFD0199022964D0DDE902CE0129049B07
:1015F00009D1BCF1020F1BD1606B0168043101609D
:10160000D4E90D10DFE7656B0022BCF1010FD5F8BE
:10161000009015D14FF6FC72F4461A4004329E0732
:1016200008BF9AB24A4408322A600025012209E024
:101630004FF6FF7099462EEA00050222734601E03C
:1016400000230025012684F8946084F890609EB2FF
:10165000354301293FD0002AC4E91F2CC4E9215990
:1016600040D0022A3CD0D4E906210025C4F82490B9
:10167000002AA56143D0D4E90460766884F87950E3
:101680006067C4E91021C4E91296A385C4F828C094
:1016900004F1280101A8FFF7C9FD019A042A0FD01F
:1016A000DDE90491022A10D2C4E90691D4E90410BC
:1016B0007AE70320022130702870C8F8001019E082
:1016C0000220C8F80000042014E0DDE902C507D1BB
:1016D000636A002207E00221C4E92159C4E91F1C02
:1016E000012200E09446C8E9002C0120C8E9025913
:1016F000C8E9041384F8200006B016F0E8B90448DD
:1017000010F09AFEE0310400D031040050320400A1
:1017100060320400F0B503AF2DE9FF070DF10809B1
:10172000214B804600200C6810224E688D68D1F84D
:101730000CA04946CDE90400CDE90200082013F0D1
:10174000E1FC32BA2DBA530024BA43EAD5731BBA6E
:101750000793630043EAD27212BA0692134A08232F
:10176000009206AA12F02EFD87209AFA8AF100EA6A
:10177000E470082380EA410000BA0790680040EA5C
:10178000D170082100BA06900948009009F10800BC
:1017900006AA12F017FD4046494616F00FF908B0A8
:1017A000BDE80007F0BD00BF045404001454040059
:1017B00024540400F0B503AF2DE9000F95B000905C
:1017C0008A4691F86C0093460192DFE810F005001C
:1017D000450051002100BC01DAF86000DAE902237B
:1017E000CAF86400DAE9008504A812F03FFE04AEEE
:1017F0000AF1100CCAF82C505FCE8CE85F019DF8FE
:1018000032008AF83200BDF83000AAF8300030E02B
:10181000D04618F88C0FA8F11C010391DFE810F0F6
:1018200007001F00280051006D000A000401DAE9DA
:101830001C1035E0564616F89F0FDFE800F0031342
:1018400019AB0600DAF8940096E09AF8B000C007E9
:101850000BD1DAE92A05AFE0D74810F060FFD54890
:1018600010F05DFFD24810F05AFFD04810F057FF3B
:10187000FEDEDAF86400D04602C848F8380FA8F156
:1018800028004246C8F8041008F1300142F8381F19
:1018900003920022C8F83C00C8F8308008F8542FA2
:1018A000CAE91E1052460868D0E9000142F8800FCC
:1018B0000020A2F8210001F5BD60C2E90112C2E9D1
:1018C00006200AF19004DBF800102046F8F766FFC6
:1018D000002840F05681204606F060FEDAF87C00D1
:1018E000C16919B3DAF878200023806912688AF890
:1018F000AC30CAE92420CAF898100AF1900104A873
:101900005A46FDF783F89DF81090B9F1230F00F0C7
:101910003E81BDF82100B9F1220FADF844009DF8D9
:1019200023008DF846005DD1DAF87C0090F8229013
:10193000D0E9000113F0B6FD0446DAF87C00D0E9E6
:10194000020113F0AFFD0546DAF88400F8F7F0FD68
:10195000DAF87C1000225646C96906F89F2F002944
:10196000B071A6F11F0086F80190B580748046F82A
:101970000B0C18BF0121F171DAF8A010DAF8A320DE
:10198000CAF89810CAF89000CAF89B2016F067FAB7
:10199000CAF8A8000AF1A80059460DF0C3FC0028B7
:1019A00000F0F180DAF890000AF198050021006853
:1019B0008AF8B010CAE92A05002112F011FB5FFA7B
:1019C00080FBBBF1000F04D128461FF023FA8346A9
:1019D00090B101204FF000098AF89F0000248AF896
:1019E000B00070E09DF8200002909DF8460016F0CF
:1019F000F7F8BDF8440064E001204FF480718AF8E4
:101A00009F008AF8B000DAF87C0090F82100AAF86C
:101A10009A100AF18001CAF89410002818BF01201A
:101A2000DDF804B08AF89C000AF1900104A85A4637
:101A3000F9F7E0FB9DF81090B9F1230F00F09880C2
:101A4000BDF82100B9F1220FADF848009DF8230040
:101A50008DF84A002CD1DAE91E014FF000094FF051
:101A6000000B00250068406800F5BD63D1E9040162
:101A700008434FF000014FF0000012D01C4611F057
:101A8000A7F9DAF87C20D2E9042311F0B1FB020CAB
:101A900042EA0145020A42EA016B5FFA80F92346F5
:101AA0000120DAF884204FF0000802F5CE6614E039
:101AB0009DF8200002909DF84A0016F091F8BDF8BC
:101AC0004800ADF84C00DAF88800406806F0F3FDF5
:101AD0004346DDF80880022021460122139C8AF843
:101AE0008C20DDF84F20CDF83F202A040F94544677
:101AF00044F8400F5FFA8BF042EA0020002248448D
:101B000084F81880C4E9012004F10C004AC00F9841
:101B1000C4F819000398DDF83F10E16106F057FCA6
:101B2000D4E9000180F0020008431BD104A815F09D
:101B3000ADFFDDF804B0DDE904129DF81800CAE934
:101B40001C128AF87800DBF800100AF1700011F01E
:101B500081FB78B9504616F0C6FA7FF48AAE06F0DB
:101B600009FB86E60098214615F082FF012017E068
:101B700006200DE0009A00200221C2E90010042096
:101B80000EE0032004E003203070052000E0042074
:101B9000009A022188F800000020C2E9001003200A
:101BA0008AF86C0015B015F0B5BE00BFE43704002C
:101BB000B42D0400742E0400A8320400F0B503AF65
:101BC0004DF8048D8CB0044690F83E03884620B151
:101BD00003283BD02A4810F0A2FD94F83C030023D0
:101BE00084F83D034FF0010CD4F83803014651F856
:101BF000082BC2EB0212D2009A420BD094F83D534C
:101C000091F87460AE4204BFC51885F87DC0783184
:101C10007833F1E700F064F86E462621F01D94F861
:101C20003D532DF06FFF0C2031462070601C2D229B
:101C30002EF00FF90020012184F8300384F87D1084
:101C400084F87C50A063208684F82E00204641460C
:101C500005F0F6FFC5B2022D01D1032007E02046B2
:101C600006F04DFF15B1074810F028FE012084F85A
:101C70003E03A81E16F0B4F90CB05DF8048BF0BD5D
:101C8000B83204003F000000D0B502AF114A12681C
:101C9000D20519D1114A51F87D3B9278C3EB031359
:101CA000DB0043B10C781CB911F8014C944206D00A
:101CB000783B7831F5E7022180F87510D0BD753991
:101CC000BDE8D04007F00FBD034810F0F7FD10F05D
:101CD00003FE00BF04ED00E037000000EC20002010
:101CE000F0B503AF2DE9000FB5B008ACD0F880A077
:101CF000604B0DF1080904F10801CDE90010DAF894
:101D000000000DF1B008DFF870B1D0E904122046F0
:101D100014F0B4FC08980168002900F09B8000F1E1
:101D2000180C49469CE87D007DC15B4656460A98E2
:101D300015F052FFDAF8000016F085F9DDF8B080F2
:101D40000024C3465BF8080B5D4600EB40004FEAF9
:101D5000001ABAF1000F3ED005F11000494614F008
:101D6000BDFB20B9AAF1300A01343035F1E7D8F8CB
:101D700000502795AC42349470D204EB4400E24307
:101D80002A440BEB001002EB420200F13001120179
:101D90002EF065F8681EC8F800002E98B24615F0BF
:101DA00009FE3068384915F0F1FFCC468B46009AA1
:101DB0009CE87A4082E87A4000210991022108914A
:101DC00008AC214615F0B0FBDBF80000294B0130D0
:101DD000CBF8000093E72E98B2460168013101600C
:101DE00008A80199FFF750FF9DF8950002282ED012
:101DF000DAF800000DF1B008244B16F024F9DDE903
:101E00002C1227A808AD2B4614F018FB2E9815F0BD
:101E1000D1FD9DF89C00212819D1DAF800001C4959
:101E200015F0B4FF05F1100C894608F108029CE892
:101E30007A4082E87A4000212D9101212C9141467F
:101E400015F072FBD9F800000130C9F8000035B078
:101E500015F060BD0A9801680139C0E707480B908A
:101E600027A9084ACDE9090134A8089008A904481F
:101E70000FF0F4FE244F0400444F040047250200F5
:101E80000E0D0400085504003C290400144F040002
:101E90002C290400F0B503AF2DE9000FADF2744D0D
:101EA0008246087C0A928B46CDF82CB0DFE810F011
:101EB0000500060216023300150000200BF118027F
:101EC0008BF8E101DBE9000104920BF2E112CBE9AE
:101ED0007601CBE9020105922EE09BF8AC030BF5ED
:101EE0002C730BF56B710391002800F02A810328F5
:101EF00040F0E8819BF89E030BF29E320BF53074A4
:101F0000CDF81CA00028CDE9013200F0698103283A
:101F100000F0FE82DEE10BF118019BF8E101049173
:101F20000BF2E1110591DFE810F00500D101D901B4
:101F300015012502DBE9760100255A4642F8205FAB
:101F4000012302F5357602F5EC7C82F8C0312223BC
:101F500082F8A43102F5D27342E902010C88B1F88B
:101F6000028002F5E27182F8D45282F8C45142F63E
:101F70000305A2F8D282A2F8D042C2E9B201A2F8C7
:101F8000C551C2E97632CBE980320BF532730BF5DD
:101F9000007207C300250BF5027309938BF8E65214
:101FA0000BF2E623ABF8E282ABF8E0420BF53575B5
:101FB000ABF8E48207C5CDE901C30396CDF81CA0B8
:101FC0004445DDF824A000F23E81A7F14805DBF886
:101FD000D812112215F0D2FC012029468BF80802F4
:101FE0000BF209201122DBF8D4622DF032FF002021
:101FF000CBF820628BF82802ABF81C82ABF81A42AF
:102000000A9AA7F134005146FDF70EFB57F8348CBD
:10201000B8F1020F00F0398137F82E0C0C905046C1
:1020200057E90A6537F82A9C37F82CBC17F830AC0A
:1020300017F82F4C099006F014FCB8F1010F00F0CE
:102040002881304629460DF0EDFC02460B46A7F1EB
:10205000340015F080FC0C994BEA094008904AEADC
:10206000042017F830AC40EA014057F8341C01292D
:1020700000F01281DDF82CB0BAF1030F00F00F81EF
:10208000BAF1040F40F01481DBF8DCB24FF0010923
:10209000069057F8200C37F82C4C57E90A2137F8EE
:1020A0002A3C47F84C0CA7F1340027F8584C002480
:1020B000043047E9152127F8563C0C90A7F1480059
:1020C000A7F1580114F0BAFD17F848ACBAF1220F85
:1020D00060D0BAF1210F40F0938037F8444C4FF6AE
:1020E000FF70844268D057F83C2C052A6AD357F811
:1020F000401CA7F1340013F03BF837F8340C0028EB
:1021000067D1DBF804502E68102E73D21A2137F8ED
:10211000320C06FB01580C994FF00009112217F8F8
:102120001FACA8F8080008F10C00A8F80A90A8F85D
:1021300004902DF08EFE701C88F81DA028600134DC
:10214000BCE7DBE9AC42DBE9E810BBF8AA83BBF8EB
:10215000A8639AE19BF8F4020BF5FC7C0BF53D7645
:1021600000285FD0032840F0AD800BF50270099085
:102170009BF8E6020BF2E62300285CD00328CDE9A9
:102180000236CDF81CA040F0A580CDF804C00BF5B8
:10219000027A35E75FEAC97040F08D8006980899A9
:1021A00015F06EFADDF82CB0DDF81CA0039EBBF82C
:1021B000E482DDE901C3FEE6DBF800004FF4817143
:1021C00001801BE0DBF800000521C0E901120A21B3
:1021D00013E00C9EDBF8000096E83E003EC00DE0E8
:1021E000DBE9E010DBF88823BBF89A83BBF898633F
:1021F000089462E1DBF80000042101704FF0220A2C
:10220000DDF82CB00698089915F03AFA02990120E9
:10221000BAF1230F08701BD103990320DDF81CA02D
:1022200008705CE0DBE97E32DBE9BA01BBF8F282E0
:10223000BBF8F042A7E60BF53272BBF8E282BBF8BE
:10224000E04207CAB2E6029901204FF0220A087064
:10225000099805F03CFE15F039FEBAF1220F11D1B4
:10226000DDF81CA09BF8C401222840F09A80DBF81E
:1022700020100BF124001A2201FB0201CBE9BA0164
:10228000002038E0DDF81CA08BE0029903200870E4
:10229000C2E7DDF82CB0B9E7DDF82CB0B3E717F8EA
:1022A0002E1C4FF0020A0A2908BF4FF0220AAAE7A3
:1022B0004FF0090AA7E74FF0090AA1E7DFF8DC04AD
:1022C00010F02DFADFF8CC0410F029FADFF8C8047A
:1022D00010F025FADFF8B80410F021FAFEDE0599B7
:1022E00008700220CAF8000003208BF810000DF2DD
:1022F000744D15F00FBB0021C007CBF8E01206D0DB
:10230000DBF8E40200285ED0DBE9BA1207E0DBE983
:10231000BA02904257D000F11A01CBF8E81291426C
:10232000CBF8E4010AD0012201F11A03CBE9B8216C
:10233000CBF8E83231B18988023906E00021012268
:10234000CBE9B821DBF81C104988C180DBF8E40137
:10235000427E12F0300F33D080880022ABF8D612C4
:10236000A046DBF8181001308BF8D822CBF8D01239
:10237000ABF8D4020BF5F4750A9AA7F1340029469C
:10238000F7F79AFD17F8346C232E00F09D8028464D
:1023900037F8324C06F024F9142E0BD00120222EEF
:1023A0000AD004984FF48071ABF8E01106F023F9DD
:1023B0000020B9E100204446DBF8E4114C8008809D
:1023C000DBF8E00297E700200B9C8BF8E0014FF46C
:1023D000C872BBF82000D3460C900B9854F8289F85
:1023E000C08C09900B98D0F822600B98D0E90B8A2A
:1023F0000B980DAD00F1340115F0E6FD0B990120AD
:102400004FF4C87281F8E10171A829462CF0ACFEA6
:10241000049806F0F0F80B984FF4C8720999C0F8C8
:1024200030900B98C0F834800B98C0F838A0DA468A
:102430000B98DDF82CB0C1850C9820800BF13C0086
:10244000CBF82A6071A92CF08FFE5846002300F8C3
:10245000143F42F60811A0F80110C0F8B83150E955
:1024600003121688B2F8028000F5DC7280F8983307
:1024700000F56673039300F52773A0F89683A0F820
:102480009463C0E9A742C0E9E310019300238BF8ED
:102490009E330BF53073CBE9AE420BF52E720893E9
:1024A0000BF29E33CDF81CA0ABF89A83ABF898637F
:1024B000CBE9E010CBF888230293ABF89C83CBE9FF
:1024C000E310CBF8942301E0042008E7B1B21FFA2F
:1024D00088F0814200F23181A7F13405DBF89013D6
:1024E000112215F04BFA012029468BF8C0020BF29D
:1024F000C1201122DBF88C432DF0ABFCCBF8D84285
:102500000020089C8BF8E002ABF8D482ABF8D262D2
:102510000DA80A9A2146FDF787F8DDF83490B9F145
:10252000020F00F0128120469DF83910DDE9106598
:10253000BDF83E80BDF83CB0BDF83AA09DF83840EB
:102540000C91089006F08DF9B9F1010F00F00381AC
:10255000304629460DF066FA0DAD15F0B9FE284655
:102560001A46F7F7A9FE0C984BEA08410D9A44EA7F
:1025700000209DF8384040EA0A40012A00F0F0802F
:10258000DDF82CB0032C00F0F080042C40F0F78034
:10259000CDE90401129847F83C0CA81CDDE9102194
:1025A0000125BDF83E30BDF83C400690DBF89403B1
:1025B00047E9112127F8463C27F8484C0C90A7F131
:1025C0003400A7F1480114F039FB17F8344C222CE1
:1025D00077D0212C7ED10C9A57E90B0137F8306C5B
:1025E000D2F800801A22C14659F804AB4C460AFBC7
:1025F00002F30022002B61D0A588B5429CBFE5887C
:10260000AE4203D91A3B01321A34F3E7022955D1FD
:102610001A2190F800B002FB019145780C981A221B
:10262000099144680DA82DF014FCAAF1010A1A20A2
:102630001A220AFB009109982DF0CCFAC8F800A0E4
:102640000023D4F80080C8EBC8018A0004EB8100A5
:1026500000F1040C9A4208D0E1180879584504BFEB
:102660004879A84216D01C33F4E7B8F1070F23D8F5
:10267000BDF8340018220699ACF802000CF10400F1
:102680008CF801508CF800B02DF0E3FB08F101004C
:10269000206011E0881D0DAD0022062A09D050F8F7
:1026A000223055F8224045F8223040F822400132CD
:1026B000F3E7BDF84C00C883DDF82CB001360025E7
:1026C0007DE7E80760D1DDE9040114F0D9FFBBF82C
:1026D0009C83FBE617F8335CDDF81CA0DDE9040100
:1026E00014F0CEFF02990120232C087007D1039922
:1026F000032008700220CAF800000420F5E5A81E97
:10270000B0FA80F04509089805F0E1FB15F0DEFB12
:102710000020222C08BF002D06D10BF5E671D5A8AC
:10272000E4222CF021FD01204AF8040BD5A9E42273
:1027300050462CF019FD0120D7E502990120DDF863
:102740001CA0222400250870DDE7DDF81CA0032072
:1027500002990870CBE7DDF81CA0DDE90BB5C1E7F5
:102760009DF83950DDF82CB00BE09DF83A50DDF8BB
:102770001CA00A2D12BF022400252224B0E7002548
:102780000924DDF81CA0ABE700250924A4E700BF5D
:10279000EC2B04008C2B0400AC2B0400C833040089
:1027A000F0B503AF2DE9000FADF5295D8BB0824682
:1027B0000AF50A5941F2E4000AEB000499F81800FE
:1027C0008B460DF58858CDF858A0CDE9149BDFE86D
:1027D00010F00700F300DC0B5E0077004800870074
:1027E00099F80C10002289F80410CA46D9F808108C
:1027F00009F12005D9F814004B46C9F8001099F8E2
:1028000019100AF8722FC9F8100089F87310C9E975
:102810001A09C9E91803002089F8701089F87100B5
:1028200018681A7915F0BAFA90F85C23042A40F077
:1028300066800122012380F8702315F0B7F8D9F8DB
:102840006400027901680CA800F50E50F6F738FE16
:102850000DF5005090F8B003212852D1139517942C
:10286000CAE009F5F36199F87B07129109F120019B
:10287000119109F5EC65DFE810F00600A300880B64
:10288000E0054B004900D9F8744700F0BBBDCA46CB
:1028900017941AF8720FAAF152011391DFE810F0A1
:1028A00008009C00750BC7006600BC01470176005C
:1028B00099F87310AAF15205D9E91A03179CA8E7F1
:1028C000CA461AF8490FAAF12906DFE810F00600F7
:1028D0007D005E0BF4024A003000D9F844008AE221
:1028E0004C4614F87C0FA4F15C05002800F0C28669
:1028F000032800F05B87DFF8E0080FF010FF15F009
:1029000055F801208AF80000284698E1179515E34C
:1029100099F88807C0075BD14A4699F88997D2F899
:102920007C07D2F88017D2F884B700F00ABE4D4673
:10293000139615F8780F60B3032851D1C84618F8DC
:10294000760F70B303284FD14946179411F86E0FD4
:10295000129158B303284BD12E46D9F8540000F0F9
:1029600080BC1794139699F88040D0E299F8A4049B
:102970004D4609F1780809F2A44968B1169E03286A
:1029800000F0FE81DFF8400E0FF0C9FEDDF858B010
:102990009FE0D9F84C1079E3D5F8A064CDF84890C1
:1029A00009E199F87420D9F8700079E32E46D9F836
:1029B0005C00169C00F047BCDFF8100E0FF0AFFE75
:1029C000DFF80C0E0FF0ABFEDFF8080E0FF0A7FEDD
:1029D000DFF8040E0FF0A3FEDFF8000E0FF09FFEED
:1029E000DFF8FC0D0FF09BFEDFF8F80D0FF097FEFF
:1029F000DFF8F40D0FF093FED9F864400CA800F551
:102A00000E5015F0F9FA002510F006FC0DF50050F7
:102A100090F8B80309A901F50E5189F89800D1E999
:102A20000312C9E9241289F88C50C9F87840DBF800
:102A300000200CA800F50E5409F178082046414604
:102A4000F1F77AFF0DF5005090F8B053102D00F01B
:102A500079800DF58856611C3F2214F06CFF01202F
:102A6000314689F8710009F121003F2289F8205090
:102A70002DF0EFF9E81F072840D8DFE810F0080034
:102A80003800380038007600B7003800A401DDF8BF
:102A900058B042F2A82038220BEB000104F5F87080
:102AA0002DF0D7F90DF588560BF50A5921464FF44C
:102AB0000A723046D9F860502DF0A8F840463146E9
:102AC0004FF40A722DF0A2F80020C9F8A05289F83C
:102AD000A40242F2F8200BEB0004DDF854B02046CB
:102AE000594602F0ADFDC0BB204605F0A1FA16998B
:102AF000002001F50A5989F871007DE7002DF6D113
:102B0000169800F50A5999F8211099F870000529CE
:102B100089F8781008BF002840F08C80002089F8E0
:102B2000BE0389F8BC03D9F86000C9F8B803169849
:102B3000594600F50C542046FFF740F8002876D09F
:102B400006202DE1169942F210300844DBF80010FF
:102B500010F080FB18B1032020E107201EE113983C
:102B60001021DDF85090017065E0169901F50A55C5
:102B700095F85100022800F0268142F2A820014475
:102B800002A8302200F5995404F56C702DF061F91B
:102B9000404621464FF478722E6E2DF037F8002013
:102BA000C5F8A06485F8A404A5F89C04C5F85804E9
:102BB00005F2A4401290169942F2A86078220144CE
:102BC00015F008FA3446B14654F8086B95F8EC0055
:102BD0002346C6EB0611CA0000219AB393F874503D
:102BE000854265D0783A01317833F6E7169E42F295
:102BF000A420304406F50A5990E83E0088E83E00DB
:102C000099F87000B0B9002089F8CE0389F8CC0398
:102C1000D9F86000C9F8C803169942F210300C18B0
:102C200059462046FEF7CAFF08B10520B8E0204605
:102C300005F043FC13984FF48071A9F8711005F06A
:102C4000D5F9E3E10DF58850414606F04CFD002E24
:102C50006FD006A80DF5885100F51F5075222CF095
:102C6000D5FF0DF580504E4690F87551022D6AD073
:102C70000DF580500DF588547522B0F8766106A8E0
:102C800000F51F5120462CF0C1FF0DF58050A0F833
:102C900076610DF580504E4680F87551DFF84C0B8B
:102CA0000FF000FE204606F0BBFB0FF0C9FE4AE025
:102CB000C1EB0110169904EBC00401F50A5194F818
:102CC000290091F8A110884226D1D8E902E3D4E97D
:102CD0000056D4E90202D8E900C15A40714080EAA6
:102CE0000E00114385EA0C021043084314D11699D3
:102CF00042F20830014404F1100006F071FC58B1B2
:102D0000169894F8281000F50A5090F8A000814217
:102D100002D1DDF8489050E00DF588564146304626
:102D200006F0E1FC2046314678222CF06FFF4E463B
:102D300009E00DF58851204678222CF067FF01202C
:102D40004E46C9F800003046DDF84890FEF7C8FF4F
:102D50000CA8414600F50E547822E01D2DF079F8BC
:102D6000169E0C2021467F2206F50A5585F8F000B4
:102D700042F2713030442DF06CF8002085F82004C8
:102D800042F2703059463418204604F059FFC5B25B
:102D9000022D0AD1032089F800000420DDF85090AC
:102DA0008AF80000012003213EE1204605F0A7FE3D
:102DB0001DB1DFF83C0A0FF081FD012089F8000009
:102DC000404605F001FC16994FF4807001F50A5950
:102DD000A9F87100139805F009F9D9F81000CA464E
:102DE00009F12006179CD0F88800C9E910090020D5
:102DF0000AF8490F48460021C9F8200089F8481010
:102E00000279006814F0CEFF0A68B0F85A03013A5C
:102E10000A600028179440F01581EE484D4645F8A9
:102E2000240F0CA800F50E5014F0ECFB09A800F5D7
:102E30000E51C86800287DD0D1E904124C46002309
:102E400044F8342F44E902120121A0462175FB21E8
:102E500048F80C0DC4E9011320462946FBF796FDFE
:102E6000C0B2022862D10DF50051F720A1F8B203DB
:102E70000DF50051042081F8B0030CA800F50E51A7
:102E80002046FBF745FBC0B202284FD10020D9F8FD
:102E90002010169BC9F84C1042F2D02189F8480046
:102EA0001944D9F83C2098E8380038C1179C89F8B3
:102EB0009000C9F85C20169942F2CC2017940C18A7
:102EC00059462046F1F7D4FD10B1032000F02CBC88
:102ED0002046139605F0FAF9D9F820500CA800F511
:102EE0000E5015F089F8002410F096F90DF50050F9
:102EF00090F8B80309A901F50E5189F88040D1E98D
:102F00000312C9E91412C9F8605089F858001699DB
:102F100042F2D020002C01EB000800F0F383032CD8
:102F200000F0CE83DFF8CC080FF0F9FB00F10408C5
:102F30001396FFE113964FF0160802E2D9F8808746
:102F40000020D9F88467C9F88407002E5AD0D9F830
:102F50007C572868002842F034834FF0FF3009F591
:102F6000F1692860287B68B114F077FC05F12C002A
:102F700010F0D5F8494602A891E81C0000F59950D8
:102F80001CC019E0A8684A4600EB800105EB8101EE
:102F9000C1E90486183192E85800002858C118BFCA
:102FA00001306968A860814204BF0120287305F1DF
:102FB000240010F0A7F8002614F001FE56B90AF517
:102FC0000A59D9F88407D9F8881704F078FF0DF565
:102FD000885807E30AF50A54D4F88407D4F8881708
:102FE00004F06DFFC4F880870DF58858C4F8846735
:102FF00002A800F5995090E80E00052089E80E001F
:10300000A146FCE2DFF8F00702F084B999F8041059
:10301000D9F80000F1F7BEFB99F80410D9F80000C8
:1030200005F0FAF80020012189F818100DF5295D46
:103030000BB014F034BF139E002089F84800012023
:1030400089F88000306805680279D5E9000111F03F
:10305000EDF90C4600F51073D5E902120CA800F545
:103060000E5013F01FFB0DF50050216890F8D903A6
:1030700001392160C0072FD000204D4605F8780F98
:10308000139655F8581C45F82C1C179C0868C84620
:103090000A79002108F8761F08F8022C48F8060C77
:1030A00089F87520C9F8500014F07CFE90F85C2374
:1030B000042A04D190F85F238AB3212000E01C2069
:1030C0000A68013A0A60012117941C28297088F8BF
:1030D000001000F0DC80139E30681396D0F800904A
:1030E00090F80480D9E900014246F6F767F90C46EA
:1030F000F6F730FD20680DF5885101302060002082
:10310000C1E9000088600DF5805181F80C0102A82A
:1031100000F59950112104302CF0A7FE16E190F82B
:1031200067232E461794D2070CD00DF50054B0F843
:103130006C33A4F8DC37D0F8683309AC04F50E54CE
:10314000C4F834340DF50054B0F85432002AA4F811
:10315000B433D0F8503209AC04F50E54E36006AB3A
:103160000CAC03F51F5304F50E5418BF1C4690F821
:10317000569208682268A0F10100A58808601192A3
:1031800018BF4FF001091698DFF8701600F50A50C5
:10319000006D103005F073FD0C4690F83E110229C9
:1031A0001CD12068013820601698002300F50A50D1
:1031B00090F87520016D0CA800F50E50F6F780F917
:1031C0000DF5005090F8B003212827D0179C354604
:1031D00079E700BF03000400B8330400D0F83111D0
:1031E000ABB2119A5140B0F835215A401143D8D1B1
:1031F00090F8371181EA0901C907D2D100F1200105
:103200000CA800F50E5012F0D9F90DF50050216808
:1032100090F8B003013921602228C5D1169C002006
:1032200004F50A510A4602F86E0F129252F81E0C6B
:1032300002F8089C89460830119922F80A5C42F885
:10324000120C42F80E1C42F2E02142F2E7236258CF
:103250002144E250E218D1F80310C9E91502C2F87E
:103260000310DFF89C15083005F0EAFC0C46DBF88B
:103270000010054600F5387014F03AFC95F83E0150
:10328000022809D115F005F888F8000030704FF0D9
:103290001C084FF0000959E0D9F85800B5F835116D
:1032A000828803685140D5F831215A40114326D114
:1032B00095F8371180794840C00720D10CA805F156
:1032C000200100F50E5012F079F90DF5005021683B
:1032D00090F8B003013121600121222808BF0321A9
:1032E000129A1A2811700CD0354621281BD022289A
:1032F0001ED10320287088F80000052014E214F085
:10330000C8FFD9F8500099F87530D0E900120CA820
:1033100000F50E50F6F798FB0DF50050354690F885
:10332000B003212804D10120287088F80000D2E6DB
:10333000179CC8E699F8480018B1D9E90A0114F0B9
:103340009FF948464FF0000980F8489022AE02A845
:1033500000F5995141F2780214F0AFFD18AC0DF56B
:103360008851201D24222CF074FD012000258AF8AC
:1033700000003146DDF858A041F278020AF16C00F5
:10338000CAF86850CAE902558AF80480CAF8009061
:103390002BF0EAFE179A41F2041050442146C2E98C
:1033A00006551446D560156028222CF052FD13985E
:1033B0002565A56405F055F8DAF8000030B35C34F3
:1033C00051464FF48A5220462CF020FC0AF50A5947
:1033D0000DF58858D9F81000494641F8200FC1F87A
:1033E000B80701F5EF6081F8C857C1F8BC9781F8BC
:1033F0005B5781F8E05001F5E865C1F854474C602F
:10340000CDE911100020C9F8704705E0504605F0DD
:103410005AF9DDF85090F9E589F87A0720682279A1
:10342000D0E90001F1F7DAFBA9F87807002089F864
:103430009407D9F87007C9F87C07DBF8002002A8C8
:1034400000F5995409F27C712046F1F7C1F9D8F8DA
:103450002802002840F0D28004F108011795D8F81E
:103460002C02424691E86800002868C200F0E8801B
:10347000C9F86007012089F87A07414691E82C00D5
:1034800042F6E41050442CC0179DD5E902010CF01F
:10349000C9FA002900F00D8100781B3810F0FD0FEB
:1034A00027D00020D9F8708789F87A070AF50A50E2
:1034B00029461022B0F87897A01C2CF0CAFC0CA862
:1034C0006CCC00F50E5108466CC0228802800AF5CB
:1034D0000A501222A0F8809741F208100AF50A5902
:1034E0004044C9F87C0742F6022050442CF0B1FC5D
:1034F00024E5D5E902010CF095FA002900F0DB8003
:103500000678D5E90201D9F870B70CF08BFABD4BFB
:1035100002460C4611460120224611F0D9FEA6F1C2
:103520001D024B46B2FA82F2C3F87C07C3F880173B
:103530004FEA5219002283F8899783F88827C3F845
:1035400084B7CDF84CB00022179509AB03F50E53A4
:1035500007C309A800F50E5011F07AFE0446C00713
:1035600061D109A8454600F50E5011F085FE82464E
:103570000CA800F50E5B88464FF400714FF40076FE
:1035800058462CF072FCA04BB8F5007F28BFB0461F
:10359000404659464FF4007211F0B4FD9B4A434631
:1035A00014F047FC02A8594600F599564FF40072F2
:1035B00014F083FC0DF580500DF58051C5F828847A
:1035C00080F82E95200CA1F82C0531461398683010
:1035D000F0F79CFEDDF850900120DDE915BAA84611
:1035E00089F88807179D99F87A0718B1D5E900017D
:1035F00014F046F80020D9F870470DE7032089F849
:103600007B0799F8E807DFE810F005005800C004D0
:1036100012015301D9F8DC07D9F8D817C9F8E01717
:10362000C9F8E407FEE0DDF85090012089F888072A
:1036300017984168D9F8600714F022F8DDE915BA47
:103640004FF48070A9F87A07119805F067F9D9F856
:1036500010000025D0F8904004F1E00084F8EC5010
:1036600010F01EFE204610F09FFE4C4604F87C5FD2
:10367000A4F15C05002042F2A8224AF8020052445C
:10368000012642F2B62389F8346003265060108187
:103690000AEB03020421A9F84C6002264AF8030051
:1036A000C9E90801A9F8410089F84060506010722A
:1036B00051E0574A4DE0574A4BE057480FF02FF87A
:1036C000169942F2E420DBF8002001440CA800F532
:1036D0000E50F1F77DF809A800F50E51C868C8B979
:1036E0000C6934B3D1E90560C9690CF09BF979B371
:1036F00005782046314613F0C3FF45F00200032849
:103700003FF499AC002089F87C00D9F86000C9F832
:103710006400D5E7DBF80010032089F880004046FC
:103720000FF098FD58B104208AF800000120042110
:103730007AE401204FF01C0889F88000FAE513981C
:10374000006801790068F1F725F84FF01908F1E5F4
:10375000324A13F0F5FF81421FBF411C296000EB84
:1037600040000AEB80001EBF42F2A822815C0429BF
:103770000FD1012020700AF58A5004F0BAFDDAF862
:10378000000000287FF442AC504604F09CFFFFF795
:103790003DBC024442F2D92089F85810511C5044D3
:1037A0000B222CF056FB002089F8780042F2D8203A
:1037B00014F071FC10B9D9E90801CCE70320062107
:1037C00020700120FFF730BCC8320400D833040059
:1037D0008C2C04005C2C04003C2C0400F833040006
:1037E000D8230400CC2A04008C2604003C000000EE
:1037F0003E0000006C2C040039000000344F04002F
:103800009C260400BC2C04001C2C04002C2C04005E
:103810009C2C0400AC2C0400E83304007C2C040035
:103820009C2B04000021C9F8F00789F8041842F61F
:1038300070200AEB0004DBF800200DF588502146CB
:10384000F1F77AF80DF5805090F8000110283ED07D
:10385000129E0DF588554022294614F06CF83078F8
:10386000072804D080BB012089F8E807ECE602A80D
:1038700005F1080100F59958382208F5F8702CF088
:10388000E8FAD9F8E0670CA800F50E5541464FF468
:103890000A720DF5885814F0C7FC204629464FF4EB
:1038A0000A722CF0B3F90020C9F8186A89F81C0ACA
:1038B00042F670200AEB00045946204601F0C0FE93
:1038C00038B9204604F0B4FBD9F8E407AAE703208E
:1038D00000E0042089F8E80709F5847699F80001EA
:1038E000DFE810F006004403530358003D003200A7
:1038F000002089F89503D9E90810C9E90A1009F2EE
:103900009531C9F8B002139141F61201C9F8C80106
:10391000A9F89913002189F8DC1489F8981309F59E
:103920006671C9F87004C9F87414179602A814F0E7
:1039300025FBF6F721F9D8F82862022E3DD10320A5
:103940001399087000F0C3BD99F85005002844D0C1
:10395000032840F00E8399F8342300F0D0BF99F883
:10396000140209F505710D91002840D0032840F09C
:10397000038399F8060209F59C7409F206250028CC
:1039800055D00328CDE9124500F0E7865FF87001B5
:103990000EF0C5FE99F8950309F295311391DFE811
:1039A00010F00900EE02F4020800AC004E0016020E
:1039B0006200BAE7D9F8B002A6E70FA8211D00F50A
:1039C0001D505C222BF0D0FB284604F0DCFDF007F4
:1039D00012D00224179E00F06CBDD9F84025D9F80A
:1039E0004415D9F84865D9F84C0500F073BFD9E9FA
:1039F0008250B64600F095BD0FA8179E00F51D55E4
:103A00005C22304629462BF0AFFB0020C9F8640148
:103A1000D9F8080140B10120D9F8C841C9F86401BA
:103A200099F81001032853D1022400F03FBDD9E9D1
:103A30004E31D9F80022B9F8040200F080BE179682
:103A400042F230600AEB000502A85A4600F599548C
:103A500029462046FEF71EFAD8F82862022E40F0CA
:103A60007E8005206CE799F8E00309F5707E09F582
:103A7000787CDFE810F0050087028A02BA0067044C
:103A800009F57075179623CD09F57372002323C2CB
:103A900009F2F44809F57672A9F8D83309F57E7B66
:103AA000B1F800A04C8809F5797189F8F43489F8E7
:103AB000E43342F60303A9F8F244A9F8F0A4C9F8E4
:103AC000E804C9F8EC14C9E9FE25A9F8E533DFE0FC
:103AD000D9F80C11112289F89C0342F21D60C9F833
:103AE0009813504405F109012CF0B3F9002089F82E
:103AF000C00309F56670C9E9EC40179602A814F0F6
:103B00003DFAFEF7C7F9D8F82862022E01D1042049
:103B100016E706A8211D00F51F50E4222BF024FB18
:103B2000284604F037FA012E5BD142F24C400AEBF2
:103B3000000806A8E42200F51F5140462BF014FBB4
:103B400002A8414600F59954012213F008FF0DF533
:103B50008050179E14F0B4FB6AD102248AE00CA8AE
:103B6000211D00F50E50E4222BF0FEFA284604F049
:103B700011FA012E35D10CA80DF5885500F50E511E
:103B8000E42214F021FA02A8294600F599540022F3
:103B900013F0E5FE0DF58050B0F82863022E20D01A
:103BA0000DF5235BA11C182258462CF052F902A8EF
:103BB0000DF5885100F5995A00220223504610F065
:103BC00091FD0DF58050B0F82883B8F1020F40F058
:103BD000BF80DDF858A00AF50A59DDF854B00DF59C
:103BE00088580224179E00F061BC99F8F40409F586
:103BF0007E7B09F2F448179600283FD0032840F056
:103C0000C58199F8E60409F5816409F2E6430028C4
:103C100000F095800328CDE903B3CDF81480CDF8EA
:103C200024C040F0B6810020CDF820E01090B3E130
:103C3000D346CA460DF5885914F0ECF942F23650D5
:103C4000494658441822AAF8B4522CF002F902A8A6
:103C5000414600F5995401220223204610F042FD0E
:103C60000DF5805014F02CFB31D1D146DA460224F8
:103C7000DDF854B00DF5885800F018BCD9E9FE25E0
:103C8000D9F8E804D9F8EC14B9F8F244B9F8F0A47A
:103C90000023C9F8002489F8E63409F5996309F589
:103CA000806207C309F581630B9309F2E643A9F823
:103CB000E244A9F8E0A4C9F80454C9F8D404C9F846
:103CC000D8140021A9F8E444C9F8DC2489E214F0EE
:103CD0009CF9AAF8CE5242F2505099E87E0058441E
:103CE0007EC0414602A800F59954022213F037FE27
:103CF0000DF5805014F0E4FA19D00DF5885914F040
:103D000089F942F26A50494658441822AAF8E85202
:103D10002CF09FF802A8414600F59954032213F0B5
:103D20001EFE0DF5805014F0CBFA40F0BA80D1465B
:103D30000224DA46DDF854B00DF5885852E709F54B
:103D400099620B94B9F8E244B9F8E0A407CAB4E761
:103D500006A80AF1020100F5235A182214F036F8D9
:103D6000DDF858C042F2B8500CF50A596044A9F881
:103D700036639BE87E007EC0514642F2D2506044DA
:103D80001822A9F85083E2462CF063F8E248022199
:103D9000C9F891030DF58858E048C9F88D03E0484B
:103DA000DDF854B0179EC9F88903DE48C9F88503C9
:103DB0000020A9F86A1389F88413D9F8C81189F882
:103DC000C40409F56170C9F85814C9F85C040CA85A
:103DD00009F5667500F523505A462946F5F7CCFEDD
:103DE00009A800F50E50D0F84C05022801D1062094
:103DF000A6E50CA909F5B47001F5235160222BF05A
:103E0000B3F9284604F0BFFBD9F86801002840F058
:103E10000983179609F59F6642F2EC300AEB000120
:103E200030465C222BF0A0F90020C9F85405D9F8DF
:103E3000F804002800F0F2820120C9F8540599F82E
:103E40000005032800F0EA82D9F8FC14112289F851
:103E5000AE0342F22F60C9F8AA1342F2F531504482
:103E600051442BF0F6FFB04809F57072C9F8A5036C
:103E700009F2AA31AD4809F5787CC9F8A10309F522
:103E8000707EAB48C9F89D03AA48C9F89903002081
:103E900089F8E003022089F89803D9F8C80123C201
:103EA000F2E514F0B2F8AAF8025342F2845099E80D
:103EB0007E0058447EC0414602A800F59954042271
:103EC00013F04DFD0DF58050DA4614F0F9F903D1E9
:103ED0000AF50A5902242DE7A11C0DF58854182271
:103EE00013F049FD42F29E500AF50A59504421460A
:103EF0001822A9F81C532BF0ACFFD9F86401D9F8AB
:103F000008118842BFF469AE162142F28C3200FBE0
:103F100001A10130D9F8C8518E58C9F86401881838
:103F20000479032C3FF455AE411D02A800F59958C1
:103F3000112214F04CF8DDF858A042F21D60414601
:103F400011220AF50A59504489F89C43C9F898632C
:103F50002BF07FFF0020DDF854B089F8C00309F58D
:103F600066700DF58858C9E9EC5069E572480EF0A5
:103F7000D6FB72480EF0D3FB71480EF0D0FB7148AF
:103F80000EF0CDFB70480EF0CAFBFEDE6F480EF05F
:103F9000C6FB6F480EF0C3FB02A8159A00F59950B6
:103FA0002146FBF741FB0DF58855D5F82892B9F16C
:103FB000020F00F034830DF58051D5F830020790E0
:103FC000B1F82EA30DF58051D5F83C021290204691
:103FD00091F82C430DF58051D5E98DB891F82D63FA
:103FE0000B9004F03EFCB9F1010F00F02483584619
:103FF00041460BF017FD024602A80B4600F599500A
:1040000013F0A9FC44EA062040EA0A420DF580506C
:1040100090F82C43D5F828020128169800F50A5983
:1040200000F01A83032C00F02B83042C40F0338320
:104030000DF58854069204F50C73A7F16005A7F1FD
:1040400060080FCB0FC5A01C00250C9002A800F53E
:104050009950D9F8DC9402300D9000201090A7F10F
:104060005000414612F0EAFD17F8504C222C71D056
:1040700057E91212212C37F84CAC40F0E980052AA0
:10408000C0F0FE8002A800F5995011F071F80DF50E
:104090008050B0F82803B8B10DF58850D0E98C3BBA
:1040A00013F041FE90F82C430DF5805090F82D034D
:1040B0000E900DF58050B0F82E63300A222C10902F
:1040C00040F0E1800A9322E00D990DF5885014220A
:1040D0002BF0BFFED9F800402088002840F0D580A2
:1040E000D9F804000C990AF048F880B10DF5805019
:1040F000012190F8130120710DF58050B0F80001F6
:1041000021804FF6FF718842608000F0BE800AF186
:10411000010A0125A3E700BFC44CB6110F47A293C3
:104120004FC411833CC448DC7CCA71D1A4411B97A5
:10413000D4DA17B7E382950B18340400483404002E
:104140007834040068340400FC2B04008C2B040039
:10415000EC2B040002A85FEAC57C00F59953169881
:10416000A7F12401A7F12C04A7F15005A7F125061A
:1041700000F50A594FF023020AD0A7F130010DF5DE
:104180008853A7F13C04A7F13805A7F13106222294
:1041900007F8302C092207F8242CD3E9002E2368D5
:1041A00030780C78CAF307212D68DDF80CB02E0C9E
:1041B0001091BCF1000F0F92CDF848E0CDE90D3021
:1041C00059D0222C02960A9540F07382DDE906014F
:1041D00013F056FAB9F8E444DDE908ECDDE90438F7
:1041E0001099CDE903B3A0B2CDF81480169D0F9EAF
:1041F000DDE90DB810911FFA8AF18142CDE908EC92
:104200000C9400F214820DF58854D9F8D8141122B8
:1042100013F0B1FB0120214689F8080442F28960BD
:1042200028441122D9F8D4542BF013FE00200B9C03
:1042300089F828040C98A9F81C041298C9F820548D
:10424000A9F81AA4CDE90CABCDE90E860690A3E639
:1042500017F84F0C55460E9057F8400C129037F84F
:104260004E0C37F84A6C030A0F9282461698109348
:104270000D9100F50A59069AC5EA0648012013E097
:104280000A2405239346B24604E00A9B4FEA1A200B
:10429000212410901698190CCDF834B000F50A5965
:1042A000069AC3EA014800200C9007991046DDF8F1
:1042B00054B013F0E5F90498012505700B9803F04C
:1042C00006FE05980570039804F047FA10995FFA06
:1042D0008AF040EA01260C9810B1DDF824C04BE0CA
:1042E000D9F8D003222C408808BF0646DDF824C048
:1042F000A4F1210002283FD2B9F8D803A9F8DE635F
:10430000012840F06A81B9F8DA03002499F8DC83C7
:10431000DDF858A018F0300FA9F8E60389F8E48317
:1043200000F06281A9F8D6640130179E0DF5885817
:10433000DDF820E0A9F8D404D9F8CC0389F8D844F2
:10434000C9F8D00442F268600AEB0005CDE908EC38
:1043500002A800F5995029465A46F5F7ADFD0DF52E
:10436000805090F82843232C40F0058104200999BF
:1043700008700720FFF7E4BACDF840804FEA1845EF
:104380004FF000084FF0010B01208CF80000089856
:1043900004F06AF9BBF1000F04D04FF000084FF0B1
:1043A000020A11E00DF5005117F8620C81F852096C
:1043B0000DF5005137F8640CA1F850090E981099CA
:1043C00044EA0020C1EA0541A9F86C030DF5005349
:1043D0000D984FF41852C9F874030F98169CC9F839
:1043E00070130DF50051C9F878031298C9F87C03D1
:1043F00004F5185091F85219B3F85039817042F20F
:104400007870A9F86E632618A9F86AA3A24689F8FD
:1044100083830DF58858DDF854B0A352304603F07D
:1044200003FD179E42F236500AEB0001B9F8B44280
:1044300005A800F52555182213F0A0FA42F24E50B7
:104440000AEB000105F1180013F051FC42F268502C
:104450000AEB000105F1320013F049FC42F28250F0
:104460000AEB000105F14C0013F041FC42F29C50B4
:104470000AEB000105F1660013F039FC42F2B65078
:104480000AEB000105F1800013F031FC42F2D0503C
:104490000AEB000105F19A0013F029FC42F2EA5000
:1044A0000AEB000105F1B40013F021FC304603F0E3
:1044B000BBFC07A805A900F5175001F52551CE2230
:1044C0002AF052FE13990120032C087002D1032018
:1044D00000F019BF0BA807A900F51A5001F51751F4
:1044E000CE222AF041FE304603F0D8FD022C00F027
:1044F0002A824D4642F2B22025F8304F0BA9504493
:1045000001F51A51CE222BF0A4FC002005F5F27122
:1045100085F8E40105F1D80E55F8040C0D91C5E9B4
:104520007650C9F81002294631F8B62F012000262E
:1045300005F1820305F13404C9F82C3105F1680353
:104540004FF0050CC9E94206023AC9F814617646F3
:10455000C9F8283105F14E03C9F83001C9F8100136
:10456000C9F818C1C9E94754C9F8243118BF0A4627
:10457000C9F83421A1E0D8F834020F90D8F83802F5
:1045800012900DF580501796B0F82A630DF5805003
:10459000D8E98BBA90F829030E90284604F020F849
:1045A000222C0FD1B9F8DE03310A1090F4B2B9F819
:1045B000E6034FF0010A99F8E4830E910646DDF810
:1045C00024C017E0DDF824C04FEA1B45CDF834A025
:1045D0004FF00008CDF840B0D4E614244FF00008A6
:1045E0004FF0010B0025CFE61096064600204FF055
:1045F000000A0E90D9F8D4034FF0000BC18927F8B8
:10460000641C017C07F8621CD0F802100D91D0F8F0
:1046100006100F91D0F80A1012910588B4E605999A
:104620000320DDF850900870049908709FE6002080
:1046300022240C900DE04FEA1A20CDF83C80109017
:1046400001200C901698DDF81C8000F50A59CDE980
:104650000DB6DDF854B02EE60DF58850D0E98C810A
:104660000D9113F060FB90F82D030E900DF5805026
:1046700090F82EA30DF5805090F82F031090FDE5D3
:104680000DF5805090F82E130E910A290BD10020C1
:1046900022240C900CE0DDF830A009240A9D029E33
:1046A00006981290E8E500200224109001200C905A
:1046B000FBE5069A0A9B0299F3E542F29C3102223D
:1046C0005144002338B1022811D0D9E94545A5420B
:1046D0001AD1C9F81031D9F83001012805D1D9F81B
:1046E00034410020C9F834019CB9C9F81021306860
:1046F000012840F08780D9F80C41C9F80C31002C12
:1047000000F08080022004E0651C51F82440C9F8C4
:1047100014512588012DD5D10021608889F8061211
:104720000221D9F8102209F20625DFF8AC3E09F57E
:104730009C74A9F80402C9F80022C9E94E31CDE9F8
:1047400012450024A9F84201032089F86041C9F804
:104750005821C9E9513189F8400102A80AF50F54DE
:1047600000F599505A462146FAF75EFFD8F828A27C
:10477000BAF1020F00F0D680D8F8300210900DF593
:104780008050179690F82C530DF58050D8E98D96EF
:1047900090F82D030F900DF5805090F82E030E9099
:1047A0000DF5805090F82FB3204604F05AF85FEAD8
:1047B000CA701DD1484631460BF034F9024602A8B2
:1047C0000B4600F5995013F0C6F80F9945EA0B60B7
:1047D00040EA01200E9940EA01400DF5805191F820
:1047E0002C53D8F82812012922D1109912F048FF31
:1047F000DDF858A001201399232D0AF50A590870F5
:1048000028D192E00124304689F8144203F084FC58
:10481000D9F82C00DFF8C41D00F16805284604F023
:104820000FFA41F28C028358FBB10023002522E0ED
:10483000109912F025FF1399012008700920082D06
:1048400008BF2220032D08BF0220DDF858A005462E
:104850000AF50A59129803F024FE222D6BD1D9F8DB
:104860001001DDF854B0179E27E70244DFF8703DD1
:104870001460D0E900020C6801340C60002D62D095
:10488000C9E944024FF00008D9F82800A9F81881B6
:10489000C9E94253D0F8904004F1E0000FF0B0FDB8
:1048A00020460FF081FD0120022184F8EC00D9F8A8
:1048B000280080F8941042F2B020D9E90A2150442F
:1048C00089F85085C9F84865C9F84C05C9F84025EC
:1048D000C9F84415D2F89030002289F87424C9F838
:1048E0004834C9F84C14C9F8500489F87823C9E948
:1048F000DC1089F83423C9E94860C9F828315AB175
:10490000032A0AD199F8440309F5517430B10328F8
:104910001ED1D9F840031FE0A5E179E109F54E70F9
:104920000068A9E11399032008700D99032008700D
:10493000042000F0E8BC0D9901200870179803F0DE
:10494000EBFBDDF854B0012089F80001FEF77CBED6
:10495000DFF8940C0DF0E3FED0E900125B46D56859
:1049600000F1080202A800F59950A8470DF5805003
:1049700090F82EA5BAF1030F00F008810CA802A947
:1049800001F5995600F50E504FF4017231462BF0A7
:104990003DF9D9F83C03BAF1020F00F06F810DF533
:1049A000805191F82FB50DF58051B1F82C55018A41
:1049B00019B1418AA94240F0B6800CA80DF588547F
:1049C00000F50E514FF4017213F034FC09F596789E
:1049D000012089F84403214640464FF401722AF031
:1049E000C3FBD9F82C1389F833B3B1F5007F89F8EC
:1049F00032A3A9F8305300F2DD83D9F82401A9F8D5
:104A00003853B0F8862095422CD1DDE915B5202920
:104A100040F0A380341D4146202212F0ACFF05F582
:104A20000A590DF58851D9F8285105F14000C1F80F
:104A30002802E2490968C90540F06B840068002833
:104A400040F0BF854FF0FF3005F1440128640CA809
:104A500000F50E5022460023EFF736FE286C013099
:104A6000286400E1DDE915BA179BDDE91264B0F8AE
:104A7000B620022A5AD0B0F8BA20AA4256D108EB82
:104A8000010009A901F50E51C1E98E8002A807A90C
:104A900000F5995001F5175421460AF017FE0DF55F
:104AA000805090F82803012800F0DB800DF588562F
:104AB0000AF50A59D6F82C02062800F2D480DFE85D
:104AC00010F00700CE013F017F01020127027202B0
:104AD00009A9022001F50E51C1F8B045C1F8B4058D
:104AE00005A800F52550ECF7A3FE20F07F41C2B2E7
:104AF0000546162A4FEA112840460AD00E20152AEC
:104B00001FBF09AA02F50E52D2F8B425002A40F0C0
:104B100005830CA9072201F5235108700DF50050FB
:104B200090F8F018ABE1DDF854B0A7E0082917D3EE
:104B30008288954214D113F050FB00200DF580526D
:104B4000B9F83231B9F83041B9F82E61A1F829032A
:104B500099F82C1182F828133AE005F50A5982E0F9
:104B6000092918D3028F954215D113F036FBB9F8F5
:104B70002D01A1F8290399F82C0111900120B9F811
:104B80003331B9F83141B9F82F6121E0DDF858A08F
:104B90000320207042E002290BD3B0F85220954246
:104BA00007D113F01AFBB9F82C01A1F82803022051
:104BB0000EE0B0F86C00854253D1002951D00DF5BC
:104BC000805198F800000AF50A5981F8280303205B
:104BD0000DF5805289F83C03002042F2BD51B2F835
:104BE000282389F85C03119889F846030AEB010031
:104BF0002AF801200DF5805191F82A131793A9F88E
:104C000044331394A9F842431296A9F84063817083
:104C100042F2BC5013F03FFA28B3042089F8340361
:104C200009F5587199F87803119150B3032840F0B1
:104C3000758399F8940309F5607109F56572CDE9FA
:104C40001212D0B3032840F0588399F8900309F565
:104C500064731793A0B3032840F05283D9F88CB340
:104C60008AE30AF50A59002009F5517489F84403CA
:104C7000D9F82001C9F83803C9F83C03C9F8400342
:104C80006AE64E480068C00540F04383DFF88C09AF
:104C90000168002940F00183D0F88410082980F0D1
:104CA0001C83002201310260C9F86803D0E90223A5
:104CB000C9E9D823C0F8841040E3D1F800B04AE332
:104CC000D9F884B34FE307A800F517500FF0E2FFBF
:104CD000C007C8D139480068C00540F01A83DFF822
:104CE00018492068002840F0E08201F0010013F02C
:104CF00001F994F87010012907D1002184F870108F
:104D0000A16E002918BF0131A166226E0021002A80
:104D100052D0D4E91A13002B04EBC305AA6785F817
:104D2000740018BF0133E366994204BF012084F880
:104D3000700012F0E3FC04F110000FF09DFA39E06E
:104D400009A800F50E50D0E98E0188428BD01B498E
:104D500000780968C90540F0DC82DFF8A4482168C2
:104D6000002940F0A28213F0C5F894F860100129E0
:104D700007D1002184F86010A16D002918BF01310E
:104D8000A165226D0021BAB1D4E91613002B04EB02
:104D9000C305AA6685F8640018BF0133E36599422C
:104DA00004BF012084F8600012F0A8FC04F1100098
:104DB0000FF058FA2068411C216054E704ED00E030
:104DC00007A800F51750ECF776FC4FF6FF7120EAC4
:104DD0000101C00718BF012108067FF444AFE7486E
:104DE0000068C00540F09582DFF810482068002870
:104DF00040F05B82080C13F07DF894F85010012904
:104E000007D1002184F85010A16C002918BF01318E
:104E1000A164226C0021002ACED0D4E91213002B09
:104E200004EBC30504F11806AA65A5F8540004F1C3
:104E3000080518BF0133E364994204BF012084F8D8
:104E4000500023CD002204F1080312F040FF07C3F5
:104E5000002DAFD012F0C3FF013D0836F8E7012066
:104E6000C6E98A4002A813F002F8C0F30721C3B2D2
:104E70000722022B03D00122C00700F02B82072A51
:104E80003FF4F1AE002A00F0EF80BC480068C00596
:104E900040F03F82DFF86C472068002840F0058230
:104EA0004FF0FF302060207E012808D100202076BE
:104EB00020690130B0F1080218BF02462261D4F81F
:104EC00084200020002A00F0CD80D4E9040304F1FE
:104ED000640604EBC3052977591C2A62B1F1080264
:104EE00018BF0A466261904204BF01202076D4E9CF
:104EF00002010022E56D12F0EAFEE265C4E902015A
:104F0000002D00F0AD8012F06AFF013D0836F7E792
:104F100007A800F5175009F0EFFFC1B203293FF4CD
:104F2000A2AE96490968C90540F0F381DFF8C04692
:104F30002168002940F0B98112F0DCFF94F860107C
:104F4000012907D1002184F86010A16D002918BF44
:104F50000131A165216D0022002900F0DD80D4E936
:104F6000162320F07F4004EBC305002B04F1180644
:104F7000C5E9190104F1080518BF0133E3659A4238
:104F800004BF012084F8600023CD002204F108034F
:104F900012F09DFE07C3002D00F0BC8012F01FFF31
:104FA000013D0836F7E702A807A900F5995001F579
:104FB00017510AF0B6FB0DF5805090F82803012830
:104FC0003FF451AED6F83452002D7FF44CAED6F8F3
:104FD000306207A800F5175009F08EFFC2B200F446
:104FE0007F41032A08BF081D6FF0020151FA80F1CA
:104FF0000229FFF438AE61490968C90540F089818A
:10500000DFF808462168002940F04F8112F072FF56
:10501000217E012907D100212176216901318A1ED3
:1050200018BF0A462261616DD1B120F07F40D4E9FA
:105030000423284303EB430504EB8505C5E907601A
:10504000581C6962811E18BF014661618A4204BF13
:105050000120207612F052FB04F134000FF016F913
:10506000206801302060FEE50DF500520DF500507E
:10507000424C92F8F5380DF50052B0F8F108B2F84C
:10508000F3580DF5005292F87C272468E40540F0AF
:105090004081DFF874452668002E40F0068141EA21
:1050A000002045EA034121F07F4141EA026C4FF0C4
:1050B000FF322260227E012A08D100222276226954
:1050C0000132B2F1100318BF13462361D4F8F42063
:1050D0000023EAB1D4E90435010C05EB450604EBE5
:1050E0008606B083681CB177B0F110017262C6F811
:1050F0001FC018BF014661618B4204BF01202076AA
:1051000012F0FCFA04F1DC000FF0A2F82068431C56
:105110002360A8E52068421C2260A4E509A84FEAA4
:10512000114A00F50E510224D1F8B005C1F834043B
:10513000C1F8384406A800F51F50ECF7DDFBC007A6
:105140000B464FF000000AD1CAB20E23022A1FBF3D
:1051500009AA02F50E52D2F83824002A31D1D9B268
:10516000204400EB0121C0B201F47F42022808BFB5
:10517000D11CCBB2032B03D1080ACAE404ED00E032
:105180000E20022B3FF4C5AC0DF5005080F8F588D9
:105190000DF5005080F8F45821F47F4009A9104320
:1051A00001F50E510022C1F84C050FA800F51D5164
:1051B0005046B2E4DFF8583400204FF400720DF08E
:1051C000FCF8109109A800F50E50D0F8344402A85C
:1051D00000F5995021460AF079FA0DF5805090F8C3
:1051E0002803012806D10DF58050022490F82933B8
:1051F0000020B4E7D6F82C22A446022482B30E2362
:105200000020012AABD109A9022001F50E51C1E904
:1052100003C00CA800F50E50ECF75AFB12F079FD14
:10522000234632D0C0074FF00E031FBF09A800F578
:105230000E500069002828D009A800F50E50C1685A
:1052400002A800F599500AF041FA0DF5805090F847
:10525000280301282CD10DF5805090F8293314E053
:10526000C6E98AC402A812F002FEC0F30729C1B23F
:1052700002294B4609D00E23C00706D002A812F01F
:10528000F6FD12F046FD23460AD102240020169AAC
:10529000DDF854B002F50A5961E7E1480DF0C8F9AC
:1052A0000E23C007F1D000230BE0D2480DF0C0F967
:1052B0000DF588500E23D0F82C92B9F1030FE4D2EB
:1052C00001235FFA89F01099000440EA046001F0BC
:1052D0000104DCE707220E21D1E50021D74B016054
:1052E0000DF5805080F82813D248009002A9D248CA
:1052F00001F59952B9210DF0EAF9C7480DF00FFAFE
:10530000C4480DF00CFA89F8000101200521FDF7D1
:105310008BBEB6480DF0D2FA0DF0DEFA42F2046010
:105320000AEB000402A812F06EFD0DF5805090F813
:10533000280323281AD0204603F0CEF90020DDF8F8
:1053400044B089F8940309F56570139009F560700D
:10535000C9F880B312900020C9F884B389F890038B
:1053600009F564701790C9F888B303E00420DDF8EC
:1053700054B0B4E0C9F88CB39A49DBF80800096866
:10538000C905C6D1A74903F05BFC0646F0E8024810
:105390008946DBE900A50AF01CF8221A68F1000131
:1053A000BAEB020375EB01030ED2CBF80020D9F85B
:1053B00000000130C9F800001698CBF8041000F581
:1053C0000A59D9F888B3D5E7AAEB0204A04217D945
:1053D00002A806F1080100F5995840460AF045F880
:1053E0004046214603F08DFC0DF58858002800F05A
:1053F000808041680139416021432FD0047840E02A
:10540000DDF854B056F824CF06F10408DDF858A0B2
:10541000DBF800204FEACC01D2E90054424649B102
:105420001346083958680832844204BF1868854218
:10543000F5D135E0BCF1080F04BF30460EF01CFF7B
:105440002968204688473268072A28D848F8320059
:1054500008EBC2004160501C306021E002A806F158
:10546000080100F599500AF040F8D8F82802002801
:1054700042D00DF5805090F82C4306F168000EF0F4
:1054800005FF1AF1010045F10001CBE9000112F01E
:10549000F1FE0120DDE915BA0870002005E070BBBF
:1054A00012F0E8FE0320087001200121C00718BF98
:1054B0000321139A0AF50A594FF0010011700DD11A
:1054C000002189F8804389F84414D9E9DC121A32A2
:1054D000C9E9E1121299C9E9E3101FE7032089F82D
:1054E000780399F8740490B104284BD0D9F8785413
:1054F00011E04F480CF0A0FF4C480CF09DFFC26833
:1055000008469047484805E7204603F0E5F8D9F8F3
:105510004854C9F8785433480068C0057FF4F9AEA0
:10552000286800284DD112F092FE04D105F1380010
:105530000DF0E8FD297BD5E90102904201D1C907B0
:105540002FD00026014600282E7318BF0131696054
:10555000296805EB401020220131296042F2D46114
:105560000AEB010400F10D01202520462AF032FB50
:10557000D9F8501409F58F62D9F84C049C3189F898
:10558000386533C242F2F8600AEB000402A812F058
:105590003AFC0DF5805090F828032328B4D104205C
:1055A00008E012F05AF905F130000DF0B8FD12F0E4
:1055B00006FB0320032189F8740489F8501505209F
:1055C000A1E604480DF06EF90FF0B6FD0DF038FAC3
:1055D0000DF082F9500000002A2504003C2304004D
:1055E0004C23040004ED00E0DC2C04003700000034
:1055F000708D0020E84A0400F08A0020908A002084
:10560000708B0020A0890020708C0020308A002040
:10561000301F0400FC220400601F0400E08B002007
:10562000184B0400342F0400180000001C23040051
:105630000C230400944C0400DA4B0400984B040043
:10564000F0B503AF2DE9000FA9B0044690F82C0285
:105650008B4690B1032840F05E81A04618F89A0F5F
:10566000DFE810F007005C016501DF00F8001501BC
:10567000C500A66FD4F8945017E0D4F8285206AEAF
:1056800006F1400004F5F87112F0CBFD20463146DA
:105690007822D5F888502AF0B9FA0026A04608F8F2
:1056A0009A6F48F8065C48F8226C4FF4807004F159
:1056B0004001A4F89800204612F0B3FD0120E567F0
:1056C00084F83200002E08BF264630460FF05EFEFA
:1056D000002800F0998001CDA146E063208E49F8B2
:1056E000385F0490D6E900010FF0A4FE0390D6E9DC
:1056F00002010FF09FFE0290308D0190D6E9080163
:105700000FF0B4FECDF81480D8468346D6E90401E4
:105710000FF0C8FE0546D6E906010FF0C3FEA2460B
:105720004AF8A09FAAF814000198AAF80E0002985F
:10573000AAF80C000398AAF80A000498AAF81250D4
:105740005546AAF810B0C346AAF808000020DDF8B4
:10575000148005F8240F04F1B60004F1A8010E220C
:10576000C4F8A4902AF075FBD9F8040000F2646034
:10577000C4F8C80004F1C800594609F0D3FD002858
:1057800064D0D4F8A4000168002084F8D00004F1AB
:10579000B600C4E932101BF0E7FE002200232146C8
:1057A000002808BF222301F8803F4FF0010381F851
:1057B000503081F844300B764A60487058D04FF032
:1057C0000009022800F0828084F8989091E86D002A
:1057D00021468AE86D0004F1B800382284F89990D7
:1057E000E56F2AF036FB84F8EA91C4F8305104F1F1
:1057F000B80524A85A462946EFF7FAF99DF8900013
:10580000232859D106204EE004F1A00000262146AD
:10581000382284F899602AF01CFB84F8D261C4F81D
:10582000185104F1A00524A85A462946EFF7E0F9DB
:105830009DF89000232801D1032034E0284602F08F
:105840008EFE4FF48070A4F8990053E00320287076
:10585000042028E0254615F8C40FA5F1240ADFE846
:1058600000F004606603530084E7DAF8009072E702
:10587000E06FA4F8A02002C8C4E95601208EA4F865
:10588000540104F5AC7084F85621C4E9290A04F1E6
:10589000A40524A85A462946F5F72AFB9DF890004E
:1058A000232803D1052088F8000020E0284602F0D4
:1058B0001BFE4FF0000909E0284602F050FE94F864
:1058C000A0002338B0FA80F04FEA5019002084F885
:1058D000980094F8990018B194F8320011F0FAFE8B
:1058E0004FF48070B9F1000FA4F8990002D00321A1
:1058F000012004E0204602F003FE0121002084F88C
:105900002C1229B012F0CBBA94F8D000C0070BD1FA
:10591000D4F8CC003FE709480CF001FF06480CF032
:10592000FEFE04480CF0FBFE01480CF0F8FEFEDE23
:1059300084370400342D04000824040008340400D3
:10594000F0B503AF2DE9000F95B0814691F8320014
:1059500001F1390B8A461446DFE810F00600E50035
:10596000F0005D00AC007900DAF82C000021012283
:10597000AAF83010CAF8280080F89420DAF8280035
:10598000B64A12F0C1FB40F0D1800278C378022AF7
:10599000017011D0B0F801108DF8282041EA0341C0
:1059A000D0E90136ADF82910090CCDE90B368DF898
:1059B0002B100AA903F0F7F8DAF82800D0F88C00C9
:1059C0000C300EF01DFD0DF003FA12F015FB002651
:1059D0000DF00EFCDAF82820CAE90801D2F88C3064
:1059E000CAF8383001238AF831308AF83C60CAF8A6
:1059F0004C11CAF87460D2F88810CAF8C81040F286
:105A0000AF71CAE91A36CAF870108AF8D460CAF8B9
:105A100048018AF85061CDF804900AAD0AF1680196
:105A200022462846FBF7C6FEDDE90A69009486F0A7
:105A3000020050EA09080CD121680AF5A4700DF0A3
:105A400009FC70B10199022008700320FEE026686D
:105A5000D2E005F1080C02A9B6469CE87D007DC1A4
:105A60007646B8FA88F044090AF1680002F012FAA2
:105A70004FF0000E002C40F0DC800121CAE90069E3
:105A80008AF8301002AA0AF1080C92E87B000AF1A9
:105A900020028CE87B00DDE900498AF831E007CA82
:105AA000D2F88C20CAE91C0102F10C008AF878E0D7
:105AB000CAF868009AF83C000AF17008DFE800F0C4
:105AC000033B3E0C0800DAF83810CAF8401005E035
:105AD0002668DAF860104FE0DAF8401026680AA865
:105AE000324609F059FB9DF8280008B1032026E052
:105AF0000B99DDF82900CDF84F1013909DF8300078
:105B0000DDF84F201399CAF84320CAF840108AF8EC
:105B100047000DF05DF94FF4803200230DF068FB73
:105B2000CAE912011FE04C480CF0F9FD4C480CF09A
:105B3000C5FE0CF0D1FE4B480CF0F1FDFEDE8AF8FC
:105B40003C003146DAF8680009F0E2FA48B1404614
:105B500031460DF07FFB20B1022089F800000420BF
:105B600074E000203BE0CAE914010022DAF83810A2
:105B70008AF85820CAF860100AA8324609F00CFBCF
:105B80009DF82800012815D0DDF82D009AF947105E
:105B9000B1EB206F0BDADDF829100216ABF80B0021
:105BA000000CCBF807108AF847208BF80D00DAE9D3
:105BB0001201D8E70AF1500031460DF04BFB08B155
:105BC0000420BCE7DBF80700BBF80B109BF80D20A6
:105BD000CBF8000001208BF80620ABF804108AF8FF
:105BE00038000AF140000024514620228AF8304053
:105BF0002AF02FF98AF88C400AF1400531462846F0
:105C0000F8F7C4FB20B1022089F8000005201DE050
:105C10002846CDF8049002F0B5FF00209AF838E04D
:105C20008AF83000DAF839000890DAF83C00CDF84C
:105C30002300019A00208AF831000898DDF823102B
:105C4000C2F80100012082F800E051608AF83200B9
:105C500015B011F05FBE00BF2834040004ED00E071
:105C60003700000038340400F0B503AF2DE9000F11
:105C70009BB0054691F8F20090468B46A8B10328E8
:105C800040F09482D94619F82D0FA9F11D0ADFE8DA
:105C900010F007009002AB028000AC005E016C01C6
:105CA000CDE90C85DBE909855BE0DBF8E000002647
:105CB000CDE90C85D846DBF8E4105D46D0F88800C5
:105CC000DBF8E72008C8CBF8EE2040F2AF72CBF843
:105CD0008430002348F8800F45F8EB1F0EA80EF023
:105CE000C5FBDDE90E104FF0010CCBE92E104FF093
:105CF000F60E9DF85A008BF8DA00BDF85800DDE981
:105D00001239DDE91042CBE9345C5D46ABF8D800CE
:105D10004FF47020CBE930424FF4F022CBE9323916
:105D2000002345F888EFCBF8AC60CBE9236ECBE9D4
:105D30002566CBE92766CBE92960ABF8B0600EA8F1
:105D40000DF06AFAD9460BF1100A09F82D6FDDE95A
:105D50000E129DF84000CBE90012CBE909858BF8C3
:105D600008000026CBE906858BF82C60E86C80B330
:105D7000D8E900010122DDE90C85CBE9040101F538
:105D8000BA60ABF841608BF82C20CBF820A0CBE9AF
:105D90000EA0D8F800400BF1300630462146F4F74B
:105DA000FDFC08B10320CCE1304602F0F7FBDBF844
:105DB0001C00C16C01290ED1816CCDF82890CDE971
:105DC0000C850A6819928A888979ADF868200B9148
:105DD00025E00D9DC9E1806C00228BF84C20DBF89A
:105DE0001820CBE90C20CBF838100BF130010EA8AD
:105DF0004246F8F70BFE9DF83800232801D1042015
:105E00009DE1222840F0C8800020CDF82890CDE9FF
:105E10000C85ADF868000B901990DBF81C00D0E9F8
:105E20000C01DFF8DC43A0470990DBF81C00D0E947
:105E30000E01A0470790DBF81C00C06C0590DAF853
:105E40000400F4F775FB0890DBF81C00D0E90001B2
:105E50000FF0F0FA0690DBF81C00D0E902010FF019
:105E6000E9FA0646DBF81C00058DD0E908010FF0C1
:105E7000FDFA8046DBF81C00D0E90401A04781460A
:105E8000DBF81C00D0E90601A04700215C4604F8BD
:105E9000511F0B9A04F8142C059A012A88BF01217E
:105EA00004F8151C079924F8171C099924F8191CE3
:105EB000199924F8020C069844F8131CBDF86810D0
:105EC00024F80C0C089824F8049C44F821AC24F81D
:105ED0000F1C24F8068C24F8085C24F80A6C04F8DB
:105EE0000D0CDDF82890DDE90C850BF152000BF16B
:105EF00038011922CBF834A029F0ABFFDAF80400FE
:105F000000F26460CBF86C000BF16C00414609F0C4
:105F100009FA00283CD0DBF834000BF152040021D0
:105F200000688BF87410CBE91B0400210EF058F8C0
:105F3000C0B220B920461BF03DFA002846D001200F
:105F40004FF0000A8BF851008BF8740029E05C4692
:105F500014F8510FDFE810F0060042014801050077
:105F60003200D1E7DBF830A0BFE7594611F84D0FFA
:105F7000CA1C0292D8B1032840F02D81DBE90CA0A5
:105F80000791CDF828900D95DBE90E95067847E04E
:105F9000032020700520D2E09DF840000B90DDF832
:105FA0003CA012F02DF800268BF82C60DDE0DBE938
:105FB0001043DBF848A09BF84E6024E09BF8740087
:105FC000C00740F00E81DBE91B04AEE7012000268C
:105FD0008BF8510059468BF87400DBF81C00D0E9AF
:105FE000122321F84D6FA1F10D0C51F8390C144614
:105FF000CE7200F1080A8CE80C040A4600F5BA607B
:1060000042F8030F02925846CDF8289000F84C6FE2
:10601000A1460D951D46079140E907A040E90543BB
:1060200078490AF576700FF05DF90C46D8F8001043
:10603000019100EBC600D1E90012CDF830800DF0DF
:106040006EF82068704B01302060DAE900120EA86B
:1060500002F005FE4FF45E70DDE90E8101FB008366
:10606000C5EBC504A9F107004FF0000932460890BE
:10607000CDF824A0CDE90565CDE90343984532D09C
:106080004646494696F85C0309F1010908F55E7831
:10609000032804BF96F86E039042EFD1002D0B91B8
:1060A00079D02546089C06F5107A45B1073450464C
:1060B000214611F07FFA073D0028F6D006E0DDF812
:1060C00024A0DDE90525DDE90343D7E70420DDF859
:1060D00024A086F85C0396F85E0300286CD1304655
:1060E000F3F738FD01E04FF0000A10985646DDF84E
:1060F0002890DDE90C8511F05DFC0320BAF1000F5A
:1061000018BF01200799087018BF012611D0002080
:106110008BF82C00DBF8140000F5BA6002F070FD7B
:106120000C460221017408300CF0ECFF11F09CFCCD
:1061300013E0DDE90110F8F7A3FD70B10620D8F8EF
:1061400000408BF82D00584621460DF083F810B121
:106150000320012119E000260AE09BF82C0008B179
:1061600011F04EFF00208BF82C00012089F8000070
:10617000584602F063FA0EB10B9801E04FF0000AA6
:1061800028720120C5F804A000218BF8F2002960D4
:106190001BB011F0BFBB042086F85C0396F85E03C9
:1061A00000289CD006F25E341A4808E013480CF030
:1061B000B6FA11480CF0B3FA144806F25E340CF04B
:1061C00071FB204603F0FEF9114803F0FBF90CF0D7
:1061D00037FC0CF081FB05480CF0A1FA05480CF0E7
:1061E0009EFA03480CF09BFAFEDE00BF2C2B040045
:1061F00094370400342D0400C42E040058340400E5
:10620000A55402005C2904006C29040072000000FF
:10621000E409040071000000F0B503AF2DE9FC07AC
:10622000824690F820000AF10C08894620B1032824
:1062300016D1DAF81C602CE05046414690E84C003C
:106240004CC10EF079F9C0B2022841D08AF8210081
:10625000C0072E492C4818BF0146CAF8181002E0A2
:1062600028480CF05CFA404603AA90E870001346F8
:1062700070C36E4630460EF045F89DF800000428C5
:1062800026D096E80E0040460EC0DAF81860CAF82C
:106290001C601F480068C00525D1306840BB4FF026
:1062A000FF30306006F1D800D9E900120CF037FF5A
:1062B00011F0F3FC307B98B90EF03EF9C0B2022821
:1062C00006D09AF82110884202D1DAF81810CAE7ED
:1062D000002001218AF8201006B0BDE80007F0BDBB
:1062E00001200321F6E70B480CF0E8FA0CF0F4FA71
:1062F00009480CF0D7FA0EF01FFF0CF0A1FB0CF0D0
:10630000EBFA00BF88340400E08D0020C08E00202E
:1063100004ED00E03700000050000000B0B502AF0F
:1063200088B00168DFE801F0042E282A26343C2CCE
:10633000D0E90101CDE900016846029030480CF037
:10634000B1FA30480CF070FA2F48049002A803907C
:106350002E48069003A82E490590A7F1090005AA2A
:106360000CF04EFA2B4801210CF098FB0CF068FB66
:1063700008B0B0BD1F4806E01F4804E0184802E01E
:10638000184800E01D4808B0BDE8B0400CF096BACF
:10639000446817480CF086FA20460CF075FA19E0AC
:1063A000D0E9015410480CF07DFA10480CF03CFA8A
:1063B000DFE805F0020D0406002009E0022007E0F6
:1063C00003200CF03AFA20460CF040FA02E00120DB
:1063D0000CF033FA08B0BDE8B0400CF031BB00BFA0
:1063E0004A00000044000000450000004401000095
:1063F0003B0000003A00000046000000470000009B
:10640000430000000B000000A03904006B270200CD
:106410003D0D04009F440400F0B503AF4DF804BDEA
:10642000C0B0044600206A460F230025B5F5807FE2
:1064300004D05619535108357060F7E74FF4807057
:10644000C9B2A0820020C4E902104FF4807120601C
:1064500084F81802206104F58C7029F006FD04F11F
:10646000180069464FF4807228F07EFE40B05DF857
:1064700004BBF0BDF0B503AF2DE9000FC5B0157832
:10648000044616460B46DFE805F008825C5F268668
:10649000B06BD243C21A2AAC0B007268002052E0E3
:1064A00011F0CEFE0F2296F8018028A811F080FD91
:1064B0004FEA082052460E3049463346C5E096F86A
:1064C0000280317A72684FEA082096F801B096F897
:1064D00003900B30B9E096F801B0042084E0B6F8E0
:1064E0007D0006F10901ADF89C00732296F87F004B
:1064F00096F8088096F87CA01E468DF89E0028A885
:1065000029F0A7FC4FEA0A20414633460D309CE0B3
:10651000707A06F10A01039015227078D6F805A06A
:10652000029096F802B096F8038096F8049028A896
:1065300011F03EFD0298524603993346000209309D
:1065400083E07268022080E096F8088006F1090175
:1065500028A8172211F02CFD41463346032065E0A0
:10656000D6F80B002890B6F80F00ADF8A4007078AC
:10657000B178000296F803B096F8048040EA014032
:10658000B17A0730D6F8062096F805905DE096F8C7
:1065900001B0012028E0307A06F10901039073224E
:1065A0007068019096F801B096F8028096F8039012
:1065B00028A8029329F04DFCB6F87D0006F1800171
:1065C000ADF89C00812296F87F0096F87CA08DF8AB
:1065D0009E0004A829F01AFB03990520DDE9012398
:1065E00033E096F801B00C202FE07078B178F278A3
:1065F000000296F804B040EA014096F8069040EA9E
:106600000260D6F80720063096F805801DE096F85F
:10661000018006F1090196F8089028A83F2211F0A0
:10662000C7FC4FEA0820494633460A300DE011F016
:1066300007FE272296F8018028A811F0B9FC4FEA3E
:1066400008205246494633460830C4E9BE0304F1E7
:10665000090062607322217284F8039084F802803A
:1066600084F801B0257028A929F0F3FBBDF89C003F
:106670008822A4F87D009DF89E0084F87F0004F134
:10668000800084F87CA004A929F0C0FA002084F8D6
:10669000000345B0BDE8000FF0BDD4D4F0B503AFA2
:1066A0002DE9000F89B0814691F8000392460C460F
:1066B000B8B1032840F0028194F83D0104F58478D4
:1066C00004F23D1BDFE810F00600FD00000135007C
:1066D0005B008700D4E94C21D4F83851D4E9443028
:1066E00015E0D4F8FC22002004F53E7104F584780E
:1066F00002F50A7304F23D1B84F83D014FF49070DB
:106700002546C4E94430C4E94C21C4F83841002688
:1067100004F5A47C84F83C6184F890616D4EC4E972
:106720005023ACE86300C4E94621C4F82051C4E911
:10673000423004F5A07503AE524630462946F9F7BB
:1067400093FE0398092801D103204FE0012084F82B
:106750003C0104F5927011F0A3FD284602F0BCF84C
:10676000D4F82461022E16D10020D4F8182184F820
:106770006C01D4E94201C4F84811C4E9502004F581
:10678000A07506A852462946F9F772FB069E092E07
:1067900004D104202AE0D4E94AAB36E0CDF80880E1
:1067A000DDE907800190284602F002F8082E29D181
:1067B00004F58C73DDF80880002004F5A07C0ECB76
:1067C00084F890014348D4E94256ACE86200C4E939
:1067D0005323C4F8540104F5A07506A8524629466F
:1067E000F9F742FE069E092E06D105208BF800001F
:1067F00011F0B4FB03205DE02846DDE907AB02F0B1
:106800006BF802E0C246DDE901B84FF48070A4F8ED
:106810003C01404602F046F8082E48D02E480CF0C5
:1068200041F82E480CF000F894F8F8122C48DFE8F4
:1068300001F0390814160E2226183412320C1024D6
:106840000A002E482EE00E2028E00B2026E02848E3
:1068500028E0244826E0092020E0274822E02548B7
:1068600020E007200BF0E9FF94F8F9020BF0E5FFB8
:1068700004F2FA2016E01D4814E00D200EE01A4D37
:106880000620A84794F8F902A84794F8FA02A84706
:1068900004F2FB2006E00A2000E008200BF0CDFF08
:1068A00004F2F92000780BF0C8FF0CF0C9F80120C1
:1068B00089E8400C84F8000310F0DEBF04480BF0B8
:1068C0002EFF02480BF02BFFFEDE00BF003104005C
:1068D000B8340400F0300400420000004101000020
:1068E000E4090400D94B04003B280200FD4D0400DC
:1068F000FC4D0400FB4D0400FA4D0400F94D04006A
:10690000F0B503AF2DE9000FADF2545D824691F86A
:10691000D80190468B46A0B1032841F099805D468E
:1069200015F8410FA5F13504DFE810F006009B08CB
:10693000DA082C0060008500DBE90521DBE90E3078
:1069400013E0DBF80010584640F8081F0026041D2D
:106950004FF4907150F8043C054605F8396F03F583
:106960000A72C0E90321C0E90C300026CBE91132DC
:106970008BF840608BF89460CBE91310CBE90730BB
:10698000CBE903219BAE0BF144013046FAF780F9C5
:106990009E98042801D1032056E00120CDE914542B
:1069A0008BF840000BF1240096E83E003EC0DBF877
:1069B0003010DBF82490032908BFB9F1020F08D08A
:1069C000DBF82C40DBF83460BBF82A00BBF8285019
:1069D0004BE00020DDE914548BF87000DBE9030183
:1069E000DBF81C20CBF84C10CBE911200BF144064E
:1069F000E0A842463146F9F73BFADDF88093B9F159
:106A0000090F01D104201FE03046CDE91454DDE91F
:106A1000E15401F0CDFEB9F1080F47D10020DDE9C6
:106A200014548BF89400DBE90301DBE90723CBE97D
:106A30001313CBE911200BF14401E0A8FAF728F970
:106A4000E399042907D10520287011208AF8000055
:106A5000032000F0F2BFCDE91454BDF88603BDF861
:106A60008453DDF88093E29CE49E0022CDF84CA094
:106A700002298BF8402015D0032900F06F87C80742
:106A80001DD1DBF81020AA42C0F07D8615982A4659
:106A90000168E0A80DF0DAFEE09878B1DDE9E15494
:106AA00000F059BF4FF00F0800F05ABF0020CDF89A
:106AB0004CA08BF84000280C00F050BFE29EDBE9B0
:106AC00003123046DFF8803E0EF002FC0A46A91B96
:106AD000914200F24886DE900844DF90DEAEA7F1D6
:106AE0006000314608F0F2FD11F0EDF80CD117F816
:106AF0005F1C881EC0B20B2880F02B87DFF84C1E6D
:106B000031F8105000F027BF57F85C0C0E2800F247
:106B10001F87A7F160020DF58E61951D0DF58B6243
:106B2000D41C0DF58C6201F10108069201F1070AEF
:106B300002F10509DFE810F00F00F0009900A8004D
:106B40005100F8000E01CC0055018C0024014200D8
:106B5000680004011C00A7F16000DEA9EAF798FDB7
:106B600011F0B1F800F08A8057F85C0C00227DE14A
:106B7000CDF84480A7F16008DEAE4046314608F00B
:106B8000A5FD11F0A0F8B2D057F85C0CA7F1DC0914
:106B900047E9376000264846EAF79AFEC0F3072126
:106BA000C2B2022AA5D0C00700F09082102E00F0D9
:106BB0003F8108EB060001360171ECE7032047E94D
:106BC0001860A7F16000EAF783FE0546C0B202280C
:106BD00040F01D81A8B2010A8BE7A7F16000DEA991
:106BE0000EF08AF811F06FF83FF481AF57F85C0CA3
:106BF000012800F00782002840F0AA8604204546BC
:106C0000059000201090A4E0042047E92960A7F136
:106C1000A400EAF75DFE11F07CF8A24600F02F8692
:106C2000C00711D0A7F1A400EAF766FE8A46C007A4
:106C300040F025865FFA8AF002281CBF57F8A09C16
:106C4000B9F1000F40F0C6834FF00E0A00F017BEF6
:106C5000072010F092FF17F8DC6CC24617F8DB5CD7
:106C60001C2E40F0E78029462FE3A7F16000DEA943
:106C7000EAF70EFD11F027F840F0F58017F85F0CE9
:106C80000F2207F8F00C1DE2062047E9376010F0EC
:106C900070FF10F05AFF18BF00F07F4111444FEA17
:106CA00011413FF426AFC0070F9100F0C180A7F15A
:106CB0006000A7F1DC01EAF798FD57E9180117F821
:106CC000585C80F00202114340F0BC81294610E775
:106CD000022010F052FF17F8DC6C17F8DB5C1C2E5A
:106CE00016D044461B2E00F0B086A7F1DC00A7F1B9
:106CF000600117F8D69C57F8DA8CEAF72CFE17F8E3
:106D0000DC1C17F8DB0C1C2940F0B7810546A046B7
:106D10000F22A7F1F001D4E1DDE9DE01884273D052
:106D200000781090012012E0A7F16000DEA908F0C1
:106D3000CDFC10F0C8FF40F09D8017F85F5C5DE16E
:106D4000DDE9DE0188425FD0007810900D200590CB
:106D50004546D9E1A7F16000DEA907F0F5FD17F877
:106D6000600C1B283FF4C3AE109037F85B0C57F84B
:106D70005F1C80B202900620129105904546C3E147
:106D80000220A7F1E40147E93960A7F16000EAF7C2
:106D90002CFD57E9180117F8589C80F002021143A6
:106DA00000F0DB84C0071CBF57F8E00C002800F09F
:106DB0008A8157F8E41CA7F1A40537F8520C0E900D
:106DC000284657F8566C17F8574C109108F07EFC7F
:106DD00017F8A40C012840F0C88117F8A39C00F014
:106DE000BCBCCDF84480A7F160080220314647F8CA
:106DF000640C404647F8686C08F068FC10F063FFCC
:106E000041D117F85F1CFFE2022500F0A4BDE8079E
:106E10000ED0A7F16000EAF76FFDC0077FF469AEFE
:106E2000C8B202281CBF57F85C0C002840F0C18291
:106E30000E215EE61B2E00F0068617F8D60CA7F191
:106E40006001119057F8DA0C1290A7F1DC00EAF714
:106E500082FD17F8DC8C17F8DB4CB8F11C0F40F002
:106E6000D680214631E257F85C0C0222010C030463
:106E7000029127E1DDE9DE6057F85C5C801BA842E7
:106E800038D20425BAE057F85C0C08F1040AA7F1DF
:106E9000A40947E92960A7F1E40000F102080026EF
:106EA000A7F1E4004946EAF756FD17F8E40C17F895
:106EB000E31C1C2800F0A88298F804201B2807F87F
:106EC000E82CD8F8002047F8EC2C00F01E81042EA6
:106ED00000F099828AF80000013657F8EC0CCAF8E5
:106EE000020017F8E80C8AF801108AF806000AF187
:106EF000070AD5E7002E00F08180B5F5807FCDF838
:106F0000448040F0A88506F1010906F1170110221E
:106F10003578D9F80000129099F806001090B9F869
:106F200004000F90307A0E90F07B0D90D9F80F008E
:106F30000590D9F808000490B9F80C000390B9F84E
:106F40001300029099F8150000900DF58C6028F060
:106F500080FFD6F8310006F13801CDF85004432205
:106F6000B6F83500ADF85404B08D089096F83000AE
:106F7000099096F83700019096F827000C9096F843
:106F80002E00079096F82F000A900DF20C40B9F8E9
:106F9000278096F82BA099F8299028F05AFF96F8A8
:106FA0007B0006F17D010B90832296F87C40E0A8DF
:106FB00028F04FFFDDE9110305220099ADF8588450
:106FC000417380460299A0F80B10039981800499BF
:106FD00001600599C0F807100E988DF870040D989F
:106FE0008DF87704DDE90F108DF85A9441EA0040DE
:106FF0008DF85BA48DF80B44029000E00F2207F897
:10700000F05C68E10420059001201090A0E617F8DC
:10701000D60CB8F11B0F07F8640C57F8DA0C47F8D8
:10702000680C00F01085A7F1DC00A7F16001EAF719
:1070300092FC17F8DC1C17F8DB0C1C2940F00981C6
:10704000014642E1C007CDF844803FF4F1AEA7F11C
:10705000DC0037F8524C57F8568C17F8576CEAF7A3
:107060005FFC10F072FD18BF00F07F4111444FEA41
:10707000114940F08B8149463BE517F8D62C1B2976
:1070800007F8A02C57F8DA2C47F8A42C00F0DD8480
:1070900017F8A02C45EA08238DF87524054657F803
:1070A000A42CCDF871245FFA89F2120207F8F06C73
:1070B00042EA1862A04642EA014102910DF58E6152
:1070C00007220D7007E14FF00E0946E3A8880490EF
:1070D000D5F80080D5F80700B5F80B106A7B17F8D3
:1070E000545C0F95119D17F85C3C17F85B4CC5F884
:1070F0000700180440EA1640029030046A731290A8
:107100000E200590A5F80B1005E1A888A7F1DC0971
:10711000109028680D90D5F807000B90687B0A90B6
:10712000B5F80B0017F85B1C0990A7F160000F91F0
:10713000143017F8541C47F8606C0E9157F85F1C18
:107140001291494690E82C00A7F160002CC1A7F1EC
:107150006801EAF700FC17F860AC17F85F8CBAF129
:107160001C0F40F0488141464EE10B9457F8A04C6B
:1071700005962E1DCDF83490CDF844804FF00008D0
:107180001CB30220129347F8640C109847F8680C5F
:10719000A7F16800EAF7C4FB0546000CA9B2022972
:1071A000C1B20DD0E8070F914DD0A7F16800EAF702
:1071B0003FFBC2B2C0F30F2C162A0BD15FFA8CF141
:1071C0001520A7F1EC0300220EE01520A7F16C02B8
:1071D000002421E00F99152A35D007F8EC0CC0F3F4
:1071E0000740A7F16A032A0E1870013C17F8EC0C4F
:1071F000152808D129F0FF00A7F16C0200EB010966
:107200001620129B08E007F86C0C41EA022917F8D7
:107210006A0CA7F16E026346107017F86C0C162802
:1072200000F09982152800F00881B8F1080F00F0ED
:10723000968117F86E1C08F101083171F370B07077
:1072400026F8069B9CE71520A7F1EC0300220E21EF
:10725000BAE70E901B2917F8D60C07F8A00C57F8C0
:10726000DA0C47F8A40C0F9100F0ED83A7F1600051
:10727000EAF7F1FA010A1090C0B20D91022824D069
:107280001098C00700F0DF83A7F16000EAF7E3FA87
:10729000010A0C90C0B20B91022816D00C98C007BE
:1072A00000F0D183A7F16000EAF712FB10F052FD65
:1072B0000A92114609D0C00700F0C583A7F160000B
:1072C000EAF71AFBC00700F063820F22A7F1F0096A
:1072D000D04689F8001017F8F01C0F2A3FF409ACCB
:1072E000109145469DF85B149DF85A040E91BDF827
:1072F0005814129341EA00400390B8F80400049037
:107300009DF80B040D909DF877040592D8F8008045
:107310009DF870440F90D5F80700119095F80D90E6
:10732000B5F80BA0DAA8069E96E82E002EC00DF246
:107330000C414322BDF85404ADF86403DDF8500459
:10734000D890C7A827F010FFA4A8E0A98A2227F0A8
:107350000BFF029A4AEA09418DF88742100CCDF8DA
:1073600088828DF886021298DDF88652000C40EA79
:107370000249049A4FEA1840DDF81480DDF804C091
:10738000DDF80CE040EA0244280CE9E2C007009670
:1073900004943FF44DAD10F0ECFB10F0D6FB18BF99
:1073A00000F07F4111444FEA114434D12146FFF7E8
:1073B000A0BB0E4657F8601CA7F1DC00EAF7AEF957
:1073C00017F8DB0C17F8DC1C012940F0CB800146D4
:1073D000FFF78FBB57F8A45CA7F1600047F8DC5CAF
:1073E000294608F0D6F917F8600C002800F0D28082
:1073F00017F85FAC43E2BAF11B0F1CBF57F8640CDF
:10740000002840F0DB800E210F22A7F1F00421704C
:10741000DDF844805FE7C0073FF40AAD10F0A9FB38
:1074200010F093FB18BF00F07F4111444FEA114A5E
:1074300040F00C815146FFF75CBBA7F16009A7F152
:10744000A40109F10205342247F8A48C10F096FA41
:10745000A7F1DC042946A61C342210F06CFA484639
:107460003146342228F0F5FC201D57F860CC1290EC
:1074700009F104004FF0000810904FF0000E0023B7
:1074800047F82C8C47F8DC8CE6450FD210990EEBB0
:107490004E000EF1010E31F8103001EB4000017981
:1074A000408847F82CEC40EA014002E0152161F3E6
:1074B0000700C1B2152900F0FE80002B00F04581C5
:1074C00057F8DC8CC0F30741129E08EB480206EB2C
:1074D00042055200C2B1063A36F8064B9C42F9D139
:1074E00016F8044C16F8035C16F8022C06F8021C79
:1074F000152126F8040CA7F16A0607F8EC5CA7F141
:10750000A40507F8684C19E0C0F30F22B8F1070F83
:107510000ED8297108F10108EA701522A870A7F1A8
:1075200068062B80A7F1A40547F8DC8C152105E03F
:10753000A7F1EC05A7F1680607F8A40C297017F865
:10754000A41C17F8EC9C1529327003D117F8682C8D
:10755000162A99D1152918BF4FF00E09F7E04FF000
:107560000E09F8E057F8DA1CC5EA00400A0A40EABA
:107570000160000A40EA0260129017F8D60C00067B
:1075800040EA1120000A029006F0010010900B2042
:10759000FFF7F3BB02200B9447F8D80C57F8580CB0
:1075A000129057E91540109057F84C0C119010F0BC
:1075B0008BFA0E46C0076FD0B24660E137F85B0C1D
:1075C000089017F85C0C0C9037F85E0C079057F891
:1075D000680C0DF073FBC0F307215FFA80FCBCF16F
:1075E000020F3FF411AFDDE909200D9B42EA004292
:1075F000119803600B9BC0F80730A0F80B20120C09
:10760000109B42730DF58C6283800F988DF8700487
:107610000E988DF8770499E8290029C20898ADF8EA
:1076200058040798129AADF86E040CF001008DF81A
:107630005A0430043FFA80F040EA0263100A08223C
:107640008DF86D848DF86CA40290E0E6C0073FF4DD
:10765000EFAB10F08EFA10F078FA18BF00F07F410F
:1076600011444FEA11413FF444AAC0073FF4E0AB94
:107670000F98ADF8770428040290002012900320A0
:107680000590ADF87B44119D009CADF87DA4ADF84C
:107690007994ADF8601437E5A7F160002946EAF760
:1076A0003DF817F8600C17F85F1C01280C915ED1AB
:1076B000DDF830A0E3E0A7F1600000F0C5FB57F86B
:1076C000DB0CA7F1DC06CDF8780406F1080057F8CA
:1076D000D81CCDF87B140DF58C6190E83C003CC1C2
:1076E0000B2206F1290157F8C30CCDF8580457F8BE
:1076F000BA0CCDF8500437F8B60CADF8540437F88E
:10770000BF0C089017F8C40C0C9017F8BD0C07902C
:1077100017F8BC0C0A9017F8BB0C099017F8B40CBA
:1077200001900DF20C4028F094FB1198C1460E997F
:1077300000230A2281808046059901600B998DF80B
:1077400070140D99090402910AE04FF00E09A7F197
:10775000600000F079FBDDF844800F22A7F1F00A09
:107760008AF80090B7E5E24B00200AF026FE17F8F1
:107770005A0C0F9057F85E0C0E9010F0A5F9C00748
:1077800043D08A467BE0D94B002029460AF015FEFB
:10779000C8B2022800F0578117F8643C01F00101DB
:1077A0008DF8763457F8683CCDF8723457F8A43C1D
:1077B0001098CDF8793417F8A03C000C07F8F01CAD
:1077C0000B998DF87D340D9B8DF8621412998DF80C
:1077D0007E340E9B8DF878340F9BADF8600446EA3A
:1077E00005208DF8773440EA014311980C9A000483
:1077F0008DF8714440EA11400A99120C8DF870849A
:10780000ADF863240922029062E5C8B228B30128CA
:1078100033D1A7F16000294607F0BBFF10F053FAFF
:107820003FF4E6AD57E9163057E9142140EA010C60
:107830000893134353EA0C033FF406AA130A43EADE
:1078400001630393030A43EA02620492089A120A4C
:1078500042EA00600590080A04E0002008900590C4
:10786000CDE903000790A7F1DC00EAF745F8C0076F
:107870000D910AD0DDF834A001E04FF0090A0F2283
:10788000A7F1F00080F800A025E50D98C0B202280D
:107890001CBF57F8D80C00283FF4D6A957F8DC1CB9
:1078A000A7F1600007F012FF10F00DFA3FF4A0AD51
:1078B00057F85C0C0A900328BFF4C6A9B9F1010F70
:1078C0003FF4C2A9A7F160002946814607F0FEFEF9
:1078D00010F0F9F93FF48CAD0F9840EA06200F90B4
:1078E0001298000A40EA04600290200A109C40EAC4
:1078F00004600090200A119C260A40EA046010905F
:107900000D9800F00100099057F85C0C47E93750DA
:10791000A7F1DC05002001902846E9F7D9FFC0F364
:107920000721C2B2022A3FF42CAFC00700F09C80AE
:10793000019840283FF488A9019A09EB020001321E
:1079400001920171E8E700BFD03004008C3B0400D5
:107950000E21CCB2032500204FF006094FF010088D
:107960000DF1580A149E0AF11102C5EA00400123E4
:1079700033700B0C91801199CDE91790129811601A
:107980000F99ADF85A0010988DF859000AF11800B7
:1079900093718DF8681019948DF85880DAA991E8E0
:1079A000780078C04FEA1E4090760C988DF88000E1
:1079B00009988DF889000A988DF8880007988DF845
:1079C00087000898ADF885000E988DF88400D89847
:1079D000CDF88A00BDF86403A2F818E04322ADF8A0
:1079E0008E000AF139008DF890C0C7A928F031FA4D
:1079F0000D988A228DF8D5000B988DF8D4000AF1E5
:107A00007E00A4A928F025FA159800F036FFB8F1F9
:107A1000100F04D10AF10400FEF780FC04E00AF123
:107A2000010159A810F011FA139840F2071200F85A
:107A3000018B59A928F00DFA01208BF8D8010DF21D
:107A4000545D0FF067BF0E213FE40E25FFF75FB9CD
:107A500025480AF064FE0F220E25DDF84480FFF76A
:107A6000CEBA20480AF05BFE019809F1010147F8FF
:107A7000600C0DF20C40432228F0EBF910980AF04C
:107A8000010ACDF87804002300980C22CDF8740484
:107A90000298CDF870040398CDF869040498CDF8E5
:107AA00065040598CDF861040E98CDF8580408983F
:107AB0008DF86004300C8DF87E040798ADF86D04E5
:107AC000000CADF87C648DF86F04129800040290ED
:107AD0000F98ADF85C0480B208900DF20B40D1E62F
:107AE000FEDE00BFB0300400C8340400C030040023
:107AF000E0300400F0B503AF2DE9000FADF5097DCE
:107B0000804691F8300191468B4660B1032849D1F7
:107B1000DA461AF8090FDFE800F003484B42353F18
:107B2000DBF804100BE00020DA460AF8090F0AF22D
:107B30002311DAF81F01CAF823014AF8051C3D4851
:107B4000CBE9031001218BF80810D9F800100CF0D4
:107B5000A3FFF8B1CBF80000017C374A0131017472
:107B60000020DBF80C108BF80800DBF80000096837
:107B7000007C8BF811000120CBF82021CBF81210EB
:107B80008BF810000BF1100049460DF013F8E8B126
:107B9000042029E0032027E0DBF80C1019E0DBF8D3
:107BA0001000D2E722480AF0BAFD20480AF0B7FDDB
:107BB000FEDE9DF8004045AE691C40F20F120FF04A
:107BC000BAFEDBF80050287C844219D01B49CBF860
:107BD0000C10D9F800206D4628460CF083FF9DF864
:107BE00008001128E5D105208AF80000112088F846
:107BF000000003208BF830010DF5097D0FF08ABEDF
:107C0000F11D40464FF4847228F023F928460CF009
:107C100021FF4FF48070ABF8080098F8000011289D
:107C2000E4D0584600F0C1FA0120E3E7F83404003C
:107C3000D8340400A08F0020B88F00205800002006
:107C4000F0B503AF2DE90007ADF5087D044690F8C7
:107C500030030D4678B103285BD194F8150204F582
:107C6000847804F21529DFE800F012575A034751CF
:107C7000D4F8180218E004F5847821464FF4847291
:107C800010F0A8F904F21529002084F8150201204B
:107C9000414684F8140204F508704FF4847227F00A
:107CA000B5FF3848C4F8180229680CF0F5FE58B33F
:107CB000C4F81002EA46017C4FF484720131017469
:107CC000002004F5087184F81402D4F81002067C30
:107CD0000AF1050028F0BDF84FF480705146A4F871
:107CE000180204F21B2040F20D1284F81A6228F0E8
:107CF000B0F82548C4F8280304F5067029460CF0AE
:107D000059FF68B104202DE003202BE0D4F81812AD
:107D100009E01B480AF003FD18480AF000FDFEDEEA
:107D20001A49C4F818122A6844A80CF0DBFE9DF822
:107D30001861112E15D0D4F810029DF81011027C94
:107D40009142EDD10CF086FE4FF48070A4F814023D
:107D5000404600F03BFAA6F11000012110F040F976
:107D600004E0052089F800000220032184F8301384
:107D70000DF5087DBDE80007F0BD00BFF834040034
:107D8000E8340400A08F0020B88F002058000020A5
:107D9000006802684AB1D1E90001012ACB6807BF37
:107DA0000A490B22084909221847E0B502AF0430FE
:107DB000084A01900648009001AB0846114604228B
:107DC0000AF05EFB8CBD00BF6F3504006435040013
:107DD000813802005C250400D0B502AF86B00446AD
:107DE000042A02D2002020700BE0074804230090F0
:107DF00002A800F0DBFF0299DDE904020968A26035
:107E00002160606006B0D0BD58420400B0B502AF3A
:107E1000051D0C4634B155E901010FF031FC013C60
:107E20001035F7E7B0BDD4D40168C26D8A429EBF59
:107E300000210160704780B56F46024B10460A462C
:107E40000AF0BBFA703904000168426B8A429EBF97
:107E500000210160704780B56F46024B10460A460C
:107E60000AF0ABFA70390400D0B502AF04460068DE
:107E700020B90FF09CFE0FF0F7FDD0BD04480AF0CA
:107E800011FD0DF059F90AF0DBFD0AF025FD00BFE8
:107E90003800000080B56F4690F86C10032909D0B7
:107EA000042906D110F01FF903D1BDE8804000F08D
:107EB00061B980BD7030BDE8804000F088BA80B5FF
:107EC0006F4618B1BDE880400FF0DABB80BD80B5C9
:107ED0006F4690F8DE10032918BF80BDBDE88040D2
:107EE00000F0BFBC80B56F4690F88810032918BF1A
:107EF00080BD2C30BDE8804000F026B980B56F46CB
:107F000090F8F210032918BF80BDBDE8804000F052
:107F100095BBB0B502AF051D0C4634B155E9010162
:107F2000FFF7CDFF013C1035F7E7B0BDD0B502AF8C
:107F3000044642F29820205C06280DD842F288219F
:107F4000DFE800F0210A0A040B11160042F2A0201B
:107F5000204400F04BF814E0D0BD42F2A0202044B1
:107F600000F07FFA0DE042F2A020204400F0D6FCA1
:107F700004F58A5000F0BDF9206810B9204600F0E1
:107F8000A2FB4FF40A51605821440979BDE8D04062
:107F900000F042B980B56F46017C032908D004295E
:107FA00018BF80BD00F52C70BDE8804000F0D5BB47
:107FB0001830BDE8804000F01EBB80B56F4690F8D9
:107FC0000013032918BF80BD00F58470BDE8804010
:107FD00000F068BCB0B502AF051D0C462CB1F5E849
:107FE00005010FF04DFB013CF8E7B0BDD0B502AF85
:107FF000044690F852000338042818D8DFE800F04F
:1080000014030D10080004F1580000F0DDFA0BE035
:1080100004F1580000F00CF806E004F1700001E0F3
:1080200004F1600000F049FA002084F85100D0BD4E
:1080300080B56F4690F82C1231B1032918BF80BD6E
:10804000BDE8804000F05CBA90F82202BDE88040B4
:108050000FF040BBD0B502AF044690F832000328C1
:1080600014D0042806D0052818BFD0BD04F1400064
:1080700000F088FD94F8300020B1207E10B920690E
:10808000F6F7D3FD002084F8300003E004F1680027
:10809000FFF700FF002084F83100D0BDD0B502AF5B
:1080A000044690F88D020338042821D8DFE800F058
:1080B00011030317080004F52A70FFF76BFF12E0A5
:1080C00004F52E7000F0D0FA04F57C70FFF7ACFEDA
:1080D00009E004F52A70BDE8D04000F054BA04F578
:1080E000247000F050FA2046BDE8D040FFF79CBE57
:1080F000D0BD80B56F4690F8D811032918BF80BD58
:108100000C30BDE8804000F0B8BB80B56F46C0B20F
:10811000BDE8804026F0D2B880B56F4690F80C11CB
:10812000032918BF80BD3030BDE8804000F0B9B9E8
:1081300080B56F4690F85010032918BF80BD0C30F1
:10814000BDE8804000F006BD80B56F4690F858103D
:10815000032918BF80BD1030BDE8804000F006BD87
:1081600080B56F46C2B2102A08BF80BDBDE880400E
:1081700000F0AFBC80B56F46D0E9001281F002017B
:10818000114301D0017E01B180BD0069BDE880408E
:10819000F6F74BBD80B56F4690F8D610032918BF8F
:1081A00080BDBDE8804000F05CBBD0B502AF0446A6
:1081B000407A011F022903D220680CF04BFC02E038
:1081C000032818BFD0BD00202072D0BDD0B502AFAB
:1081D000044690F80D01011F022904D2D4F80801C9
:1081E0000CF038FC01E0032802D1002084F80C01D7
:1081F000D0BDD0B502AF0446103007F01CF941F2F3
:108200007C0020440CF01AFC41F288002044BDE8B8
:10821000D0400CF013BCD4D4F0B503AF4DF804BD7E
:108220000A4606460FF0BAFD0C461349054606F508
:1082300076700DF057F80E4695F85E13B1B101391E
:1082400085F85E13090604BF95F85C13042905D070
:108250000FF023FD0FF008FC0FF0A5BB103041F22A
:108260000131A5F85C130AF04DFFF1E703480AF06D
:1082700025FB0AF031FB00BF3C2B04007600000018
:10828000B0B502AF456865B1028900680FF08EFD98
:1082900038B10C46D0F8401329440FF0A4FD0FF07C
:1082A000E3FBB0BDD0B502AFF1F706FC68B10C46F8
:1082B00090F86F130022012980F86F2304BF00F5A6
:1082C0001E700AF01FFF0FF0CFFBD0BD80B56F46C8
:1082D00090F8441039B1032918BF80BD1430BDE8AF
:1082E000804000F047B8D0E90101BDE880400FF0C0
:1082F000C7B9F0B503AF4DF8048D044601790068A5
:10830000FFF78AFF41F20C102618215875688D423C
:1083100008D1307AC00705D100214FF004080420AD
:1083200000250FE041F2181004EB000801EB81007A
:108330008D4208EB800091BFC1F10101691A00254F
:108340004FF00408FFF746FE40462946FFF742FE7D
:10835000316A11B1706AC9688847B16A11B1F06AAF
:10836000C968884704F168005DF8048BBDE8F040F7
:10837000FFF73FBF80B56F4690F82D1041B103293C
:1083800018BF80BDD0E90601BDE88040FFF797BD6A
:10839000D0E90001BDE880400FF072B9D0B502AF5E
:1083A000044690F83100052809D006280ED104F1C2
:1083B000480000F020F8A06BA28F0FF00BFAD4E970
:1083C00000010FF05DF9002084F83000D0BDD0B579
:1083D00002AF0446007F011F032906D3032818BFFC
:1083E000D0BD04F1200000F0D9F8A0694068BDE8D4
:1083F000D04000F060B980B56F4690F82510042990
:1084000018BF80BD2830BDE88040FFF739BFD4D405
:1084100080B56F46817C0E390B2911D8DFE801F059
:108420000610101110101010060B100B1830BDE8BC
:10843000804000F029B81430BDE8804000F006B854
:1084400080BD1430BDE8804000F0B3B880B56F4601
:10845000017B042918BF80BD8068BDE88040FFF71C
:1084600003BDD0B502AF044690F82900032803D01D
:10847000042818BFD0BD03E004F12C00FFF726FF4D
:10848000002084F82800D0BD80B56F4690F8A81071
:10849000032998BF80BDD0F89000BDE88040FFF769
:1084A000E3BC80B56F4690F8CE10032918BF80BD9D
:1084B0000830BDE8804000F0D4B980B56F4690F830
:1084C0003E13032918BF80BDBDE8804000F017BBF4
:1084D00080B56F4690F89810032918BF80BD5030C2
:1084E000BDE88040FFF7F2BE80B56F4690F8B2104D
:1084F000032918BF80BD0830BDE8804000F092B865
:10850000D0B502AF044690F89A00062826D8DFE8D6
:1085100000F00425250A180F140094F87200BDE835
:10852000D0400FF0D7B804F1A00000F018F80BE02D
:1085300004F1A400FFF7D8FF03E004F1B80000F055
:108540000EF8002084F8980094F8990018B194F877
:1085500032000FF0BFF8002084F89900D0BDD0B5EC
:1085600002AF044690F83201032801D028B1D0BDF3
:1085700004F17C00FFF7B8FF383494F83200BDE80E
:10858000D0400FF0A7B880B56F4690F82C110329A2
:1085900018BF80BDBDE8804000F063B980B56F466C
:1085A000417C042918BF80BD4068BDE88040FFF7CA
:1085B0005BBC80B56F46817F032938BF80BD243006
:1085C000BDE8804000F063B880B56F4690F82C1489
:1085D000032918BF80BD7830BDE8804000F08FBA15
:1085E00080B56F4690F8F010032918BF80BDBDE834
:1085F000804000F063BAD0B502AF044690F8C901DC
:10860000032807D0042818BFD0BD04F5E870FFF791
:10861000E7FF03E004F5F07000F09FF8002084F815
:10862000C801D0BD80B56F4690F8A610032918BFC9
:1086300080BD1C30BDE8804000F029B8D0B502AF45
:10864000044690F82D00011F032905D303280AD101
:1086500004F13000FFF7A2FF206A406800F048F8FC
:10866000002084F82C00D0BD80B56F4690F8201013
:10867000032907D0042918BF80BD2830BDE88040F9
:10868000FFF7AEBF3830BDE8804000F066B8D0B527
:1086900002AF044690F82700042818BFD0BD04F1AB
:1086A0003C00FFF7A8FEE06A228ED0E90001BDE899
:1086B000D040FFF7F7BD80B56F4600F5BD60BDE85F
:1086C0008040F6F7B2BA80B56F46016819B1BDE8CF
:1086D0008040FFF70EBE80BD80B56F4690F8C01099
:1086E000032918BF80BD1030BDE8804000F0ADB850
:1086F00080B56F4600F5BA60BDE88040F6F795BAE0
:1087000080B56F4690F8EC10032918BF80BD183073
:10871000BDE8804000F00CB880B56F4690F8F810C6
:10872000032918BF80BD2430BDE8804000F000B8A8
:1087300080B56F4690F84410032908D0042918BF6B
:10874000052909D14830BDE88040FFF7FDBC48301D
:10875000BDE88040FFF7C6BB80BD80B56F4690F88E
:10876000FC10032918BF80BD1030BDE88040FFF722
:10877000AEBB80B56F4690F85C10032918BF80BD72
:108780000830BDE88040FFF7D3BC80B56F46017C60
:10879000032907D0042918BF80BD1830BDE88040E8
:1087A000FFF7D2BC1430BDE8804000F035B8D4D417
:1087B00080B56F4690F82C100339052918D8DFE8EA
:1087C00001F00317170D08123030BDE8804000F0AB
:1087D0002EB83030BDE8804000F01EB83030BDE823
:1087E0008040FFF7C6BF3030BDE8804000F001B8E0
:1087F00080BD80B56F4690F86010052907D0062926
:1088000018BF80BD6430BDE88040FFF7B2BF743050
:10881000BDE88040FFF774BF80B56F46017C042936
:1088200018BF80BD1830BDE88040FFF78DBC80B513
:108830006F46017F042918BF80BD2030BDE880400D
:10884000FFF797BF80B56F4680BD80B56F4690F843
:10885000AC10032918BF80BD1030BDE88040FFF781
:1088600037BE80B56F4690F82010032918BF80BD31
:108870002430BDE88040FFF72BBED0B502AF0446E0
:1088800090F83500032809D0042803D0052818BF24
:10889000D0BD03E004F13800FFF78AFF002084F820
:1088A0003400D0BDD0B502AF044690F8350003289F
:1088B00004D0042807D0052818BFD0BD04F1380023
:1088C00000F00AF803E004F13800FFF771FF002020
:1088D00084F83400D0BDD4D480B56F4690F85010E1
:1088E000063907290AD8DFE801F00A0F090409143C
:1088F00009045430BDE88040FFF78EBF80BD54307E
:10890000BDE88040FFF708BF5430BDE88040FFF766
:108910003CBF5430BDE88040FFF76BBFF0B503AFFC
:108920002DE9000F8BB0044690F85B07032813D0A5
:10893000042807D0052812D1D4F86407D4F86817A2
:10894000FFF7BDFA94F85A07012805D1D4F840077B
:10895000D4F844170EF094FE002084F85A0794F8D7
:10896000C807042804BF04F5FA60FFF761FB94F818
:10897000E000052815D004280AD003285BD104F1B3
:10898000E8000BB0BDE8000FBDE8F040FFF786BB84
:1089900004F1E8000BB0BDE8000FBDE8F040FFF7C0
:1089A000BBBB94F8300503286ED194F85803032814
:1089B00005D0042860D104F55970FFF78DFE3B49BE
:1089C000D4E9D0BAD4F848030968C90569D139494E
:1089D00000F036F90646D0E90058C06F06F10809E4
:1089E00001910138F067484606F0F3FC2D1A68F152
:1089F0000000BBEB05017AEB00003AD30DF1080A49
:108A00004946504606F031FDBBEB0500069004D008
:108A1000411E02A800F075F980B10DF11C089AE81A
:108A20002E0040462EC0404606F0E3FF30B14168BC
:108A300001394160F7E70BB00EF06CBF02AD0020CA
:108A4000D6E90212914202D1327CD2070BD006EB5A
:108A5000C101896939B92846494606F046FD0298A0
:108A6000E0B10120ECE7C0071CBF06F168000BF085
:108A70000DFC01990EF09AFF94F85404042804BFE9
:108A800004F58B60FFF728FE04F1E8030FCB896A39
:108A90000BB0BDE8000FBDE8F0400847064809F0FC
:108AA000CBFC034809F00AFF09F016FF04ED00E0D3
:108AB00037000000242F04002C23040080B56F46EB
:108AC00090F8E010032918BF80BDBDE88040FFF793
:108AD00061BB80B56F46C0B2072818BF80BD08468D
:108AE000BDE880400EF0F6BD80B56F4690F83011BD
:108AF000032918BF80BDBDE88040FFF756BB80B595
:108B00006F4690F83013032918BF80BD00F58470BC
:108B1000BDE88040FFF75ABBB0B502AF00F13A059F
:108B20000C463CB115F83A0C15F8401BFFF7D1FF85
:108B3000013CF6E7B0BDD0B502AF044690F8200086
:108B4000042806D1E0690078FFF7DFFA002084F8F6
:108B50002200D0BD80B56F4690F84010032918BFA1
:108B600080BD0C30BDE88040FFF7E5BF80B56F46A3
:108B700090F84410032918BF80BD1030BDE8804034
:108B8000FFF7D9BF80B56F4690F84C10032901D08C
:108B900009B102E02030017E01B180BD0069BDE86D
:108BA0008040F6F742B8F0B503AF4DF804BD024679
:108BB000D0E901C0147891E86800012C68C206D1A0
:108BC000DCF80C105DF804BBBDE8F04008470EF07F
:108BD000EABEF0B503AF4DF804BDD0E9004C024643
:108BE000806891E86800012C68C206D1DCF80C109E
:108BF0005DF804BBBDE8F04008470EF0D4BED4D405
:108C00000146006820B94FF0FF32084604C07047A3
:108C100080B56F46014809F00BFD00BFD42E04005B
:108C20000548416819B94FF0FF314160704780B580
:108C30006F46024809F0FCFCEC2000201C4A0400AE
:108C40000246006830B94FF0FF31104640F8081B6B
:108C50001146704780B56F46084609F0E9FCD0B56B
:108C600002AF0C6844B94FF0FF330C4644F8083BA0
:108C7000C0E900428160D0BD184609F0D9FC024627
:108C800000686FF0004398423FBF411C104640F817
:108C9000081B114638BF704780B56F46084609F07B
:108CA000E5FCB0B502AF0C686FF00045AC423FBFC9
:108CB000631C0C4608C4C0E900423CBF8160B0BDE3
:108CC000184609F0D3FC80B56F46D0E900129142F6
:108CD0002FBF00204A1C0260012080BD80B56F4676
:108CE0000246007A18B9D2E90010814201D9002069
:108CF00080BD03D2481C1060012080BD012010728D
:108D000080BDB0B502AF044631B10D46204606F035
:108D100070FE30B1013DF9D12046BDE8B04006F00B
:108D200068BE0020B0BDB0B502AF044631B10D46FB
:108D3000204606F045FE30B1013DF9D12046BDE8A0
:108D4000B04006F03DBE0020B0BD80B56F46134672
:108D500041B149293EBF0130013980BD012048227F
:108D600009F02BFB01200021F9E780B56F460FF0D9
:108D7000D5F90522BDE88040E8F702BF80B56F460F
:108D80000FF0CCF92022BDE880400CF0BBB9D0B583
:108D900002AF00211F22102906D0435C845C44549A
:108DA00001318354013AF6E7D0BDD4D4D0B502AF37
:108DB0009A4221BFD21ACC1880E81A00C26028BF9C
:108DC000D0BDBA681321014808F048FF34540400AC
:108DD000F0B503AF4DF804BD0B68022B04D192E847
:108DE0007A1080E87A1005E091E8785080E87850B1
:108DF000106808B10EF0D7BDD2E902015DF804BBDE
:108E0000BDE8F040FFF75BB8E0B502AFCDE9000187
:108E100001A9684608F0D2FEF0B503AF2DE9000BBA
:108E20009EB08046D0180C46039014F8080B0D46EF
:108E3000CDE90122DFE810F00F004101F200F80057
:108E40004E0045016C012E01A301B00086013400E3
:108E50006000660113006A6801A80021E1E001A832
:108E60000E2106F001FDC0B2102840F042826E686B
:108E700001A8314606F026FDC0B2102840F0398224
:108E8000DDE9020205F10801002E00F05281904256
:108E900000F02F8211F8013B013E00F8013BF3E79F
:108EA00001A80B2106F0E0FCC0B2102840F021829E
:108EB0000FF06CF800F01D82AA780EF059FF00F058
:108EC00018826978417002300290E81C01A9E8F725
:108ED000E3FD29E101A8042106F0C6FCC0B2102878
:108EE00040F00782DDE90201814200F0A581697846
:108EF00000F8011B02901BE101AE0C21304606F088
:108F0000B3FCC0B2102840F0F4810FF03FF800F03D
:108F1000F08195F87C200EF02BFF00F0EA8195F8A7
:108F20007D1041700230029094E80F000096E8F73F
:108F300065FDC1B2102940F099810FF027F800F0CB
:108F4000D88195F82E100DF1040900F8011B02904C
:108F500005F128004946E8F79FFDC1B2102940F00D
:108F6000858104F110030FCB0EF09BFE00F095817C
:108F7000DDE90246B44200F0BC81012604F8016B31
:108F80000294CDF80090E8F739FDC1B2102940F005
:108F90006D81DDE9020186E101A8092106F064FC8A
:108FA000C0B2102840F0A581A81C01A907F010FB51
:108FB000C1B2102940F05A8105F1090001A907F05A
:108FC00007FBC1B2102940F0518105F1100001A941
:108FD00007F0FEFAC1B2102940F0488105F11701EF
:108FE00001A8E8F77AFDC1B2102940F03F8105F1F0
:108FF0001A0101A8E8F771FDC1B2102940F03681CD
:109000000EF0C4FF00F01881697F024602F8011BD0
:1090100003998A4200F01081697824E16A6801A806
:109020000221E8F733FA7FE001A8032106F01CFCD7
:10903000C0B2102840F05D81288A01A9E8F7ACFC95
:10904000C1B2102940F01281D5E9022301A8E8F746
:1090500061FDC1B2102940F00981688A01A9E8F7D1
:109060009BFCC1B2102940F00181A88A01A9E8F750
:1090700093FCC1B2102940F0F980E88A01A9E8F711
:109080008BFCC1B2102940F0F180288B01A9E8F7D0
:1090900083FC49E001A8072106F0E6FBC0B21028D6
:1090A00040F02781681C01A907F092FAC1B210298B
:1090B00040F0DC8005F1080033E06A7801A8012166
:1090C00023E001A8052106F0CFFBC0B2102840F034
:1090D000108101A84FF4807106F0F4FBC0B2102893
:1090E00040F00781DDE90240001BB0F5807FC0F051
:1090F0000081691C20464FF4807226F0AAFE04F518
:10910000807016E06A7801A80D21E8F7D1F90BE02C
:1091100001A8062106F0A8FBC0B2102840F0E980A3
:10912000681C01A907F054FAC1B2102940F09E80D2
:1091300002980199002900F0DC80401A0422C8E955
:109140000020D9E001A80A2106F08EFBC0B2102849
:1091500040F0CF80D5E9022301A8E8F7DBFCC1B2DB
:10916000102940F08380296905F114000DF1440CA9
:109170000022002401EB41014FEA410E31E001A839
:10918000082106F071FBC0B2102840F0B2806C6874
:1091900001A8214606F096FBC0B2102840F0A98035
:1091A000C4EBC40405F108060DF10409002C45D0F8
:1091B0003046494607F00CFA073C0736C1B2102981
:1091C000F4D053E0302A00F09A800CEB0201B0F8A2
:1091D000036030F8063B0632A1F8076001348D7158
:1091E0008B8096451CBF8578152DEBD1119404AC6E
:1091F00011A934220EF0BFFB049D01A8294606F0F8
:1092000061FBC0B210283DD105EB4500043401AD2F
:109210004600CEB320882946E8F7BEFBC1B210292C
:109220007FF482AFA01C294607F022FA063E0634DE
:10923000C1B21029EDD077E700211BE005F1240031
:1092400001A907F0C5F9C1B210290FD195F82B007B
:1092500001281BD10EF09AFE4BD001220EF088FDA2
:1092600047D095F82C104170023062E7811ECAB2D7
:109270000B2A04D2C8B2264951F820003AE0C1B204
:10928000032037E002204FE710204DE70EF07EFE6E
:109290002FD0002100F8011B4BE70EF077FE28D0FD
:1092A000002200F8012B884223D095F8311000F8F5
:1092B000011B95F83010029001A806F0D5FAC0B253
:1092C000102816D1AE6B01A8314606F0FBFAC0B2E9
:1092D00010280ED1DDE9020205F13C01002E3FF419
:1092E00028AF904205D011F8013B013E00F8013B48
:1092F000F4E70020C8E900011EB00EF0E8BB024808
:109300001721024A09F0D0F97032040088320400B3
:10931000A43B0400F0B503AF4DF804BD0A78DFE8C4
:1093200002F0323427291F4111111B1D113D111963
:109330002511172D3F49393B474B232151154D4FDF
:10934000432B450091E87C007CC03DE01B213AE0C6
:10935000102138E00D2219E0082134E0092132E023
:10936000042130E019212EE018212CE00E212AE002
:1093700002220BE0032209E01F2124E01122498888
:109380000270418020E0002200E001224978027052
:10939000417019E0142116E0152114E00B2112E0B0
:1093A000122110E005210EE01E210CE020210AE030
:1093B000162108E0132106E0172104E01C2102E039
:1093C0001D2100E01A2101700EF0EDBAD0B502AFF8
:1093D00004460A4809F028FA2088012809D10EF02D
:1093E000FCFD074809F020FA6088BDE8D04008F08D
:1093F0005BB90020BDE8D04009F01FBA08000000AA
:1094000085000000D0B502AF0446044809F00CFA0C
:109410002088BDE8D04008F047B900BF85000000B3
:10942000F0B503AF2DE9E00F04464548DFF814A17D
:10943000D04794F8740009F000FA94F8750009F028
:10944000FCF9414D2846D0474048D0472846D047F0
:109450003F48D0472846D04794F82000029094F81F
:10946000210001903B4894F8228094F823B094F8AE
:10947000245094F82560D047DFF8DC903046C84788
:109480002846C8475846C8474046C8470198C84775
:109490000298C8470020D0473048D04704F110094F
:1094A0002F4899E86003D04746EA090045EA0801D9
:1094B000084316D00EF091FDDFF88CB05846D04727
:1094C0002848D0475846D0472748D04728463146F5
:1094D00042464B4609F0C2F90020D0470020D04751
:1094E00001E00EF0D3FE0020D047DFF85CB094E836
:1094F00060035846D0471D48D0472846314642466B
:109500004B460BF0E7FD0020D0470020D0475846DF
:10951000D0471748256BD047284609F097F91548DA
:10952000D04734342DB114F8010B09F086F9013D10
:10953000F8E70020BDE80E0FBDE8F04009F074B96F
:1095400040010000292802000A0000004C01000030
:109550004B01000050010000C51602004D01000043
:10956000080000004E010000D10000004F01000083
:10957000430100000C000000D0B502AF04461048C3
:1095800009F052F92068023838BF0020DFE800F007
:109590000210090B0EF07AFE2046BDE8D0400BF019
:1095A000F9B8022000E00320BDE8D04009F045B939
:1095B0000EF013FD2079BDE8D0400BF0DDB800BF00
:1095C00042010000D0B502AF0446044809F02CF96E
:1095D0002078BDE8D04009F030B900BF0C00000091
:1095E000F0B503AF2DE9000B0246888A938A14690F
:1095F00058400B69634018434FF0000033D1937D0E
:109600008C7D6340DB072ED1D2E9004ED2E90259AE
:10961000D1E9006CD1E9023848EA09004CEA0E01B0
:1096200046EA0402084343EA0501114344EA0502FD
:1096300008434EEA0901B0FA80F04009114312D004
:1096400046EA03014CEA080211430CD084EA060002
:1096500085EA030108438EEA0C0189EA08021143F6
:1096600008430EF0BDFC0EF045BDD4D4D0B502AF1A
:10967000024600780B78984222D1831F0120082BE4
:109680001FD8DFE803F0120B050505051E050500D0
:1096900048785178081A0EF0A3FCD0BD487853786A
:1096A00083420DD188789178F4E7487853788342E3
:1096B00006D188789378834202D1C878D178E9E7D7
:1096C0000020D0BD80B56F4680BD80B56F4680BD9F
:1096D00080B56F4680BD80B56F460EF0A8FD0028AE
:1096E00018BF012080BDF0B503AF2DE9000F95B084
:1096F00091F828400DF1100C0394002691F82940B0
:10970000CA6802940B6B91F8755091F874400192FD
:1097100001F1340291E8000EB34207D00CEB060EC3
:1097200012F8068001368EF80480F5E7019A01F1FF
:10973000100CC26000F1100280F8755080F874407F
:1097400080E8000E04939CE87A4082E87A40442244
:10975000029980F82910039980F82810303004A964
:1097600025F002FD15B0BDE8000FF0BDBFB506AF96
:109770000A460446002001F5B8716D46CDE90200A5
:10978000CDE9000010462A4604F082FD2046294615
:109790000EF014F9BFBDE0B502AF4FF0FF300190FD
:1097A000002000906846F6F7CDF8D4D4F0B503AFAA
:1097B0002DE9000FADF5A05D83B0804642F6D020C4
:1097C00008F5C25B08EB000645F2E02008EB000A52
:1097D0009BF899038946CDE93489CDE9326ADFE8FF
:1097E00010F005003A0D16206D00640000208BF883
:1097F0009803DBF89403CBF828000AF08BFBDFF822
:10980000748898F80610C90741F02985012188F865
:1098100006100AF0B5FBB04DB049B14CD5F8A40321
:109820000860D5F8A8034860D5F8AC038860D5F87F
:10983000B003C860D5F8B4030861D5F8B80348612F
:10984000D5F8BC030862D5F8C0034862D5F8C40354
:109850008862D5F8C803C862D5F8CC030863D5F888
:10986000D0034863D5F8D4030864D5F8D803486416
:10987000D5F8DC038864D5F8E003C864D5F8E403C0
:109880000865D5F8A400974EC0F30720452839D9BC
:10989000201D5A214FF05A0909F0FEFAC0B2C6F84D
:1098A0005095B0FA80F046092DE0DBF8C804DBF8EB
:1098B000CC14084338D0012201F06EBA0BF65430B4
:1098C00031909BF8540B0BF5707AA0B1032841F04E
:1098D00009859BF836080BF636013091DFE810F069
:1098E00006000C0D971F42028302D102DBF82C9870
:1098F000DBF83018EEE1DBF8489BDBF84C1BDBF8BB
:10990000500BD7E1002605F58D50122109F0C4FA5D
:1099100005462046122109F0BFFAE9B269B1C0B28A
:109920000EF05EFB064309E09BF880080BF5086427
:10993000002801F0EE8101F026BA012604F10800AA
:109940000021012209F0B0FA054604F580700521D6
:10995000072209F0A9FA002E41F08484E9B2002917
:1099600001F08084C0B2002801F07C845D490020B1
:10997000C1F81005C1F8FC0001200860D1F8FC0016
:109980000028FBD00120DFF8F026C1F87005002187
:109990004FF0FF33082906D054580431C4F8240589
:1099A000C4F82035F6E750484FF0000CDFF8CC162D
:1099B0004FF0010E4FF0004900248246082C16D0CB
:1099C0000E19367906F01F02C6F340150EFA02F2A0
:1099D0000AEB8500C0F880210AEB060080F800C37E
:1099E0004AF8252008590834C0F80493E6E73F48B0
:1099F0004FF400013E4A81643E49C1F8042301222C
:109A00008A600A6001680029FCD13B4E00204FF4B7
:109A1000003154463074CAF8001001218DF8DE0080
:109A20004FF4FA70ADF8DC0002208DF8DA004FF444
:109A30008050ADF8D800DFF848066030D0E84F2FEE
:109A4000002A41F0FB83C0E8421F002AF6D14FF004
:109A500080094FF48010DFF82C26BFF35F8F86F863
:109A600013901421C4F8800136A824F09DFD00282D
:109A700001F1FA83002001213070B072F0710126EB
:109A8000DFF8FC0584F8009324F0BFFB002801F107
:109A9000ED83D8E84F0F002841F0D083C8E8406F2D
:109AA0000028F6D1DFF8E015002040F20112BFF3E4
:109AB0005F8F382801F0E0830C18383004F1180368
:109AC00053E8005F25B943E80025002DF8D115E0E3
:109AD000BFF32F8FEDE700BF6000001020C50040EE
:109AE000041200100800004000E100E004150140ED
:109AF000020008000010014001E400E0DFF88C05DE
:109B0000606204F12800F5F709FFDBF82800214620
:109B100009F051F8E64801240460C0F804434FF40A
:109B20000050CAF88001CAF8000008F15000349EC5
:109B300046F8F00FDF4800F52E607060DFF8500542
:109B400010F010FAB0F1FF3F41F3A28310F068FB70
:109B500010F072FB10F082FB10F084FB10F080FB21
:109B60000DF5856101208DF828440AF051FA00288E
:109B700041F0628340F204400DF58561ADF82C049C
:109B80004FF0FB10CDF8280403200AF041FA00281A
:109B900041F0528300200021002210F02BFA0446ED
:109BA000002801F1948341F24970844281F073836B
:109BB00006F10809BFF35F8F58E8050F002841F050
:109BC000768348E805600028F6D10120002801F0DE
:109BD0007383DFF8C004CDF828040DF5856011F01B
:109BE000B3FBB0F1FF3F41F32783DFF8AC044946F4
:109BF00010F0D4FAB0F1FF3F41F36183AE49022087
:109C000000248BF8A40301264FF460708BF8B44352
:109C10000BF12C09ABF8A8434FF0170CCBF8A0437D
:109C200014238BF89863CAF88061CAF80060C1F801
:109C3000FC028020CAF88401CAF8040009219F4868
:109C4000CBE9EE049E48DFF85424DFF854548646EE
:109C5000DFF85004CBE90E32A9E823004FF48079F5
:109C6000CBE910CECAF88090BFF34F8FBFF36F8F50
:109C7000FEF7D6FFDFF8300490F84410012901F018
:109C80002E8341680BF6543280F844600131416004
:109C900006204FF42021CAF8009008F101098BF842
:109CA000544BCBF8489B0BF5707ACBF84C1BCBF898
:109CB000500B31920022CBF8401BCBF8440B0BF534
:109CC00034610BF636008BF83628CBF82C98CBF89D
:109CD000301830900020CBF8D094CBF8D414ABF8E7
:109CE00034080A79012A41F2B0820868002808BFC6
:109CF0004FF4C020030541F0AB82CBF8D81400EB41
:109D00000231CBE9F001F6F79DF80446DBF8D80400
:109D10000D460DF5856801794046FCF77DFB012075
:109D2000349A8BF8350841F61C5016184146904677
:109D30004FF407720EF0C1F841F6447040F2211161
:109D40004044CBF8F896CBF8FC46CBF8005726F009
:109D50008CF8DDF8D49000208BF8100ACBF8380886
:109D6000CBF83C68D9F8002004A80BF6380400F5BD
:109D700090502146FCF7C4FD0DF5805090F810027C
:109D8000112801D103208CE004A80BF5727500F5B1
:109D900090514FF484720EF047FA2046FEF7A9F96D
:109DA000DBF8D404417951B9297841B9DBF8CC13F7
:109DB000BE4A914203D1807940F2644188E001209B
:109DC0000BF62802ABF8340800208BF88808DBF883
:109DD000F806CBF82808DBE9F001CBF83828CBF8F7
:109DE0003C08CBF8401842F2780008EB00040EF073
:109DF00061F9042801D1042053E02046FEF798F9C8
:109E00000020CDF8BCA08BF83408DBE9F001DBF8CA
:109E100028A8F6F717F88146DBF8D8040E460DF5AA
:109E2000856801794046FCF7F7FA012034998BF8F0
:109E3000350841F61C500D1841464FF40772DDF805
:109E4000D0800EF0C1F8CBF8006700200DF58566D4
:109E50008DF8880995480DF68812CDF88C093046A2
:109E60002946CBF8F8A6CBF8FC96DDF8BCA0DDF8C7
:109E7000D490FCF7FFFA204631464FF4427225F0A9
:109E8000C5FE42F2780008EB0004D9F800200DF678
:109E900088102146FCF702FCDDF88809092811D159
:109EA00005203099087031990320087001F041BAFB
:109EB00004D0004020C5004008000040007002406F
:109EC0004B4C44462046FEF778F8002040F274419F
:109ED0000AF8010008F5E9514FF45272DBF8DC543E
:109EE00038A825F041F94FF48070022DABF8350801
:109EF000D9D09AF876140AF58F60052909D004297B
:109F000004D003290DD1FEF7F4F807E0FEF710F9AD
:109F100001E0FEF752F800208AF8740400208AF865
:109F200075045846DDF8D0A040F8485F4FF00108AE
:109F3000279041F68C008BF8548B504438A94FF48D
:109F4000527225F011F900200BF568738AF80C00A5
:109F500041F64402CAE900000AEB0209CAF8080007
:109F6000CAE91000CAF848008AF84C008AF8EC00E8
:109F7000CAF8D800CAF8D000CAF83800CAF83000C9
:109F8000CAF8E0008BF898034948D0F804E0D0F80C
:109F900000C0CBF80080269393E8770089E877002B
:109FA0004EF44040ABF82400DBE9EE01CBE907AC0E
:109FB000DBE90B95CDE92E104FF48071BBF846001C
:109FC0003090BBF8440031900DF58560DBE90D64FD
:109FD00025F04BFF374800F58070D0E84F1F00296F
:109FE00041F02C81C0E8418F0029F6D10DF5856B39
:109FF0003048CDE92A464FF48072CDE92C595946B4
:10A00000BFF35F8F25F0B0F809F084FF2A4C81463A
:10A01000207E00286AD12648284CD0F804800568A4
:10A0200000200E2805D00BEB0002235C01301371D9
:10A03000F7E7234B4FF0000A0E263C24BAF1060F37
:10A0400048D050460AF1010A132EF7D8A4EB80023B
:10A05000284641462C461D4625F0C2FD00F00F0063
:10A060002B460BF104022546185C3C249055013622
:10A07000E4E700BF20940020F445040004460400F7
:10A0800068830020D13C020048950020E5F80000DC
:10A090002540020091E30100CD3F02006436040038
:10A0A000A135040098350400EC20002070E4072A54
:10A0B000600000102088002088940020484B040095
:10A0C000784B04001E8700201D860020E84704000E
:10A0D0004C250400CDF828645FF824C09BE87E007E
:10A0E00060467EC0644601208CF81800484609F09E
:10A0F00047FF2068402129900DF5856025F0B5FEC9
:10A100005FF87C00012200F17801D1E84F3F002B7D
:10A1100041F09480C1E8432F002BF6D100F13806BE
:10A120000DF585614022BFF35F8F30464FF0400848
:10A1300025F08FFE0DF6881B4FF480714FF480746C
:10A14000584625F092FE0DF585654FF480710DF0AF
:10A15000D1FD5FF890002946EAF780F85FF8980093
:10A160005946EAF77BF84FF0000ACDF80C4F5FF83C
:10A17000BC004FF004090124CDF810AFCDF8080F52
:10A180000221CDF800AF0723CDF8FC9ECDF8F84EA4
:10A1900002A800F5885505F58C7080E84005E1209F
:10A1A0000DF585668DF82E044FF420400DF6F86805
:10A1B000ADF82C044FF080703246CDF828044046AC
:10A1C000C5F824A1C5F810A1C5F808A109F018F92F
:10A1D000C5E9494904A800F590555FF810210F2101
:10A1E0000323284609F00CF95FF81C2128460221B8
:10A1F000042309F08FF9304641461C2225F029FE40
:10A2000006F11C002946242225F023FE2E98012267
:10A21000CDF818052F98CDF8140540F20110ADF8CF
:10A22000AE042348CDF8AA044FF40470ADF8A80496
:10A230002048CDF8A4043098ADF8A2043198ADF8C8
:10A24000A0042998CDF89C045FF894015FF8DC61C4
:10A250000430CDF898042A98CDF894042B98CDF8C2
:10A2600090042C98CDF88C042D98CDF888044FF4E8
:10A270008070CDF8B804CDF87C045FF8B801CDF853
:10A28000780406F108005FF8C011CDF800A5CDF8FC
:10A29000BCA48DF8B0A48DF81C95CDF8B4148DF83D
:10A2A00084A4CDF880A4CDF870A4CDF868A40FE004
:10A2B000EF0201401000C2010033040044330400E7
:10A2C000E0390400F8940020233A040054390400D3
:10A2D000D0E84F1F002940F0B187C0E8412F002986
:10A2E000F6D14FF0000ABFF35F8F06F809AF0DF506
:10A2F00085655FF83C2028463146E9F7A9FE04A8A9
:10A30000294600F59058F822404624F02DFF5FF8CA
:10A3100058020DF58565CDF848A400F14809294695
:10A320004846E9F7BBFF701CE9F7D6FF0DF58053EF
:10A3300001245FF87860432183F81A4102AB03F5EA
:10A3400088535FF884200094C3E902210DF5805101
:10A35000C3E900060820A1F818010DF5805140F26C
:10A3600001104A46A1F81B0102A800F588532846AF
:10A370004146E9F77DFDBDF83D04ADF8F80E9DF8C6
:10A380003F048DF8FA0EDDF834042590DDF838042A
:10A39000249058469DF83C6495E80E00042E0EC0AB
:10A3A000239600F03287DDF84004594622900DF5DF
:10A3B00085669DF8FA0E07F8620CBDF8F80E27F8CE
:10A3C000640CA7F1A800319091E82C0031465FF8A9
:10A3D0000C812CC04046CDF848A4E9F75FFF5FF838
:10A3E0006C9309F10C00E9F777FF6E21CDF8F80EB8
:10A3F000CDF8041F10205FF830110DF6F863CDF88A
:10A40000001F42465FF84C118DF80A4FCDF8FC1E34
:10A41000ADF8080FADF80BAFCDF800A004A800F51B
:10A4200090513046E9F724FD9DF83C04594696E8E2
:10A430002C0004282CC140F05C87A7F15800309014
:10A440009BE80E0008F128050DF5856400260EC076
:10A4500021462846CDF84864E9F720FF09F10E00AF
:10A46000E9F73AFF1B215FF8AC21CDF894190DF6FE
:10A4700088135FF8A811CDF890190121CDF888094B
:10A480002020CDF88C292A468DF89A19ADF8980924
:10A49000ADF89B69009104A800F590512046E9F7BA
:10A4A000E7FCBDF83D0427F8B80C9DF83F0407F819
:10A4B000B60CDDF8380421900DF580509DF83C6411
:10A4C000DDF834B4014694E82C00042E2CC120960B
:10A4D00000F09B86DDF84014A7F1480A1F9117F899
:10A4E000B61C07F8321C37F8B81C27F8341C514644
:10A4F00090E81C005FF840641CC102A800F5885871
:10A50000D8F8600128BBD8E956120A25DF48CDF8F3
:10A510002C040020CDF82854ADF8300408F00AFFD0
:10A52000092940F2E386DA4B02460C4611460A201E
:10A5300022460AF0E7FDD74A0A2300920DF585620C
:10A5400009F040FE0DF580515220C8F8605181F8A5
:10A550006C0206F140000121D0E84F2F002A40F0A4
:10A560006D86C0E8421F002AF6D1CDF878B00024ED
:10A570004FF40040BFF35F8FC6E90C044FF4106046
:10A5800030870DF68810C6E908440022009404A91B
:10A5900001F590510023E9F777FDBF4AA7F1B80014
:10A5A000062147E92E4409F055F8BC4A06230092DB
:10A5B000BB4A09F007FE0DF58050BA4A00214460FD
:10A5C0000DF5805004600DF5805009F043F8B64A4F
:10A5D0000DF02FFDB5480DF58051CDF828040DF58F
:10A5E0008050DDF8906900684968CDF83814B346AA
:10A5F000CDF8340457E92E01CDF82C045BF8400F58
:10A60000CDF8301448BBB26D002A00F07986D6E947
:10A6100014015B4608F0F6FF06F1500401200DF529
:10A62000805316CCC6E91004002058600DF5805305
:10A630009F481860204608F07DFE072940F25686A4
:10A64000934B0DF020FB934A082300920DF58052A6
:10A6500009F0B8FD04F10800B065B06CA0BBDBF8F0
:10A660000000002800F04F8658469DF8945908F0E5
:10A67000BDFF06F1500401200DF5805316CCC6E94C
:10A6800012040020D8800DF5805358710DF58050CC
:10A690000DF58053057187481860204608F04AFE82
:10A6A000072940F223867A4B0DF0EDFA794A082308
:10A6B00000920DF5805209F085FD04F10800B065A7
:10A6C000B06C002800F0228606F150047A4B16CCBC
:10A6D0002046E7F7F8F9132940F208866C4B02464A
:10A6E0000D46114614202A460AF00CFD694A14232F
:10A6F00000920DF5856209F065FD0DF688190DF5DE
:10A70000805804F11400B06540464946E9F7E8FC7A
:10A710000DF5856401254146FE2220460123009562
:10A72000E9F712FD4FF48050A7F1B80127F8B40CF7
:10A73000624847F8B80CDDF8280407F8B25CE9F77E
:10A7400061FD584608F052FF5FF894065C4A00F13C
:10A75000200104A800F590563046E9F779FC204620
:10A760003146F82224F000FD17F8620C04F1F80BD2
:10A77000319D07F8B60C37F8640C27F8B80C58462A
:10A78000CDF8748095E80E0088E80E00309D95E8BD
:10A790000E000EC017F8320C07F86E0C37F8340CA8
:10A7A00027F8700C04F582709AE80E0080460EC0FF
:10A7B00021464846F82224F0D7FC04A804F14001C1
:10A7C00000F5905420220DF0D6F802A809F11C0AD9
:10A7D00000F58855D5F82021002A00F0CD80D5E974
:10A7E000460104F1080308F00DFF05F58C722346BD
:10A7F00007CA08F007FFD5E946490A2131484B4608
:10A80000009008202246D5F820510AF085FC2E4AF7
:10A81000022300920DF6F862ADF8F85E09F0D2FC62
:10A82000002D00F0A980B9F1070F40F2F984002053
:10A830000DF6F8628DF8100F0DF5805005211923E3
:10A8400090F82C629F208DF8080F2048CDF8040F57
:10A850001F48CDF8000F1F48CDF8FC0E1E488DF89C
:10A860000F6FCDF8F80E6068CDF8090F280A8DF843
:10A870000E0F50461C948DF80D5F08F04BFE4D45B1
:10A8800000F2D3841B9656467CE000BF000003060E
:10A890002C4804003C4804009C480400AC480400D8
:10A8A000F8320400BC480400CC4804001400030043
:10A8B00008000100080002007C48040009E8034089
:10A8C000902104004C4804005C4804009D9E648A6A
:10A8D0004C9CD265D88945C700DF60DDE84604009E
:10A8E000F8460400EC470400FC47040020940020D4
:10A8F000342204003A360400543604008C48040024
:10A900006C4804009C4A0400D84A04004E00000031
:10A910004F00000078350400170000000E00000012
:10A920008835040080540400443504002D000000E4
:10A930002E0000000D0000002C00000098340400E0
:10A940001C00000020000000A83404001D000000CE
:10A950001E00000027000000042E0400E83204005E
:10A960004C2B0400EC2C0400F43704009438040051
:10A9700074370400C43804000120564600251C909A
:10A9800000201B90DDF898290421DDF89C395FF840
:10A99000B400009002201A950DF6F865DDF8A04984
:10A9A0000AF0BAFB0DF580520223A2F810425FF8BC
:10A9B000D020009204AA02F5905209F003FCDDF8C1
:10A9C000BC49D4B10020DDF8B429DDF8B839042140
:10A9D000CDF8C0095FF8F400009002200AF09CFB5B
:10A9E0000DF580520223A2F810425FF80421009274
:10A9F00004AA02F5905209F0E5FBBDF8060A0DF62F
:10AA0000881927F8580C09F19401DDF8740A4422DA
:10AA10002D90BDF8080A28909DF80A0A17909DF815
:10AA20000B0A2B909DF80C0A2A909DF80D0A29908C
:10AA3000DDF8E8093090DDF8EC091690DDF8F00952
:10AA40002C90DDF8F4091590DDF8FC091490BDF8A0
:10AA5000000A3190BDF8020A2F90BDF8040A2E902A
:10AA6000BDF8120ADDF8F8A927F8440CDDF80E0A43
:10AA7000CDF840A047F8480C04A800F5905024F009
:10AA800073FB484608F03AFDCDE91110304608F056
:10AA900035FD09F1D80C13952B469CE8744083E8EA
:10AAA0007440DDF8142A1992DDF8182A18924A46E3
:10AAB0009BE8380038C202AA02F5885C98E83800A2
:10AAC000624638C241F6ED42DDF8D08037F8B83C36
:10AAD00008F5C25B1D9E28F802304244239B8BF888
:10AAE000AC34229BCBF8A034259BCBF8A434249B18
:10AAF000CBF8A83417F8B63C937041F6BC4296E800
:10AB00003800424438C241F6C84299E8380042440D
:10AB10004FF0000938C241F6FD4237F8703C28F882
:10AB200002304244209B8BF8BC341F9BCBF8B034DE
:10AB30001E9BCBF8B434219BCBF8B83417F86E3C8D
:10AB4000937041F6D4429CE83800424438C241F642
:10AB5000064257F8483C48F8023042442E9BABF876
:10AB6000BC332F9BABF8BA33319BABF8B833309B77
:10AB7000CBF8A033169BCBF8A4332C9BCBF8A8338F
:10AB8000159BCBE9EB3A149BCBF8B433299B8BF89C
:10AB9000C5332A9B8BF8C4332B9B8BF8C333289B7C
:10ABA000ABF8C03337F8583CABF8BE3337F8443C09
:10ABB00093801B9A8BF8EC23129ACBF8D423119A2A
:10ABC000CBE9F6201C98CBF8E4031A98139DDDF826
:10ABD0005CA0CBF8E8032D98CBF8CC0341F63040CD
:10ABE0008BF8C2A34044CBF8E0138BF8D09395E8E0
:10ABF0005E005EC004A941F64440404401F5905116
:10AC0000442224F0B1FA0120299A8BF8620406202C
:10AC10008BF85B0440F60120ABF859044FF0020CAE
:10AC200010980BF50864DDF8A8E02B9E0028289BFF
:10AC30008BF861248BF860E48BF85F648BF85EA47A
:10AC40008BF85DC48BF85C3418BF03208BF8580474
:10AC50002C98002818BF02208BF857043098002841
:10AC600018BF01202E998BF85604080A8BF854144B
:10AC70002F998BF85504080A8BF8521431998BF8E8
:10AC80005304080A8BF84CA48BF851044FF48970D4
:10AC9000ABF8480441F6A34048F800904044C0F89F
:10ACA00003901998CBF86C041898DDF8CCA0CBF879
:10ACB00070042D98CBF874042698CBF87808279860
:10ACC0008BF84D648BF850148BF84F248BF84EE4BE
:10ACD0008BF84BC48BF84A34CBF8C084ABF878249B
:10ACE000CBF88898CBF88C98CBF8C894CBF8CC9458
:10ACF000CAF8509ACAF8549A8BF880988AF8709BD0
:10AD00008AF8489ACAF8680BCAF818BADDF8D490DD
:10AD1000329EDBF878080BF59A63002200F580710B
:10AD2000CBF87C1800F1E801CBF8D41400F1DC0179
:10AD3000CBF8D014D0F82011CBF8E0340BF67C031C
:10AD4000CBF88C3500F58873CBF80C06F430CBF8D3
:10AD5000DC24CBF8D824CBF88025CBF884258BF8DD
:10AD60000025CBF808268BF81026CBF8B026CBF8B8
:10AD7000B436CBF8B806CBF8BC168BF8CC268BF8DB
:10AD80007428ABF8912541F6185049464044E6F73F
:10AD900005FF032000222070DBF88808DBF88C1800
:10ADA00050EA010318BF012342F0F5849AF8480ADB
:10ADB000CDE92E3250B106F59C702790D6E94E01B0
:10ADC000084300F0EC81012402F021BBDAF8181AE4
:10ADD0004FF0000A0868C1F800A0C00700F019820F
:10ADE0000BF50960309002A801F1040C00F58850C1
:10ADF000319101469CE87D007DC10DF58564201DE3
:10AE00004FF45E7125F031F842F25470214640440F
:10AE10004FF45F72CBF810AF24F0A6F94546DDF889
:10AE2000C8800DF585698DF88CADCDF888AD4146AB
:10AE3000484641F870AF2D91414641F878AF2C91CA
:10AE40002021C8F874A0C8F808A0C8F800A0CDF860
:10AE500084ADCDF880AD25F008F804A8494600F58A
:10AE6000905630460BF05CFC0DF6F86431462046F7
:10AE70000BF0A4FC0DF68810214600F52E700BF0A7
:10AE8000BBFC09F1090031464FF49C7224F0E1FF4C
:10AE90000DF68816214606F526700CF0E9FD06F23F
:10AEA00057100224494640F24112CDF8BCA9CDF812
:10AEB000B8A9CDF8B4A9CDF8B0A98DF8DE4A8DF8BF
:10AEC000A8A9CDF8A0A9CDF898A924F0C2FF032025
:10AED000CDF880AC8DF8880C0120CDF88C090BF5ED
:10AEE0007160CDF858AD3146CDF850AD4FF4AB623E
:10AEF0008DF8A0ACCDF89CACCDF898ACCDF890AC6A
:10AF0000CDF89449CDF89089CDF87CADCDF874ADED
:10AF1000CDF86CADCDF864ADCDF860ADCDF8D8AE60
:10AF2000CDF8D0AECDF8880902A800F58850C0F859
:10AF300017A1C0F813A1C0F80FA1C0F80BA109F127
:10AF4000070024F086FF42F2D10049462E1840F255
:10AF50005F528BF890A80CF0EEFC2C982C21CBF8CB
:10AF6000F00D42F23460284424F07FFF42F2756015
:10AF70008BF834AECBF82CAE2844CBF824AE04A921
:10AF800001F590510CF0DAFC03202D99CBF8B80EA6
:10AF90004FF0E170CBF8A00E42F22870CBF8E01E23
:10AFA00001212844CBF8E41E1521CBF8BCAECBF828
:10AFB000D8AECBF8A4AECBF8A8AECBF8ACAECBF8FD
:10AFC000B0AE8BF89CAECBF890AECBF894AE8BF8CD
:10AFD0008C4ECBF884AECBF878AECBF87CAE8BF849
:10AFE000744ECBF86CAECBF860AECBF864AE8BF899
:10AFF0005C4ECBF854AECBF848AECBF84CAE24F058
:10B00000B5FE319942F2D102CBF800AF888C096AC3
:10B01000A9500122CDF888190DF688118DF88E29D6
:10B02000ADF88C09DDF88B09C6F8030042F2E000A8
:10B0300028448BF890284FF0010B0AF00BFB02A874
:10B04000AE4600F58851CC4691E87D008CE87D0045
:10B0500042F654300EEB000C99E87D0061467DC14C
:10B0600040464246339B3199309C88F89CA040F87A
:10B07000804FC3F834AAC3F828AA83F81CAA83F81F
:10B0800040AAC96942F8A0AF88F89CB003F61C2B0F
:10B09000C2F88000C2E9220B104640F898AFC2F80F
:10B0A00080A4C2F884A4C2F8901082F894A082F818
:10B0B000E0A4C2E927ACC2E9294CC2E92B4CC2E9A1
:10B0C0002D4BC2F8D42402F8E8AF9A462790269276
:10B0D00042F610400EEB000C42F62C410EEB01093B
:10B0E0009CE87D0049467DC15FF80008383009F0D2
:10B0F000D7F80020C8F8689488F81C0508F5C870CF
:10B10000C8F86CB408F21C5346462B9006F58F68BD
:10B11000C6F87004002086F8A20106F2744186F891
:10B12000A90406F20C5286F82A0409F10800C6F8B0
:10B13000940106F58E60C6F8180509F11000C6E9FD
:10B14000C09BDDF8D490C6F8A40406F54070C6F89C
:10B150000C85C6F81025C6F81415C6F8740498F8BE
:10B1600031002593DFE810F00700D50053131200DB
:10B170002C004F013600002088F83000D8F82C0051
:10B18000C8F828000CF06BFEC8F8340008F1340051
:10B190000CF01CFD002840F0BA810320CBE196F8AA
:10B1A000880106F5C4712691DFE810F00500B700AC
:10B1B00031131500AD09D6F858B1C646B04687E739
:10B1C000464616F83C0FB0B1032840F0AA80D8F8E4
:10B1D0003850C1E05FE106F5C8702B9096F81C0569
:10B1E00006F21C5350B1032840F09F80D6F810059A
:10B1F000D0F80080B3E7D8F83400A9E0D6F8689416
:10B2000006F5C870D6F86CB47FE75FF81C0907F044
:10B2100013F95FF8200918215FF8242907F044FA90
:10B220005FF828390420082103E05FF82C3900205A
:10B2300029464A4607F0C1F8044648E05FF83C0951
:10B2400079215FF83C290CF04AFC5FF8400977E06F
:10B250005FF8440974E05FF8440907F060FA5FF8AA
:10B2600048096DE007F0DEFE044602E0044623F0E4
:10B270002BF95FF858092CE05FF85C09A7F121026F
:10B2800000902B215FF864095FF8643907F01FFA1A
:10B2900000EAE0741BE05FF86C0907F003FB20464E
:10B2A00007F0F2FA07F0CCFB6FF015040FE0002076
:10B2B000BFF32F8FFEF78ABC5FF88C0940E004468D
:10B2C0000EF09CFF0020BFF35F8FC8F814005FF8FA
:10B2D0009C0907F0E7FA204608F02EFC34E05FF8FE
:10B2E000A8092DE05FF8AC0907F019FA5FF8B0097A
:10B2F00026E05FF8B00923E05FF8B40907F00FFA21
:10B300005FF8B8091CE05FF8B80919E05FF8BC09FC
:10B3100016E05FF8BC0907F002FA5FF8C00907F011
:10B32000FEF95FF8C40907F0FAF95FF8C80907F0F9
:10B33000F6F98BF899030DF5A05D03B00CF0EABAAD
:10B3400007F0BCFA07F0C8FA07F07AFB07F0C4FA76
:10B3500000F57E75C8F838502868002842F07C86D1
:10B360000CF075FF04D105F5AC7007F0CBFE297B1E
:10B37000D5E90102904201D1C90718D000212973F3
:10B38000411C00EB8000B1F1100218BF0A466A6050
:10B3900005EB8001486950B101F1100C0DF68812DF
:10B3A0005CF8081B31919CE81A001AC208E0D9F831
:10B3B0000000D0E9001205F5A87007F0B0FE0020EB
:10B3C0002968013129600121002808BF032131705B
:10B3D00000F0B0800DF688110DF6F86291E870006B
:10B3E000134670C3C8F8000008F1040092E81A0080
:10B3F0001AC0002088F844003198A8F84000D8F816
:10B400002800C8F834004A4608F134090DF5856A69
:10B4100049465046EFF73AFFDDF82804022800F0CD
:10B4200081800120514688F8300008F1100C91E825
:10B430007D008CE87D00D8F81000012818D198F81C
:10B44000141041F008001C2856D00020319188F8D3
:10B4500030000AF10C00DDF8301430910DF6EC618B
:10B460009DF82D64BDF82EB490E81C001CC1C8E006
:10B470000AF10400494690E87C007CC1D8E9020149
:10B4800004F0D0FA0022C8F8689088F86D20C8E966
:10B490001401DDF8D49008F148040DF688150CF07D
:10B4A000EFF99DF88899B9F1230F3DD0DDF88C199B
:10B4B00005F108003091BDF88AB99DF8896904A9A1
:10B4C00001F5905A90E82C00204651462CC1FCF71B
:10B4D00092FFA9F114000E2800F28680012101FAE2
:10B4E00000F044F20111084200F07E80D8F83800E4
:10B4F000B8F83C200CF06EF9D8E900010CF0C0F867
:10B50000DDF8CCA00020DDF8D49088F83000D8F821
:10B51000280000214646406806F83C1F083046F8DF
:10B52000080C15E7052000E00620DDF8CCA0DDF8CA
:10B53000D49000E00420329E0DF5856488F8310037
:10B540004A46D6F8140501682046EFF70FFF9DF82C
:10B550002804232835D1D6F818050023DDF8D0803B
:10B56000D0F800B00BF108001C909BF81200CDF849
:10B57000B4B00022DFE810F01A0007024B119A0065
:10B5800091003A05D400CC00DC006F005500E400C7
:10B59000BD000001EC0677000901ED0022017E00EC
:10B5A0000F01C70FA90E1F0E5D001B09DBF8040079
:10B5B0005946CBF80000006841F8140F0A72496040
:10B5C0007AE0319004F10800BDF82A142C910DF6B0
:10B5D000EC61DDF82C949DF8296490E81C001CC1F6
:10B5E000DDF8D08000F021BFCDF8C4900DF6EC60FE
:10B5F0009AE80E000EC0D8F83800B8F83C200CF0DD
:10B60000E9F8D8E90001CDF8B0B00CF039F84FF402
:10B610008070DDF8C090A8F83000DDE933A800F0B4
:10B6200004BF0CF0E5FC00F067855FF8C40C07F080
:10B6300076F8594611F8580F3091DFE810F0050000
:10B64000A801E810E800D200DBE914062C900CF009
:10B6500018FE01F06FB90CF0CBFC00F023855FF809
:10B66000F40C07F05CF80020DBF850A019900020E3
:10B670001890B0E15C46002114F81D0F18910CF0F1
:10B680001FF9DFE810F005006801C4105E0EDA0053
:10B69000DBF81800002201F04ABE9BF82800C00722
:10B6A00000F0C7835FF8380D07F039F80CF0A0FC04
:10B6B00040F05581DBF814000168002940F0478113
:10B6C000022101710EF044FC012100288BF81C10AE
:10B6D00040F022860BF1340420212025204624F05E
:10B6E000C4FBDDF8D4900820CBE90545CBF81C005D
:10B6F0008EE35C4614F81C0FA4F10805DFE810F097
:10B7000005002B0187108605AA00286800F078BD87
:10B710000CF06EFC40F02781DBF8180000F0A5BCAF
:10B720000CF066FC40F02381DBF8180000F090BCC0
:10B730000CF05EFC40F01F81DBF8180000F0A1BCAB
:10B740009BF82400C00740F01A81DBF8204000F08D
:10B7500030BD5A4612F8320FA2F11E03DFE810F096
:10B7600005001B015710A8008300DBE90540159078
:10B770000CF087FD01F03EB99BF82000C00700F0F7
:10B78000C3855FF8100E06F0CAFF00201990002054
:10B79000189000F061BF5C46002114F8280F189142
:10B7A0000CF08EF8DFE810F00500D7003310430DE1
:10B7B000A700DBF81400002201F02BBD5C4600213D
:10B7C00014F81C0F18910CF07BF8DFE810F005005E
:10B7D000C40020104508A000DBF81400002201F08E
:10B7E00035B85E46002116F8A40F18910CF068F8E1
:10B7F000DFE810F00500E5000D10700A950000204C
:10B80000DBF864C018900020199001F054BA5C462F
:10B81000002114F88C0F18910CF052F8DFE810F0AA
:10B8200005009B00F70F8A0C8B000020DBF86050AE
:10B8300018900020199001F06FBC9BF82800C007F9
:10B8400040F0AD800021DBE9080418910021199136
:10B8500001F086BD9BF82800C00700F0DC84DFF80B
:10B86000A00E06F05CFF3092594611F85F0F31913F
:10B8700027392C910021289318910CF021F8DFE84A
:10B8800010F005009A00C60F600BA50BDBE915143C
:10B890001591BBF85C101D9100211891DBE90E3069
:10B8A0009BF85EC0DDF8CCA00021199101F01DB914
:10B8B0003092594611F85F0F2C9127391D910021C4
:10B8C000289318910BF0FCFFDFE810F005007500DD
:10B8D000A10F8E0AD50ADBE915141591BBF85C108F
:10B8E000139100211891DBE90E309BF85E50002186
:10B8F000199101F04FB99BF83400C00753D10021D2
:10B90000DBE90B0418910021199101F0A1BC9BF80F
:10B910002800C0074BD10CF0B4FC00F0A4BF9BF88A
:10B92000B000C0074FD10021DBF8AC001891002116
:10B93000199101F0E0B99BF89800C00747D10021A8
:10B94000DBF8940018910021199101F004BCDFF894
:10B95000B40D06F06DFEDFF8B00D06F0E0FEDFF886
:10B96000AC0D06F0DCFEDFF8A80D06F0D8FEDFF81F
:10B97000A40D06F0D4FEDFF8A00D06F0D0FEDFF82F
:10B980009C0D06F0CCFEDFF8980D06F0C8FEDFF83F
:10B99000940D06F0C4FEDFF8900D06F0C0FEDFF84F
:10B9A0008C0D06F0BCFEDFF8880D06F0B8FEDFF85F
:10B9B000840D06F0B4FEDFF8800D06F0B0FEDFF86F
:10B9C0007C0D06F0ACFEDFF8780D06F0A8FEDFF87F
:10B9D000740D06F0A4FEDFF8701D0AF5787009F00A
:10B9E00081FCD9F800600C461030D6E9001207F04F
:10B9F00096FB2068DFF8543D01302060DAE902123E
:10BA00000DF585600AF03AFEDDF82C244FF45E70E7
:10BA1000DDF828144FF0FF330BF118042C94504339
:10BA2000A1F55E710BF15802309200B301F55E7220
:10BA300091F8D4160133A0F55E7001291146F4D1B6
:10BA4000DAE902E04FF00609DDF8CCA02A9092F87E
:10BA50005D031790DDF83004B2F85823299301688C
:10BA60004FEA122C24920139016000F0B0BDDDF8DC
:10BA700030040CF0B1F8DBF85450DFF8D41C05F5B5
:10BA8000AD6B584609F02EFC8846D6E900123030DE
:10BA900007F045FBD5F860150DF58560D5F86425F0
:10BAA000DFF8B03C1D90FDF7FCF8DDF82C144FF4E6
:10BAB000B070DDF828244143DDF8CCA00C324FF003
:10BAC000FF30C9B1134602F5B07613F80C290130E6
:10BAD000A1F5B071042A3246F3D91988002900F083
:10BAE0008F81D5F860152A91D5F864152991598868
:10BAF000DDF830340A0A04E04FF0000BDDF8303492
:10BB000000221D684FF00709013D1D60D8F8003084
:10BB10000133C8F80030BBF1000F09D0DE461790A2
:10BB200024919446DDF8D080DDF8B4B000F04FBD2C
:10BB30003098359E04683168656805F5BA6A5046E4
:10BB4000F3F75AF8DDF8D080C0B2032102282A9119
:10BB500022D105F5B76931684846F3F74DF8C0B210
:10BB6000042102282A9117D105F5BD6831684046A5
:10BB7000F3F742F8C0B2052102282A9126D1606865
:10BB8000EEF77CFE40B36068EFF784F907212A9155
:10BB900010B3DDE911CE1CE0DDE911CE24900DF6E5
:10BBA000F8600DF580514FF0080990E87C00002006
:10BBB0007CC129900F981490CDF85CE0CDE911CEAE
:10BBC000DDF8CCA0DDF8B4B001F06DBDDDE911CE3B
:10BBD0002490DDF8D080E2E75046F3F733F810B355
:10BBE0004846F3F72FF8F0B14046F3F72BF8D0B101
:10BBF000DFF8641B05F5C460FDF722F88846359927
:10BC00000546203009680BF073FFD5E900300321A9
:10BC100000222A93C5E9001283F00301084340F093
:10BC2000DA800BF08EFE2D98DDF8CCA0D0F82880BD
:10BC3000D8F80003002842F00F824FF0FF30DDE912
:10BC40000DB4C8F80003002198F81003012805D1AD
:10BC500008F5727007F056FA98F81013D8E9C20286
:10BC6000904201D1C90711D0002188F81013411C5E
:10BC7000C0EBC000CA1E18BF0A46C8F8082308EB6C
:10BC8000C000B0F81893B9F1050F0AD135980068D3
:10BC9000D0E9001208F5707007F041FA4FF005097D
:10BCA00026E000F5467E0DF585620EF1140C9EF837
:10BCB00013000190DEF804000390DEF80800049001
:10BCC000DEF80C000E90BEF8020002909EF812B052
:10BCD000BEF810509CE85B005BC20EF12800A7F193
:10BCE000480190E85C00280A5CC105950E9C1890FC
:10BCF000D8F80003CDE90DB40130C8F80003B9F15C
:10BD0000050F32D1359801682C9807F0A3FADDF8B9
:10BD1000D0800028DDE90B5E47D10DF6881C0DF5BB
:10BD20008051B9F10B0F9CE85D005DC1A7F158008F
:10BD3000A7F1B80190E85C005CC1089829900798C9
:10BD4000CDE90B5ECDF840E0DDF864C0DDF818E029
:10BD5000329EDDF8B4B02A90099824900A98149580
:10BD6000179001F0A78400F032BC1D9DA4460DF68B
:10BD70008810B9F1060F95E85E005EC0A7F1580182
:10BD8000A7F1480090E85C005CC103980690049815
:10BD9000DDE9015EDDF8D080CDE9070C059809905A
:10BDA00018981990CDF828B0B7D1DDF8B4B00420B8
:10BDB000CDE90B5E9BF83810359D329EDFE811F01F
:10BDC00005002400270D5C0C780CDBF83000CBF864
:10BDD000340001F03FBC287A0DF6F8612490E87A2F
:10BDE0000F9005F10C0095F809C095F80AE090E86D
:10BDF0007C007CC1D8F800000130C8F80000E8E6FB
:10BE0000DFF8580906F018FBDFF8540906F087FC44
:10BE10000BF11404204603F0B9FE00284CD0CBE906
:10BE20000B010021DBF8000000688BF82810CBE93B
:10BE300008040DF58050002444600DF58050046026
:10BE40000DF5805014F065FE002840F085800DF55A
:10BE500085600DF58051082205F068FEDDF830049C
:10BE6000002800F0B582DDF83404002840F0B282EA
:10BE7000DDF82804DDF82C14CDF888090DF68810BB
:10BE8000CDF88C190DF6F8610BF01FFD08230A8818
:10BE900089780280817002A800F58850DFF8C428F4
:10BEA000D0E9900147E91201DBE90B010092A7F10B
:10BEB000480208F087F9ABE7DBF800000DF6881AB6
:10BEC0000BF13401202245680BF080FFDFF8981851
:10BED00005F11800FCF7B4FE0DF5856605468846A9
:10BEE000514630460AF01CFC05F5A47A31464FF461
:10BEF0009C72504623F08AFE0DF585665146304609
:10BF00000AF05CFC05F5207A314620220BF05EFF3A
:10BF10005E460DF5856B514658460AF06DFC05F5F9
:10BF200028705946402223F094FF0BF00AFD306838
:10BF300040680168CA0726D04268090A0125130A29
:10BF400027F8CE3C41EA026102AADDE933A802F5F6
:10BF50008856C6F84E121CE00002CDF88F49CDF885
:10BF60008B090DF688100DF6F8610BF0AEFC0A880F
:10BF700089780280817002A800F58851D1F84302C7
:10BF8000D1F8472212E2DDE933A802A9002501F524
:10BF9000885600F11001584607F8D35C09F06EFB93
:10BFA0009DF82814A7F1D300002918BF5846D0F8EF
:10BFB0000120C6F85422329EDDF8B4B0B0F8050076
:10BFC00027F8C80C51EA050032D037F8C80CA08019
:10BFD00002A800F58850D0F854022060DBF8000079
:10BFE0000068CBE9070400208BF824000BF11C014A
:10BFF0000DF5856002F0F2F99DF82804032801D1BF
:10C000000520E0E2DDF82804C1B2022940F0CC812D
:10C010000CF03CF860B1DBF80000446806F0D8FE94
:10C02000DBF800200BF00CFEC4F81806C4F81C1650
:10C03000EA4848F29C01CBF82400584640F8201FFB
:10C040000022DBF8001009688BF81C20CBE90510F2
:10C050000EF094FA0121002200288BF81C1040F009
:10C060005B814FF000710BF08CFC0EF099FA01210E
:10C07000002201288BF81C1000F24E81D8490BF0E9
:10C0800080FC0EF097FA0121002200288BF81C108A
:10C0900040F04281DBF800005946006841F8140F77
:10C0A0000A72496000208DF888090DF6881014F096
:10C0B0009BFC58BB0DF585600DF68811012205F03B
:10C0C0008FFC9DF82804DDF82C14002900F09181E4
:10C0D000DDF830140024002940F07C818BF80E003C
:10C0E00001208BF81C000BF11401DBF80000006844
:10C0F0008BF81C40CBE9050100208DF82A04ADF82F
:10C1000028040DF5856014F011FD20B12A9001205E
:10C110008BF81C0070E1BDF8280401218BF81C107D
:10C120000BF11404C1B200023FFA80F01C9A40EAFD
:10C1300001209DF82A54000ADFF83016A2F8070003
:10C14000DBF800005572466806F5787009F0CAF809
:10C1500085610868DFF8183601300860D6E90212F8
:10C160000DF58560FCF77BFDDDF82C244FF45E7146
:10C17000DDF82804DDF8D490514331B1C0F84053C4
:10C18000A1F55E7100F55E70F7E7DDF830040BF0A5
:10C1900011FCFF210120ABF81410DBF80010CBF8E4
:10C1A000170000208BF8160009688BF82400CBE9F3
:10C1B0000714204614F0FEFBDBF800004FF00108E6
:10C1C0008BF82480BBF80F509BF81160446807F08F
:10C1D000A1FE94F86C1629B9C4F86456C4F86866D0
:10C1E00084F86C8607F0CCFEDBF800005D4645F86D
:10C1F000140F0021DDF8D0802C46329E04F8081F71
:10C20000CBF818000BF02BFECBF820000BF043FC12
:10C2100080B10BF0A3FC0020ADF8FC0ECDF8F80EB9
:10C220000DF6F86014F08CFC40B12A9001208BF8D8
:10C230001C0074E1032020700C20C4E10DF5856022
:10C240000DF6F861062205F0E5FB9DF82844DDF8BF
:10C250003004002800F0BE80DDF83404002840F0EF
:10C26000BB809DF82D040122DDF8291400028BF813
:10C2700028208BF81C2044EA0122CDF8882940EAC6
:10C280001160ADF88C09DDF88B091C9AABF8091028
:10C29000010C8BF808405171A2F8030090881168D6
:10C2A0000843DBF8000014D041680A788AB91C9A68
:10C2B00000208DF82E049088ADF82C041068CDF87D
:10C2C000280401F110000DF5856109F0C3F9DBF8D0
:10C2D00000004068D0F81426D0F81016D30BC80B15
:10C2E00001F0004140EA42406FF3DF328918CBE9A8
:10C2F0000A0377D1ABF814000021DBF800000068D6
:10C300008BF82010CBE90605DBF81C0014F0DAFBF3
:10C3100001218BF8201008B12A906DE00BF0B6FED9
:10C320000024E0B3DBF80000DFF8481440680BF0AD
:10C330002DFD0322DDE93489C0E900240BF036FB32
:10C34000DBF80000CBE906448BF8C040CBF8A00036
:10C350000DF58565D9F800200BF118012846EEF798
:10C360009DFA9DF82844232C01D10E202BE1DDF805
:10C370002C1405F108003091A7F1C406BDF82A1469
:10C380002C9131469DF8298490E82C000BF118007F
:10C390002CC13194FCF778F83198222811D1002073
:10C3A000199000201890BDE0DDF82C24010A30928D
:10C3B00010F0010041EA02612A9118BF212031905A
:10C3C0001EE0CDF8A880A7F164000BF069FF17E02C
:10C3D0009DF82844E848EFE00024FBE700800020B7
:10C3E000571A0300E54806F05DFA09F077F8FEF702
:10C3F000ABBF00F00104EDE7002031900020309049
:10C40000A7F164000DF56E6190E838000A4601203E
:10C4100038C28BF812000DF6EC6091E81C001CC0CD
:10C420002A9EDDF8D080DDF8C09042F64870404486
:10C43000FBF7B4FFDDF8ACB05846FBF7E9FF329DDF
:10C440000DF6EC612C98A5F87601012085F8756150
:10C45000319E85F81C0542F64C40C5F87891404461
:10C4600085F8746105F5BA7591E81C001CC09BF84D
:10C470008C03032808D12B9C04F53A70FBF78EFF40
:10C480002046FBF7C5FF2E78DDF8D490222E0BD185
:10C49000269801242799DDE92E32329E047000206F
:10C4A000C1E9004000F0B3BF329895E85E0000F5A6
:10C4B000C67840465EC0B248329E06F0F3F9B148F5
:10C4C00006F0B2F996F88C01212806D10BF0DEFEB9
:10C4D0002B98006807F030FB04E00BF07EFD40462F
:10C4E00008F0DCFCDDF8D08006F0AAFA0DF58560D6
:10C4F00040F6CD42002306F08FFE0BF07EFAC6E92F
:10C50000681286F8A80142F670400BF0D3FA20B109
:10C51000DDE92E32042000F077BF07F0BAFF8BF878
:10C52000280069E7DBF800609749D6F804A00AF113
:10C530001800FCF7A4FB90F83E810AF110090546AB
:10C540000C46B8F1020F21D106F042FC0BF081FC41
:10C550002268013A22602C9AB8F1020F18BF1146E6
:10C56000309A18BF1046CBF82890DDE93489CBE922
:10C57000060100208BF838000BF00AFECBE914AA64
:10C58000CBF85860CBF83000FFF725BA05F1200151
:10C590000DF5856009F012F89DF82804222802D1D3
:10C5A000D5E9480103E006F013FC0BF052FC309093
:10C5B0002C91DDF8B4B0C7E706F074F9204608F016
:10C5C00045FDFEF7C1BEDDE92E3200F018BF0DF5C6
:10C5D000805002A901F5885190E87C00A7F1A800DD
:10C5E0007CC10246A7F1B80191E878000321B9F1B6
:10C5F000050F78C288BFA9F1060189B2329ECDE944
:10C600001ACEDFE811F00500D90103013E01C9008F
:10C6100014988BF83F0024981C998BF83C0000205C
:10C620008BF83DC08BF82200BBF83C00179A2A9B80
:10C63000299CA1F81700DBF800008BF83E20CBF80E
:10C6400030E0CBF83430CBF838404A76CBF81800DD
:10C6500031932894DDF8D4900DF585640BF1140125
:10C660004A462046EEF786FD9DF828C4BCF1230F0C
:10C6700000F0B086DDF82C0404F1080130900DF6CE
:10C680008810BDF82AE49DF82984024691E8380014
:10C69000ACF114010E2938C206D8012202FA01F1C8
:10C6A00044F20112114207D1BCF1000F40F096870D
:10C6B000B8F1020F40F092870BF13004334B0DF5C7
:10C6C00085609BF83E5016CCFCF7C9FADDF82C14B7
:10C6D0008C4280F0A887DDF828044FF45E7104FBDB
:10C6E000010090F85C13012902BF80F85D5302211C
:10C6F00080F85C13DDF830040BF05CF912E700BF42
:10C70000D438040014370400B42D04002437040086
:10C710005437040034370400B437040044370400AD
:10C72000342E0400BC2A04003C260400A437040074
:10C730002438040014380400242D0400342D04008F
:10C7400034380400643804005C2A04006C2A0400B5
:10C7500098240400A8240400442D0400B8240400F4
:10C76000842D0400442E0400644F04000C2A0400AD
:10C770001C2A0400542E0400350000005100000063
:10C780004D00000046010000B44E04006C2B040074
:10C790000C2604002C2604000020DDF8D4900BF0B9
:10C7A000F7FCDDE91823CBF814000BF0B2FCCDE95F
:10C7B00018230BF114080DF58565D9F800204146C2
:10C7C0002846EDF73BFE9DF82844232C00F08B868D
:10C7D000DDF82C1405F108003091A7F17006BDF8C2
:10C7E0002AA49DF82994314690E82C0040462CC19B
:10C7F000FBF72CFE222C3FF495AE0BF0C4FCCDF8D9
:10C80000B0A0319496E80E0000F084BD2A9B03206E
:10C810000021D3F10202299A914138BFD81EDDF8D8
:10C82000D490DDE91823DFE810F005007A05E40470
:10C830002C05BF0400215C4604F81C1F2999DBF875
:10C84000000028912A99CBF814003191CBF81800F8
:10C850000BF02DFACBF820000BF01DF9002800F0AA
:10C86000AB850BF07BF914F00BFE01208BF8280050
:10C870008BF81C00DBF80000406800F5BA6000F09F
:10C8800071BE0DF58052149982F823120DF5805275
:10C89000179982F822120DF580510DF5805281F81A
:10C8A00021C2249982F820120DF580521099A2F825
:10C8B000121202A901F588530DF58051DDF8A88008
:10C8C000DDF8A4A0C3F80CE1C3F81081C3F814A1EB
:10C8D000A1F8109204A901F5905C93E876000CF1A0
:10C8E000140E8EE876000CF1280190E83C0002203E
:10C8F000B9F1050F3CC10DF585640DF68811ADF851
:10C90000880918BF614620460BF08BFCDBF80060FD
:10C9100021462C983822756823F09BFA0020CDF828
:10C92000A0A08BF8580005F108002C90CBE9140664
:10C93000CDF8C4801C98BBF81A10D0E9068AD0E95B
:10C940000892BBF81800DBE90C432A91DFE810F0ED
:10C9500005008601E00125044F012C982A9A0BF06E
:10C9600019FA002800F0198400F5107CB2460DF683
:10C97000F86E9CE87501734683E875010868DDF878
:10C98000B4B0013808600BF1A0039EE87610184699
:10C9900080E876102C98D0E902120DF6881009F084
:10C9A00081FE9DF8B109022840F099832C98052258
:10C9B0002A99EDF7A3F8F0E314985C468BF8CF00C2
:10C9C0005A4617985B468BF8CE0024988BF8CC001B
:10C9D000DDE9291044F8C0EF8BF8CDC0CBE9310177
:10C9E0000020DBF800101591CBF8181002F8320F78
:10C9F00043F8144F28930DF585603092D4E9011265
:10CA00005FF87432FCF74DF9A07BDDF82C143194FB
:10CA1000814240F2FB85DDF828144FF4B07210FB20
:10CA20000210012190F80C9001FA09F111F0590F50
:10CA300008BF467BB0F85481B0F84C51B0F802B052
:10CA4000B0F800A0DDF830042D9C0BF0C5F824F8F8
:10CA50001CAF1221201D1690A4F802B023F086F915
:10CA6000B9F1050F6AD0B9F1060F40F0BE80319ED2
:10CA70005FF8E012306808F035FC90F838C0012308
:10CA8000BCF1010F98BF9C460CF1010280F83820E0
:10CA90000868DDF8CCA001300860B1892088DDF895
:10CAA000B4B0ADF828340128ADF82A1404BFBBF89F
:10CAB0001E00814240F0BA855C461D9124F8348FF7
:10CAC0001220169B218522461599DDF8D490C4E9E1
:10CAD0000814002102F82B1F214641F8043F84F876
:10CAE0002AC0A060658031922C9106215D4605F830
:10CAF000401F002105222E46C5E9030146F8083FE4
:10CB0000291DEA80EA4A3046C5F8022085F801C0AE
:10CB1000F1F73CFFC0B202280ED130462946F1F7AA
:10CB200035FFC0B2022807D1DBE91330191A0429F6
:10CB300080F0E981042666E2061D64E20120ADF87A
:10CB40002804BAF1000F31988089ADF82A0400F06A
:10CB500070855946584540F06C85DDF8B4B0122018
:10CB60001391169B5C46DDF8D49024F8345F35466B
:10CB7000218522461599C4E90814002102F82B1FCB
:10CB8000214641F8043F84F82A60A060A4F802809E
:10CB90002C921D9107215E4606F8401F00210522B8
:10CBA0007570354645F8083FC6E90301311DF2802E
:10CBB0002846BF4AC6F80220F1F7E8FEDDF8CCA00F
:10CBC000C0B202280ED128463146F1F7DFFEC0B2CE
:10CBD000022807D1DBE91330191A042980F0E58017
:10CBE000042000E0043031907FE1309C2FE2706837
:10CBF0002546B049934600F5C4601C46FCF720F872
:10CC00000E460021CDF8FC1E0121CDF8F81E0DF6D0
:10CC1000F8612994CDF8144FCDF8105FCDF80CBF12
:10CC2000CDF8089FCDF804AFCDF8008F0AF07CFC5A
:10CC300030682A9A013030602C980BF0B7F8002841
:10CC400000F0AB82299AC0E9908AC0E9929BC0F8B3
:10CC50005052C0F854220AF0A9FE9EE22C981446C5
:10CC60002A9A0BF097F8002800F097820A68DDF8FE
:10CC7000B4B090F86E03013A0A6000288BF86000A7
:10CC800040F08B821C9A0020B4465E4606F8A40F42
:10CC90002A9BC2E91B8AC2E91D94C2F86600C2F849
:10CCA000620026F83C3C46F840CC26F8320CDDE920
:10CCB00033A8DDF8D4900BF188000BF168011C2239
:10CCC000CBF884C0644623F0C4F8606800F2646066
:10CCD000CBF8A8000BF1A8000AF078FF002800F0BC
:10CCE0006483DBF88400016800208BF8B0000BF14E
:10CCF0008800CBE92A1014F0EAFC012100288BF807
:10CD0000B0108BF8A41000F04882DC4600F0DFBBC6
:10CD10002C98694900F110084046FBF7B0FF054622
:10CD200090F83E010E4602283AD005F120010DF69A
:10CD3000F86008F043FC9DF8F80E222830D1D5F8B1
:10CD40003411D5F8310147F8251C47F8280C306814
:10CD50005A4B013830602C98D0E900120DF6F8607B
:10CD6000FBF77DFFDDF8FC1E4FF45E70DDF8F85E2A
:10CD7000A7F1280401FB00F6002E00F0078495F8C7
:10CD80005C03042807D105F5107021460AF012FC57
:10CD9000002840F0F88305F55E75A6F55E76EBE7B2
:10CDA00030680138306000F0F5BB2A68051D444941
:10CDB0000BF01FF8CDF82C140421CDF828040DF544
:10CDC0008560319121460422E7F726FA002840F0D9
:10CDD0008C800020CBF850508BF870001398ABF883
:10CDE0006C001598CBF860004A460DF585690BF08C
:10CDF0002FF9DDF82864022E00F0F48209F10C040A
:10CE00000DF58055DDF830E4BDF82EA42B469DF8D5
:10CE10002C849DF82DC494E8070007C3F00716D0B2
:10CE200095E80E00A7F148000EC001202C99B8F13A
:10CE3000230F329ECDF8C480087000F0DC83CDF85B
:10CE400078A0DDF8CCA01D98CDE920CE51E0CBF83C
:10CE500064E00BF16800ABF862A08BF861C08BF85E
:10CE6000608095E80E000EC049460BF148000AF0BC
:10CE7000FDFC0AF0EDFD0BF174040DF585650AF07B
:10CE8000FFFC9DF82884B8F1230F00F0AD8205F176
:10CE90000800DDF82C1416910DF6F8650AF024FD53
:10CEA000B8F1220F10D10AF021FC222031901AE0B3
:10CEB00004000800AC2A0400C44E04009C2A0400AC
:10CEC000A42E04004C260400CDF8C480A7F148002D
:10CED00095E80E000EC00AF009FC1698CDF878907F
:10CEE000CDF880A02190DDF8CCA02C9A01211D98CE
:10CEF0001170FBF7CCFB319EA7F148001E99222E42
:10CF0000DDE92092A1E03268051D5FF84C100AF0BF
:10CF100070FFCDF828040DF58560CDF82C1421465E
:10CF200004220426E7F778F900286CD10020CBF81A
:10CF300050508BF870001D98ABF86C001598CBF82A
:10CF400060004A460DF585690BF082F8DDF828543B
:10CF5000022D00F03A8209F10C040DF58056DDF83F
:10CF600030E4BDF82EA433469DF82C849DF82DC4E2
:10CF700094E8070007C3E80715D096E80E000DF601
:10CF800088100EC001203199B8F1230F087000F00D
:10CF90001F82CDF87CA04646DDF8CCA0F0462C9848
:10CFA000CDF888C046E0CBF864E00BF16800ABF840
:10CFB00062A08BF861C08BF860800BF071F9494674
:10CFC0000BF148000AF052FC0AF042FD0BF1740428
:10CFD0000DF585650AF054FC9DF82884B8F1230FFF
:10CFE00000F0F18105F10800DDF82C141D910DF61B
:10CFF000F8650AF079FCB8F1220F07D10AF076FB48
:10D000002226DDF8CCA0DDF88C800FE095E80E003C
:10D010000DF6881046460EC00AF068FBCDF888A0D1
:10D02000CDF87C90DDF87480DDF8CCA0319A012138
:10D030002C981170FBF72BFB1F990DF68810DDF86B
:10D040008890222E4246CDF88C80309C05D101205C
:10D0500020702898FBF7ADFA20E0CDE93026A7F143
:10D06000340B2C91012690E82C0059462CC12898AD
:10D070002670FBF79EFA319AA2F114000E2805D80B
:10D0800006FA00F044F20111084207D1002A40F0EC
:10D0900083815FFA89F0022840F07E81DDF8B4B028
:10D0A0000DF585605FF8E431DBE931129BF8CE4085
:10D0B0000AF04FFADDF82C14A14240F2A282DDF80A
:10D0C00028044FF4B072DDF8301414FB0200002283
:10D0D00002730AF06BFC0BF01CF8FFF723BA1C9CE0
:10D0E0005546DDF88809DDF88C19DDF89029DDF862
:10D0F0009439C4F862000020C4F86E30C4F86A2085
:10D10000C4F866105C4604F88C0F2A9844F82CACDE
:10D1100024F8240C0BF041F80BF17A000BF16801B4
:10D120001222CBF8645022F094FE686800F264602A
:10D13000CBF890000BF190000AF048FD002800F0B9
:10D14000B981DBF86400016800208BF898000BF1CE
:10D150007A00CBE92410002127F8481CA7F14801E8
:10D1600014F0F5FA002840F0AC810DF58050A7F1DD
:10D170004801022204F0A2FC0DF58050406800280E
:10D1800000F04A820DF580508068002840F042820D
:10D1900001208BF88C008BF8980030990120DDF885
:10D1A000B4B00870FFF7BEB900200AF0F1FFCBF869
:10D1B00014000AF0AEFFCDE918230BF114040DF5AD
:10D1C0008565D9F8002021462846EDF737F9204635
:10D1D0009DF82844232C00F0ED80BDF82A1405F1B9
:10D1E00008062C91A7F17C0A0AF0A6FDFBF72EF9A0
:10D1F00087E0DBF800002499C90700F0798100215D
:10D200005C4604F8281F44F8140C44F80C1C24F85D
:10D21000081CDBF81C10CBF82210BBF82010CBF850
:10D220001800ABF826100AF042FDCBF82C000BF1E9
:10D230002C000AF0CBFC002800F03781DBF8180046
:10D240000BF12204002100688BF83410CBE90B04A9
:10D250000121012506F0C4FEC0B258B9204613F0E2
:10D26000EDFE38B9DDE9290C01218BF828108BF887
:10D2700034106EE12A908BF828508BF83450FFF769
:10D28000BBB8DDE9298E0BF1240114988BF823003B
:10D2900017988BF8220024988BF821C08BF8200077
:10D2A000CBE906E8DBF800C002A800F5885292E856
:10D2B000790079C10020DDE918238BF8C000CBF894
:10D2C000A0C0CDF8C4E0CDF8A080CDE918230BF1C3
:10D2D00018040DF58565D9F8002021462846EDF79C
:10D2E000DDFA20469DF82844232C79D0BDF82A1475
:10D2F00005F108062C91A7F1880A0AF01DFDFBF73D
:10D30000C3F8222C3FF40EA90AF03DFFCDE930848A
:10D310009AE80E000EC0DDF8CCA0FFF771B8DBF87C
:10D32000000000215C46CBF8180024F81D1F9BF874
:10D330001E10CBF814008BF81C100AF0B8FCCBF8C8
:10D3400020000AF0A8FB002800F0C880DBF81400D9
:10D350000BF11C04002100688BF82810CBE90804AD
:10D36000002106F03DFEC0B280B9204614F0CEF98F
:10D3700060B901208BF81D008BF82800DBF8000055
:10D38000406800F5B760F1F76AFCA4E62A90012036
:10D390008BF81D00FFF7C3B80AF0F5FE9BE80E00FE
:10D3A0000EC0DDF8B4B0FFF72BB8032030700420B6
:10D3B000329E81E0172097E00320DDF8D0802070B6
:10D3C0001220FFF700B9042000E003203199087013
:10D3D00004200DE0DDE92E321020DDE934890EE075
:10D3E000162081E0032000E004202C99087003201F
:10D3F0000AF0D3FE3099DDE92E320870112025990C
:10D400008BF8120003200870269900240870D6F8C3
:10D410002005D6F8241550EA010B18BF4FF0010B78
:10D4200040F0B08142F6F87008EB000A96F88005EB
:10D430003194DFE810F01100EC01EC011B00280032
:10D44000040331035103D30337000B042A044D04B2
:10D450005A048F04AC04C2040020D6F8741586F870
:10D460007F0586F88805C6F8701501E096F88805EE
:10D47000DFE810F025010500CD014E016001DFF865
:10D48000300C05F04CF906F5B260309096F8900536
:10D49000DFE810F00500DC00BD01CD012402D6F864
:10D4A00088055EE1D6F88805BDE3032020701420CE
:10D4B000FFF789B803202070309908701820FFF713
:10D4C00082B80121DC468BF88C108BF898103099CB
:10D4D000E3462A9001200870FEF78EBF03202070DB
:10D4E0001320FFF770B819200AF057FEFFF76BB84A
:10D4F000CBF8180000212A98319029988BF8201039
:10D50000ABF81E1028900DF585640BF11401CDE9E0
:10D5100018234A462046EDF76DFE9DF82804DDF8F5
:10D52000C4C023288046289820D0DDF82C2404F19C
:10D5300008013092A7F1940EBDF82A242C9272466D
:10D540009DF8299491E838000021B8F1220F38C2E3
:10D5500010D12890DBF80000CDF8C4C024914068B9
:10D5600000F5BD60F1F77BFBFEF7DCBF1520DDF8B1
:10D57000D080A0E0CDF8A890A7F16401CDF8C480D8
:10D580009EE81C0034E0012085F87303DDF8000FED
:10D590000AF010FADFF8F41A4046FBF751FB0C468C
:10D5A00090F83E11022916D090F8202090F8E8104B
:10D5B000022903D10E210C2A04D908E0013A1221D4
:10D5C0000E2A04D8192280F8201080F8242000F5B3
:10D5D000387005F097FD0AF047FADEE5CDF8A8802F
:10D5E000A7F16401CDF8B0E0CDF8C4C090E81C000C
:10D5F0001CC1FEF705BFDDE933A80320DDF8D49098
:10D60000F8E6DFF89C2A204604F026FFDFF8842A9B
:10D6100004F022FF002402E00DF580500478DFF8CA
:10D62000700AFEF7C9BFDFF87C2AECE7DFF8680A6A
:10D6300001E0DFF8680A05F035F90DF58560FBF7C4
:10D64000C5FE2046FBF7C2FEFDF77EBEDFF85C0A92
:10D6500005F065F805F0BCFB0246DBF834004068D5
:10D66000D0F81836D0F81C46D21AA1410DD20020AD
:10D67000CBE910348BF8480029680BF1400005F025
:10D68000E9FD0028E6D0032012E0EDF703FC70B1BD
:10D690000120DDF868C08BF838004FF00A09319896
:10D6A0002A9028982990DDF86CE0FEF790BF0420BE
:10D6B0008BF838000F20DDF8D490FEF784BFD848EF
:10D6C0000068C00540F0C584DFF8B4C90DF5856178
:10D6D0000CF138000B46044694E8640064C3002251
:10D6E000CCF83820DDF82854FBF773FA329E0DF59C
:10D6F000856000234FF4804206F5B264022D11D0FC
:10D7000005F08AFD0AF079F9C4E9001286F8980557
:10D7100043F260000AF0CEF90028D0D0032086F84A
:10D72000880528E005F078FD0AF067F9C4E90012E1
:10D7300086F89805D9F8001006F5B260309005F02B
:10D7400089FD0121002818BF042186F8881501D021
:10D75000032010E0002086F89005D6F87005C6F882
:10D7600088050021C6F88C0501600120C6F89415D3
:10D77000C6F898054CE0DDF8CCA0DDE92E32319CEE
:10D7800086F8800504EA0B00012838D008F5C25B52
:10D7900003208AF8480ADAF8500ADAF8541A50EAEC
:10D7A000010818BF4FF0010840F04A849AF8701B36
:10D7B0000720CDE92E32DFE811F008002A002A0008
:10D7C0000D001C007B0310003F04DAF8680BCAF858
:10D7D0006C0B0BE3DAF8784B0BE39AF8D00B0AF5F5
:10D7E0003D6540B1032800F01C84DFF8D00804F048
:10D7F00096FF349C95E3DAF8780B00F005BC279887
:10D8000006F5A464F2F748F82046F2F731F8FEDE98
:10D8100043F264004044FBF756FAC00758D000209A
:10D8200086F8D0060D2061F30F20C6F8C80643F233
:10D83000700008EB00040DF585654A462146284630
:10D84000FAF758F99DF82884B8F1110F57D0691CE0
:10D850000DF688157C220AF091F820469DF8A594D3
:10D86000BDF8A664FBF740F9B8F10C0FDDF8D080E5
:10D8700008BF5FEAC97003D0DDF8D490329EC7E7D5
:10D880003298D0F88C452068A0B10DF58564E91D6B
:10D8900075220AF070F80020ADF89E648DF89D04A2
:10D8A000DFF8140804F0FEFF2046FBF7B9FD05F091
:10D8B000C7F8E1E704F10800E91D752222F0C9FA72
:10D8C0000020A4F87E6084F87D0001202060D3E76A
:10D8D000002086F8C8060C20C6F8C00643F268008F
:10D8E00008EB00040DF585604A462146FAF702F977
:10D8F0009DF82864112E09D1329E042002E00320F5
:10D90000DDF8D08030990870042034E720469DF877
:10D910002954FBF7E9F80D2E17D1329EE81E022894
:10D9200015D3D6F88C0500F1080150F87C2BC2EB1A
:10D930000212D20052B191F8753013B90378AB429C
:10D9400005D07831783A7830F4E7329E03253448B0
:10D950000068C00540F07D83DFF82827106800F4D8
:10D960007F41B1F5007F04BFC0F307439D4229D03A
:10D9700003466FF3172343EA054303F5007414606D
:10D98000C2B2022A1ED000220023B1F5807F4FF0E0
:10D99000020108BF034608BF0121B2EB506F18BF58
:10D9A0001946CAB2022A00F0A080B0F1007FC0F090
:10D9B0009C80080603D001F0010006F0E1FD20463E
:10D9C00006F076FD012086F89005D6F87005F4F78C
:10D9D00087F9D6F870150DF58560F4F755F99DF8BF
:10D9E0009D04022801D1002103E043F219000AF04E
:10D9F00083F8D6F870050A4A86F848150AF084FBC1
:10DA000040F0278371B143F2190158F801204144D5
:10DA10008988ADF82C140121CDF8282403E000BF3B
:10DA200004ED00E0002180F824100AF0CFFBA0F8FC
:10DA3000291096F8480501285ED10AF0ABFA09F0E2
:10DA4000DBFE0DF585604A462146F7F779FF9DF824
:10DA50002864022E01D105204BE0DDF82A04CDF820
:10DA6000F80EBDF82E04ADF8FC0E20469DF82954A2
:10DA7000FAF7F0FAF007329E3ED043F23C10DDF8A0
:10DA8000F81E48F800100021404409F0A1FFBDF83D
:10DA9000FC1E86F87256818009F0AEFE0DF5856099
:10DAA0000AF0C3F9DDF82804012801D1062062E656
:10DAB0009DF8300486F85405DDF82C04C6F85005AE
:10DAC0002046FAF71BFAD6F85005A8B10AF016FA64
:10DAD00096F854051182107109F03CFE08B1072038
:10DAE00049E62046FAF722FA06E0022A7FF463AFFD
:10DAF00065E7DDE9326A40E6D6F870150DF5856018
:10DB0000F4F7C2F89DF89D040021022803D043F2E7
:10DB1000290009F0F1FFD6F87005CF4A86F85815AC
:10DB20000AF0F2FA40F09582002251B143F2290145
:10DB300058F801204144CDF8282401228988ADF805
:10DB40002C140AF043FB80F82420A0F8291096F842
:10DB50005805002800F0C78043F2290043F248042A
:10DB600058F80010404408EB0405D0F8030048F8CA
:10DB70000410C5F80300D6F87005002680F89460FC
:10DB80003298D0F87005D0F88C00183006F038FCC8
:10DB9000329943F2580258F80400D5F80330D1F80E
:10DBA0007015D1F8881048F80200424440F2AF7076
:10DBB000C2F80330329B83F8FC65329BC3F8F01542
:10DBC0000121329BC3F89025329AC2F894153299FC
:10DBD000C1F898053298C0F89C65329E43F2600007
:10DBE00008EB00040DF688104A462146F3F7E2FDE3
:10DBF000DDF88809DDF88C1980F00200084300F098
:10DC0000F18001200DF6881186F87F05504609F055
:10DC10002FFF2046FAF73EF9D6F87005D0F88C00B1
:10DC20001830C6F88805D9F8001001F071FA0028FC
:10DC300040F0DA8043F2580000244044514620224C
:10DC400086F87F4522F005F986F8D44509F0D4FD21
:10DC5000D9F800102046F0F799FB002840F0BA8070
:10DC60002046FAF78FFF43F2480043F23C1258F87F
:10DC70000010404448F80210002109F0A9FE08EB0A
:10DC80000201D0F80300C1F8030009F0B5FD0DF55D
:10DC900085600AF0CAF8DDF82804002840F09E806C
:10DCA0009DF8300486F86405DDF82C04C6F860059C
:10DCB0002046FAF723F9D6F8600580B1339A00219F
:10DCC0001060D6F87005D06096F864051182107166
:10DCD00009F040FD00287BD12046FAF727F9002003
:10DCE00086F87F0559E00AF055F909F085FD0DF534
:10DCF00085604A462146F7F723FE9DF82864022EE8
:10DD000064D0DDF82A0402A901F588519DF8295450
:10DD1000C1F808010DF58051BDF82E04A1F81402D8
:10DD20002046FAF797F9F007329E36D002A943F25F
:10DD30003C1001F5885186F87256D1F8081148F860
:10DD400000100021404409F043FE0DF58051B1F868
:10DD50001412818009F050FD0DF585600AF065F818
:10DD6000DDF82804C0BB9DF8300486F86C05DDF8AA
:10DD70002C04C6F868052046FAF7C0F8D6F86805FE
:10DD800058B10AF0BBF896F86C051182107109F0D1
:10DD9000E1FC28BB2046FAF7C9F80DF5856009F0CB
:10DDA00075FE9DF83004DDF82814DDF82C24C6F843
:10DDB0008815C6F88C2586F8900543F2580009F0BE
:10DDC00079FE00283FF498AE1020D4E40D2090E6B0
:10DDD0000C20D0E40A20CEE40E20CCE40B20CAE4D0
:10DDE0000F20C8E40820C6E40920C4E4B44CCAF8F3
:10DDF000784BAD480068C00540F02B8120680028B2
:10DE000040F02A810AF02AFA207C012804D104F586
:10DE10008C6005F077F9217CD4E90202904201D1AF
:10DE2000C9070ED000212174411C00EB00100A1F0D
:10DE300018BF0A46A26004EB001010F8185F032D0B
:10DE40000CD1D9F80000D0E9001204F58B6005F080
:10DE500066F9032509E000BF04ED00E0411C0DF662
:10DE6000881040F20F1221F0F4FF09F0FDFD032DA0
:10DE700000F0C0800DF688140AF6592040F20F1207
:10DE80008AF8585A214621F0E4FF75B30020012D8D
:10DE900040F0B2808AF8540D9AF8590A8AF8780B43
:10DEA000DAF86C0BDAF85A1ACAF87C1BCAF8800B3D
:10DEB000349945F65C60D9F800200DF585650C189D
:10DEC00028462146F8F71CFD9DF82864112E00F025
:10DED0008F8002A8691C00F5885009F0B6FF204623
:10DEE000FAF707F99AF8789B5FE0E11D0DF6F86400
:10DEF0004FF4847209F03FFDDAF86C1B0DF585656F
:10DF0000BAF8590A2246AAF8780B2846F8F7B2FA66
:10DF1000349C45F6606029464FF44272204421F05B
:10DF200075FE45F660600444D9F80020A7F148006A
:10DF30002146F8F7B3FB57F8485C092D54D020462A
:10DF400057E9119AFAF739F8082D0BD104A840F2D5
:10DF5000071200F59050411C0DF5805021F079FF1B
:10DF60000F2611E00DF58050102680F8106202A8EF
:10DF700000F5885000F5867080E8200604A800F5BA
:10DF800090500430F8F7CAF9DDF8CCA09AF8780B75
:10DF9000012826D19AF8799B02A800F588500DF542
:10DFA000805140F2071221F0DFF83F480068C005B9
:10DFB0004FD1444840F20712057A0672D0E9006456
:10DFC00080F8009002A9093001F5885121F041FF45
:10DFD000DDF8D490122D7FF409AF71682046884790
:10DFE00004E7DDF8D49001E70420DDF8CCA023E0BD
:10DFF000052021E003201FE08AF8D00B0AF53D65DB
:10E00000DAF86C0BCAF8780BD0E98812002300F517
:10E0100007708AF8CC3BCAF87C0BCAF8801BCAF898
:10E02000842B349945F65C600C180AF043F80428F8
:10E030001FD1032028700620DDE92E328AF8700BEC
:10E0400002EA030000EA080001280CD00420FDF7D2
:10E0500070B91848FDF774B90B4804F023FC07F0B9
:10E060006BF8FDF771B9349941F608500844F1F79F
:10E07000FFFB2046FAF75CF80120287006F009FA49
:10E0800020940020EC20002050000000E44E04000A
:10E09000340000001C26040075000000740000001D
:10E0A0005C2604007C2B040004ED00E0D832040060
:10E0B00098320400370000003D0000006430040086
:10E0C000B88F002058000020013807289EBF06495D
:10E0D00001EBC000704780B56F46024A082104F08A
:10E0E000BBF900BFB8350400CC830020D0F814057C
:10E0F00008293EBFC84000F00100704780B56F4658
:10E1000002481C21024A04F0A1F900BF4146040064
:10E11000D4360400013807289EBF064901EBC00031
:10E12000704780B56F46024A082104F095F900BF98
:10E13000C83504000C840020B0B502AF0446D0F806
:10E1400000013F2808D2811CC4F8001154F8205067
:10E1500004EB800041680EE007D120460121D4F88D
:10E16000FC5001F025FD216805E02046022101F068
:10E170001FFDD4E900512846B0BD02780B789A42C1
:10E180001CBF002070470131013022B1012A0AD1A1
:10E190000968006801E009880088401A714609F0A2
:10E1A0001FFF8E46704780B56F460AF040F809F0B1
:10E1B00038BED4D4B0B502AF01F01F05034601202C
:10E1C00000FA05F401F07F0049B2B1F1FF3F0DDD27
:10E1D000D3F8141512B32143C3F81415082840D2FC
:10E1E00003EB80010022C1F8A02428E0D3F8101529
:10E1F000002A21EA040518BF41EA0405C3F81055B6
:10E2000020D0214227D11949BFF35F8F51E8042F55
:10E21000224341E80423002BF8D11AE0A143C3F8BC
:10E22000141585F010010122BFF35F8F02FA01F18E
:10E230000E4AC94309F083FFFCD1BFF35F8FFFF79C
:10E2400069FF0AE0094AE143BFF35F8F09F077FFF6
:10E25000FCD1BFF35F8FFFF737FFBDE8B04004F09C
:10E260007DBF03481C21034A04F0F0F820940020ED
:10E27000414604007046040080B56F46D1E90001B4
:10E280001222CB680149BDE88040184728360400B7
:10E29000F0B503AF2DE9000F8DB091F810909046C6
:10E2A0002A4B834610220C464846E3F70CFC00221A
:10E2B00019B100F8012B0139FAE7002558462574F9
:10E2C000CDE90155CDE9035501AE314608F072F8AC
:10E2D0000DF1140A31465046F3F71CFA0BF5B076EF
:10E2E000102D09D00BEB0501605D013591F860211F
:10E2F000504081F86001F3E7B9F1100F07D1002019
:10E30000102816D01AF8001009F0EDFBF8E716F8FF
:10E31000090080F0800006F8090009AC05A9204634
:10E32000F3F7F8F90020102803D0215C09F0DBFB9B
:10E33000F9E75846314608F03DF84046314609F0C5
:10E340003DFB0DB0BDE8000FF0BD00BF744E0400F2
:10E3500080B56F46D1E900010922CB680149BDE8CB
:10E36000804018477B360400D0E900239A4208D049
:10E37000D0B502AF144614F8011B0460BDE8D040CC
:10E3800000E00421D01A724609F02AFE9646704732
:10E39000D0B502AF0F4A5269BFF35F8FA2B1526886
:10E3A000012301441360002388420AD0D2F80041BF
:10E3B000002CFBD0C2F80031D2F8084500F8014B20
:10E3C000F2E701205060D0BD034804F077FA04F072
:10E3D00083FA00BF2094002033000000B0B502AFE4
:10E3E00009F082FF09D148680D4612F0B4FB09F02C
:10E3F00008FA08BF023209F0E4BD014804F08FF9C1
:10E40000C4370400B0B502AF09F06EFF09D1486807
:10E410000D4612F035FC09F0F4F908BF023209F09C
:10E42000D0BD014804F07BF904380400B0B502AF58
:10E4300009F05AFF09D148680D4612F04CFB09F06B
:10E44000E0F908BF023209F0BCBD014804F067F9E9
:10E4500074380400B0B502AF09F046FF09D148682E
:10E460000D4612F0D6FA09F0CCF908BF023209F0D5
:10E47000A8BD014804F053F984380400B0B502AFD8
:10E4800009F032FF09D148680D4612F0E5FA09F0AB
:10E49000B8F908BF023209F094BD014804F03FF911
:10E4A000B43804000179C90701BF01680968012275
:10E4B0000A6504BF0271704780B56F46014804F0D9
:10E4C0002EF900BF043904000179C90701BF0168B2
:10E4D000096801224A6504BF0271704780B56F4622
:10E4E000014804F01CF900BF14390400F0B503AF73
:10E4F0002DE9800F8046087A0E469246DFE810F03C
:10E50000070022013001350055002F005E00D6E9DA
:10E5100000E306F164011A78DFE802F002C76793AE
:10E520004FF0000C3546C6E919CCD3F80620B26688
:10E530009A88A6F86620B3F80120A6F8642008227D
:10E54000F260DEF8000005F821CF45F8111C45F80F
:10E550000D2C45F8090C45F8050C80881AE009F0E7
:10E5600059FE33D003282ED15FE0354615F8210F30
:10E57000DFE810F00500EB00F60003011B01D6E90F
:10E580000412092AF069B06180F0E2808088082ACC
:10E5900040F0CA800023002886F8203040F0CE806A
:10E5A00098483721984A03F059FBB3461BF8770F78
:10E5B000ABF16B0978B1032805D19CE009F02AFE84
:10E5C0000ED003285CD08A4804F0A9F8D6E919E1F6
:10E5D00096F8762013E0D6E919E196F876206EE0F9
:10E5E000D6E919E196F8762035E0591C0322A6F801
:10E5F000762006F10C09C6E919E106F1770500203D
:10E60000334643F86C0F1A7002221881586009884B
:10E6100043F8602CA3F80110DEF8041003F84B0C4B
:10E62000032043F8501C43E9173009F02AFAC0B21E
:10E63000022831D0032833D1032009F0B3FD05208F
:10E64000D3E0591C0422A6F8762006F10C09C6E98D
:10E6500019E106F177050020334643F86C0F188165
:10E6600058601A7009785970012143F8601CDEF86F
:10E67000041003F84B0C022043F8501C43E91730F8
:10E6800009F0FFF9C0B2022806D0032808D1032000
:10E6900009F088FD0620A8E0D9F80000062101E075
:10E6A0000120032101222A7098E0991C0222A6F879
:10E6B000762006F10C09C6E919E106F1770B002373
:10E6C000344644F86C3F09252381636022700A7A3E
:10E6D0006270CA88D1F80200098844F8605C6180E1
:10E6E00060602281DEF8040044F8500C0A2004F82F
:10E6F0004B3C44E9174009F0C4F9C0B2022809D0E4
:10E7000003280BD103208BF800000720C8F8000075
:10E7100004206AE0D9F80000062101E0012003216D
:10E7200001228BF8002059E0B8B1B2FBF0F303FBF3
:10E730001023B3FA83F35B0986F82030C6E9091287
:10E74000F0620EE02E4803F0EAFF2A4803F0E7FFEC
:10E75000294804F0B3F804F0BFF8284803F0D5FFC7
:10E76000FEDE06F1240001F069F990B10022B163E8
:10E7700086F86020B269C6E90C2006F130005146E7
:10E78000E2F7ECFDC0B20228EBD003281CD1032035
:10E7900016E096F8200001281BD100200121B26963
:10E7A00086F85400C6E90921F06206F124005146BA
:10E7B000E2F7D4FDC0B202280BD0032804D1042014
:10E7C00009F0F0FC032010E0012000222870032152
:10E7D00006E00120062186F82100F06820F0FF0203
:10E7E000C0B21043C8E900100120307209F079BAB4
:10E7F0003433040024220400210000000422040019
:10E80000443904000835040014220400F0B503AFB5
:10E810002DE9F80F90F8806100F5B8781546894623
:10E82000C6F1100383469A4232D9F6B12D484946C3
:10E83000009001A82A46FAF7B9FA2B4B3046414618
:10E840001022DDE9014ADDE90395E3F73CF9274AA7
:10E8500053460092224605F0B5FC58464146012237
:10E860004FF0010A00F048F835B315F00F064FEAF3
:10E87000151208BF10264FF0FF3008BF00EB15122D
:10E8800009EB021ACAB15846494600F035F814E0BF
:10E89000114B304641461022E3F715F90F4B024663
:10E8A0000C4611462846224606F02CFC0C4A2B4604
:10E8B00009F03CF92E440AE000260D4B3046414653
:10E8C000102206F01FFC0B4A334609F0B2FA8BF80F
:10E8D000806108F0A2BF00BF444E0400544E040003
:10E8E000644E0400EC220400044E0400144E0400A4
:10E8F000244E0400344E0400F8B504AFCDE90212F2
:10E9000000F5B071019101A907F066FD8FBDD4D467
:10E91000D0B502AF024600780B7898420BD1431E67
:10E920000120042B08D8DFE803F0030307080300E5
:10E930004878517803E00020D0BD48885188081AF3
:10E9400009F04EFBD0BDD4D4F0B503AF2DE9E00FF4
:10E95000044601A80D4600F0B9FE9DF80400012808
:10E9600005D19DF805001B216070217053E00298CD
:10E97000052870D8DFE800F0032D1723052F152098
:10E9800048E00320CDE9015001A8E2F751FF20F053
:10E990007F460546C0B24FEA1628162824D11B2010
:10E9A00084F8018036E0284600F088F9C1B21529C4
:10E9B0000BD0A4F80100000CE07017202AE02846D4
:10E9C00000F07CF9C1B215291FD1000A60701B202C
:10E9D00020E016201EE009F077F8C00761704FF0C4
:10E9E0001A0018BF1B2015E0152836D001A8E2F741
:10E9F0001FFF20F07F4B8146C0B24FEA1B2A16282A
:10EA00000CD11B2084F801A004E0A4F80100000C44
:10EA1000E07018202070BDE80E0FF0BD15281CD046
:10EA200001A8E2F755FF81B2C2B2090A022A02D157
:10EA30001B206170EEE7C0070FD0300C4FEA1B427D
:10EA4000A171627184F804A084F80390A07084F826
:10EA500001802570DFE70E2085E740F61B602080EF
:10EA6000D9E7D4D4E0B502AF0146684600F02EFEE7
:10EA700009F0D8F803D19DF8011001208CBD01994F
:10EA8000DD2900F218810020DFE811F0DE00DE0051
:10EA9000DE00DE00DE00DE00DE00DE00DE00DE0086
:10EAA000DE00DE00DE00DE00DE00DE00DE00DE0076
:10EAB000DE00DE00DE00DE00DE00DE00DE00DE0066
:10EAC000DE00DE00DE00DE00DE00DE00DE00DE0056
:10EAD000DE00DE00DE00DE00DE00DE00DE00DE0046
:10EAE000DE00DE00DE00DE00DE00DE00DE00DE0036
:10EAF000DE00DE00DE00DE00DE00DE00DE00DE0026
:10EB0000DE00DE00DE00DE00DE00DE00DE00DE0015
:10EB1000DE00DE00DE00DE00DE00DE00DE00DE0005
:10EB2000DE00DE00DE00DE00DE00DE00DE00DE00F5
:10EB3000DE00DE00DE00DE00DE00DE00DE00DE00E5
:10EB4000DE00DE00DE00DE00DE00DE00DE00DE00D5
:10EB5000DE00DE00DE00DE00DE00DE00DE00DE00C5
:10EB6000DE00DE00DE00DE00DE00DE00DE00DE00B5
:10EB7000DE00DE00DE00DE00DE00DE00DE00DE00A5
:10EB8000DE00DE00DE00DE00DE00DE00DE00DE0095
:10EB9000DE00DE00DE00DE00DE00DE00DE00DE0085
:10EBA000DE00DE00DE00DE00DE00DE00DE00DE0075
:10EBB000DE00DE00DE00DE00DE00DE00DE00DE0065
:10EBC000DE00DE00DE00DE00DE00DE00DE00DE0055
:10EBD000DE00DE00DE00DE00DE00DE00DE00DE0045
:10EBE000DE00DE00DE00DE00DE00DE00DE00DE0035
:10EBF000DE00DE00DE00DE00DE00DE00DE00DE0025
:10EC0000DE00DE00DE00DE00DE00DE00DE00DE0014
:10EC1000DE000F011101030107011301E1000B01E7
:10EC20000D01F300FF00FB000901F100E700ED001A
:10EC3000EF00F700F900E3000501FD000101E90024
:10EC4000E500DF00EB00F5008CBDE5218CBDD22195
:10EC50008CBDDF218CBDE4218CBDDA218CBDE3218C
:10EC60008CBDE6218CBDDB218CBDDC218CBDD92186
:10EC70008CBDD5218CBDE7218CBDDD218CBDDE2175
:10EC80008CBDD7218CBDE1218CBDD6218CBDE2216C
:10EC90008CBDCF218CBDE0218CBDD0218CBDD82175
:10ECA0008CBDD3218CBDD4218CBDCD218CBDCE217A
:10ECB0008CBDD1218CBD01200E218CBDBCB504AF13
:10ECC0000546684609F010F808F0ACFF03D19DF83E
:10ECD00001401520C5E00198142800F20581DFE805
:10ECE00000F0C00B377F9854B045A930C0C03E91AA
:10ECF000294C1C6C9FB77800684608F0F5FF08F0B7
:10ED000091FF40F0B5809DF8011003240120032CF1
:10ED100008BF0C4608BF1520A3E0684608F0E4FFD2
:10ED200008F080FF00F08280019C1B2C00F2D9804B
:10ED3000102095E008F0C8FEC0070C464FF00E000A
:10ED40008CE008F0C1FEC0070C464FF0090085E0DA
:10ED500008F0BAFEC0070C464FF002007EE008F053
:10ED6000B3FEC0070C464FF00C0077E008F0ACFE95
:10ED7000C0070C464FF0070070E02846FFF772FE10
:10ED8000C0070C464FF00F0068E00220CDE90050AC
:10ED90006846E2F79DFD08F0BCFF49D0C00700F0CF
:10EDA000A0806846E2F794FD08F0D4FF27D0C007A2
:10EDB00000F097800520114653E0684608F094FF64
:10EDC00008F030FF32D0019C062C00F28A8011201E
:10EDD00046E008F079FEC0070C464FF014003DE015
:10EDE0000120CDE900502846FFF73CFE0C46C00745
:10EDF0001ED16846E2F76CFD08F0ACFF51D115203A
:10EE0000002152E008F060FEC0070C464FF00D00F4
:10EE100024E008F059FEC0070C464FF004001DE046
:10EE2000684608F061FF08F0FDFE33D19DF801400F
:10EE3000152015E008F048FEC0070C464FF008000A
:10EE40000CE008F041FEC0070C464FF0060005E05C
:10EE500008F03AFEC0070C464FF0130018BF15200B
:10EE60000021E2B2C0B2120242EA01410844BCBD34
:10EE7000019802283BD81ED001282AD1684608F004
:10EE800033FF08F0CFFE3FF43EAF019933292ED86F
:10EE900001243BE7019850B1012822D1122001241E
:10EEA000DEE7C0071DD0214603201446D9E7122013
:10EEB00000210024D5E7684608F016FF08F0B2FEEE
:10EEC0003FF421AF0198042811D80A490224095CB3
:10EED0001CE72846FFF7C6FD10F0010418BF032405
:10EEE00014E715200E24BBE715200E24F2E60324B8
:10EEF0000E210BE7D03B0400BCB504AF04466846C6
:10EF0000214605F0F9FE08F08DFE03D19DF80100C1
:10EF1000032116E0019860B101282BD168462146F3
:10EF200005F0EAFE08F07EFE05D19DF80100032100
:10EF300006E0022105E0019D022D0AD903210E20E1
:10EF40000025C0B2032918BF41EA054141EA00206B
:10EF5000BCBD204605F0B2FE00F00101C2B2022A9B
:10EF600080B20A4608BF0322000A032ADFD0022A21
:10EF7000E4D0E6E703210E20CBE7D4D4F0B503AF0D
:10EF80002DE90007044690F8500060B1032850D1E5
:10EF9000254615F84C0FA5F1400A88B103283AD050
:10EFA000254803F0BCFB2068A2464AF80C0F002657
:10EFB0005AE902325546CAE9013205F8406F02E0CB
:10EFC000D4E9030362699A4202D3B2F5801F0FD9D4
:10EFD000012601202870042E02D10426032003E01C
:10EFE0005046F9F7B7FD012084F8500009F05DB8EC
:10EFF00042EA0306360501D00226EAE74FF0000E8A
:10F0000042F2107C012684F838E0C4E90663C4E9C2
:10F0100008E2C4E90A0C04F11809484600F07EFA37
:10F02000042803D1032004262870D4E709F04CF803
:10F03000CFE7024803F073FBA43A0400C039040090
:10F04000F0B503AF2DE90007044690F8580060B111
:10F05000032856D1A2461AF8540FAAF14405A8B1C4
:10F06000032830D0284803F05AFBD4F800C02546C6
:10F0700045F810CF002655E903E3AA4655F8040CDD
:10F08000C5E901E3E8600AF8446F03E0D4E904CE7F
:10F09000D4E906301E18B6F5801F01D9012605E017
:10F0A00043EA0006B6074FF0020600D019E000223E
:10F0B0009B0884F8402041F64C52C4E90860C4E93A
:10F0C0000AE3C4E90CC204F12009484600F026FA1C
:10F0D000042804D1032004268AF8000004E008F084
:10F0E000F3FF01208AF80000042E02D10426032039
:10F0F00003E02846F9F73AFD012084F8580008F0AB
:10F10000D4BF024803F00BFBB43A0400D03904002A
:10F11000F0B503AF4DF8048D84B004461C48006878
:10F12000C00530D1D4E900080025A6682560B0B13B
:10F13000012823D1D1E90010864208BF884515D0A7
:10F14000096888470125CDE90201019501A92046FA
:10F15000F9F73FFDD8F80410304688470EE0D1E9B2
:10F16000001009688847CDE9020101E0CDE9028677
:10F1700001252046019501A9F9F72BFD284604B089
:10F180005DF8048BF0BD034803F098FB03F0A4FB8B
:10F1900004ED00E037000000F0B503AF2DE9F00BFF
:10F1A000804626480068C00543D10D460978E878B6
:10F1B00000232B70C9B1D5E9019601291CD1D2E9F0
:10F1C0000010864208BF494525D0096888470124B8
:10F1D000CDE902018DF8044001A92846F9F7E3FCC6
:10F1E000D9F80410304688471EE0D2E900100968BB
:10F1F0008847CDE9020110E0B5F80110002488F835
:10F20000086041EA0040A8F80100000CC8F804902A
:10F2100088F8030008E0CDE90296012428468DF81D
:10F22000044001A9F9F7BFFC88F80040BDE80F0BC6
:10F23000F0BD034803F042FB03F04EFB04ED00E099
:10F2400037000000F0B503AF4DF804BD84B0334E75
:10F2500005460C46114606F120001A4603F09CFFB5
:10F260002968D1F8000128B300200122C1F800016B
:10F27000C1F80423C1F81025C1F81425BFF35F8F2E
:10F2800032618DF80C000720CDE9012001AC204649
:10F29000F9F724FD01280BD108460D46FEF714FFAF
:10F2A00003F05CFF2846FEF735FF03F057FFEEE75B
:10F2B000002030E0D1F80004C2071CBF0122C1F8D1
:10F2C0000024420544BF4FF48062C1F80024C20507
:10F2D00014D482051AD4000544BF4FF40060C1F86D
:10F2E00000040F480168207801F0010181420FBF3E
:10F2F000052080F00101217003300CE04FF4807094
:10F30000C1F800040120C1F82C0504E04FF400709E
:10F31000C1F80004022004B008F07FBB2094002054
:10F32000380400400068027A02B1704780B56F4629
:10F330000868D0E90010896888470020BDE880404F
:10F340007047D4D4D0B502AF0446006870B908F055
:10F3500029FC28B108F063FE2068411C002003E06E
:10F3600001200021207320462160D0BD014803F018
:10F370005FF900BFF84A040080B56F46002080BDE9
:10F3800080B56F46007880BD80B56F460170002063
:10F3900080BD91F829200AB10120704780B56F46E1
:10F3A00001F1100200F510711046FAF719F980F01A
:10F3B000010080BD80B56F46017A09B1082080BD8B
:10F3C000D0E90010884224BF401A80BD401A08309E
:10F3D00080BD80B56F46017A09B1022080BDD0E9B9
:10F3E0000010884224BF401A80BD401A023080BD00
:10F3F000D0B502AFD1E900329A4208D10C7AE407C5
:10F4000005D104210022C0E90012816011E00C3115
:10F410004FF4037403FB04149A42046005D90421D9
:10F42000D21AC0E90121002203E0C3F10803C0E9B8
:10F430000131C260D0BDF8B504AF01466846FFF7A0
:10F44000D7FF8FBDBFB506AF04466846FFF7D0FFB4
:10F450004FF403709DE82E0005FB003502FB001001
:10F46000C4E90235C4E90010BFBDD0B502AFD1E98F
:10F470000042A24207D10B7ADB0704D10024042109
:10F480000423002209E00C3101EBC403A24291BF26
:10F49000C4F10204141B0022042101EBC20203EB9D
:10F4A000C404C0E90034C0E90212D0BDD1E9002390
:10F4B0009A4206D10B7ADB0702BF022180F80612BE
:10F4C0007047D0B502AF00230B72531CB3F1080490
:10F4D00018BF1C464FF403730C6002FB03114FF47A
:10F4E00003720C311FF040FED0BDD0B502AFD1E9A0
:10F4F00000240023A24202D10C7AE4070CD00B7244
:10F5000001EBC20301321C691B7B0371931E8460F3
:10F5100018BF13460B6001230360D0BDF0B503AFE5
:10F520002DE9F80F044690F820000091634A04F199
:10F53000240BDFE800F003BEC10F7200002021465B
:10F5400084F8220094466069A061584691E86C00F6
:10F550006CC062464FF480769046C2F88060BFF37C
:10F560004F8FBFF36F8FF9F75BFB0098554DD0E9D4
:10F57000001205F1240003F0D2FDD5E901010130AC
:10F580006860C8F8006029B103204FF0040984F8CE
:10F59000200068E04FF00009264606F8219F4A48FF
:10F5A00031461EF055FE002879D40120E66184F82A
:10F5B00022000DF1040A9BE84E004FF4807B504678
:10F5C0004EC0C8F880B0BFF34F8FBFF36F8FF9F70D
:10F5D00027FB0420A86105F108009AE84E004EC000
:10F5E00047F2305005F82C9FE86040F20110A880E7
:10F5F0002946A06945F80C0C00F57A70A86055F80A
:10F60000280C013045F8280CC8F800B094F8210007
:10F610001EF072FE4246002835D44FF4807815461D
:10F62000C2F88080BFF34F8FBFF36F8FF9F7F8FAFE
:10F630000098244ED0E9001206F1240003F06FFD7B
:10F6400070680421D6E9069A0130B1617060B9F1A1
:10F65000030FC5F8008007D0B9F1040F14D14FF0A3
:10F66000040984F820901EE094F821004FF000096E
:10F6700084F822901EF022FE002804D484F8229000
:10F680004FF003090CE0824694F8220018B1E069BB
:10F690000078F8F73AFD002084F8220000E0824666
:10F6A000012084F820004846514605B0BDE8000F0F
:10F6B000F0BD034803F033F8FEDE00BF00E100E0D8
:10F6C000943A0400EC200020113D0200F0B503AF95
:10F6D0002DE9000B08F049FD042C15D04846FEF733
:10F6E00043FEC00714D105F01F0001F07F0207356B
:10F6F000013402FA00F0064348B20028ECD4042C8E
:10F700000BD1C8B20F2808D9052088F8010001E004
:10F7100088F80110012008F0C3B9C8F8046000207F
:10F72000F9E7F0B503AF2DE9800F89468046002642
:10F730004FF0FF354FF0000A4FF0000B092D19D0A4
:10F740004846FEF711FE0C46C00717D104F07F00B3
:10F750000021324620F067FB4AEA000A4BEA010B1F
:10F760000736013560B20028E8D4092D0DD1E0B28A
:10F7700001280AD9052088F8010001E088F8014035
:10F78000012088F8000008F0ACBAC8E902AB0020FC
:10F79000F7E7F0B503AF2DE9FE0F4FF000094FF08A
:10F7A000FF3A0025002600244FF00008CDE90001B3
:10F7B000BAF1120F44D00198FEF7D6FD8B46C00770
:10F7C00042D106950BF07F0500214A46284620F0DD
:10F7D0002AFBC9F14002CDE903012846002120F0AF
:10F7E000FFF9A9F14002059444468046029128465B
:10F7F0000021069D20F017FBB9F1400F38BF4046AD
:10F80000029AA046059C38BF1146039A38BF15439B
:10F81000049A38BF1643B9F1000F09F107090AF13C
:10F82000010A1CBF48EA010804434FFA8BF0002884
:10F83000BED4BAF1120F0FD15FFA8BF003280BD9A7
:10F8400000990520487002E0009981F801B001207C
:10F85000087007B008F05EB800990020C1E90256B0
:10F86000C1E90448F4E7D4D4F0B503AF4DF804BDC2
:10F8700082B00A460021044668468DF804100091C3
:10F88000052908D0D309425408D042F080024254DE
:10F8900001311A46F4E705256A4605E0084A68463C
:10F8A000F9F763FA02460D4608F04FFA01D9022033
:10F8B00004E007F0C8FF70196060102007F0B1BFC6
:10F8C000D43A0400F0B503AF4DF804BD82B00A4647
:10F8D0000021044668468DF804100091052908D0DF
:10F8E000D309425408D042F08002425401311A46F2
:10F8F000F4E705256A4605E0084A6846F9F735FA4F
:10F9000002460D4608F021FA01D9022004E007F072
:10F910009AFF70196060102007F083BF043B040059
:10F92000B0B502AFDCB06D460446284601F002FDDA
:10F9300000201121CDE95A00CDE9580004F5B87036
:10F9400020F093FA204629464FF4B8721FF00CFCC1
:10F950005CB0B0BDBCB504AF0446007CC00717D195
:10F96000E26801250020B0EB125F4FF001000DD1DD
:10F97000A1688818B0F5801F01D9012006E06068F1
:10F98000054B00930B4604F01DFC03202574BCBD01
:10F99000024802F0C4FE00BF0C4A0400143B0400FD
:10F9A000D0B502AF0A4600F5B8710446FEF770FC08
:10F9B0000020C4E95800C4E95A0084F88001D0BD91
:10F9C00080B56F460146006840B14A68831A18BF87
:10F9D00000F5037390420B6000D080BD886830B1A1
:10F9E000CA68904203D000F503728A6080BD00208F
:10F9F00080BD80B56F460146006840B14A68831AF1
:10FA000018BF00F1080390420B6000D080BD8868E9
:10FA100030B1CA68904203D000F108028A6080BD0C
:10FA2000002080BDFC2938BF704780B56F46024B6F
:10FA30000020FB2202F0C1FC243B040042689AB182
:10FA4000D0B502AF86B08368044601680748934288
:10FA5000009028BF134602A8F9F7A8F902AB0FCB14
:10FA6000C4E9002306B0D0BD00207047343B040039
:10FA7000F0B503AF2DE9F0070446107A0025012800
:10FA800005D1D079012804BF9079032803D02560DF
:10FA9000BDE80F07F0BDD7F80880994613481A460D
:10FAA00000900E46D1F810A000200621434605F034
:10FAB00033FB7D2207F8195C0AFB02F207F81B5C96
:10FAC00007F81E5C130D120B07F81D2C327E07F889
:10FAD0001A2C074A0092A7F11E0207F81C3C0623C5
:10FAE00004F070FB0125C4E90198D0E7443B040011
:10FAF000543B0400B0B502AF0A7A04460220012A42
:10FB000004BFCA79012A00D0B0BD887908B10220AB
:10FB1000B0BD0125257603F05BF902460020C4E95B
:10FB20000221617EC4E900500907EDD505F034F8E3
:10FB30000020B0BDF0B503AF4DF804BD0446006829
:10FB4000C00715D0D4E9026503F042F9821B71EBBE
:10FB500005020FD3801BA941D4E90423801A71EB5D
:10FB6000030005D25DF804BBBDE8F04005F014B811
:10FB700007F019BF044802F095FE03F061FB02F0A4
:10FB80005FFF02F0A9FE00BF19000000436863B1E7
:10FB9000D0B502AF024600689168994228BF194665
:10FBA0005B1A4418C2E90043D0BD00207047D4D48A
:10FBB000F0B503AF2DE9000FADF5237DD0E94A2361
:10FBC0000191D11C4B9143F100013A91911C4C9150
:10FBD00043F100014491511C4E9143F100014691C3
:10FBE000D0F818110626D0E94C4CD0F824A14F9239
:10FBF000D0E942B24793D0E944E350919946D0E925
:10FC00004781029000F594700090509851914A9469
:10FC1000CDF8DCC0CDF8ECC04D94CDE94844144695
:10FC2000CDF814C1CDE935CB9446CDE920B2CDE96C
:10FC30001E32519A1B49CDF8E0E0CDF8C0E01546E0
:10FC400025931993184BCDF8A4E0CDF88CE08646A7
:10FC50002A901B901548CDF8BCB0CDF89CB09346C7
:10FC60001D92134ACDF8E480CDF8D0A0CDF8C48021
:10FC7000CDE92DA8CDF89880CDF8A0A0CDF860A052
:10FC80003F931C9043911A923E932490429122926A
:10FC9000CDE92B20CDE93C33CDE94011CDE932202F
:10FCA00008E000BF6E6420337465206B322D6279EA
:10FCB00065787061002E00F040833F981E9B14947D
:10FCC000C2183598119582EA00012898179600EB22
:10FCD0003140289058401E90CDF820B002EB305AA9
:10FCE000279A1A98139183184B98299983EA00044C
:10FCF0005098CDF83CC000EB3445CDF834E085EAAF
:10FD00000206519ACDF8249003EB3650359080EAE4
:10FD1000344B439B05EB3B60169080EA36541C98AD
:10FD200046184D980AEB7465704002EB304C8CEA33
:10FD3000010806EB38511C9181EA304221983A992A
:10FD4000034485EA326683EA010E2E9901EB3E49AF
:10FD500080EA09001A9003EB305383EA3E403A9060
:10FD600009EB3060159000EB3640509080EA7461EA
:10FD7000519105EB31543F9484EA36402E904FEA7E
:10FD800030640CEB3260129080EA38504D9403EBF3
:10FD90007061139B289C81EA3B628AEA334310938B
:10FDA00004EB3363139303EB3243289383EA7060CD
:10FDB000299001EB3050439080EA32402790199906
:10FDC0004FEA30604B903E984218379882EA000321
:10FDD00018980E9300EB334E8EEA0100199020998B
:10FDE00002EB305822981D9A43184C9883EA00047D
:10FDF0001B9800EB344585EA010603EB365037903B
:10FE000080EA344905EB39601B9080EA365CDDE915
:10FE1000231046184A9808EB7C65704002EB304A84
:10FE2000269A8AEA010B06EB3B51249181EA304481
:10FE300042991F9885EA34660B184499594002EBA1
:10FE400031425040229003EB305383EA31404490DA
:10FE500002EB3060189000EB3640269080EA7C611F
:10FE6000219105EB31513E9181EA364020904FEAD5
:10FE700030610AEB34600B9080EA3B504A9103EB0F
:10FE800070610E9B81EA396288EA33430A930EEB74
:10FE900033630C9303EB3243239383EA70601F9028
:10FEA00001EB3050429080EA32401D9025994FEA94
:10FEB00030604C903D9842183B9882EA00032D98A0
:10FEC000079300EB334E8EEA01002D902F9902EB41
:10FED00030582B98089A43184E9883EA00042A98C1
:10FEE00000EB344585EA0106309903EB36503B9030
:10FEF00080EA344905EB39600E9080EA365C2C9834
:10FF00004618499808EB7C65704002EB304A319AFC
:10FF10008AEA010B06EB3B512C9181EA304441996E
:10FF20000F9885EA34660B184699594002EB314226
:10FF300050402B9003EB305383EA3140469002EB64
:10FF40003060089000EB3641319181EA7C612F915D
:10FF50000AEB3460069005EB31513D9181EA364160
:10FF600080EA3B502A914FEA3161499103EB70617D
:10FF7000079B81EA396288EA334305930EEB3363CA
:10FF8000079303EB3243309383EA70602590389BEC
:10FF900001EB3050419080EA32400F90099A4FEACD
:10FFA000306045994E903C98104480EA010A34999B
:10FFB00001EB3A4104915140369A349100EB3159AA
:10FFC00032984F9989EA3A4A104480EA01040D991F
:10FFD00001EB344585EA020600EB3650459080EA95
:10FFE000344B05EB3B600D9080EA365E3398C618C3
:10FFF000489809EB7E6586EA0001119800EB3148CC
:020000022000DC
:1000000083EA080306EB3350339080EA314240988C
:10001000149985EA32664418479884EA000C3998A6
:1000200000EB3C404140329104EB315484EA3C41C6
:10003000479100EB316000EB3641399181EA7E61F6
:10004000369105EB31553C9585EA364108EB326631
:1000500014914FEA316586EA3351049B04EB7162D7
:10006000489582EA3B6403EB3A6505EB34433893E9
:1000700083EA71611191109B02EB3151409181EA49
:1000800034410991159A4FEA31614F911A9982EAE8
:100090003151359A07F01EFD129B03EB3443159343
:1000A00083EA716112913A9B02EB31511A9181EA14
:1000B00034411091139A4FEA316135911E9982EAC9
:1000C00031511C9A07F006FD169B03EB34431E9337
:1000D00083EA716104910A9B02EB31511C9181EA20
:1000E00034410391189A4FEA31613A91229982EA98
:1000F0003151379A07F0EEFC0B9B03EB3443169318
:1001000083EA71611391449B02EB3151229181EAA0
:1001100034410B910C9A4FEA31613791199982EA77
:100120003151249A07F0D6FC1B9B03EB34431B93FD
:1001300083EA71611991059B02EB3151249181EAA7
:100140003449089A4FEA396144912B9982EA315136
:100150003B9A07F0BFFC069B03EB34430C9383EA06
:1001600071610A91469B02EB31512B9181EA344B2C
:10017000079A0E9C4FEA3B613B912D9982EA3151DF
:100180002C9A02EB716282EA336304EB334C8CEA03
:10019000716E02EB3E512C9181EA33444FEA346197
:1001A0004691329980EA3152459800EB726383EAB6
:1001B0003A6006EB304888EA726A479A03EB3A5194
:1001C000329181EA304633990D9B4FEA3660459073
:1001D000349885EA305001EB706181EA326203EBBA
:1001E000324383EA706501EB3550339080EA324048
:1001F0004FEA30614791DDE9272101EB3261299A0D
:10020000289181EA32512E9A4FEA716129915099D1
:1002100001EB3261519A2E9181EA32511D9A4FEAD7
:1002200071612791239901EB32611F9A189181EA3C
:100230003251209A4FEA71612391269901EB326184
:10024000219A269181EA32510F9A4FEA71612091E9
:10025000309901EB3261259A2D9181EA32512A9A27
:100260004FEA71613091319901EB32612F9A3191EE
:1002700081EA3251099A4FEA71612F91389901EB65
:100280003261119A349181EA3251149A4FEA7161C4
:100290003891399901EB3261369A399181EA3251BC
:1002A000039A4FEA716136911E9901EB3261049A0B
:1002B000509181EA3251109A4FEA71611E9115995D
:1002C00001EB3261129A519181EA3251199A4FEA47
:1002D000716121911B9901EB39611B9181EA3251C6
:1002E0000B9A4FEA71611991169901EB3261139AD9
:1002F0001D9181EA32514FEA71611F910CEB34611B
:100300002A9181EA3E5103EB306E4FEA71618EEA29
:100310003550259108EB36650C994FEA7069179EA8
:1003200085EA3A5001EB3B6B0A994FEA7064013E53
:100330008BEA31514FEA716CBCE4029ED6E94A8ADD
:10034000D6F830011690D6F8340117903F98619096
:100350001C98609043985F901A985E903E985D90CC
:1003600024985C9042985B9022985A903D985990BE
:100370002C985890419857902B9856903C985590AF
:100380003398549040985390329852901E987190A0
:100390002998709021986F9027986E9019986D9079
:1003A00023986C901F986B9020986A90259869907C
:1003B0003098CDE967C02F98CDE965903898CDE9A0
:1003C00063403698629028988190519880902E983A
:1003D0007F9050987E9018987D901D987C902698DC
:1003E0007B901B987A902D98CDE978B031987790D2
:1003F0002A9876903498CDE974503998CDE972E016
:10040000359891904D9890903A988F904B988E9007
:1004100037988D904A988C9044988B904C988A90FD
:100420003B98899049988890469887904E988690F6
:100430004598859048988490479883904F988290EB
:10044000D6F808014990D6F80C014890D6F810016A
:100450004790D6F814014690D6F818014590D6F882
:100460001C014490D6F820014390D6F82401429014
:1004700092A8009A92E83A003AC018F104004AF1B2
:100480000001C6E94A0117981699A190A091CDE9FB
:100490009C10CDE9981018F103004AF10001CDE954
:1004A0009E0118F102004AF10001CDE99A0118F10C
:1004B00001004AF100010022CDE99601402A76D0E0
:1004C000029882AC04EB020C00EB820EA05892ABB7
:1004D00099580E1852A81044416851918168C0681B
:1004E00050914F9062A9881845684E958568C068FC
:1004F0004D954C9072A88518DCE90198DCF80CC089
:1005000068684B90A8684A909818D5F80CB0D0E964
:1005100001A5C46852A88958835872A8CEF83060E3
:1005200080581032459E3044CEF820004998084447
:10053000CEF8100023484A991844CEF8000004EB86
:100540000C00CEF83C0005EB0800CEF838000AEBB2
:100550000900CEF8340042985844CEF82C00439855
:100560000844CEF8280044984B990844CEF824005B
:1005700046984C990844CEF81C0047984D99084479
:10058000CEF8180048984E990844CEF814000E484A
:100590004F990844CEF80C000C4850990844CEF806
:1005A0000800074851990844CEF8040086E7DDE9C1
:1005B0000101C1F800010DF5237D07F0ABB900BFC3
:1005C0006E642033657870617465206B322D6279BA
:1005D000B0B502AF054600780C460421142888BF48
:1005E000A0F11501C8B2DFE800F003302529063973
:1005F000204600212BE020460421FFF735F9C0B248
:10060000102832D12846214600F032F8C1B2102914
:100610002CD1E81C214600F02BF8C1B2102925D1BD
:10062000D4E90101884220D0A97900F8011B60605B
:100630001020B0BD6A1C2046022102E06A1C204640
:100640000321BDE8B040E0F760BF20460121FFF77D
:100650000BF9C0B2102818BF0220B0BD6A7820463E
:100660000521BDE8B040E0F723BF0220B0BDD4D4DF
:10067000F0B503AF4DF804BD054600780C46DFE841
:1006800000F00B512436186D874DA22097151C835E
:10069000112D0E668BA66900204600218AE02046B7
:1006A00010217BE06A7820460E2111E020460B21C4
:1006B00080E06A78204604218CE06A7820460C218C
:1006C00088E06A782046092184E06A782046022181
:1006D0005DF804BBBDE8F040E0F708BF6A7820464B
:1006E0000F215DF804BBBDE8F040E0F7F0BE204606
:1006F0000321FFF7B9F8C0B2102857D1A8782146D6
:1007000000F08AF80646C0B2102859D1D4E9010198
:1007100088424BD0697800F8011B32E06A782046A5
:10072000072157E020460121FFF79EF8C0B21028AC
:100730003CD16878022853D0012865D12046012198
:10074000FFF792F8C0B2102830D1A9782CE02046EB
:10075000112123E06A78204614213BE02046052140
:10076000FFF782F8C0B2102820D1D4E901018842F5
:100770001CD06A7807F0FCFA636017D0A978417042
:100780000230606010261BE06A7820460D2121E0CF
:100790006A78204606211DE020461221FFF764F802
:1007A000C0B2102802D16978204603E0022607E093
:1007B00020460A21FFF758F8C6B2102E18BF0226AD
:1007C000304607F02AB96A782046082102E06A78A4
:1007D000204613215DF804BBBDE8F040E0F768BE99
:1007E000204602210226FFF73FF8C0B21028E7D1C9
:1007F000A9780029D8D081290AD082290AD0832952
:1008000014BF04210321CFE7AA782046002168E71E
:100810000121C9E70221C7E780B56F4680F080005B
:100820000A460649C0B251F820101046FFF71CF8DE
:10083000C0B2102818BF022080BD00BFD83B040002
:1008400080B56F46F8F7A7FFF0B503AF2DE9000FAD
:1008500089B0002900F09C80146801295568D3F8FC
:1008600000A09668D3F80490D3F808E0D3F80C8081
:100870008AEA5403D26823F0AA3B89EA5503CDF8EB
:1008800020E023F0AA3C8EEA560323F0AA3E88EA31
:100890005203CDF81C8023F0AA3884EA4B0385EA82
:1008A0004C04069482EA480284EA9304049224F0F9
:1008B000CC3586EA4E04059582EA940222F0CC36C5
:1008C00083EA8502039684EA8603029383EA12137D
:1008D00023F0F033019382EA031202605BD0089B9D
:1008E0008BEA0A0589EA0C0902298EEA0306079BAE
:1008F00089EA950288EA030C22F0CC328CEA96034E
:1009000023F0CC3385EA820586EA830888EA151647
:1009100026F0F03A85EA0A1545603FD9DDE905651C
:100920006E40DDE90345032984EA050E8EEA1615BB
:1009300025F0F03586EA0516866032D082EA090293
:1009400083EA0C03042983EA121424F0F03482EAC7
:100950000412C26028D9DDE90162724002610529F2
:1009600025D08AEA08020629426123D9072985EAA7
:100970000E0282611FBF84EA0301C16109B0BDE8B4
:10098000000F18BFF0BD104A0720072101F064FDD9
:10099000114A06F0D5FE0F4A06F078FF074A07F025
:1009A000FDF80B4A07F0F1F8054A07F068FA074A24
:1009B00007F059FA034A07F08FFA00BF68410400B4
:1009C00088410400A8410400B84104009841040093
:1009D000784104005841040048410400D0B502AFFA
:1009E000082A28BF08222AB108C9013A04686340CE
:1009F00008C0F8E7D0BD80B56F46890051B10268E4
:100A0000043982EA121303F00F2382EA03125A40D8
:100A100004C0F3E780BD8A4205D3592A3EBF00EBEC
:100A20008100511A704780B56F4607F01BFBD4D484
:100A3000F0B503AF2DE9000F8DB0009005AD0E4667
:100A40002021284614461FF010FA082004F1100354
:100A50000290284608212246FFF7F6FE2846314636
:100A600008220496FFF7BAFF05A8082100F0CEFA85
:100A70000C984FF03F384FF0C03A4FF0F0394FF03C
:100A80000F3BC4460AEAB00108EAB022114481EAE9
:100A9000000E09EA3E320BEA3E531A440B9B0AEA67
:100AA000B30408EAB3252C4463405A4051400C91EA
:100AB00009EA33310BEA335211440A9A0AEAB203C3
:100AC00008EAB2252B445A40514061400B9109EA93
:100AD00032310BEA32521144099A0AEAB20408EAA6
:100AE000B2252819039080EA0204DDE90726614057
:100AF00059400A910AEAB20308EAB2201844DDE933
:100B0000051580EA020809EA38320BEA385303EB8C
:100B1000020B0AEAB5020CEAB52303EB020985EAE7
:100B2000090585EA0B034FF00F3B584007900CEA8C
:100B3000B1230AEAB10018444FF0F03C41400CEAFE
:100B400031330BEA31521A444FF03F3350400BEA35
:100B5000345280EA0E0005900CEA343003EAB623E2
:100B600010440AEAB6021A44039C82EA060358407B
:100B7000604080EA0E0009900CEA33300BEA3353F0
:100B80001844DFF86C3480EA080050400BEA355214
:100B900080EA0E0008900CEA353010444840029973
:100BA00080EA090080EA0E00069001F10808049826
:100BB0004246FFF730FF02460B4605A811461A468B
:100BC000FFF70CFFB8F1500F00F0848105A8DFF8A3
:100BD0002424082190470C984FF0F03E4FF00F3C32
:100BE0000EEA30110CEA303211440B9A48400EEAFA
:100BF00032130CEA323423445A4082EA30446140D2
:100C00000C910A990EEA31140CEA31352C4484EA2D
:100C1000010585EA3241099A59400B910EEA3211D9
:100C20000CEA323303EB010B8BEA020A8AEA354302
:100C300063400A9305AE78CE0EEA35110CEA3532E0
:100C400011440CEA343281EA05090EEA34152A44CB
:100C5000544084EA3945694007910EEA33110CEAA1
:100C6000333529440CEA36354B4081EA3341414063
:100C700005910EEA3611294481EA060585EA3A46CD
:100C800089EA354586EA0B066940464041400891AD
:100C900083EA3441D84B514008F10802484006909D
:100CA00004984146D54C0996CDE90228A047024652
:100CB0000B460DF1140B11461A46D14B5846984776
:100CC000CC4A5846082190470C984FF0FC3C4FF016
:100CD00003384FF0F03A4FF00F3B0CEAB01108EA3E
:100CE000B032114481EA000E0AEA3E320BEA3E536A
:100CF0001A440B9B0CEAB31408EAB3352C44634046
:100D00005A4051400C910AEA33310BEA33521144F4
:100D10000A9A0CEAB21308EAB2352B445A40514001
:100D200061400B910AEA32310BEA32521144099ABE
:100D30000CEAB21408EAB2352819019080EA0205DB
:100D4000DDE90726694059400A910CEAB21308EA26
:100D5000B2301844DDE9051480EA02090AEA3932A2
:100D60000BEA395303EB020B0CEAB41208EAB43372
:100D700003EB020A84EA0A0484EA0B034FF00F3BF8
:100D8000584007900CEAB11008EAB13318444FF00C
:100D9000F03C41400CEA31330BEA31521A4408EA84
:100DA000B63350400BEA355280EA0E0005900CEA4B
:100DB0003530019D10444FF0FC3202EAB612DDF8E6
:100DC00010801A4482EA06035840684080EA0E0008
:100DD00009900CEA33300BEA33531844894B80EA0C
:100DE000090050400BEA345280EA0E0008900CEAE9
:100DF0003430824C10444840029980EA0A0080EA6C
:100E00000E000690039800F1100B40465A46A0478A
:100E100002460B460DF1140A11461A46784B50460D
:100E20009847744A5046082190470C990B9ADDF870
:100E3000249081EA3120DDE9075682EA3223DDE998
:100E400005CE83EA304484EA31210C910A9981EA83
:100E5000312484EA334383EA322289EA392383EA5C
:100E600034440B9284EA31210A9185EA35218EEAD5
:100E70003E2484EA314282EA3522079286EA36220B
:100E800082EA334381EA324183EA392381EA362117
:100E90004340414008918CEA3C21099381EA344265
:100EA000594B4FEA314182EA3E2281EA3C214240DD
:100EB0004840059003985946069200F118024F4C9D
:100EC00040460292A04707F003FA1A464C4B5046A0
:100ED0009847C9E505AC08212046FFF78CFD204660
:100EE000082100F093F80498082200F5A07120462C
:100EF000FFF774FD0598DDE90631089C83EA50028E
:100F0000049022F0AA30DDE909A680EA030884EA09
:100F1000510323F0AA39039184EA0904029084EA78
:100F2000980525F0CC3186EA5A0525F0AA3B81EADE
:100F300004028BEA0603DDE90B6484EA560525F01A
:100F4000AA356C4084EA930C2CF0CC30DDF800C05C
:100F5000444084EA121E2EF0F03E84EA0E04CCF8DF
:100F60001C4088EA810483EA800181EA141323F09B
:100F7000F0335940CCF8181082EA0E1184EA0310BD
:100F8000CCF814108AEA4B03029986EA4504CCF89F
:100F9000100084EA9305049825F0CC356C4080EA73
:100FA0004100039981EA490181EA900222F0CC32A2
:100FB000514080EA820083EA850284EA111682EABF
:100FC000101326F0F03623F0F03374405A4081EAD3
:100FD000061180EA0310CCF80C40CCF80820CCF8BD
:100FE0000410CCF800000DB0BDE8000FF0BD00BF4C
:100FF000084004000D10020018400400170A020007
:10100000DD0902002840040038400400F0B503AFB9
:101010002DE9000F93B0002900F06681012900F04E
:101020006681022940F26681032900F06681042965
:1010300040F26681052900F06681062940F266814A
:1010400007291FBF8146D0F80080CDF83C80456855
:101050001FBF0D9500F1080416CC00F1140C1FBF42
:101060009CE8081884EA0100119085EA0C051FBF6E
:10107000109585EA00060C9686EA020E1FBF8EEADE
:101080000100129000EA060505951FBF83EA0B03D5
:101090000993584007901FBF8CEA010283EA080AAF
:1010A0008AEA04010E911FBF01EA08065640464035
:1010B00086EA05081FBF8EEA0B058CEA0403089335
:1010C00085EA030E1FBF0EEA030B00EA0206134671
:1010D0000A921FBF86EA0B01049188EA01080D9964
:1010E0001FBF8AEA010282EA030106910D921FBF27
:1010F0000F9B129C5C400B941FBF04EA010685EA1B
:101100000601059C61401FBF80EA0E0403941198FC
:1011100004EA00061FBF86EA0B0481EA040B8BEA8F
:10112000080002EA0A061FBF09998EEA010585EA4E
:10113000060210991FBF05EA010672404A4062404C
:101140001FBF02EA0B018EEA030409948AEA0C032A
:101150001FBF05931C406C4074401FBF84EA0C0302
:10116000049C5C4084EA01061FBF06EA000383EA90
:10117000080B84EA020C81EA08031FBF03EA0C0390
:10118000594021404E401FBF06EA0B0670400090B8
:1011900000EA0A0C1FBF80EA0B0601963540049551
:1011A0001FBF85EA0C08CDF8088083EA040A81EAAB
:1011B000020C1FBF8CEA0A0480EA04068BEA0A02CA
:1011C00086EA02011FBF039D0D4085EA08000390D7
:1011D0001FBF02EA0E0580EA0503119D29401FBFCB
:1011E000089D2A4081EA020ECDF844E01FBF06990F
:1011F00004EA01058EEA050008901FBF0C9901EA78
:101200000C0180EA010E8EEA03081FBFC9F81C809A
:10121000079906EA01080F991FBF01EA0A01129D0A
:101220000CEA050C8CEA01001FBF0F9088EA000150
:10123000109D01981FBF28401290414003981FBF86
:1012400048401090059901EA0B011FBF4140DDF8AD
:10125000288006EA080672401FBF1D465A404A40D1
:10126000C9F814201FBF0B9A224082EA0C02029C8C
:101270001FBF624082EA0E02C9F810200E9C1FBFF9
:101280000AEA04030898434059401FBFC9F80810F0
:10129000099901EA0B010F981FBF4140049B594077
:1012A0000D9B1FBF00980340119843401FBF4B4048
:1012B000109883EA0004C9F804401FBF1298434005
:1012C000C9F8003082EA05031FBFC9F81830514041
:1012D000C9F80C1013B01CBFBDE8000FF0BD104AD8
:1012E0000720072101F0B8F8114A06F029FA0F4A41
:1012F00006F0CCFA074A06F051FC0B4A06F045FC12
:10130000054A06F0BCFD074A06F0ADFD034A06F0AB
:10131000E3FD00BFE8410400084204002842040045
:101320003842040018420400F8410400D841040087
:10133000C8410400F0B503AF2DE9000FDDB00DF199
:10134000140A0C4601904FF4B07150461EF08DFD0A
:101350005046082122462346FFF776FA0AF1200E6E
:1013600000200F264FF0FC354FF0F0394FF0C03819
:101370004FF0000B0A2800F09A800BF10801441C82
:101380000490002010F1080208D0572E00F2E780E8
:101390000AEB80030138DA69DA63F3E7784B0BF183
:1013A0001002CDE9024E05A8044600F009F9FFF746
:1013B0002DFE20460BF11004724B06F03AFA00F0B5
:1013C0000BF90498082809D222460BF10804734B44
:1013D00005A8214600F0F4F8049A34E06A4B05A809
:1013E00006F027FA024604980838884280F0C28046
:1013F00052F82010664B06F0E1FE05A806F019FA37
:10140000024604980738884280F0B48052F82010D1
:10141000604B06F0D3FE05A806F00BFA02460498CE
:101420000538884280F0A68052F820100BF108049D
:10143000594B06F0C3FE05A80BF11002214600F03F
:10144000BFF8049A043A8A4280F0938050F8221040
:10145000A446DDF80CE081F4404140F82210002160
:10146000724608291BD00BEB0100B0F1580379D06C
:10147000B0F1500378D010684FF00333013103EA24
:10148000B03052F8203C584005EA800309EA0014C5
:10149000634008EA80146340584001C2E1E70EF15E
:1014A000200E0AF1200A08360298E34662E74FF060
:1014B000020808250DF1140BDFF8F0903E4CB8F14E
:1014C000000F2ED005F10806374B58462946324604
:1014D000C84700F0ADF805F1100A354B58463146C3
:1014E0005246C847FFF787FA324B05F118025846B3
:1014F0005146C847890081B10268043982EA121353
:10150000234082EA03125A4082EA920303F0332313
:1015100082EA83025A4004C0EDE7A8F101082035B1
:10152000CDE70BF59070082100F082F8234E1025CE
:10153000602D0AD0A5F1080158462A46334600F02E
:101540003FF800F049F80835F2E705A901984FF493
:10155000B0721DF009FE5DB0BDE8000FF0BD074A96
:10156000304403E00F4A01E00D4A0830582100F0F2
:1015700073FF1046054A00F06FFF00BFD83F04001C
:10158000C8400400D8400400E8400400384104008A
:10159000F8400400084104001841040028410400F8
:1015A000F83F0400E83F040098400400C115020021
:1015B000A8400400B840040000030F0C8840040059
:1015C0008A4205D3592A3EBF00EB8100511A704769
:1015D00080B56F4606F046FD80B56F46A9B102683A
:1015E000D2430129026013D04268D24305294260E8
:1015F00011D94269D243062942611FBF8169C9439B
:10160000816180BD074A06F067FC084A06F098F839
:10161000054A06F03BF9024A052000F01DFF00BF15
:10162000684004007840040058400400484004002A
:10163000D0B502AF0A4A890081B10368043983EA50
:101640001314144083EA0413634083EA930404F000
:10165000332483EA8403634008C0EDE7D0BD00BFB4
:10166000000C0F03D0B502AF9A4221BFD21ACC189A
:1016700080E81A00C26028BFD0BDBA6813210148B3
:1016800000F0ECFA34540400B0B502AF054605484A
:101690000C4601F0C9F828462146BDE8B04001F0EB
:1016A000E6B800BF03000000D0B502AF044604480E
:1016B00001F0BAF82046BDE8D04001F0B5B800BF4F
:1016C00002000000D0B502AF0446044801F0ACF8B7
:1016D0002046BDE8D04001F0B0B800BF0C000000CB
:1016E000B0B502AF0446764801F09EF84FF0FF30E7
:1016F00050FA84F1472900F253807248DFE811F074
:10170000D90048008400A000A4008A009200940040
:10171000AC00A80076008C0080006E0098009A0053
:10172000B200AE006A008200B8006C007E00740057
:101730008E007000C400C2007A0086009E008800FF
:10174000CC007800B000CA006600A6006400620009
:101750007C0090005000B6004C0068009600A2008B
:101760005000CE0050009C0060004E00D400C80025
:101770005E00AA00B4005C00C000BA005000D800AF
:10178000D200D600BC00BE007200C6004A00D000E5
:101790008F488EE04D488CE063488AE05B4888E0E3
:1017A0008C488D4DA8474648A8478C48A8472046F6
:1017B00001F043F800207CE04E487AE0504878E0A1
:1017C000534876E05C4874E05C4872E05D4870E045
:1017D00054486EE06D486CE069486AE0704868E023
:1017E000634866E03B4864E0634862E06F4860E05D
:1017F00057485EE05B485CE04E485AE05F4858E07E
:10180000684856E0604854E0704852E0544850E060
:1018100051484EE06A484CE063484AE0554848E089
:10182000434846E0654844E0634842E03C4840E0C5
:101830005A483EE058483CE036483AE0474838E0ED
:10184000614836E0354834E05E4832E03C4830E0FC
:1018500057482EE029482CE056482AE04C4828E01A
:101860003A4826E04B4824E0234822E02F4820E075
:1018700044481EE01D481CE018481AE0164818E0CD
:101880001B4816E0384814E0384812E0104810E0D1
:101890001C480EE02C480CE02E480AE01E4808E0E8
:1018A000094806E00F4804E0174802E00C4800E051
:1018B0000D4800F0B9FF0020BDE8B04000F0B4BF13
:1018C0000A000000C50000009E000000BF000000EC
:1018D000C0000000AA000000A8000000A500000051
:1018E000C3000000C10000008A0000008E0000005C
:1018F0009500000087000000C20000009700000073
:10190000920000009C000000BD0000009A00000052
:10191000B8000000B6000000B9000000AE000000F2
:101920009F00000089000000AF000000B000000030
:1019300098000000AD0000009D000000B500000010
:10194000A600000099000000A3000000A200000013
:10195000A4000000B7000000CA000000C80000009A
:10196000A1000000BA000000BB000000BC000000A5
:10197000CB000000C6000000AC000000B400000076
:1019800094000000B2000000B1000000B3000000AD
:10199000A0000000C90000008C00000093000000BF
:1019A00090000000910000008B0000008D000000FE
:1019B000BE0000008F00000096000000A70000009D
:1019C000A900000088000000AB0000009B000000A0
:1019D000C4000000C700000029280200D200000057
:1019E000D0B502AF86B004465AB109480123009031
:1019F00002A8FFF737FE0298DDE904120078A26022
:101A000001E0002000216160207006B0D0BD00BF61
:101A100058420400D0B502AF86B00446062A02D26E
:101A2000002020700DE008480623009002A8FFF770
:101A300019FE0299DDE90402E2608A880968C4E9B6
:101A40000012A06006B0D0BD58420400D0B502AF6D
:101A500086B004466AB10878013804280BD20848D9
:101A60000123009002A8FFF7FDFD05F0AAFF2070FA
:101A700004E0002001E04FF48070208006B0D0BD6B
:101A800058420400D0B502AF86B0044662B108786F
:101A900008280BD208480123009002A8FFF7E2FDB6
:101AA00005F08FFF207004E0082001E04FF48470FF
:101AB000208006B0D0BD00BF58420400D0B502AFB0
:101AC00086B00446022A02D2002020700BE00748AC
:101AD0000223009002A8FFF7C5FD0299DDE9040288
:101AE0000988A2602180606006B0D0BD5842040021
:101AF000D0B502AF86B0044672B1087802280DD284
:101B000009480123009002A8FFF7ACFD05F059FF3A
:101B100000F00100207004E0022001E04FF4817029
:101B2000208006B0D0BD00BF58420400D0B502AF3F
:101B300086B00446082A02D2002020700DE0084832
:101B40000823009002A8FFF78DFD0299DDE9040249
:101B5000E2600A684968C4E90021A06006B0D0BD0F
:101B600058420400D0B502AF86B00446022A02D221
:101B7000002000210CE008480223009002A8FFF793
:101B800071FD029ADDE90410A0601078527862704D
:101B90006160207006B0D0BD584204006FF31F3062
:101BA000B0F5706F38BF704780B56F46024800F0DF
:101BB00085FE00F091FE00BF0F00000080B56F466B
:101BC00090B0104B0792164ACDE900030220059011
:101BD0000D4804900D4806900D48CDE902130F9072
:101BE00002A9CDE90D0168460C900A480B9006A8A1
:101BF0000A900948099004A8089008A9074800F02D
:101C00002DF800BF54350400F3420400450A0400D7
:101C10004D1C0200391C0200251C0200F9030400BF
:101C20005430040080B56F460B46D0E900121846C8
:101C3000BDE8804000F0A4B880B56F46D0E900232D
:101C4000D1E90001BDE8804000F016B880B56F46CC
:101C5000D0E90002D268BDE88040104780B56F46E9
:101C600086B0CDE901010120ADF8140001A8039070
:101C700003A8049202F0F6F9F0B503AF2DE9000FC6
:101C800085B006469B468A46D80764D11578002061
:101C9000002D70D0DAF80C904FF0000802E01578B3
:101CA000002D67D0541C68B2B0F1FF3F07DD30460D
:101CB00021462A46C84700285AD16219EFE7802DED
:101CC00009D0C02D12D15BF83800002104912021E9
:101CD000C6F2000131E0B2F80140D51C3046294679
:101CE0002246C847002843D12A19D8E7E80703D17C
:101CF0002021C6F2000102E0D2F80110541DA8070D
:101D00004CBF34F8022B002268074CBF34F8023B6A
:101D10000023280748BF34F8028BE80644BF0BEBCA
:101D2000C2008288A80644BF0BEBC30083885BF81F
:101D30003800ADF81230ADF8102003910BEBC8015C
:101D4000CDF808A04A6801A90196904780B908F12A
:101D500001082246A3E74FEA5B031146DAF80CC0FC
:101D600030461A4605B0BDE8000FBDE8F0406047B8
:101D7000012000E0002005B0BDE8000FF0BDD4D484
:101D8000F0B503AF2DE9000F83B0D0F8089093466B
:101D900019F0C05F00F0FA805FEAC90213D4BBF10A
:101DA000100F33D2BBF1000F67D04A1E4FF0000C6A
:101DB0005B4612F9016F16F1410FC8BF0CF1010C1F
:101DC000013BF6D1D1E0B0F80EC0BCF1000F2CD031
:101DD00001EB0B034FF0000B0D46624609E0EF2DBF
:101DE0004FF0030588BF04253544AE1B013AB344C8
:101DF0001DD09D421CD02E4615F9014BB4F1FF3F7A
:101E0000F3DCE5B2E02DEAD2B51CEEE7CA1CCDF852
:101E1000049022F00308B1EB08060BEB060C0CF063
:101E2000030208D14FF0000E11E04FF0000B00222A
:101E3000ACEB020C99E04C1E4FF0000E14F9013F80
:101E400013F1410FC8BF0EF1010E0136F6D34FEA70
:101E50009C090090A2B14FF6FC73C7F6FF7303EA2A
:101E60000C0343445E1E002316F9015F15F1410F78
:101E7000C8BF0133013AF7D103E04FF0000C74E022
:101E8000002303EB0E0C029110E000233FFA83F0D5
:101E90003FFA93F10844A9EB0A090EEB8A081AF0FD
:101EA000030600EB00400CEB104C3CD1B9F1000FE5
:101EB00036D0B9F1C00FCA4628BF4FF0C00A4FF460
:101EC0007C7010EA8A03C646DFD00EEB0308AEF141
:101ED0001005002355F8104FD5E90110E643EA68D4
:101EE000F60946EA941424F0FE342344CC43E40972
:101EF00044EA911121F0FE311944C343DB0943EA5E
:101F0000901020F0FE300844D143C90941EA9211F3
:101F100021F0FE310B1805F110004045DAD1B5E78C
:101F2000DDF804901FE06FF00C00DDF8049000EA8B
:101F30008A00B60070440022031F53F8040F043EC9
:101F40006FEA00014FEAD11141EA901020F0FE3013
:101F50000244F2D13FFA82F03FFA92F1084400EBDA
:101F600000400CEB104C02990098828994450DD2E8
:101F70000291C9F34171A2EB0C0A6FF35F5900267D
:101F8000DFE801F011020E1156460CE0D0E9000224
:101F9000D3685A4603B0BDE8000FBDE8F0401847CB
:101FA0001FFA8AF14E08D0E900544FF00008B0B291
:101FB0001FFA88F1814208D2226928464946904793
:101FC00008F101080028F2D014E002992846E368DD
:101FD0005A46984770B9AAEB060000261FFA80F807
:101FE000B0B240450BD22269284649469047013697
:101FF0000028F5D0012003B0BDE8000FF0BD00209F
:10200000F9E7F0B503AF2DE9000F85B00D46016883
:1020100040F2001E02914168934680684FF000082C
:102020000490C0F2011E4FF0000A002001911AE056
:1020300006EB090010F8010C0A38B0FA80F04009EC
:10204000019B354606EB0801049EA9EB0802DB68FC
:102050003070029898470028039840F2001EA0466E
:10206000C0F2011E7CD1C00778D12E46D3455DD386
:10207000ABEB0A0106EB0A00072909D8D3454FD07C
:102080000023C25C0A2A3DD001339942F9D147E0CE
:10209000C21CB44622F00302121A03D1A1F10803B4
:1020A00000220AE00023C65C0A2E2AD001339A429D
:1020B000F9D1A1F108039A4213D8865885186D68A2
:1020C00086F00A34AEEB0404264385F00A34AEEB06
:1020D000040425432E40F64316F0803F01D1083218
:1020E000E9E7914220D0ABEB02038118A3EB0A068B
:1020F0000023CD5C0A2D03D001339E42F9D113E0B9
:10210000134466460AEB030101F1010A5945ADD2B9
:10211000C05C0A28AAD100205446D14603900BE0A7
:10212000DA46C34504D119E0DA466646C34515D000
:10213000012044460390D9460498007848B101989C
:1021400042F26051C0F204010422C3680298984729
:1021500030B9C1457FF46CAF002071E7002000E08A
:10216000012005B0BDE8000FF0BDF0B503AF4DF89C
:10217000048D8568D0E90046287878B142F2605233
:10218000F368C0F2040288461146204604229847AC
:10219000414618B101205DF8048BF0BDA1F10A00A1
:1021A0003269B0FA80F04009287020465DF8048B4F
:1021B000BDE8F040104780B56F4613460A4644F22A
:1021C000B021C0F20401BDE88040FFF755BDD4D472
:1021D000F0B503AF2DE9000F87B086681C46D7E93C
:1021E00002CA4FF02B0B16F400154FF0010308BF85
:1021F0004FF4881B002918BF6B0D03EB0A0808BFBA
:102200004FF02D0B310202D40021069112E023463B
:102210005CB1541E00219E4614F9015F15F1410F77
:10222000C8BF0131013BF7D101E09E46002188443F
:1022300074460692B0F80C90C84511D2F101CDE970
:1022400004CA23D4C6F34171A9EB08036FF35F56A8
:102250004FF00009DFE801F051024E0299464CE0D0
:10226000D0E900565A4600943146069BE04628467F
:1022700000F080F8002864D1F368284641465246B1
:1022800007B0BDE8000FBDE8F0401847D0E90251A3
:102290005A46D0E900A602910021C9F6E0710390E8
:1022A000294041F0005141F03001816000945046D6
:1022B000069B314600F05EF8002842D1A9EB0800E9
:1022C000AB46002485B2A0B2A84207D2326950467C
:1022D0003021904701340028F5D032E0DDE90412C6
:1022E0005046F368984760BBDDE90210C0E902B1CF
:1022F000002027E099B24FEA5109D0E900584FF089
:10230000000A03931FFA89F01FFA8AF1814209D269
:10231000D8F810202846314690470AF1010A0028D3
:10232000F0D00EE000942846069B41465A4600F045
:1023300021F830B9DDE904122846D8F80C30984766
:1023400020B1012007B0BDE8000FF0BD03980024C4
:10235000A0EB09001FFA80F9A0B24845C8D2D8F80E
:1023600010202846314690470134014601200029BB
:10237000F2D0E7E7F0B503AF4DF8048DD7F8088049
:102380001C460E46B2F5881F0AD033691146054631
:1023900098470146284619B101205DF8048BF0BD2D
:1023A0003CB1F368214642465DF8048BBDE8F0403D
:1023B000184700205DF8048BF0BD80B56F4686B0ED
:1023C000904210D9CDE9000242F2475001A9C0F273
:1023D00002000590CDE903016846029041F20860D1
:1023E000C0F2040024E0914212D8884210D9CDE90D
:1023F000000142F2475001A9C0F202000590CDE968
:1024000003016846029040F63860C0F204000FE015
:1024100042F24750CDE90012C0F2020001A9059036
:1024200003906846029041F29D300491C0F204008E
:1024300002A91A46FFF712FC80B56F46024644F225
:10244000C820C0F204002B2100F000F880B56F46D0
:1024500049000131FFF702FCFEB506AFCDE90001EE
:10246000694605480590CDE9030101A8029002A93B
:102470000248FFF7F3FB00BF47250200240F0400CA
:10248000F0B503AF2DE9000788B0D0E90045064656
:10249000D5F80CA098462046D04720B1012008B0BE
:1024A000BDE80007F0BDB07AD7F80890000615D453
:1024B00044F2AA212046C0F2040101220125D0479E
:1024C000014628460029EAD140463146C84700283F
:1024D000E4D1D6E90040D0F80CA02CE044F2AB21C6
:1024E0002046C0F204010222D04701460120002903
:1024F000D5D1A7F1290144F2B02207F8290CC0F286
:102500000402CDE90151D6E90201CDE9060104A991
:1025100005926A46404600940492C8470028BDD1FF
:10252000DDE904010222CB6844F2A821C0F20401D3
:1025300098470028B2D144F2AD212046C0F20401F0
:102540000122D047ABE7F0B503AF2DE9000F87B00C
:10255000046844F2F5200D46C0F20400B4F57A7F19
:1025600038D349F27F68A7F1260E002342F2107992
:1025700041F27B4A4FF0640BC0F298082146039564
:1025800002940A4641F25971CDF2B7110EEB0304E1
:10259000A2FB0116043B42454FEA563101FB1926C6
:1025A0001FFA86FC4FEA9C0505FB0AF54FEA5545E4
:1025B00005FB1B6630F81550E580B6B230F81660A2
:1025C0002681DED8DDE902450A33092906D80A4604
:1025D000ACB915E00A2321460929F8D98AB241F29B
:1025E0007B469208023B72436426520C02FB161192
:1025F000A7F1260689B230F81110F15204B132B1B8
:1026000000EB4200013BA7F126014078C854A7F136
:102610002601C3F10A0019440122CDE90010284621
:1026200001210023FFF7D4FD07B0BDE8000FF0BD86
:1026300080B56F4684B0024642F25560C0F2020097
:1026400001A90290781E019040F63D50C0F20400AE
:10265000FFF704FB80B56F46084644F28741C0F29D
:1026600004011822BDE88040FFF78ABB80B56F46A1
:1026700084B0024642F29160C0F2020001A90290C9
:10268000781E019040F63D50C0F20400FFF7E6FAD4
:1026900080B56F46084644F24741C0F2040120224B
:1026A000BDE88040FFF76CBB80B56F4684B0CDE9D4
:1026B000000141F62540C0F2020002A903906846DD
:1026C000029040F63D50C0F20400FFF7C7FA80B513
:1026D0006F4688B08DE80F0002A840F2223CD7F880
:1026E00008E041F64D44069041F62540C0F2020054
:1026F000C0F2040C0590684604A9C0F202040490DC
:10270000604672460794FFF7A9FA80B56F46024605
:1027100044F2BD30C0F204007321FFF79FFA80B588
:102720006F46024644F2F630C0F204004721FFF73C
:1027300095FA80B56F4686B0CDE9001042F2475059
:1027400001A9C0F202000590CDE90301684602909C
:1027500040F61A3002A9C0F20400FFF77FFA80B5F4
:102760006F46FEE780B56F4680BD80B56F46D0E905
:102770000002D268BDE880401047D4D4BCB504AF95
:1027800000208029019003D28DF8041001212FE050
:102790001A4B0A46880963F39F12B1F5006F07D2FE
:1027A00040F0C0008DF805208DF8040002211FE0E4
:1027B00063F39F100C0B0025B5EB114F09D18DF879
:1027C000050044F0E0008DF8062003218DF8040098
:1027D0000EE06FF00F0545EA91418DF804100421D9
:1027E00063F39F148DF807208DF806008DF80540DF
:1027F00001A800F053F90020BCBD00BFFEFFFF039D
:1028000080B56F4613460A460249BDE88040FFF78F
:1028100033BA00BFA044040080B56F460846114695
:1028200000F03CF9002080BDE0B502AF27F8020CB3
:10283000B81E022100F032F98CBDE0B502AF07F8F6
:10284000010C781E012100F029F98CBDE0B502AF22
:10285000019001A8042100F021F98CBDF8B504AF66
:102860008DE80F006846102100F018F98FBDB0B553
:1028700002AF054608460C46FFF7E8FF284621460A
:10288000BDE8B04000F00AB9D0B502AF0446044834
:10289000FFF7CAFF2046BDE8D040FFF7D7BF00BF13
:1028A00006000000D0B502AF044600F0ADF82046A7
:1028B000FFF7BAFFBDE8D04000F0E6BCD0B502AFEC
:1028C000044600F0A1F82046FFF7AEFF00F0DCFC64
:1028D000BDE8D04000F0B4B880B56F4602480E2184
:1028E000024AFFF7B3FD00BFB8440400C844040027
:1028F000E0B502AF05F0D9F88CBDD4D4F0B503AF84
:102900004DF804BD104D04461049114EE86A00F020
:102910000300022808BF0E460021C8070CD105F1AC
:10292000180021460122B04700210028F5D00128D7
:1029300004D101340121F0E705F035B8054B012140
:102940000122FFF73AFD00BF1000002059290200C4
:102950008929020034450400F0B503AF4DF804BDE9
:1029600082B072B10569C368DE43EC1A04F2FF3429
:1029700088BFAC19BFF35F8F1CB1009400F00FF853
:1029800000E0002004F04DBFDCB504AFC3684FF495
:102990008064BFF35F8F009400F001F8DCBDF0B5F8
:1029A00003AF2DE9000B8146B86814468846904273
:1029B00038BF0446E518B5F5806F0ED9D9F8040084
:1029C000C3F580664146184432461DF042FAD9F8F4
:1029D000040008EB0601A21B04E0D9F804004146FC
:1029E000224618441DF035FABFF35F8F6FF39F2521
:1029F000C9F80C502046BDE8000BF0BDE0B502AFB1
:102A000005F053F88CBDD4D4E0B502AF01F082FAE2
:102A100008494A784AB901224A708870C87818B9BA
:102A20000020CA7005F041F88CBD03483D21034ADF
:102A3000FFF714F920940020D8440400F84404005F
:102A4000B0B502AF124C6078E0B1207978B10728B8
:102A500008D24FF0FF3101FA00F06179084300F02D
:102A60007F0002E0793060F07F00FFF7C7FF0020B1
:102A70000025FFF7C3FFA580A0786570BDE8B040D2
:102A800001F07EBA03483921034AFFF7E7F800BF97
:102A9000209400200845040024450400F0B503AF4D
:102AA0002DE9800FDFF88C9000EB010B04464FF00E
:102AB000010899F8046099F805A05C4537D0651CB9
:102AC00014F8010BF1B207290BD378B1FFF710FF0F
:102AD000013689F80460F0B28628EED1FF202C463A
:102AE00008E078B1FFF704FF504612E006F17900E4
:102AF00060F07F00FFF7FCFE4FF0000A0026A9F807
:102B000004A0DAE708FA01F040EA0A0089F80500B3
:102B1000824601362C46F1B289F804600729CCD1EF
:102B200007264FF0000A2C460106C6D0E2E705F062
:102B3000D8B800BF2094002080B56F460268CA61F3
:102B4000134650E8002F9A420AD1BFF35F8F40E846
:102B500000133BB90123002BBFF35F8FEFD003E0DD
:102B6000BFF32F8F0023F6E7B2FA82F0400980BD51
:102B700080B56F460146014880BD00BF4445040052
:102B8000D0B502AF014619300123BFF35F8FD0E803
:102B90004F2FC0E8443F002CF9D1BFF35F8F02B143
:102BA000D0BD086AFFF7C8FF0028F9D040BFD0BDEC
:102BB00080B56F4680BD80B56F460862FFF7BCFFE9
:102BC00000B140BF80BDD4D480B56F46D1E90001CB
:102BD0006822CB680149BDE880401847544504008D
:102BE0000168064A914204BF4068704780B56F464D
:102BF0000348FFF763FEFFF76FFE00BF4445040084
:102C000010000000F0B503AF2DE9800F2C4C00261A
:102C10002C4D4FF00108082E0CD055F8260030B18D
:102C200008FA06F0C5F80802204600F097FA0136C7
:102C30000834F0E7E86FB8B34FF0000A0126C5F892
:102C40007CA00021244DBAF1080F2DD01E484FEA78
:102C50004118013150F80A400AF1040AD4F82095CD
:102C60000091CB46BBF1000F1AD09BFAABF0B0FA43
:102C700080F120291AD204EB8100D0F8002722F439
:102C80004032C0F8002741EA0800302813D205EB93
:102C9000C00006FA01F12BEA010B00F05FFAE1E750
:102CA000C4F820950099CEE705F01BB807481D2110
:102CB000074AFFF7CBFB074A3021FFF7CDFB00BFE8
:102CC000CC85002000610040F44504002446040047
:102CD00060460400144604004C840020F0B503AFA5
:102CE0004DF804BD1E4D2868012803D1002028603E
:102CF00000F03EF8A86C012803D10020A86400F081
:102D000037F8E86B012828D10020E86301F002F9C8
:102D100004464FF48030C5F804024FF0FF30114DE7
:102D2000124EC5E90000104800F044F800F050F8D9
:102D3000024605F10C000B4600F0B7FAAA68013212
:102D4000AA6000F059F800283046EDD020465DF822
:102D500004BBBDE8F04001F013B904F024BE00BF8D
:102D60000411014040000020BC450400CC45040093
:102D7000D0B502AF01F0CEF80C494FF440040A6917
:102D800001320A61530A14EBC252D1E9001443F133
:102D90000003891A74EB03013EBF05494FF48032EA
:102DA0000A60BDE8D04001F0EBB800BF4000002051
:102DB0000413014005498A681AB94FF0FF30886052
:102DC000704780B56F46FFF733FC00BF400000201E
:102DD00080B56F460648074A0069126800F0010195
:102DE00082EAC151420A11EBC05042F1000180BD9C
:102DF0004000002004150140F0B503AF2DE9800F1D
:102E0000DFF88C808A46234C83464FF48039C8E92A
:102E100000BAFFF7DDFFB0EB0B024FF0000671EBDD
:102E20000A0238BF012624D2C21C41F10003254604
:102E3000BBEB02047AEB030328BF5A46BBEB00004E
:102E40006AEB0101B0F540002C4622F07F4271F19F
:102E50000000C5F83C2214D2C4F80090FFF7B8FF78
:102E6000023041F10001BBEB00007AEB0100D0D34E
:102E70000AE04FF4803060604FF0FF30C8E9000096
:102E800002E04FF4803060603046BDE8080FF0BDCE
:102E9000400000200413014080B56F464FF0FF3220
:102EA000BDE8804000F000B8B0B502AF046802EAA7
:102EB000010304EA02059D4201D10120B0BDE443B3
:102EC0001C421BD10E4C0125EFF3108372B6C4F8DF
:102ED00004512568ED07FCD061EA02010160BFF3EF
:102EE0004F8F2068C007FCD00020C4F80401206880
:102EF000C007FCD0002083F31088B0BD0220B0BD15
:102F000000E40140F0B503AF4DF804BD082A27D214
:102F100001F59464BE6854F82250B54203D90021EB
:102F20000122417019E0960002EB820201EB82025D
:102F30003144C2F8003705F07F03C2F8043700229D
:102F4000C1F8302101228A62D1F83021002AFBD059
:102F50000022C1F83021A2514560027004F023BD67
:102F600002481C21024AFFF771FA00BF41460400E3
:102F70007046040080B56F4601886FEA510292FAEC
:102F8000A2F2B2FA82F2062A03D8022393400B423D
:102F900001D0012080BD19430180511C002080BD5B
:102FA000F0B503AF4DF8048D90B0412B2FD21C46E5
:102FB0000D46804633B1B2F1005F05D3A018B0F1E1
:102FC000405F01D2164605E06E4611463046224665
:102FD0001CF03FFF082D15D205EB8500002108EB02
:102FE0008000C0F80066C0F8044608EB8500C0F811
:102FF000081101214160D0F808110029FBD010B060
:1030000004F03CBD05481C21054AFFF71FFA0248A1
:10301000FFF754FCFFF760FC12000000414604007B
:103020008046040080B56F460648BFF34F8F064ABE
:10303000016801F4E06111430160BFF34F8F00BFED
:10304000FDE700BF0CED00E00400FA05DCB504AFBD
:1030500004460448FFF7E8FB019401A80421FFF7A8
:103060001DFDDCBD04000000F0B503AF2DE9000B31
:1030700016468946044600F04DFF80461F48FFF77C
:1030800099FE3046FFF7ACFD0546806840B1D5E9B2
:103090000001001B71EB090025D3C5E9004914E0CC
:1030A0001748C5E90049D0F80C90C560D6E9001072
:1030B000096888470E46A968044611B1E868C968DE
:1030C000884705F1080080E850020D4800F10C0423
:1030D000FFF77EFE024620460B4600F0E6F8FFF7BB
:1030E0008BFE0028F4D0064881680131816040469B
:1030F000BDE8000BBDE8F04000F042BF9046040080
:103100004000002080B56F460146D0E90020002332
:103110000B601AB15168BDE88040084780BDF0B52A
:1031200003AF4DF804BD0668044686B16568954254
:1031300008BF8E4210D0096810468847C4E90001D4
:10314000284671685DF804BBBDE8F040084709688F
:1031500010468847C4E9000104F025BCF0B503AF70
:103160004DF8048D054600F0D5FED5E900468046B1
:10317000002028604CB1A16830468847D5E900108E
:10318000C5E9004609B1C968884740465DF8048B27
:10319000BDE8F04000F0F4BEF0B503AF2DE9000744
:1031A00014468A46064600F0B5FED6E90059804628
:1031B000002030601DB1A14508BF554510D0DAF898
:1031C0000010204688470246D6E90030C6E90021B3
:1031D0000BB1D968884725B1E9684846884700E0BF
:1031E00035604046BDE80007BDE8F04000F0C8BECD
:1031F000D0B502AF00248018594144F10002012AE1
:1032000018BFD0BD02482821024AFFF74DFA00BF7F
:10321000A0460400C8460400F0B503AF4DF804BD55
:103220001C4615460646FFF7D3FD2A462346FFF700
:10323000DFFFC6E90001002030725DF804BBF0BD7D
:1032400080B56F460248BDE88040FFF7EDBA00BF89
:1032500001000000B0B502AF0446007A0D4658B137
:10326000FFF7B6FD02460B46D4E90001121A73EBD4
:10327000010203D30020B0BDD4E900012A46FFF7C4
:10328000F3FE01202072B0BDE0B502AFFFF7A0FD54
:1032900004F0ABFA400A4A0A019240EAC150009099
:1032A00068460821FFF7FAFB8CBDF0B503AF2DE9A6
:1032B000800F9846914606464FF0000B4FF0FF34C2
:1032C0004FF0FF35D6F800A0BAF1000F2CD0DAE9A4
:1032D0000001B9EB000278EB01020FD24FF0FF338F
:1032E00080EA03024B401A43031B71EB05033CBF0A
:1032F0000D4604464AB10AF11006E3E7DAE9021086
:10330000CAF808B009B149688847DAF81000306097
:10331000DAF80810CAF810B019B1DAF80C00C96868
:103320008847CAF808B0CDE720462946BDE8080F0F
:10333000F0BDD4D4824221BF0B18111A1846704731
:1033400080B56F46014B04F039FE00BF7C48040095
:10335000F0B503AF2DE9000B04464868B0B108464C
:103360000D4600F029F8C0070CD128460E4600F0A3
:1033700023F8C00706D16A686FF0010050FA86F69C
:10338000964207D90020A060012000E000202060C4
:1033900004F09DBBD5F800908846064B3046494660
:1033A00000F024F8C5E90001C4E9029684F804801D
:1033B000EAE700BF0C480400F0B503AF4DF804BDC8
:1033C00044685CB106680546074B01202246314639
:1033D00000F00CF8C5E900013178FFE7B4FA84F099
:1033E00040095DF804BBF0BD1C480400824221BFC7
:1033F0000B18111A1846704780B56F4604F0DEFDB1
:10340000F0B503AF2DE9C0079A46D0E905638046C1
:10341000981C00EB0A05B54224D8B34227D2D8F84D
:10342000104091460AF10202E2540133B34220D225
:10343000E15422461349334604F0DBFC124A53465A
:1034400004F074FB11482946009028462246334672
:1034500001F062FE0E4A04F0ECFDC8F81850BDE819
:103460000C07F0BD0B48FFF729FAFFF735FA034ABE
:1034700000E0034A18463146FEF7EEFF0847040015
:103480001847040028470400384704004847040050
:10349000584704001B000000DCB504AF8268012A15
:1034A0001DD1C46843699C421ED20269135D013379
:1034B00013550A7907F80C2C8A78CB78098807F815
:1034C0000B1C07F80D2C090AA7F10D0207F8093C9F
:1034D00007F80A1C05210523FFF792FFDCBD05480C
:1034E000FFF7ECF9FFF7F8F9034A20461946FEF713
:1034F000B3FF00BF280000006847040080B56F4696
:10350000D0E904128069024BBDE8804001F0FABDA9
:1035100078470400F0B503AF2DE9C00B0446C0693D
:1035200001282BD199466369266A9E4228D290468B
:103530002269A069955D0135955509EB00050335B4
:103540009D421FD8984222D2461C09F103059E4293
:1035500015541ED210259555861C9E421BD2033051
:10356000915500EB0906134904F07CF9124A4B46C9
:1035700004F063FCA661BDE80C0BF0BD084802E056
:10358000084A09E00D48FFF799F9FFF7A5F9064A3F
:1035900003E0064A00E0064A30461946FEF75CFFA3
:1035A000220000008847040098470400A847040050
:1035B000B8470400C8470400D84704001A000000B8
:1035C000B0B502AF4468022C08D301680546064B2B
:1035D00002202246FFF70AFFC5E900010020022C65
:1035E00038BF0120B0BD00BF1C480400D0B502AFF9
:1035F000D0E9044100F1080382692046BDE8D040CB
:1036000000F000B8F0B503AF4DF804BD82B0144629
:103610000246D3E900060D4600210128196011D1A8
:103620000A4806F108010090B01D2B4601F074FD18
:10363000A21B27F8122C064A02230092A7F11202BD
:1036400000F0C0FD02B004F0AEB900BF4C48040069
:103650005C48040080B56F4604F060FD0822BDE8B8
:10366000804001F04FBDD4D4F0B503AF2DE9C00BBD
:1036700004460E46087D5188814229D1117AD079BD
:1036800001290FD021BB012822D1907906284AD1E7
:10369000507821284BD0222845D1D6E90001C4E931
:1036A000010142E0012813D190791D46D7F8088026
:1036B00001282ED0022810D0032834D1F068E0B3BE
:1036C000316949698847B8F1000F3AD12E4A58E06C
:1036D00000222260BDE80C0BF0BDF06818B3127830
:1036E00000214FF00009002A08BF03213369DB697C
:1036F0009847C0072AD0B8F1000F41D001228808AE
:103700000023C4E90152B3EB912F18BF00202870A9
:10371000DFE7108800F040F80246C0B203281CBF63
:10372000F068002815D1002060600122D1E709204F
:1037300006F11501C4E90110F7E7B8F1000F1DD03B
:10374000012001222870C4E90152C2E7C4F80490A4
:10375000EBE70B463169CE6811461A462B46CDF889
:103760000080B0470128DED1414502D8C4E90151AB
:10377000DBE7084B00204246FEF71FFE034A00E04D
:10378000034A03F0DDFF00BFFC4804000C490400BD
:10379000EC480400DC48040080B56F460146C0F3E5
:1037A0000720032807D0022803D0012805D10020D4
:1037B00080BD012080BD022080BD032080BDF0B50A
:1037C00003AF4DF8048D82B090460546007D02247B
:1037D0004A88824205D1087A012804BFC8790128A5
:1037E00002D0204604F0B6B98879092822D00B28E7
:1037F00015D00A2834D1E86800240028F1D00A88BE
:1038000011064FF0000108BF0321130A4FEA83039A
:1038100008BF4FF0FF332D692D6AA847E1E7E8683C
:103820000988F8B1C9B2002918BF01212A69926933
:10383000904713E008881E46FFF7AEFF0246C0B26D
:10384000012403281CBFE8680028CAD00B46296958
:103850000C6911461A4643460096A0470446C0E745
:103860000124BEE7C8B2B0FA80F04409B9E780B5D8
:103870006F4680680021BFF35F8F016080BDD4D4A4
:10388000DCB504AF0246D1E900011268136803F108
:103890003C04192C14D903F181040E2C22D903F114
:1038A0000E040D2C00F22B80DFE804F0077A7D3443
:1038B00034343434348534347781CB685C4974E0F3
:1038C000DFE804F00D2828585C284F28284B55289D
:1038D0005F6328425267453F282828282848CB683C
:1038E000444972E0DFE804F00821242A1E16161667
:1038F0001616161616162700CB68364947E013F140
:10390000700460D013F1690459D0163302D1CB682A
:1039100046494AE04C4BCDE900236B464B4AFEF743
:10392000ABF9DCBDCB682F494FE0CB682A4916E0E4
:10393000CB682A4913E0CB682B4910E0CB682849B3
:1039400033E0CB6837491EE0CB6832491BE0CB68D7
:10395000334904E0CB68344927E0CB6829490B227E
:1039600034E0CB6826490EE0CB682B4913E0CB68E6
:10397000254901E0CB682049082227E0CB681F4990
:103980001FE0CB6821490A2220E0CB6820490C22A5
:103990001CE0CB6821490F2218E0CB68284904E0DD
:1039A000CB68244901E0CB68234906220EE0CB68AE
:1039B000052224490AE0CB680322204906E0CB68AF
:1039C0000B49072202E0CB680849092202B0BDE892
:1039D000D0401847004A0400F5490400EA490400B1
:1039E000E4490400DB490400D0490400C74904004D
:1039F000C0490400B74904000C460400B049040063
:103A0000A64904009B490400EC45040091490400C8
:103A1000854904007B4904006C4904005D490400A9
:103A20005249040048490400424904003C4904004A
:103A300036490400304904002A490400274904009B
:103A4000214904001C490400513A02006117040096
:103A5000F0B503AF2DE9FE0FD0F800E0A7F126087E
:103A60000D46BEF1000F704648BF4042B0F57A7F68
:103A700022D328490024DFF898B042F210794FF0A1
:103A8000640A03958C460346B0FBF9F000FB193538
:103A900008EB0401043CAEB2B6FBFAF63BF8162084
:103AA000CA8006FB1A5292B23BF812200A81634583
:103AB000E9D8039D0A3400E00A2409280DD981B20F
:103AC0006423B1FBF3F2124902FB1300023C80B203
:103AD00031F8100028F8040000E0024632B10C482A
:103AE000013C00EB4200407808F80400C4F10A00F1
:103AF00008EB040101220023CDE900106FEA0E005B
:103B0000C10F2846FEF764FB07B0BDE8000FF0BD0B
:103B1000F54204007F969800B0B502AF054605480F
:103B20000C46FEF781FE28462146BDE8B040FEF770
:103B30009EBE00BF03000000B0B502AF044643487C
:103B4000FEF772FE04F13C00192814D904F181003B
:103B50000E2821D904F10E010D2900F229803C48DC
:103B6000DFE801F0076367313131313131613131E3
:103B7000656C4F4862E0DFE800F00D26264C4E26CB
:103B8000462626444A265052263E4854403C262685
:103B900026262642374851E0DFE800F00823252991
:103BA000211515151515151515152700294845E07A
:103BB00014F1700041D014F169003CD014F11600EA
:103BC00001D13A483AE03F483F4DA8471F48A8472F
:103BD0003E48A8472046FEF739FE00202EE0214847
:103BE0002CE01D482AE01D4828E01F4826E01C481C
:103BF00024E02C4822E0274820E029481EE02A48FB
:103C00001CE020481AE01E4818E0234816E01E4831
:103C100014E0194812E0194810E01C480EE01C4856
:103C20000CE01E480AE0254808E0224806E0244847
:103C300004E0214802E00E4800E00C48FEF7F4FDE5
:103C40000020BDE8B040FEF7EFBD00BF0A00000055
:103C50003A0100002F010000300100002E01000099
:103C600035010000260100002A01000029010000A2
:103C7000330100003E010000380100002D0100006A
:103C80002701000032010000310100002301000083
:103C900024010000390100003D0100003B0100004B
:103CA000370100003C010000250100002B0100004D
:103CB0002801000022010000360100002C01000054
:103CC000340100003F01000029280200D00000005C
:103CD00080B56F460C4600F013F8054607480E46BF
:103CE000FEF7E0FD711E2846FFF716FF2046FFF79E
:103CF000ADF9FEF7A5FEFEF7EFFD00BF2A000000BC
:103D0000D0B502AF04461BF015FA411C2046D0BDC9
:103D1000F0B503AF2DE9800F00240A2900F2E080FE
:103D20000546744ADFE801F032DCDCDCDC0606DC48
:103D3000DC7AE0004FF480789146C2F88080BFF3CF
:103D40004F8FBFF36F8FF4F76BFF6B4E6B4806F12D
:103D50002C01B063706886F83140013070602846ED
:103D6000C9F800801AF0C8FA002840F1B980C9F8F3
:103D70008080BFF34F8FBFF36F8F0546C846F4F7BF
:103D80004FFFC6E9064506F1240055E04FF4807068
:103D9000C2F88000BFF34F8FBFF36F8FF4F740FF7F
:103DA000554C5848A168002972D0D4F820B0012998
:103DB00045D1E268616900918A4269D254494FF065
:103DC000020E23694FF00A08504E4FF0000942F2EC
:103DD00010758C464FF0010AC0F800E0C0F818805A
:103DE0008159C907FCD042618159C907FCD02B44D5
:103DF000C0F800902361634507D302F58052009913
:103E000000238A42C4E9032342D23F49C1F800A0FB
:103E1000D1F8001529445945DED34AE04FF48070AB
:103E20009046C2F88000BFF34F8FBFF36F8FF4F757
:103E3000F7FE314884602430FFF764F948E0D4E9A4
:103E400003EC0026D4F81480B8F1000F16D02E49E8
:103E500001222E4B0260C558ED07FCD05CF82650BD
:103E60004EF82650C558ED07FCD00A600136D1F84F
:103E7000005529355D4538BF4645EBD30CEB86032D
:103E8000B8EB06010EEB86026161C4E9032310D191
:103E9000002101601D494258D207FCD0022004F8DD
:103EA0003C0F032044F8240CA4F11800FFF72AF972
:103EB0000CE0032004F83C0F47F2305044F8040CA7
:103EC000012004F80B0CA4F1100060600948804642
:103ED00009484168013141604FF48070C8F8000022
:103EE0002046BDE8080FF0BD0548FEF7E7FCFEF7E9
:103EF000F3FC00BF00E100E0EC200020FF3F420F98
:103F00002B00000004E5014040800040FCFEFFFF64
:103F1000094C0100F0B503AF4DF804BD154BD8793D
:103F2000BFF35F8F08BBEFF310810122002472B64C
:103F3000DA71114A022C06D052F8245003EB8406A1
:103F400001343563F6E70D4C0023022B06D054F8FC
:103F50002350ED4342F823500133F6E7BFF34F8F70
:103F6000BFF36F8FC90700D162B6002818BF0120C8
:103F700003F053BD2094002080E100E0FC450400E4
:103F8000F0B503AF4DF804BDB8B90D49EFF310809B
:103F900000220C4B72B60C4CCA71022A0AD001EBFB
:103FA000820653F82250366B26EA050544F8225063
:103FB0000132F2E7C00700D162B603F0F4BC00BFE3
:103FC00020940020FC45040000E100E080B56F462D
:103FD0000248BDE88040FFF7C1B800BF148600204A
:103FE000026872B90279022A02D10171002104E04B
:103FF000514011F0010118BF0C2100220260084657
:10400000704780B56F460148FEF712FB4C4A04002A
:1040100080B56F460A460146002005F0EBFF00EA36
:10402000E07080BD80B56F460C46FFF769FE05461F
:1040300007480E46FEF736FC711E2846FFF76CFD5A
:104040002046FFF703F8FEF7FBFCFEF745FC00BF38
:104050002F00000080B56F4601F12002BDE88040CE
:1040600004F084BBFEB506AF134972B60A78DAB91C
:1040700001220A7000901148FEF714FC1048FEF768
:10408000D3FB10480290684601900F48049001A8A5
:104090000E490390781E03AAFEF7B2FB0C480121DB
:1040A000FEF7FCFCFEF7CCFC0A48016821F48021F5
:1040B000016000DEFEDE00BF1C860020360000002E
:1040C000050000005C4A04006B2702003D0D04005F
:1040D0009F44040024ED00E0F0B503AF2DE9FF0B91
:1040E000D1E900540C2200681749D4F80C90D0E9AB
:1040F00000862846C847E0B9D6E90001CDE90001AD
:1041000006F10C011148CDE905012146079006F1A1
:10411000080004900E48039068460E4A029002ABD5
:104120002846FDF7A9FD20B90B4928460222C847B9
:1041300018B1012008B003F0DDBFD8E900232846FC
:104140002146FDF799FDF5E71944040047250200D3
:10415000251C0200CE1C040025440400F0B503AF6A
:104160004DF804BD82B01C46B4EB810F034628BF56
:104170008C00E01C8508B1EB900F11D300F47F7622
:10418000B44212D80C482146009010461A462346E5
:1041900000F018F82846214602B05DF804BBF0BDD7
:1041A000074B0E460020294602E0044B0020214622
:1041B0003246FEF702F900BF8C4A04007C4A040034
:1041C0006C4A0400D0B502AF0C46994201BF1146BB
:1041D0002246BDE8D0401BF03CBEBA6820461946D6
:1041E000FEF7A7FA80B56F460078084A084B00280A
:1041F00018BF13464FF0190218BF1822D1E9000169
:10420000D1F80CC01946BDE880406047C14B04009E
:10421000A84B0400D0E90123934204BF0220704759
:1042200080B56F4602F8011B4260102080BDB0B51A
:1042300002AF14460546FFF7EDFFC0B2102805D1C6
:10424000D5E90101884201D003F039BC0220B0BD9C
:10425000B0B502AF03F091FD1DB103F058FC013D74
:10426000FAE7B0BDB0B502AF03F087FD1DB103F0B2
:104270004EFC013DFAE7B0BDB0B502AF03F07DFDE5
:104280001DB103F044FC013DFAE7B0BDB0B502AF8B
:1042900003F073FD1DB103F03AFC013DFAE7B0BD38
:1042A000D0B502AF0A490968C9050CD1D0E900327E
:1042B00002248168012B046018BFD0BD52680846F3
:1042C000BDE8D04010470348FEF7F8FAFEF704FBBC
:1042D00004ED00E037000000F0B503AF4DF804BD79
:1042E0004FF48872D0E90054067A1BF08FFC122E2E
:1042F00006D1E96820465DF804BBBDE8F0400847F8
:1043000003F051BBF0B503AF4DF804BD0C46234993
:10431000054612F8010B0968C90531D12168A1BB16
:1043200003F0E8FD217B49B104281ED005F8010BFC
:1043300011460B2203F022FB00201EE0A66806EBCC
:10434000460104EB8101887301F10F0011460B2235
:104350001BF07FFD701CB0F1100118BF01466068B2
:10436000A160884204BF0120207304F1D000FEF751
:10437000C9FE0420287020680130206003F013BBC0
:104380000748FEF79BFAFEF7A7FA0648FEF78AFAF7
:1043900000F0D2FEFEF754FBFEF79EFA04ED00E0BB
:1043A0003700000050000000D0B502AF04461148AD
:1043B0000068C00510D1206898B903F0F3FB01280C
:1043C00004BF04F13800FEF79DFE00202073C4E90D
:1043D000010003F049FBD0BD0748FEF76FFAFEF776
:1043E0007BFA0648FEF75EFA00F0A6FEFEF728FB11
:1043F000FEF772FA04ED00E0370000005000000004
:1044000008490968C90505D101688A1E18BF0A460E
:104410000260704780B56F460348FEF74FFAFEF71B
:104420005BFA00BF04ED00E037000000D0B502AF3A
:10443000034600686FF00044A0420FD201301860BC
:10444000D0B2814281BF4FF45E7110FB0130083061
:10445000194688BFD0BD044AFDF7FEFF0148FEF7AC
:1044600005F900BF284B0400384B0400B0B502AF7B
:104470000021012540F6CD4480F82050C0E90041DC
:10448000C0E90223C0E90411C0E90651A0F82110D7
:10449000B0BD80B56F46FEF7C5FDD4D480B56F467C
:1044A000024857210160FEF7BDFD00BF1C0500401A
:1044B000B0B502AF1C490968C9052FD11C4C216851
:1044C00049BB03F017FD217E012907D10021217688
:1044D000216901318A1E18BF0A462261E16EB9B115
:1044E000D4E9042304EBC305C5E90701581C811E68
:1044F00018BF014661618A4204BF0120207603F0A3
:10450000FDF804F12C00FFF7ADFE2068013000E05B
:1045100000202060B0BD0748FEF78AF80348FEF788
:10452000CDF9FEF7D9F900BF04ED00E03700000037
:1045300028890020E84A04000E480068C00512D10E
:104540000E4800220023016801F47F40B0F5807F0F
:104550004FF0020008BF0B4608BF0120B2EB516FBD
:1045600018BF1846704780B56F460348FEF7A6F996
:10457000FEF7B2F904ED00E037000000EC20002067
:10458000F0B503AF4DF8048D86B0234E05460028E4
:104590002248DFF88080344618BF44460068C005D2
:1045A00029D1206860BB4FF0FF30002D20603046DD
:1045B00018BF4046007BC00706D03046002D18BF0C
:1045C0004046D830FEF79EFD002D18BF46462168B4
:1045D0000020307301312160C6E901002146ADF8A9
:1045E0001400CDE9030003AA6846FFF78BFE06B06E
:1045F0005DF8048BF0BD0A48FEF760F9FEF76CF930
:104600000848FEF74FF900F097FDFEF719FAFEF79C
:1046100063F900BFE08D0020C08E002004ED00E0B3
:104620003700000050000000B0B502AF2049096813
:10463000C90537D1C2B220480168B2EB116F07D06B
:1046400021F07F4343EA02640460C8B2022800D12B
:10465000B0BD01F47F400023B0F5807F4FF000052E
:104660004FF0020008BF0D4608BF0120012A024694
:1046700088BF2A46B3EB516F18BF2846C1B2022942
:104680001CBFD2B2022A0AD1022903D000F00100D5
:10469000FFF776FF2046BDE8B040FFF709BF914223
:1046A000F4D1F7E70348FEF709F9FEF715F900BF63
:1046B00004ED00E037000000EC2000200648006810
:1046C000C00502BF0648C078704780B56F460348F2
:1046D000FEF7F4F8FEF700F904ED00E03700000003
:1046E000EC200020F0B503AF2DE9FE0F884681468F
:1046F00058F804BBD0B20D465FFA83FC0026CBEB22
:10470000CB0293000022B34209D0AC192179814237
:1047100004BF6179614506D01C360132F3E70220FF
:10472000A9F800001BE05A451CD2C2EBC2006C463F
:104730001C2208EB800A204651461BF08AFBABF195
:1047400001061C22C6EBC60008EB800150461BF098
:1047500064FBA11C48461A222E601BF07AFB07B0AE
:1047600003F0D8B802482421024AFDF76FFE00BFCB
:10477000A44C0400C84C0400D0B502AF0446044861
:10478000FEF752F804F00100BDE8D040FEF755B83E
:1047900021010000F0B503AF4DF804BD04461348F5
:1047A000FEF742F8206818B1012808D1012000E086
:1047B00000205DF804BBBDE8F040FEF73EB80220E3
:1047C000FEF73BF80A480B4ED4E90145B0470A48CA
:1047D000B0472046FEF758F82846FEF755F8002067
:1047E00031465DF804BBBDE8F040084720010000F9
:1047F0000A00000029280200D900000080B56F4699
:104800000120002918BF0220BDE88040FFF70CBF3F
:1048100080B56F460846BDE88040FFF705BFB0B5DC
:1048200002AF0D460446FFF749FFC0B22DB1022882
:104830000AD102202070032002E0032804D120784E
:10484000BDE8B040FFF7F0BEB0BDD4D4F0B503AFC3
:104850002DE9F00701EB020C01F1050E92468146AD
:10486000002000260022CDF804C0052817D00446F9
:10487000824516D00D5706F01F03073605F07F005E
:1048800098400243601C002DEFD40144042C009199
:104890002ED1E8B20F282BD90F22052606E00526D7
:1048A00001E00426E646CDF800E00F220020F1B238
:1048B00040EA0121D0B20843C2B20F2A07D0DDE995
:1048C00000311BB10F2A23D1014600E009026FF02D
:1048D000010000EB1120C0B20B2804D2564901227E
:1048E00051F8200017E0080AC1B20122032012E0AB
:1048F0000E2A00F29E804B1EDFE802F05C080808DA
:104900000808213D5F14505608651A000020CEE7C4
:10491000591A00225144C9E90020C9F80810BDE81D
:104920000F07F0BD614554D003F0CEFC0922BDE76E
:1049300061454ED00E780E22981C0090B6E70320F9
:1049400003906846029002A8DCF7C2FF81B20E0A0B
:10495000C1B202291BD0C00768D002A8DCF7B8FF9B
:1049600081B24FEA1128C1B2022944D140F00F01AF
:10497000002046460EE0022003906846029002A8FE
:10498000DCF7A6FF81B20E0AC1B2022924D140F0A1
:104990000F01002089B240EA010288E7614518D082
:1049A00003F092FC0A2281E7614512D003F08CFCEF
:1049B0000B227BE70020002279E7614509D003F054
:1049C00083FC082272E7614503D003F07DFC0D22D1
:1049D0006CE70F22042669E7C00727D002A8DCF79E
:1049E00077FF81B20A0AC1B2022911D140F00F014A
:1049F00000201646CEE7C00718D002A8DCF768FFF3
:104A0000C1B2022909D140F00F0180B2060AC0E705
:104A1000C0070BD010040721BCE7C10706D000F483
:104A20007F40062140EA08000004B3E70F210E266C
:104A3000AFE70F220E2639E764580400B0B502AF85
:104A4000044620CC2DB1F4E80210C9688847013D26
:104A5000F8E7B0BDD0B502AF04460C480068C00509
:104A600006D1206848B903F0A2F802F0FDFFD0BDDE
:104A70000748FDF723FFFDF72FFF0648FDF712FF5C
:104A800000F05AFBFDF7DCFFFDF726FF04ED00E028
:104A90003700000038000000D0B502AF04460E48D1
:104AA0000068C00513D1206870B903F07BF828B105
:104AB00003F0B5FA2068411C002003E0012000212A
:104AC000207320462160D0BD0548FDF7B1FD0348A5
:104AD000FDF7F4FEFDF700FF04ED00E037000000F5
:104AE000F84A0400F0B503AF2DE9000BC4B08046CE
:104AF00027480068C00546D10C7A112008720220B0
:104B0000102C88BFA4F11100C0B20D46C8B1D5E980
:104B1000009601281FD1D2E90010864208BF8945BE
:104B200022D009688847CDE900011222694628464B
:104B30008DF80820FFF7D0FBD9F8041030468847DD
:104B40001BE0D2E90010096888471222CDE9000174
:104B50008DF808200DE008F1090005F1090103F0C6
:104B600074F9C8E9009609E01220CDE900968DF8A5
:104B7000080069462846FFF7AFFB112488F8084073
:104B800044B002F0A4BF0348FDF798FEFDF7A4FE71
:104B900004ED00E03700000080B56F46FEF718F91D
:104BA0000022D0F5702072EB010038BF80BDFFF706
:104BB00075FCD4D4F0B503AF2DE9000BC4B0057873
:104BC00004460320032D20704BD02E48D4F81061EA
:104BD0000068C00547D13068002849D14FF0FF3048
:104BE00004F101083060307C68B10868D0E9001237
:104BF00006F58C60FEF793FA6846414640F20F12C4
:104C00001BF027F91CE0D6F80C90414640F20F1239
:104C100009EB091006EB0010057619301BF019F9A5
:104C200009F10100011F18BF0146B068F160884218
:104C300004BF0120307406F58B60FEF763FA03258C
:104C400003F02BF8032D06D06946404640F20F12C0
:104C500025701BF0FEF8E81E18BF012044B003F0D9
:104C600049BA0B4800E00848FDF728FEFDF734FE7E
:104C70000648FDF717FE00F05FFAFDF7E1FEFDF7CD
:104C80002BFE00BF04ED00E03700000050000000E4
:104C90003900000080B56F46F9F766FBC00701D008
:104CA000012080BDC8B218B1012804D1012100E063
:104CB0000021002080BD0120062180BDD0B502AFBB
:104CC0000446F9F751FBC00701D0022011E0C8B239
:104CD000012806D0002807BF00210020022009215A
:104CE00007E02046F9F740FBC0074FF0010018BF6E
:104CF000022040EA0120D0BDF0B503AF2DE9000B42
:104D000003F033FA042C12D04846F9F72DFBC00704
:104D100011D101F07F000134A8400735064348B2A5
:104D20000028EFD4042C0BD1C8B20F2808D90520D5
:104D300088F8010001E088F80110012002F0B0BEFF
:104D4000C8F804600020F9E7B0B502AF0446006877
:104D50000D46012804BF6068A84214D003F0C0F8D3
:104D6000012804D1206981423CBF0220B0BD204609
:104D7000294600F01FF8012809D1E268002091427D
:104D800088BF0320B0BD207DC0F10200B0BD03206C
:104D9000B0BD80B56F460268012A06D142689142D3
:104DA00005D28068891A014402E0002080BD891A7A
:104DB000012080BD80B56F460268012A07D1426894
:104DC0008A4206D28068511A0844411C02E0002041
:104DD00080BD511A012080BDF0B503AF4DF804BD70
:104DE00042184FF0EE31114B90420DD004786140E3
:104DF00008243CB183EA5105CE0708BF4D08013CA9
:104E00002946F6E70130EFE7C84360B14FF0FF32C3
:104E100052FA80F2FD2A07D96FF00100484003D111
:104E20000348FDF709FB012002F0F7BD783BF6824D
:104E3000D84D0400B0B502AF6FF0010141F62E224B
:104E40004B1C002102290DD0445C634008243CB176
:104E5000C3F34E05DB0718BF5540013C2B46F6E770
:104E60000131EFE7D843190408BF4FF6FE70B0BD1B
:104E7000D0B502AF0068074A007852F82040064AD1
:104E800052F82020D1E90001CB682146BDE8D0408E
:104E9000184700BF9C58040090580400D0B502AFDA
:104EA00004460448FDF7C0FC2046BDE8D04000F0B1
:104EB00003B800BF47010000B0B502AF0446007858
:104EC000DFE800F01163303E267A8850972A8C2460
:104ED000287E22391A6C8A9F787C9DA12E2CA718D7
:104EE000A3A5996A9B0003F0D1F96078BDE8B040B2
:104EF000FCF7F6BB1B208DE01020FDF79EFC494817
:104F0000BDE8B040FDF790BC0E2083E00B2081E0AF
:104F100004207FE00C2062E009207BE0192079E08A
:104F2000182077E00220FDF788FC47486478FDF7F9
:104F30007BFC20466EE00F20FDF77FFC606854E0AC
:104F40000320FDF77AFC3B483B4D6478A8473B487B
:104F5000A8473B483B4902F09CFF00202946BDE89A
:104F6000B04008470720FDF768FC3048FDF75CFCBF
:104F70002F48FDF759FC01340025102D04D0605D49
:104F8000FDF75BFC0135F8E7B0BD03F026F860786B
:104F9000BDE8B04000F05AB81F203BE01120FDF7FB
:104FA0004CFC1E486488FDF73FFC1D4850F8240067
:104FB00000782FE014202DE005202BE0152029E0BB
:104FC0000D20FDF73AFC18486478FDF72DFC04F03D
:104FD00001001FE0062002E012201BE00A20FDF77E
:104FE0002CFC6068FDF732FCA068BDE8B040FDF71E
:104FF0002DBC08200EE01E200CE020200AE0162028
:1050000008E0132006E0172004E01C2002E01D2029
:1050100000E01A20BDE8B040FDF70FBC49010000D8
:10502000305904004A010000480100000900000056
:105030000C0000000A0000002928020051010000B5
:10504000EC580400A858040045010000D0B502AF98
:1050500004460448FDF7E8FB04F00100BDE8D04039
:10506000FDF7EBBB86000000052A08D90A78052A5F
:1050700007D24B784BB1012B03D1012306E002216B
:1050800001E04FF48171018070470023B0B502AF99
:10509000CC78072C01D3112C03D34FF481710180FC
:1050A000B0BD8D788988C47085704270037081802E
:1050B000B0BD80B56F46062A3CBF002080BD027897
:1050C0004378D0F80200C1F8020002200B704A7049
:1050D00080BDD4D4F0B503AF4DF8048D0446084824
:1050E000984615460E46FDF79FFB204631462A4658
:1050F00043465DF8048BBDE8F040FDF7AFBB00BF51
:1051000007000000DCB504AF03F0EAF800930020CC
:10511000234600F001F8DCBD814205D399429FBFD0
:105120000244091A10467047D0B502AFBC681A464F
:105130002346FDF742F9D4D4D0B502AF0448054C5C
:10514000A0470548A04700202146BDE8D0400847B9
:105150000A00000029280200CE00000080B56F463A
:1051600010F8011B014A52F8211080BD605904005B
:10517000F0B503AF2DE9000B8EB004460020CDE959
:105180000112039001A800F051F80D46C00708D0A5
:10519000012060712080E8074FF0040018BF0D2047
:1051A0000DE001A800F054F80646C0070BD001201E
:1051B00060712080F0054FF00D0058BF0420207171
:1051C0000EB002F084BC01A800F056F80DF12408DE
:1051D00003F07EF840461A4600F05AF808F1010143
:1051E0000DF1100811229DF8249002F0F0FEB9F1A3
:1051F000210F0ED14FEA164CB8E84D00211D4DC1CC
:105200000020208098F800006575A4F802C008709E
:10521000D6E7BDF83650601D04A911221AF019FE18
:105220000120E58284F804902080C9E7B0B502AF80
:10523000064B02F059FE19B16A1CA260027800E028
:105240000122B1FA81F011464009B0BD8453040037
:10525000B0B502AF074B02F047FE022902D240F27E
:105260000110B0BDA91CA16001784078090441EA91
:105270000060B0BD8453040080B56F46D0E90012D1
:105280008068024BBDE8804000F022B8A4530400BF
:10529000D0B502AF0446022A11D0042A08D0102A41
:1052A00012D1A01C02F08AFB40F221202080D0BD48
:1052B00040F2211020800868C4F80200D0BD2120EF
:1052C000208008886080D0BD0F2062602070D0BD33
:1052D000824221BF0B18111A1846704780B56F46DD
:1052E00002F06CFE0246006828B94FF0FF3110460C
:1052F00002C01146704780B56F460846FDF798F921
:10530000F0B503AF4DF804BD0546086890BB0C46E8
:105310004FF0FF3132F8020B2160217C49B10528A2
:105320001DD025F8020B1146362202F027FB002083
:105330001DE0E668C6EBC60104EBC101088301F17C
:105340001A00114636221AF084FD701CC11E18BFC7
:105350000146A068E160884204BF0120207404F186
:10536000C000FDF7CFFE05202880206801302060B6
:1053700002F019BB0448FDF795FAFFF7DDFEFDF7D3
:105380005FFBFDF7A9FA00BF50000000F0B503AFC6
:105390004DF804BDD0E900450146D0E902230020C4
:1053A000161B73EB050615D3D2F5003670EB03061A
:1053B00010D3F63C75F100040CD30C8DA0087C28AA
:1053C00007D8D1E904C5D1E90660B6EB0C06A841BF
:1053D00002D2002002F021BBD1E90851002040F6A2
:1053E000CD46AE1B71F10006F4D3D5F5801670EBF7
:1053F0000106EFD343F60950A2FB002603FB00632E
:10540000520A022606EB440442EAC3525B0AA2FB9C
:10541000042603FB0463A5FB004501FB0051600A61
:1054200040EAC1540020121B73EB512138BF012008
:10543000D0E7D4D480B56F4602F0D7F9B0F144423A
:1054400071F1090204D2074A00231AF065FD80BDFC
:105450000548FDF727FA00F041F8FDF7F1FAFDF7EE
:105460003BFA00BF00C409005100000080B56F4640
:1054700002F0BBF9B0F1005271F14E0204D2074ABA
:1054800000231AF049FD80BD0548FDF70BFA00F036
:1054900025F8FDF7D5FAFDF71FFA00BF00204E00F2
:1054A0005100000080B56F4602F09FF9B0F16242F2
:1054B00071F1040204D2074A00231AF02DFD80BDC9
:1054C0000548FDF7EFF900F009F8FDF7B9FAFDF727
:1054D00003FA00BF00E2040051000000D0B502AFA3
:1054E0000448054CA0470548A04700202146BDE8D8
:1054F000D04008470A00000029280200CF00000021
:10550000F0B503AF4DF804BD82B002F0E4FB022910
:1055100001D200250FE02268861C084902F0A2F99A
:10552000074A02230092A7F1120227F8125C022513
:10553000FEF748FEA660284602F073B9B453040093
:1055400044530400F0B503AF4DF8048D82B0044617
:10555000D0E901308846191A914201D200200BE0AF
:10556000154622684619054902F07CF9044A2B4683
:1055700002F063FC0220A66002F0ECBAC4530400FF
:10558000D4530400824221BF0B18111A18467047E9
:1055900080B56F4602F012FDD0B502AF9A4221BF2E
:1055A000D21ACC1880E81A00C26028BFD0BDBA68F1
:1055B00013210148FCF752FB3454040080B56F46B8
:1055C00091F8C820022A03D1BDE8804000F004B859
:1055D000BDE8804000F011B880B56F460A780D2A0A
:1055E00006D00E2A06D10431BDE88040F3F792BE02
:1055F000212100E02221017080BD80B56F460A782C
:10560000102A0ED0112A09D0122A1EBF22210170A1
:1056100080BD0431BDE88040F3F77CBE21210170DC
:1056200080BD40F60371018080BDD4D4B0B502AF17
:10563000044601F108000649F3F721FB00F11005CB
:10564000C069E0602CCD08682CC401380860B0BD8A
:10565000D44E0400D0B502AF0C4607490830F3F72A
:10566000EFFA0122D4F8033002722268C0F8092050
:10567000C36002F09BF9D0BDF44E0400F0B503AF57
:105680002DE9F80F824601F108003049F3F7D8FA06
:10569000D0E904658946D0E9064B45EA0B014FF095
:1056A000000846EA0402114347D08DF8068000F551
:1056B000A470ADF8048001A9032200F051F89DF810
:1056C0000610012022465B4660F39F118DF80610FC
:1056D000C8B2BDF8041041EA0040009030462946A7
:1056E00000F08EFDADF80800000C8DF80A000321D3
:1056F000ADF810800622CDF80C8003AC144B204688
:1057000000F0B0FD134A0323009201AAFEF75AFDF0
:10571000114B20460021032200F0A4FD0F4A032371
:10572000009202AAFEF74EFDBDF810004FF00108EE
:10573000AAF805000398CAF80100D9F800008AF811
:1057400000800130C9F8000002F067B8044F04007F
:10575000844F0400944F0400A44F0400B44F04008D
:10576000F0B503AF2DE9000FADF5377D13919046ED
:10577000D0F808110891D0F80C110791D0F8101149
:105780000691D0F814110591D0F818110491D0F8B1
:105790001C110391D0F820110291D0F8241101912D
:1057A000D0F828111591D0F82C111491D0F830119F
:1057B0001291D0F83411119100F5947100910021EB
:1057C00009921690414580F00D85D0F80041402C9B
:1057D000C0F0C18315984FF0060E1091C21C1499A9
:1057E0000D92619241F10003129A851C119E41F1C4
:1057F000000410F1010CCDE95D10089841F100089A
:105800000A934B93059B65926492CDE96222069AB6
:10581000329033924D904F9245903B90049846922F
:105820003D92029A0799CDE90B48CDE95B869846EF
:105830002C9393463F938A463193019BCDE90E5CAE
:10584000CDE95FC505462D9094462E923792134AB6
:1058500030934C9341903590114844933A93114BB7
:105860004A964E96CDE951460E462F9139910399AD
:1058700038915091479140910B49569236935A90E6
:10588000349155923E9359903C91CDE94213CDE924
:105890005322CDE95700CDE9481307E07465206B2A
:1058A0006E642033322D627965787061BEF1000F2D
:1058B00000F0538356982C99CDF88C8042184A9862
:1058C000259582EA00033098289300EB334030900E
:1058D00048402C90329902EB30583498299643185E
:1058E0006198CDF888A083EA00042D982E9A00EBE9
:1058F0003445CDF890C085EA01063399CDF8ACE087
:1059000003EB36504A9080EA344A5A9BCDF870B087
:1059100005EB3A602D9080EA365436984618659823
:1059200008EB7465704002EB304C8CEA010E06EB1C
:105930003E51369181EA30422F984B99034485EAD3
:10594000326683EA010B389901EB3B4980EA090092
:10595000349003EB305383EA3B404B9009EB3060CB
:105960002A9000EB3640389080EA7461329105EB62
:105970003154569484EA36402F904FEA30640CEB51
:105980003260279080EA3E50659403EB7061289B5B
:10599000309C81EA3A6288EA3343269304EB33630E
:1059A000289303EB3243309383EA7060339001EB2A
:1059B00030505A9080EA32402E9031994FEA306050
:1059C0006190559842184E9882EA00033A982093C5
:1059D00000EB334E8EEA0100319002EB3058DDE9E6
:1059E0003B10379A4318609883EA0004359800EB1F
:1059F000344585EA010603EB36504E9080EA34497F
:105A000005EB3960359080EA365CDDE93D104618DB
:105A1000649808EB7C65704002EB304A409A8AEA51
:105A2000010B06EB3B513E9181EA3044599939987C
:105A300085EA34660B185199594002EB31425040C7
:105A40003C9003EB305383EA3140519002EB3060DD
:105A5000219000EB3640409080EA7C613B9105EB61
:105A60003151559181EA364039904FEA30610AEB65
:105A700034601E9080EA3B50649103EB7061209B80
:105A800081EA396288EA33431D930EEB33631F9337
:105A900003EB32433D9383EA7060379001EB305063
:105AA000599080EA32403A903F9A4FEA30606090D5
:105AB00054988118529881EA000344981B9300EB94
:105AC000334E8EEA020044901C9A01EB30584599FF
:105AD000429843185F9883EA0004419800EB3445EC
:105AE00085EA0106469903EB3650529080EA344924
:105AF00005EB3960209080EA365C4398461863983D
:105B000008EB7C65704002EB304B479A8BEA010A48
:105B100006EB3A51439181EA30445899229885EA3C
:105B200034660B185B99594002EB31425040429069
:105B300003EB305383EA31405B9002EB30601C9002
:105B400000EB3641479181EA7C6145910BEB346073
:105B50001A9005EB3151549181EA3641419180EA26
:105B60003A504FEA3161639103EB70621B9982EA0C
:105B7000396388EA314119910EEB31611B9101EBD8
:105B80003341469181EA70603F905C9902EB30505E
:105B9000589080EA33402290239A4FEA30605F9019
:105BA0005398104480EA01034C99179301EB334159
:105BB000189151404D9A4C9100EB315B48985E9999
:105BC000104480EA0105259901EB354686EA020179
:105BD00000EB31505C9080EA354A06EB3A60259044
:105BE00080EA31554F9949980BEB756E46186298CB
:105BF00086EA0002249800EB324989EA01085099AC
:105C000006EB3850499080EA32445798299A8EEA38
:105C1000346609EB346900EB020C5D988CEA0003F2
:105C200001EB334181EA020048900CEB305282EAEA
:105C300033405D9001EB306C89EA38510CEB364013
:105C4000509080EA75604D9002EB71620EEB30501F
:105C5000539080EA3640299082EA3A644FEA3060F5
:105C6000629017988BEA3043189800EB336505EB88
:105C700034404F9080EA716024902A9902EB3050B2
:105C8000579080EA344023904FEA30605E90349819
:105C900081EA30514A9800EB7162269882EA3064BA
:105CA000279800EB34402A9080EA71602790289969
:105CB00002EB3050349080EA344026904FEA306056
:105CC0004A902C9881EA3051369800EB71624B98DB
:105CD00082EA30642D9800EB34402D9080EA7160A8
:105CE0002C90219902EB3050369080EA3440189085
:105CF0004FEA30604B903C9881EA30514E9800EB6F
:105D000071621D9882EA30641E9800EB344028903E
:105D100080EA716021901F9902EB30503C9080EA3C
:105D200034401E904FEA30604E90319881EA3051F5
:105D30003E9800EB7162519882EA3064359800EB2E
:105D40003440359080EA716031901C9902EB3050FC
:105D50003E9080EA344A4FEA3A605190429881EA94
:105D60003051529800EB7162199882EA30641A98A7
:105D700000EB34401F9080EA71601D901B9902EB8C
:105D80003050429080EA344B209A4FEA3B60529068
:105D9000449881EA3051439800EB71665B9886EA3B
:105DA000306002EB30485D9A88EA716E06EB3E5136
:105DB000439181EA30445C994FEA34605B904898A3
:105DC0008CEA305001EB706C49998CEA336309EB33
:105DD000334989EA70660CEB3650489080EA334CC0
:105DE000259B4FEA3C6009EB3C6C5C904C9885EA43
:105DF000305001EB706181EA326203EB324585EA93
:105E0000706301EB3350499080EA32402E9A4FEA9A
:105E1000306105EB30655D9185EA3350309901EBD7
:105E20003261339A309181EA32512F9A4FEA71618F
:105E30003391389901EB3261329A389181EA3251CB
:105E40003A9A4FEA716132913D9901EB3261379A8A
:105E50003A9181EA3251399A4FEA71613D91409904
:105E600001EB32613B9A409181EA3251229A4FEA2A
:105E700071613B91469901EB32613F9A449181EA0D
:105E80003251419A4FEA71614691479901EB326173
:105E9000459A479181EA3251239A4FEA71614591BF
:105EA0004F9901EB3261249A4C9181EA3251299A3F
:105EB0004FEA71614F91509901EB32614D9A5091C7
:105EC00081EA3251189A4FEA71614D912D9901EB97
:105ED00032612C9A2D9181EA3251269A4FEA7161F2
:105EE0002C912A9901EB3261279A2E9181EA325145
:105EF000319A4FEA71612F91359901EB3A613591F1
:105F000081EA32511E9A4FEA71613191289901EB71
:105F10003261219A379181EA32514FEA71613991A8
:105F200008EB3461419181EA3E51DDF8ACE04FEA83
:105F300070684FEA71618CEA36503F91AEF1010E04
:105F40001F994FEA706601EB3B6B1D998BEA31514B
:105F50004FEA716AAAE4169E2EE15698759036981B
:105F600074905A98739034987290559871903E98A6
:105F7000709059986F903C986E9054986D9043989B
:105F80006C9058986B9042986A9053986990499891
:105F9000689057986790489866902C9885903398A9
:105FA00084902F98839032988290319881903D9878
:105FB000809039987F903B987E903F987D9046984E
:105FC000009ACDE97BA04598CDE979804F98CDE93D
:105FD00077604D987690309895902E989490389858
:105FE00093902D9892903A989190379890904098ED
:105FF0008F9035988E904498CDE98CB047988B90CF
:1060000041988A904C98CDE988C00DF5267C50982F
:10601000CDE986504A98A5906598A4904B98A39096
:106020006198A2904E98A1906498A09051989F90EA
:1060300060989E9052989D9063989C905B989B90DE
:106040005F989A905C989990629898905D989790D4
:106050005E9896901698D0F808115C91D0F80C11C3
:106060005B91D0F810115A91D0F814115991D0F8D1
:1060700018115891D0F81C115791D0F82011569151
:10608000D0F82411559192E83A008CE83A0015991D
:10609000149A043142F10002CDE91421C0E94A12F8
:1060A00011991298B490CDE9B001CDE9AC010A98EC
:1060B000B3900D98B2900B98AF900E98AE900C984C
:1060C000B5910021AB900F98AA9040296DD00DF5A5
:1060D000167C0DF5267816985CF8013058F80140CA
:1060E00000EB810204EB030B66AC651868686590F1
:1060F000A8686490E868639076AB5E1870686290F8
:10610000B0686190F068609086A8461864585B5843
:1061100070685F90B0685E90F0685D900CEB010075
:10612000D0E901A9D0F80CE008EB0100D0E9018C1E
:10613000C56886A8589E40581031C2F830B0304427
:1061400010625C981844106129485D9B20441060DF
:1061500005EB0E00D0630CEB0900906308EB0A001E
:10616000506355981844D06256985E9B18449062CC
:1061700057985F9B184450625998609B1844D061AF
:106180005A98619B184490615B98629B18445061D7
:106190001848639B1844D0601748649B184490606B
:1061A0001248659B184450608FE7169E0024DDF866
:1061B00024801099C6F8004108460D4613994246BE
:1061C0000E4BFFF7DFF902460B4606EB8400C4F1E5
:1061D0004001FDF7C3FF2044C6F8000129443046C2
:1061E000FFF7F0BA0DF5377D01F094BB6E642033F4
:1061F000657870617465206B322D6279BC5404003F
:10620000B0B502AFADF53A7D002400BAB99008BA36
:106210008DF810400394CDE90144BC68B89010BAE1
:10622000ADF81140240CB79018BA8DF81340B69011
:106230005DA8041DB6A92046FBF77CF805AD2146F4
:106240004FF4B07201F0C0FE01A928460A4600F0E2
:1062500014F89DF81300BDF8111041EA00400DF547
:106260003A7DB0BDDCB504AF044600930846114644
:1062700022460623FEF750FFDCBDF0B503AF4DF814
:10628000048D90B06C460D4606462046202190466F
:1062900019F0EBFD2046294600F00EF808AD314616
:1062A00022462846FAF7C4FB4046294601F086FB01
:1062B00010B05DF8048BF0BDD0B502AF86B001AB75
:1062C0000022102A03D08C5C9C540132F9E701A90A
:1062D00001F074FB06B0D0BDD0B502AF044604484F
:1062E000FCF7A2FA0FCCBDE8D040FCF7B7BA00BF6C
:1062F00007000000F0B503AF2DE9C00790F880510A
:1063000000F5B87816468946C5F110048246A242C7
:106310002DD96DB1234B01F0DCFE234A234601F059
:1063200005FC50464146012200F04BF8361BA144C3
:1063300016F00F054FEA161208BF10254FF0FF3078
:1063400008BF00EB161209EB02141AB15046494679
:1063500000F037F8154B284641461022FEF7D2FED2
:10636000134A2B4600922246FDF72CFF0FE00A4B02
:1063700001F0AFFE094B02460C461146304622465C
:10638000FEF7C0FE064A334601F0D0FB35448AF8DA
:106390008051BDE80C07F0BD444E0400544E04008B
:1063A000644E0400044E0400144E0400244E040005
:1063B000344E040080B56F460A46BDE88040FFF7C2
:1063C0005CBFF8B504AFCDE9021200F5B0710191E0
:1063D00001A900F001F88FBDF0B503AF2DE9000F62
:1063E00091B000900DF10409886809F11005D1E918
:1063F00000640DF1240A4FF0000804EB001B5C451B
:1064000019D00020102803D0215C01F06CFBF9E7C3
:1064100048463146FFF750FF009950464A46C5E9C5
:106420000088C5E90288FAF703FB3046514601F0BF
:10643000C5FA1034E3E711B001F06CBAF0B503AF60
:106440002DE9F80F8846049058F8086B03F1100402
:106450001D464FF00009C346039206EB4600029129
:106460004FEA001A08EB00110191BAF1000F0CD0AD
:106470000BF11001204600F031F8E0B9AAF1300A22
:1064800009F101090BF1300BEFE795F8298003982A
:10649000864219D2019C2946292201F06CFA029900
:1064A000701C84F829800860D5F82A00C4F82A00F6
:1064B000E88DE0850BE009EB49002946302208EB26
:1064C000001019F0C6FC02E0B8F1020F04D121203F
:1064D0000499087001F0A1B91620F9E7F0B503AFEF
:1064E0002DE9C00705460C4655F8103F51F8102F0E
:1064F000AE885A408B8873401A4304D1AA798B79AD
:106500005A40D2072FD0D0E900A8D0E9026948EA62
:1065100009004AEA060210431DD000915046414648
:1065200032464B4600F025F8E8B90FCC41EA030C9F
:1065300040EA020454EA0C0417D080EA0A045640E8
:1065400044EA060C81EA080683EA0904344354EA63
:106550000C0404D107E00FCC01F0A3FB05D000959B
:1065600000F007F808B1012000E00020BDE80C07AA
:10657000F0BDF0B503AF2DE9F00BBD6804460E4643
:1065800068798DF80A00B5F8031000F0C0004028C3
:10659000ADF8081029D102A803219846914600F0D1
:1065A00029F89DF80A004A46BDF80810434641EA1A
:1065B0000040009020463146FFF722FEADF80C0067
:1065C000000C8DF80E0003A8032100F013F8A87842
:1065D0002988BDF80C2041EA00409DF80E1042EADF
:1065E0000141081A01F0FCFC00E0002004B001F0B9
:1065F00081BDD4D4F0B503AF2DE9FC0780461B481C
:1066000000904E0802A88946414632463346FEF7BE
:10661000C3FF17483246009008EB0900DDE9025A33
:10662000A0EB590102A83346FEF7B6FF4FF0FF304A
:1066300000EB590CDDE9023100266046441C0AD00B
:10664000B2450BD08C450ED2AC5D1A5CAA55013612
:106650001C540138F2E706B001F0B5BA064A5046BC
:106660005146FBF7F9FE034AFBF7F6FE40540400DF
:10667000505404007054040060540400B0B502AFDC
:106680000C686FF00045AC423FBF631C0C4644F8F9
:10669000083BC0E900423CBF8160B0BD1846FBF733
:1066A000E5FFD4D4F0B503AF2DE9F80F99461B4BA5
:1066B000804602A8FFF7E2FF029C54F8280900EB8D
:1066C000400005010DB304F1400B49465846FFF761
:1066D00005FF303D30340028F4D0206808F1100563
:1066E0000190D4E901E9D4F80CA09BE84F1085E8AB
:1066F0004F100198C8E9000E94F8290094F828106A
:10670000C8E9029A88F8281000E0022088F82900D9
:10671000049801F061FA01F080B800BF544F040002
:10672000F0B503AF2DE9000F8BB0044604A80D4669
:1067300000F08EF8049801282ED0DDE9059605F1C9
:106740001001DDE9078A04A800F082F80498012806
:1067500022D0DDE905504FF480710390DDE907B0E8
:106760000290204619F002FB03990020C4E9471B60
:106770000299C4F824114021C4E94296C4E9448A2C
:10678000C4F81851C4F80011C4E94A00C4E94C0027
:106790000BB0BDE8000FF0BD0598099004480699BC
:1067A00000900448044B0A9109AA2B21FBF78FFFA4
:1067B000F854040080540400AC540400F0B503AF56
:1067C0004DF804BD88B06E460D4604463046202183
:1067D00019F04BFB284631462022FEF7C1FF304618
:1067E00002F056FE0028F5D06946204601F040F937
:1067F00008B05DF804BBF0BDF0B503AF4DF804BDC3
:10680000A2B011AD0E460446402101F073FA05F125
:1068100020012846324601F087FF01AE294640227A
:1068200001F089F828463146FDF714FC691C204622
:1068300001F01EF928463146FDF70CFC04F120005A
:1068400005F1210101F014F922B05DF804BBF0BD9F
:10685000D0B502AF0446043001F0B0F8002020604B
:10686000D0BDD4D480B56F46D1E900010922CB68F0
:106870000149BDE880401847EC54040009B3F0B565
:1068800003AF2DE9800F0A6801F1100A009200F1B0
:106890001002D1E901E8D1F80C909AE8781882E862
:1068A0007818009AC0E9002E91F8282091F8291054
:1068B000C0E9028980F82820BDE8080FBDE8F04053
:1068C00000E0022180F82910704790F83E1102295B
:1068D00001D102200EE0FEB506AF00F1200101A8B3
:1068E000FEF76CFE9DF80400223818BF012006B0A8
:1068F000BDE880406FF0010151FA80F1B1FA81F1F9
:106900004909084300F00100704780B56F460178DF
:106910004278807840EA012040EA024080BDD4D429
:10692000F0B503AF4DF8048D92B004460AA80D46A9
:106930002021164619F099FA1F2E28D90DF10808C2
:106940002946202201F043FB144B2020294601F068
:1069500029FB0246124800900AAD0B46202128462A
:10696000FDF730FC40462021FFF744FE2846202159
:10697000FFF740FE2046414601F07AF804F120007E
:10698000294601F075F812B05DF8048BF0BD054B97
:10699000002020213246FBF710FD00BFD44F040039
:1069A000E44F0400C44F0400F0B503AF2DE9000725
:1069B000C4B082464B4825900DF188094A48884664
:1069C0002490494649481C46239015464848229041
:1069D000104600F0ADF805F1200648B34548259073
:1069E00045482490454823904548229005F11000E1
:1069F00022A900F09DF8D8B1424825904248249041
:106A0000424823904248229022A9304600F090F854
:106A100070B1404825904048249040482390404819
:106A2000229005F1300022A900F082F8002852D10E
:106A30002846214600F082F830B104F120013046AA
:106A400000F07CF8002846D102AC4021204619F025
:106A50000CFA344B202021464022FEF753FB324AE9
:106A6000202300922A46FDF7ADFB304820210090FC
:106A700004F1200032462023FDF7A4FB0420214628
:106A80008DF8880009F10100402219F0E2F934ACD8
:106A90004021204619F0E9F904F1200120464A4638
:106AA000412301F076FEB0B112AC34A9402200F0CF
:106AB00062FF22AD202101F01DF904F120032846D8
:106AC0004146224601F037FE0AF10100294600F056
:106AD000CFFF012000E000208AF8000044B001F060
:106AE00072B800BFE9F9A5B95E2C83A7F297BE2C56
:106AF00020B003D20E359DE6CC030148ACF4FDDB9B
:106B0000EFF491115A52155C63329ABF652AEB6D0E
:106B1000DC809C491589D28B741C8ED08FED30247B
:106B2000766345C2F44F040004500400145004007E
:106B300080B56F4601F07BFB01F073B980B56F46FD
:106B4000202218F0BDFA01F06CB980B56F4601F053
:106B50006EFB002818BF012080BDD4D4F0B503AF70
:106B60004DF8048D984615460E460446FCF730F95C
:106B7000D7E90223FCF73CFBC4E90C0100201149D2
:106B8000C4F84E1041F20801A4F8520084F84800FD
:106B90000220C4F84A1084F8380084F829003068CC
:106BA000D6F80310C4F83A00C4F83D102868D5F8A8
:106BB0000310C4F8410084F8498061645DF8048BD7
:106BC000F0BD00BF00030810D0B502AF02780AB9CB
:106BD0000A780AB10520D0BD8278520702D48A789B
:106BE000520702D54278032A01D10220D0BD4B784A
:106BF0000FF20A01022001EB8304DFE803F0030C2B
:106C0000111009000120022A38BF02200021D0BD46
:106C10000648074901E007480749805C895CD0BD08
:106C2000901E012101F0DCF9D0BD00BF7B590400AA
:106C300076590400715904006C590400F0B503AF93
:106C40004DF804BD82B00D460446D1E90101EA6861
:106C5000401A904201D2222022E02846FEF7F8FA9C
:106C60000646C00705D0F0054FF00D0058BF0420C0
:106C700011E0E8682946821E684600F015F8009980
:106C800019B1019A330C212005E09DF8041004206D
:106C9000002918BF0D20C4E902120121A3806170F0
:106CA000207002B000F07FBEF0B503AF4DF804BD18
:106CB000D1E90164331B934203D2002101600171C9
:106CC00008E0A51808D2B54206D80B688D601919DE
:106CD000C0E9001200F067BE024B2046294632464A
:106CE000FBF76BFB94530400F0B503AF4DF804BD04
:106CF0000D460446D1E90101401A032807D9284668
:106D0000FEF7A6FA0646C00703D0F00507E02220EA
:106D100011E02846FEF79CFAC10705D0C0054FF0E8
:106D20000D0058BF042002E0010C320C2120A1808C
:106D3000012162806170207000F035BEF0B503AFB4
:106D40002DE9000F8FB00446087B10250E46012860
:106D500008BF0225D1E90112A81C891A814202D27A
:106D60000220208078E03046FEF772FA8046C007A5
:106D700005D00D225FEAC85058BF042249E00DA893
:106D800031462A46FFF790FF0D99E1B30E9A08A805
:106D9000FEF77EFA9DF8271001919DF82610DDF888
:106DA0002E0005919DF8211003909DF82020009160
:106DB0009DF82DC0212A9DF82C009DF82B509DF8A0
:106DC0002A909DF829A09DF828609DF825309DF80F
:106DD00024E09DF822109DF823B040D1039A06923A
:106DE000059A0392019ACDF808C04FEA184C059213
:106DF0004FF00008049333465646CA46A946054656
:106E00000298009A08E09DF838000422002818BF74
:106E10000D2201214FF0010820740598A0720398FB
:106E20006072049820720698C4F811009DF81C0046
:106E300060750298E57384F80E9084F80DA02673AF
:106E4000E37284F807E084F806B061712271A4F857
:106E500002C0A4F80080E0820FB000F05BBDB04635
:106E6000039ECDF81960BDF83260CDE9033EDE46E1
:106E70008DF818C08B46029646464FF001080099DF
:106E8000019BC9E780B56F4602780D2A0AD10279C5
:106E90000221DFE802F033052725050523232C2AEC
:106EA00001692BE0B2F10A0198BF002131B101293B
:106EB0001CBF012080BD8068033080BD0A2A1FD816
:106EC0000221DFE802F006061B161B190D1D1D1D11
:106ED0000D000130FEF742F904310FE0C1680DE00A
:106EE00004210BE00069411C08E00069E4E700218F
:106EF00004E08068811C01E0C068811D481C80BDE1
:106F000002480F21024AFBF7A1FA00BFC452040055
:106F1000D4520400F0B503AF2DE9000F89B0044648
:106F20000020CDE90312059003AE3046FEF77EF94E
:106F30000D4601F00101C00703D061700E202070E2
:106F4000C2E1E1B903A8FEF797F90246E8B21E28AC
:106F500043D00E46522842D1012E00F0E481002E8B
:106F600000F0E481DFF878340220B2F800B0114676
:106F700001F018F802460E460B0A0B202EE006A878
:106F800096E80E0001260EC0681EC0B245080E2D00
:106F900000F29D810822DFE815F00F006F005F000E
:106FA0004D00540077007E009A018E00A4009A01E3
:106FB0009A019A018500450006A8FEF737F90E46AA
:106FC000C00740F0848106A8FEF742F90546C007D5
:106FD00000F08181C5F3002679E10C2063E1A81E51
:106FE000C0B241080F2900F22A810920DFE811F020
:106FF0001000F300C5009C00B90003012701160131
:107000004401270129019500270127012701540187
:10701000002E00F08E81012E00F09F8192F80080FA
:107020000420A7E006A8FEF713F98046C0073FD169
:1070300001256DE0DDE90680012208994FF0000985
:107040004FE006A8FEF7F2F80E46C00740F03F8179
:107050005FFA86FC042238E006A8FEF7E7F80E4641
:10706000C00740F03481701EC0B2012800F22E81AA
:107070005FFA86FC022228E006A8FEF7E9F8C107BD
:107080002AD0C0F3002622E103A8FEF7F5F88046D7
:107090000846062205E003A8FEF7EEF880460846FB
:1070A00007221EE006A8FEF7D3F88046C0072ED0C0
:1070B000C8F300260BE106A8FEF7B8F80E46C00795
:1070C00040F005815FFA86FC05224FF00009DDF8EB
:1070D00018800798089904E04FEA10694FEA104EAB
:1070E00000225FFA8EF3454643EA092304F10C0EB1
:1070F00025818EE803100D2020704FEA1860E072A1
:107100004FEA1840E38066712271A072DCE000252E
:1071100006A8FEF7B1F80922E8E7002E00F00B817F
:1071200092F800A00820B7E0002E00F00681012EA2
:1071300000F01581022E40F22281032E00F02C81F6
:107140001088062E518800F0E180142E77D1558AE0
:107150004FF0020AD2F80630D2F80A60D2F80EB028
:10716000D6E0002E00F0EB80012E00F0FA8092F8BD
:107170000080022092F801904FE0002E00F0E180A4
:10718000012E00F0F080022E40F2FB80032E00F072
:107190000581042E40F20A81052E00F00A819078C4
:1071A00011460290D078A14B05025079019006203B
:1071B00092F8008092F8019092F804A000F0F2FE9C
:1071C000064602988B460199284340EA0A4040EA65
:1071D000016205204FE0002E00F0B580012E00F086
:1071E000C480022E40F2CF80032E00F0D98092F8A6
:1071F000008006200EE0002E00F0A780012E00F097
:10720000B680022E40F2C180032E00F0CB8092F8AF
:1072100000800A2092F8019052883DE0002E00F094
:107220009680012E00F0A580022E40F2B080062E3E
:107230005FD0032E00F0C280142E00F0C280012027
:1072400047E0002E00F08580012E00F09480022E91
:1072500040F29F80032E00F0A7806A4B042092F832
:107260000080114692F80190558800F09BFE06467A
:107270008B4607202A460FE0002E6CD0012E7CD0D2
:10728000714B022092F80080114692F8019000F0B4
:1072900089FE02460E4603205FFA88F141EA09257D
:1072A0004FEA1B41330A2070180CA4F80930C4F8C7
:1072B00010C0E181A4F80CB026726260658084F889
:1072C00001A0E072C4F814E000F0D6BA012606F07E
:1072D0000100607032E6DDE9061208983C4BFDF7CC
:1072E000F7FF002968D090F800E04FEA1548032224
:1072F000F7E610884FF0000AB2F802E092F8048036
:1073000092F805904FEA004C0020C5E74FF0000AC4
:10731000C5EA004C1FFA81FE92F80480012092F821
:1073200005901A46B8E72C4A00F0B0FA2B4A00F054
:1073300007FA424AFBE72F4AF9E7474AF7E7444A88
:10734000F5E7374AF3E7324AF1E7274AEFE7464ADB
:10735000EDE72A4AEBE73B4AE9E7374AE4E73D4AEB
:10736000E2E73A4AE0E72D4ADEE7284ADCE71D4A31
:10737000DAE73C4AD8E7204AD6E7314AD4E7374A29
:1073800008E0284A06E0234A04E0184A02E0374AA7
:1073900000E01B4A00F002FC314A10E0254A0EE0F2
:1073A0001D4A0CE0124A0AE0174A08E01E4A00F0A3
:1073B00066FD1F4A00F057FD064AB8E72D4A00F067
:1073C000E4FB2B4B042015211422FAF7F6FF00BF33
:1073D00084530400CC54040054500400445004006E
:1073E000645004009452040084520400A452040027
:1073F000B4520400745204003452040024520400B5
:10740000445204006452040054520400F451040035
:10741000E451040004520400145204008451040096
:107420007451040094510400B4510400D451040078
:10743000C4510400A45104006451040054510400D8
:107440003451040024510400445104001451040038
:1074500004510400D4500400C4500400E45004005B
:10746000F45004008450040074500400945004004C
:10747000B4500400A4500400F0B503AF4DF804BDAF
:1074800082B00546D0E90130834201D1002009E0F5
:107490002A68461C0C46064900F0E4F921B1047044
:1074A0000220AE6000F0BDB9024A00F049F900BF09
:1074B000B453040034530400F0B503AF2DE9C00702
:1074C000D0E90164814608468A46351BFDF746FE31
:1074D0008D4201D200201CE001EB0408D9F8002005
:1074E0000D483346009020464146FDF715FE1AF838
:1074F000012B22B1012A05D1094A042304E0094ADB
:10750000022301E0054A102300F093FC0220C9F891
:107510000880BDE80C07F0BDF45304007453040068
:107520006453040054530400D0B502AF0446D0E9BC
:10753000000280F0030010431CBF0020C1E90000DE
:10754000204600F095FA04F12000BDE8D040FBF79A
:10755000D9BDD0B502AF0C683CB94FF0FF330C4633
:1075600008C4C0E900428160D0BD1846FBF760F84E
:1075700080B56F46D0E900128068024BBDE88040BC
:10758000FDF7C0BDE4530400BCB504AF04468888D1
:10759000ADF8040008688D79062100906846FFF771
:1075A00029F8BDF80400A4F8050000982570C4F877
:1075B0000100BCBDF0B503AF4DF804BD82B08A88B0
:1075C000838A04695A400B6863401A4306D1827D5E
:1075D0008B795A40D20701D1012010E0D0E9004553
:1075E000D0E9022345EA030044EA0206304305D00D
:1075F000009120462946FEF7BCFF00E0002000F085
:1076000010B9D4D4F0B503AF2DE9800F8246FCF752
:1076100081FCDFF864B0804618495846FDF762FEE9
:1076200000220024B2F5FC5F11D026461346855C8B
:107630000134FC32012DF5D10024024400EB030992
:10764000C4546FF0FA0050B114540130FBE700F05D
:10765000ADF94046FCF794FC4FF0000B08E000F059
:10766000A5F94046FCF78CFC09F10100CAE901606C
:10767000CAF800B000F035BB68010020A44E040039
:10768000F0B503AF4DF804BD0C460646FCF742FCCE
:107690000E4905463046FDF725FE202C3FBFC4EBC2
:1076A0008412012300F8223008683FBF01300860CF
:1076B00028465DF804BB3CBFBDE8F040FCF760BC69
:1076C000034A20462021FAF7C7FE00BF944E04006B
:1076D000844E040080B56F46C00718BF80BD0248C5
:1076E000BDE88040FBF7EAB853000000DBF8640017
:1076F000BBF86820D0E90001F0F7D4BDD4E902015D
:10770000013041F10001C4E902017047E2FB0301CD
:1077100043F60952002318F0FFBBD8F8000000F12F
:107720006804406EC50070471022304618F091BBC7
:107730009B9BDDF86902CDF80332809080987047FA
:1077400000200021FAF788BED8E9023182B218463B
:10775000E2F7B2B943F2580008EB0004494620466C
:10776000EBF71EB89DF81300E070BDF811009DF80E
:107770002310DDE90562A4F80100BDF82100DDF861
:107780001CC09DF82030ADF80C008DF80E1023744D
:10779000C4E90162C4F80CC0A4F81100E174704798
:1077A0009DF820A0079EBDF821009DF82310DDE97B
:1077B00005B2ADF80C00A4F8110030468DF80E109B
:1077C000E17451460292DEF707B9B0220AF10801CE
:1077D00018F01CBAD0E90001F0F764BD51460090E2
:1077E00058464A460423F1F7E1BA43F60952A0FB92
:1077F000020301FB0231704743F2580008EB00041A
:107800007047012200212A720202002870474FF4BB
:107810005E71DDE901025143704705B0BDE8000F1C
:10782000F0BD02B05DF804BBF0BD1022284618F090
:1078300010BB0BF108012246F9F7C2BED0E90012D5
:107840005846FFF786BE114630462A4618F001BB5F
:107850005146009058464A467047DBF80000D0E990
:107860000012704700913146FDF756BC90E81C00AD
:1078700048461CC1FFF77CBE09B0BDE8000FF0BD53
:10788000D9F8002028462146E6F79EBC01200121B8
:10789000FAF7E2BD0130132218F0DBBA0020429063
:1078A00000202C900020CDE92E0070479DF868B292
:1078B000BBF1210F7047DBF82810DBF83820704748
:1078C00001EB800100221992704718C80A4618C2BD
:1078D00001238BF82830038880789070A7F1E000AE
:1078E00013800CC90CC07047BDF82A949DF829A4D8
:1078F000294690E84C0020464CC1F0F77CBD30464C
:10790000DDF81C80BDF819909DF818409DF81BB05B
:10791000F0F782BFBDE8000FF0BD3869102200BA51
:107920006990786900BA6890B86900BA6790F86998
:1079300000BA66907047304618F08BBA132218F0E0
:1079400088BAD8F800000130C8F800007047132248
:10795000204618F07EBA11461A46E2F7ADBC012364
:107960002046FCF7BFBE14460546F7F77DBF102240
:10797000204618F06EBA204618F06BBA284618F068
:1079800068BA584640F8201FDBF80010CBF82420D6
:1079900009688BF81C20CBE90510704700F55E7074
:1079A000A1F55E7170475DF804BBF0BD0868013059
:1079B000086070470168013101607047102218F0BB
:1079C00048BA0298DDE90412C4E901120078704750
:1079D00086F87A16D6F87015C6F8681670479DF8BE
:1079E0009400279A0228CDE9131270470FCB41EA81
:1079F000030440EA02052C437047DDF82C249DF86F
:107A00003004DDF828147047012041468DF8E1016B
:107A100004F11200B62218F01CBA5DF804BBF0BDE8
:107A2000309D0020DDF80CB1DDF8E0A085F85F03A3
:107A300021208DF834017047319983B271913899C2
:107A4000CDE96F4B6E91D8E90212CDF800A07047D6
:107A5000DDF8D49000228BF899200BF16002CBF86E
:107A60009420CBE91F0170472068013020607047E7
:107A7000202218F0EEB9B02218F0EBB95DF8048BB3
:107A8000F0BD06F110005146DCF77AB94FF48042A0
:107A90000023FBF7C1BB0BF120004946F7F742BCBE
:107AA00088F80000BDE8000BF0BD07F8010C781E57
:107AB000FAF724BFD9F800104044FBF7CBBB00F81D
:107AC000014B68601020B0BD2846F6F74DBCBDE8FC
:107AD000000BF0BD02EB716282EA33647047BFF3C2
:107AE0002F8FFAF7BBB8325C5140315401307047E8
:107AF000D1E90012FBF713BBDDF8481448F8001079
:107B000040440121DDF84B24C0F803207047F4E81D
:107B1000021049680847DBF8040005F168040168B1
:107B200042688368C0680EC46867704700924A461E
:107B3000FCF748BB00BACDF89C0608BACDF8980609
:107B400010BACDF8940618BA704781B200F47F02DB
:107B50000229704702B05DF8048BF0BDDBF8180015
:107B6000002100688BF828100BF11D01CBE90801FA
:107B70007047A7F1DC00D9F7D3BEA7F1600147E950
:107B80001860A7F1DC00D9F7E6BE03200321FAF75D
:107B900063BC016842688368C068704702200221A4
:107BA000FAF75ABC4FF0FF302060207B704700206E
:107BB00020734FF0FF302060201DFBF7A3BA286828
:107BC000013028607047BDE80007F0BD4946F7F76F
:107BD000A9BB3046F9F7E2BF01680139016070477F
:107BE0008DF84E00079EDDE90548BDF812509DF85E
:107BF00011B070470AF10800139410AD90E81C0012
:107C000029461CC103AE7047DBF8080010287047F6
:107C100000229DF891000968BFF35F8F0A6000F0B1
:107C2000010270479DF800000128704701208DF87F
:107C30006602BAF86C03ADF86402DAF868037047BC
:107C40005368D3F81026D3F81436FBF7D1BA1AEBE1
:107C5000402041F10001002318F05EB9D8E902315B
:107C600082B218462B46E1F7C5BB3146F8682A4672
:107C700000905846DDF74AB8BDF82C103046DDE9D3
:107C80000C49FDF73DBC02460D46114608202A4628
:107C9000FDF738BAB02217F0B9BF30680130306054
:107CA000704741EA030440EA0206344370474068E3
:107CB000CDE9182300F2646070470FCB12BA00BA06
:107CC00009BA1BBA704717F8600C012870470130D9
:107CD00041F1000170470446D0E901300D46191A00
:107CE0007047BDE8080FF0BD2946F7F7EFBC1A2230
:107CF00018F0AFB8284618F0B8B80D46FBF702BA2E
:107D0000DBF80C200023546843F60952CDE99E01AC
:107D10007047C0F30724C1B202297047DDE918BAE1
:107D20000DF5E7657047D0F83812D0F83C02129094
:107D30000DF580500F917047DDF82C849DF8299443
:107D4000514696E82C002CC17047D4E90160801B95
:107D500085427047C0F30722C1B20229704781886B
:107D6000AAF8F4100068CAF8F0008AF8F6407047E4
:107D7000034603F8012B8B42704704460568002038
:107D800001C47047029909200860704700F5C4607B
:107D9000F0F756BFD0E90001E1F76CBED0E9000171
:107DA000E1F70CBBD0E90001FCF740BBD0E90001D2
:107DB000E1F782BE23468DF838073046E7F7EBBA85
:107DC00004F1480659463046F7F73AB9504618F0DC
:107DD00040B808F105001322132418F03AB856E908
:107DE000011049680847C0F8401300F51C70FBF704
:107DF00089B900912946FDF78FB99DF800029DF8D9
:107E00003A12F0F7ADB95A4600F599502146E2F71B
:107E1000D1B959463246E7F719BA4FF00209FDF7D2
:107E200071B9B0FA80F0400980BD4A462146EDF7AD
:107E30001BBF00925246FCF7C5B900924246FCF7C0
:107E4000C1B90F208DF8E001704740F2071218F019
:107E500000B84FF0C07240F66613FBF7C9B940682E
:107E600000F26460704705200521FAF7F5BA00F5C5
:107E70009950D9F72DBD232089F8000070470420C0
:107E80000421FAF7E9BADBF80020D2E90023F7F77A
:107E9000D9B950F8240051F82410F9F7F5BBBDE822
:107EA000000FF0BD1322132517F0D3BF1322701D4E
:107EB00017F0CFBF3046E7F76EBA304617F054B927
:107EC000CDE9000159462046E0F798BF039901200B
:107ED00008700198F0F741BC06200621FAF7BCBAF9
:107EE00020462946FCF755BF044690E82600284660
:107EF000FDF7EEB94FF0FF3121607047339A4FF430
:107F000080711060D6F87005D0607047029884F8D0
:107F100010A0C4F804B0C4E9020670472374C4E991
:107F20000156E260A4F81100E1747047D0E988239B
:107F3000CAF85400981A8AF8644070478DF8C0084F
:107F4000DBF828102B46DBF838207047AAF815110B
:107F50009AF8F9108AF81741022970470920C9F8E0
:107F6000000070479DF83800032870471EC0B8F81D
:107F70000010018098F802108170704700F5995444
:107F800009F56C755A46204629467047DDE902011D
:107F900088427047002086F8BA05D6F87005C6F802
:107FA000B40570473246FDF793B9C82217F02EBECC
:107FB0001E4617F04EBF0E46FBF7A4B81146FAF75F
:107FC000FCB9C4E90021B0BD284617F0CDB8404641
:107FD00017F03FBF404617F019BE0120FAF72DBC3D
:107FE000B0FA80F04009704713208DF8C008704740
:107FF0009BF81C00C00770474FF4702200237047A5
:10800000DBF820004068F0F773BBA11C484618223B
:1080100017F01FBFA11C1822484617F01ABFD1E95C
:108020000012201DFBF77BB804F110001146F7F792
:1080300079B9002300920122FCF7C4B859463246B0
:108040004846E7F703B9D0E904124046F0F707BE07
:108050000BF160014846E3F719B9B0220AF11801A3
:1080600017F0F7BE084611465822FAF7A6B9169936
:108070005A462046E0F770BF44982546619CF9F7C0
:108080008DBD406800F5B560FDF72CB9DBF8000048
:108090004068E2F7F3BBDBF800105044EEF7BCB8E1
:1080A000304621464A46FDF74DBA30464146BDE8C6
:1080B0000007F0BDD9F800102046F6F75FBF05466F
:1080C00030468A46F0F740B8064648468846F0F7FC
:1080D00032BD284641461022FDF754BA204641469B
:1080E0002A46E7F7B3B850F8401F426881F0020112
:1080F00011437047BDE8000BF0BD08F10100B0FB73
:10810000F2F101FB12007047D0F88C001268D20522
:1081100070472A9831902998289070471346024654
:10812000084611467047CDE90A0100200C907047BF
:108130009AF89C0200218AF89C12C007704752E806
:10814000043F0B4042E80434002C70479DF868025D
:1081500021F0FF0170479B999DF868420029704704
:108160009B999DF8685200297047894680464FF0D8
:10817000FF3400250026704703F1680483F8C5002A
:10818000586EC5007047CDF8A890A7F164007047FD
:108190008BF82000DBF800007047DDE93489DDE969
:1081A000326A704728700720C8F8000070476E9048
:1081B0009DF804029D9A8DF8BC01704781F44041FE
:1081C00042F8201070473046FBF7F6B8DDF8281467
:1081D000C0F82510BDF82C1470470AF50A590DF5A2
:1081E0008051704701214FF0040BC0078DF89111A9
:1081F0007047DAF85002DAF85312CDF8631270477C
:108200002146FFF73DBABAF86513DAF8610301F5C4
:1082100080317047354615F8770FA5F16B090028B6
:108220007047382217F015BE284617F0EFBC102211
:1082300016F046BF204616F097BF2046FFF7A4B9B8
:1082400096F8089006F10901D6F804A070474FF09F
:10825000FF3000212860287B012870474FF0FF3055
:108260000021206070470446F86801908846B8688D
:1082700000907047D9F8000017990130C9F8000044
:108280007047002018900020199070470020FAF7DE
:10829000D4BA20681299013020600120087070471C
:1082A00096E80E000EC070479DF8C058212D70470B
:1082B0009C9ABDF8689270479DF83857212D7047F9
:1082C000B0F82853022D7047981C00900E78704724
:1082D00002460B46114670470139416000687047FD
:1082E00014460A46014670470446087AC00770479C
:1082F0002DE9F04FADF2CC4D136800AFDB4303F036
:10830000010807F1080A78608B465046114642463C
:1083100001F01AFC6B494FF4806207F1C80017F0B6
:108320001FFD4FF01F0909F101056E0907F1080350
:10833000F21C05F01F0553F82240721DEC4053F863
:108340002220EA406400920002F0040204F00204D9
:108350001443721CB9F11F0F53F8222022FA05F2C0
:1083600002F0010244EA020476D107F5996303EBB7
:108370008414A4F500740FCC07F1680CACE80F006E
:108380000FCCACE80F000FCCACE80F0094E80F0066
:108390008CE80F00DFF830C1BCE80F0007F1A8043B
:1083A0000FC49CE80F0084E80F00B31D5AF8233077
:1083B00023FA05FCB31C0CF0010C5AF82340331DC2
:1083C000EC405AF82330EB4064009B0003F00403B8
:1083D00004F002041C435AF82630EB4003F001037A
:1083E0000CF1FF3C1C4384EA0C0407F5996304F08C
:1083F000070403EB8414A4F580640FCC07F128056F
:108400000FC50FCC0FC50FCC0FC594E80F0085E842
:108410000F0007F148010CF00102084601F096FB3D
:108420000123002207F1280107F1680001F009FA91
:10843000B9F10109BFF477AF786807F168025946CE
:1084400001F00BF942465946584601F07FFB07F20E
:10845000CC47BD46BDE8F08F07F16801084601F042
:1084600024F97B6A23FA05FE0EF0010E0EF1FF3EA1
:1084700084EA0E0407F5996304F0070403EB8414FF
:10848000A4F500740FCC07F1280CACE80F000FCC5A
:10849000ACE80F000FCCACE80F0094E80F008CE8BC
:1084A0000F0007F148010EF00102084601F04EFBF3
:1084B0000123002207F1280107F1680001F0C1F94A
:1084C00073E700BF80590400805D04002DE9F04F80
:1084D000ADF22C4D00AF0E46D7F8501478600C6802
:1084E000E44307F1080904F0010448469246224695
:1084F0001D4601F029FBD9F8003007F1280803F0E8
:108500000F0388F8003040460122D31002F0070123
:1085100059F8233090F800C08900CB4003F00F03D6
:10852000D943090101F01001ACEB010100F8011B76
:10853000013243F00103402A0370E6D107F5947934
:108540005246CC460AF1200E10685168634603C3B8
:10855000083272459C46F7D12B4603F1200C07F5F3
:10856000A475186859682A4603C20833634515463E
:10857000F7D1DFF8F4C0BCE80F0007F5B4750FC5FC
:108580009CE80F0085E80F00494607F5727001F07E
:108590008CF84D464FF0010AAB466035602207F576
:1085A0007271284617F0DCFB00231A46594628460C
:1085B0000AF1010A01F045F9BAF1080FECD198F976
:1085C0003F3023F0010101EB630109EB411160220F
:1085D00007F1680017F0C4FB4FF03E094FF0600A46
:1085E000042507F16801084601F05FF8013DF8D164
:1085F00018F909B04FEADB73C3EB031383F00F01E3
:10860000CBF100021A4001EA0B01114307F5856323
:1086100049080AFB01316022A1F5407107F1C80049
:1086200017F09EFB07F1E80108464FEADB7201F004
:108630008DFA2B462A4607F1C80107F1680001F0C0
:1086400000F9B9F10109CBD2786807F16802314627
:1086500001F003F822463146304601F077FA07F27E
:108660002C47BD46BDE8F08F805D04002DE9F04346
:1086700083B002AF05461846D7F820900E469046C4
:108680001C4600F0A0FC28B9002420460437BD4653
:10869000BDE8F083484600F096FC0028F4D021465F
:1086A000284600F071FC4946304600F06DFC31462A
:1086B000284600F031FF04460028E5D0CDF80080C0
:1086C00033462A4631462846FFF700FFDDE7F0B57E
:1086D000002355088C1800AF02449D4200D1F0BD24
:1086E00011F803C014F8016D02F801CDC65401332E
:1086F000F3E72DE9F041064600AF10460D469046DF
:1087000000F0C6FE044660B1424629463046FFF7F7
:10871000EFFD3146304600F043FC2946284600F084
:108720003FFC2046BDE8F08180B400AFBD465DF857
:10873000047BFFF7DEBFB0B592B002AF00930546F1
:10874000134638460A4607F12001FFF78FFF04461B
:1087500040B13946384600F023FC202239462846ED
:10876000FFF7B5FF20464037BD46B0BDB0B5042386
:1087700000AF0446154600F8013B2022FFF7A7FF93
:108780002022294604F12100BD46BDE8B040FFF794
:108790009EBF2DE9F041202B90B0804600AF0C46E3
:1087A00015461E4601D800202EE02022691CFFF746
:1087B0008EFF00F008FC0028F5D02A78042A02D0A9
:1087C0005308032B24D1412EEDD1202205F12101A4
:1087D0002046FFF77CFF00F0F6FBA8B12B785A0883
:1087E000032A03D122685340DB07DCD441463846D4
:1087F00000F0CAFB214607F1200000F0C5FB07F19D
:108800002001384600F088FE4037BD46BDE8F081C3
:10881000012BC8D1212EC6D102F0010241462046CB
:108820004037BD46BDE8F04100F0C2BE2DE9F04F33
:10883000044615460E46482100F02CF895E8075FDF
:10884000092720CEC0B4002394E8C000E5FB606394
:10885000E5FB6173C0C494E8C000E5FB6263E5FB1F
:108860006873C0C494E8C000E5FB6963E5FB6A7304
:10887000C0C494E8C000E5FB6B63E5FB6C73C0C447
:108880002668E5FB6E3648C4243CC0BC013FD8D105
:10889000BDE8F08F002200230CC00839FCD17047DE
:1088A00000B502EE102A91EC084A3CCA5AEC140AB0
:1088B000A2FB0061A3FB007CE2FB6A7147EC106A3B
:1088C000A4FB0086E3FB6A81A5FB0097E4FB6A91A9
:1088D000E5FB6A1750EC15EAE2FB6E8CE3FB6E9C3D
:1088E000E4FB6E1CE5FB6EC7E2FB6096E3FB6016E3
:1088F000E4FB60C6E5FB606749EC118A5EEC16AAF2
:108900004FF00009E2FB6A19E3FB6AC9E4FB6A69FC
:10891000E5FB6A794FF0000AE2FB6ECAE3FB6E6A80
:10892000E4FB6E7AE5FB6E9A17EE108A4FF0000EAC
:10893000E2FB68E6E3FB6876E4FB6896E5FB68A685
:1089400017EE908A4FF0000BE2FB687BE3FB689B1D
:10895000E4FB68ABE5FB686B12EE102A10323CCAF0
:1089600014EE108A0020E2FB681002EE101AE3FBFE
:1089700068C0E4FB68E0E5FB680714EE908A00211C
:10898000E2FB68C102EE90CAE3FB68E1E4FB680128
:10899000E5FB681715EE108A4FF0000CE2FB68EC5F
:1089A00003EE10EAE3FB680CE4FB681CE5FB68AC33
:1089B00015EE908A4FF0000EE2FB680E03EE900A6F
:1089C000E3FB681EE4FB68AEE5FB686E58EC160A34
:1089D000E2FB601904EE101AE3FB609AE4FB60A668
:1089E000E5FB60B6E2FB6897E3FB68A7E4FB68B7CA
:1089F000E5FB686758EC170AE2FB60ACE3FB60BC80
:108A0000E4FB606CE5FB607CE2FB68BEE3FB68E6D0
:108A1000E4FB6867E5FB687C47EC366A07EE90CAC2
:108A200051EC100A53EC112A55EC124A57EC136A18
:108A300014EE108A4FF0000C1B184C415541464172
:108A40004F4158EB000859EB01095AF1000A5BF15C
:108A5000000B5CF1000CF618674158EB020859EB6B
:108A600003095AEB020A5BEB030B5CF1000C3F1AA3
:108A700078EB010879EB02097AEB030A7BF1000B32
:108A80007CF1000C52EC361A17EE903A1EEB0C00FB
:108A900051F100014FF0000C5CF1000C58EB05089F
:108AA00059EB06095AEB040A5BEB050B604169417F
:108AB00052EB0C0253F100034FF0000C5CF1000C80
:108AC0005AEB070A5BF1000B7041794172417B411F
:108AD0005CF1000CBBEB040BA841B141BA4173F14E
:108AE00000037CF1000CB8F1FF3879F1FF397AF11D
:108AF000FF3A7BF1000B70F1000471F1000572F197
:108B0000010673F1FF376CF1000C18EB0C0059EB08
:108B10000C015AEB0C025BF1000354F1000455F117
:108B2000000556EBDC7657EB0C0700BD00B5A0FB4B
:108B3000009AA0FB01BC1BEB0B0B4FF0000EEEFBF1
:108B40006EAB4AEC109A4FF00008E0FB628C58EBD9
:108B50000808E1FB618BA0FB039AE1FB629C59EBE7
:108B60000909EEFB6E9B49EC118A4FF00009E0FB0E
:108B7000649AE1FB639C59EB0909E2FB629B02EEFC
:108B8000109AA0FB0598E1FB649AE2FB639C59EB09
:108B90000909EEFB6E9B02EE909A4FF00009E1FB93
:108BA0006598E2FB649CE0FB669A59EB0909E3FBDC
:108BB000639B03EE109AA0FB0709E1FB660AE2FB48
:108BC000650CE3FB64084041EEFB6E0BE1FB67982C
:108BD000E2FB669AE3FB65C95CEB0C0CE4FB64BC4E
:108BE000E2FB6798E3FB66A90022E4FB65A25AEB6F
:108BF0000A0AEEFB6ECAE3FB6728E4FB669259EBB8
:108C00000909E5FB65A90023E4FB6738E5FB66324B
:108C10005B41EEFB6E93E5FB678258EB0808E6FBD1
:108C20006638AEFB0E45E6FB67426441EEFB6E48DC
:108C30005241E7FB678252EB0E0248EC364A07EEE0
:108C4000902A52EC101A57EC118A55EC126A13EE66
:108C5000104A4F41564155EB08054C4150415BEBE2
:108C6000010B5CEB020C5AF1000A59F100095EF1AC
:108C7000000EE41970415BEB080B5CEB070C5AEB40
:108C8000080A59EB07095EF1000E401A7BEB020B54
:108C90007CEB080C7AEB070A79F100097EF1000EF3
:108CA00058EC367A17EE902A13EB0E0157F10007B5
:108CB0004FF0000E5EF1000E5BEB050B5CEB040C5D
:108CC0005AEB060A59EB050971416F4158EB0E0842
:108CD00052F100024FF0000E5EF1000E5AEB000A56
:108CE00059F100096141474158EB040842415EF1E6
:108CF000000EB9EB0609A941A74178EB000872F113
:108D000000027EF1000EBBF1FF307CF1FF3C7AF1F6
:108D1000FF3479F1000971F1000677F1000578F16F
:108D2000010A72F1FF387EF10007C0195CEB070100
:108D300054EB070259F1000356F1000455F1000508
:108D40005AEBD77658EB070700BD91E8F807B2E871
:108D500003181B1A8C4175EB0B0576EB0C0692E899
:108D60000318874178EB010879EB0B097AEB0C0AC1
:108D70007BEB0B0B13EB0B0054EB0B0155EB0B02D6
:108D800056F1000357F1000458F1000559EBDB766A
:108D90005AEB0B07704792E8FC03B1E8011C12186C
:108DA00053EB0A0354EB0B0455EB0C0591E8031845
:108DB00046414F4158EB0B0859EB0C095FF0000A94
:108DC0005AEB0A0AB2F1FF3273F1FF3374F1FF3448
:108DD00075F1000576F1000677F1000778F10108DA
:108DE00079F1FF397AF1000A12EB0A0053EB0A011C
:108DF00054EB0A0255F1000356F1000457F1000547
:108E000058EBDA7659EB0A0770472DE90041FFF776
:108E10008DFEDDF80080B8F10108CDF80080F6D1B4
:108E2000BDE800812DE90042FFF7EFFFFFB469467E
:108E3000089AFFF735FD09B000BD2DE9FF414FF05D
:108E40000108E946FFF7EEFFFFB4FFF76FFEFFF7FB
:108E50006DFEFFB4694608AAFFF722FD0DF1200858
:108E600088E8FF004FF004080DF12009FFF7DAFF52
:108E7000FFB44FF00808E946FFF7D4FFFFB44FF006
:108E80001008E946FFF7CEFFFFB44FF020080DF1C0
:108E9000A009FFF7C7FFDDF8C080B8F1000F28D1A7
:108EA0004FF08008E946FFF7BDFF4FF02008E94684
:108EB000FFF7B8FF4FF010080DF12009FFF7B2FFE0
:108EC0004FF008080DF14009FFF7ACFF4FF0040820
:108ED0000DF18009FFF7A6FF4FF004080DF16009BE
:108EE000FFF7A0FF8DE8FF00694628AAFFF7D8FC2E
:108EF00009E04FF060080DF1A009FFF793FF4FF074
:108F00005E08FFF782FF31B000BD001849415241B1
:108F10005B4164416D4176417F414FF0000858EB61
:108F20000808B0F1FF3071F1FF3172F1FF3273F1D7
:108F3000000374F1000475F1000576F1010677F184
:108F4000FF3778F1000810EB080051EB080152EBF5
:108F5000080253F1000354F1000455F1000556EBEB
:108F6000D87657EB080770470300000000000000A8
:108F7000FFFFFFFFFBFFFFFFFEFFFFFFFFFFFFFF06
:108F8000FDFFFFFF040000002DE9F14FAFF22802C2
:108F9000FFF786FC5DF8048B88E8FF00BDE8F08FE2
:108FA0002DE9F14F002200230CB40CB40CB40122C3
:108FB0000CB46A46FFF774FC08B05DF8048B88E8CF
:108FC000FF00BDE8F08F2DE9F04190E8FE015FF071
:108FD000FF30091A8241834174F1000475F10005E4
:108FE00076F1000677F1010778EB00088041C00FA9
:108FF000BDE8F081FE9BDFEE85FD2F01216C1ADFBD
:1090000052051943FFFFFFFFFEFFFFFFFFFFFFFFBA
:10901000000000000100000000B50FF2504A9AE87D
:10902000005CB0EB0A0071EB0B0172EB0C0273EB0E
:109030000E0374F1FF3475F1FF3576F1000677F118
:10904000FF3778F1000869EB09090AEA090A0BEA17
:10905000090B0CEA090C0EEA090E10EB0A0051EBA1
:109060000B0152EB0C0253EB0E0354EB090455EBCE
:10907000090556F1000657EB090758F1000800BD35
:109080002DE9F14F9BB08A4609A81C31AFF29C0232
:10909000FFF7CCFB684612A9F4A2FFF7C7FB9AE8DA
:1090A000FF01BDE8001EB0EB090071EB0A0172EB95
:1090B0000B0273EB0C03BDE8005E74EB090475EB67
:1090C0000A0576EB0B0677EB0C0778EB0E08FFF73B
:1090D000A3FFFFF7A1FF12B05DF8049B89E8FF0032
:1090E000BDE8F08F2DE9F14FFFC94FF00008FFF701
:1090F00093FF5DF8048B88E8FF00BDE8F08F2DE951
:10910000F14F8C4692E8F00FBCE80F00001969415E
:1091100072417B419CE8F00054EB080455EB0905D3
:1091200056EB0A0657EB0B075FF0000858EB0808F0
:10913000FFF772FFFFF770FF5DF8048B88E8FF0010
:10914000BDE8F08F00232DE9F847044691E8EA07CF
:109150002DE9EA07002102B492E8EA072DE9EA07BF
:1091600092B0684612A91BAAFFF760FB2046694629
:10917000FFF786FF24B0BDE8F0872DE9F841012410
:109180000025002601274FF01F0E431E4FEAC27C28
:109190002CEA0303DB174FEAD3785840C01A01FBCF
:1091A00003FC9943E2FB081CE2FB632C04FB03FC79
:1091B0009C43E6FB084CE6FB636C05FB03FC9D430C
:1091C000E7FB085CE7FB637C12F0010C01300CFB51
:1091D00001F3D2185208ECFB0468ECFB0578241963
:1091E0006D19BEF1010ED0D108BCF0C3BDE8F0810D
:1091F0002DE9F04F00EA4004E4176040001B01EA4B
:109200004105ED176940491B40CA576A74407D40CB
:109210006C4020C30EB4B2E8EA0F61406340654081
:109220006640674088EA040889EA04098AEA040A71
:10923000091BA341A541A641A74178EB040879EB9E
:1092400004097AEB040A84EA0B04A0FB011E002245
:10925000A2FB02BCE0FB632EE0FB65BEACFB0C3561
:10926000E0FB663EE0FB675EACFB0C67E0FB686E14
:10927000E0FB697EE0FB6ACE00FB04EE11BC283403
:10928000B4E800034FF0000AE0FB681AE0FB692A2B
:1092900049185241B4E80203E0FB61ABE0FB68B35C
:1092A000E0FB69355AEB0A0A5BEB0B0B5B4194E878
:1092B0001203E0FB6156E0FB6467E0FB687CE0FBC7
:1092C00069CE6D4176417F415CEB0C0C7EEB0E0E5E
:1092D0006FEA0E0E02BCA1E8040CA1E8E850BDE85C
:1092E000F08F00BF2DE9F04F00EA4004E417604022
:1092F000001B01EA4105ED176940491B40CA176A86
:1093000074407D406C4020C30EB492E8EE0361408F
:109310006240634065406640674088EA040889EA25
:109320000409091BA241A341A541A641A74178EB2D
:10933000040879EB0409A4415FEAD47E4FF0000CE5
:10934000DFE94AABEEFB6A1CEEFB6B2CDFE949ABB5
:10935000EEFB6A3CEEFB6B5CEEFB646CEEFB647C4C
:109360004FF0000AEEFB6A8CEEFB649CAAFB0ABE7F
:10937000A0FB01AEABFB0B1CE0FB62BEE0FB631E7F
:10938000ACFB0C23E0FB652EE0FB663EACFB0C4522
:10939000E0FB674EE0FB685EE0FB69CE41BC243633
:1093A000B6E800030027E0FB68A7E0FB69B7B6E872
:1093B0000003E0FB6817E0FB6927B6E80003E0FB69
:1093C0006837E0FB6947B6E80003E0FB6857E0FB5D
:1093D00069C7BE4424480AFB00F00026DFE9238960
:1093E000E0FB68A6E0FB69B6BBEB080BDFE9218A6E
:1093F000E0FB681671EB0901E0FB6A264FF0FF39CC
:10940000E0FB6936E0FB69460027E0FB6756E0FBBE
:1094100069C6E7FB67E672EB080273EB0A0374EBBD
:10942000090475EB09057CEB070C7EEB090EBE41C8
:10943000DFE90E09F60FE6FB607BE6FB691BE6FB46
:10944000682BE6FB6A3B7042E6FB604BE6FB605B29
:109450004FF00008E6FB68BCE6FB60CE40BC80C66F
:10946000A6E83E18BDE8F08F4FBC00EE512563FC26
:10947000C2CAB9F3849E17A7ADFAE6BCFFFFFFFF8F
:10948000FFFFFFFF00000000FFFFFFFF00000000E4
:109490002DE9F04F90E8FE0151EA02001843204305
:1094A00028433043384350EA080013D0AFF2440059
:1094B000B0E8001EB1EB090172EB0A0273EB0B037B
:1094C00074EB0C040FC885418E41974178EB03087B
:1094D0008041C00FBDE8F08FDFBDC42962DF9CD89A
:1094E00090308478CD05F0ACD62E21F7AB20A2E5E4
:1094F000344887041D0630DC030000000000000033
:1095000000000000FDFFFFFFFFFFFFFFFFFFFFFF69
:10951000FCFFFFFF020000002DE9F14FFFC9FFF73C
:1095200005FBFFB40898FFC8FFF700FBFFB46946CE
:10953000AFF23C02FFF709FC8DE8FF0010996A4684
:10954000FFF7AEF98DE8FF0008A96A46FFF7FDFBBB
:10955000AFF27C08B8E8001E90EA090002BF91EA69
:109560000A0192EA0B0293EA0C0398E8001E01BF7D
:1095700094EA090495EA0A0596EA0B0697EA0C07AD
:109580004FF0000008BF012011B0BDE8F08F00BF10
:10959000FFFFFFFFFFFFFFFFFFFFFFFF00000000D7
:1095A000000000000000000001000000FFFFFFFFBE
:1095B0002DE9F54F88B06846FFF7E6FC9DE8FF000F
:1095C000FFF7B4FAFFB46946AFF2D402FFF7BDFB70
:1095D0008DE8FF0008A96A46FFF762F98DE8FF00F1
:1095E0006946AFF20C12FFF7D6FB8DE8FF004FF093
:1095F0000108FFF722FC0DF1200888E8FF00FFF7C3
:1096000095FABDE8000F98EA000802BF99EA01093F
:109610009AEA020A9BEA030BBDE8000F01BF98EA31
:10962000040899EA05099AEA060A9BEA070B18BF9B
:1096300000200FD168466946FFF7B2FC009BDDE9C8
:10964000080103F001024A406946AFF2BC0300F092
:109650005EFA01200AB0BDE8F08F2DE9F74F4032E5
:10966000FFCA4FF00008FFF7E8FBFFB4FFF75EFA10
:10967000FFB408A96A46FFF713F90DF1200888E83E
:10968000FF006946129AFFF70BF9DDF8408088E881
:10969000FF00129A08A92032FFF702F9DDF8448092
:1096A00088E8FF0013B0BDE8F08F2DE9F34F40319B
:1096B000FFC9FFF73BFAFFB40999203101F12002FD
:1096C000FFF7EEF8DDF8208008F1400888E8FF0099
:1096D00009996A46FFF75FFBFFB4119908AAFFF7E3
:1096E00034FB0DF1200888E8FF0008A96A46FFF75F
:1096F000D7F80DF1200888E8FF004FEAC07810EB9A
:10970000E87051EBE87152EBE87253F1000354F149
:10971000000455F1000556EBD87657EBE8775FEA81
:1097200037075FEA36065FEA35055FEA34045FEA29
:1097300033035FEA32025FEA31014FEA30008DE81D
:10974000FF0008A96A46FFF726FB0DF1200888E80C
:10975000FF00FFF7EBF98DE8FF0011982030FFC8FC
:10976000FFF7E4F9DDF8408008F1200888E8FF0001
:10977000FFF7DCF9FFB4DDE9180100F12002FFF783
:109780008FF8DDF8608008F1200888E8FF00FFF717
:10979000BCFBDDF8608088E8FF0008A94246FFF7BF
:1097A000D4FADDF8608088E8FF00424602F120012B
:1097B000FFF7CBFA0DF1200888E8FF0010A908AAEE
:1097C000FFF76EF80DF1400888E8FF0010A96A461F
:1097D000FFF7BBFADDF8608008F1200888E8FF0099
:1097E0001AB0BDE8F08F00B5B1E8E01FA0E8E01FB7
:1097F000B1E8E01F8AB14FF0000E5442651B74EBD4
:10980000060674EB07077EEB08087EEB09097EEB82
:109810000A0A72EB0B0B74EB0C0CA0E8E01F23B9E7
:1098200091E8E01F80E8E01F0AE00024A4FB045A4E
:10983000E643E7434FF0FF386FF0010980E8F8078F
:1098400000BD2DE9FF4F00F1400494E8F00F2C43D8
:1098500034433C4354EA080454EA090454EA0A0431
:1098600054EA0B0404D1FFF7BEFF04B0BDE8F08F4B
:10987000FBB94031FFC9FFF759F9FFB408996A46AF
:10988000FFF70EF8DDF8208088E8FF0009994031E5
:109890006A46FFF705F88DE8FF00089920316A460F
:1098A000FEF7FEFFDDF8208008F1200888E8FF00C1
:1098B00000E088B008994031FFC9FFF737F9FFB4DD
:1098C00011996A46FEF7ECFF0DF1200888E8FF00C9
:1098D000109940316A46FEF7E3FF8DE8FF001199C9
:1098E00020316A46FEF7DCFF8DE8FF00109908AAD8
:1098F000FFF72BFADDF8408088E8FF00FFF716F944
:10990000FFB4189A02F14001FEF7CAFFDDF860804B
:1099100008F1400888E8FF001B9951B919994031B6
:109920004246FEF7BDFFDDF8608008F1400888E898
:10993000FF0018996A46FEF7B3FFDDF8608088E8FB
:10994000FF0001431143194321432943314351EAA5
:10995000070001B41999203109AA1B9B13B1FFF725
:109960001AFA01E0FFF7F1F9DDF8648008F1200848
:1099700088E8FF005DF8048B01431143194321433C
:1099800029433143394351EA08010BD118B09DE80E
:109990000F00FFF728FF0098014604B0FFF785FE8F
:1099A000BDE8F08F10A96A46FEF77AFF0DF1400876
:1099B00088E8FF0018982030FFC8FFF7B7F88DE857
:1099C000FF0008A9189AFEF76BFF0DF1200888E840
:1099D000FF006946189AFFF7B8F9DDF8608088E85B
:1099E000FF0010A8FFC8FFF790FA8DE8FF00189954
:1099F0006A46FFF7AAF9DDF8608088E8FF0010A941
:109A0000189AFFF7A2F98DE8FF00189920316A46ED
:109A1000FEF746FF8DE8FF001A98694608AA10B1C4
:109A2000FFF7B9F901E0FFF790F9DDF8608008F180
:109A3000200888E8FF001CB0BDE8F08F2DE9F34F47
:109A400088B001F14001FFC9FFF770F8FFB4084387
:109A500010431843204328433043384353D01099D0
:109A600008A8FFF791FA08A96A46FEF719FFDDF882
:109A70004480B8E8001E90EA090002BF91EA0A019A
:109A800092EA0B0293EA0C03B8E8001E01BF94EAC5
:109A9000090495EA0A0596EA0B0697EA0C074FF0C7
:109AA000010031D0AFF23C6090E8000F109850B345
:109AB000FFC810EB080051EB090152EB0A0253EB0F
:109AC0000B0354F1FF3455F1FF3556F1000657F101
:109AD000FF3718D2B0F1FF3871F1FF3872F1FF385B
:109AE00073F1000874F1000875F1000876F10108BF
:109AF00077F1FF3807D20DF1200888E8FF00002237
:109B000010924146ACE7002012B0BDE8F08F2DE97D
:109B1000F041C2F101080826FF1BB1E81010B3E8BC
:109B20002040A541A8FB0447E2FB65477EEB0C0EF5
:109B3000A8FB0CC7E2FB6EC7A0E81010A6F1020656
:109B400006B1EAE7BDE8F081024BE0E7AFF2C053AF
:109B5000DDE700BF6C940200054B1B780022013347
:109B600082600260034A4260C371FF230372704740
:109B7000C895002080010800064B074A9B780260C8
:109B80004FF424728280C371082200238271037211
:109B9000704700BFC8950020159303002DE9F341DD
:109BA000C41D002824F00704064614BF20460020E8
:109BB00000F094FF071E04DA6FF00B0002B0BDE85E
:109BC000F081364DE988A8886B7A2A7A0331033010
:109BD00089B280B201F026F90028EDDBA978EB7894
:109BE0003C440334002E194424F0030400FB01F12B
:109BF00014BF2046002001F029F920440EB90028A6
:109C0000DADBEA7A0446B2B1EB7B697C134419448F
:109C1000FF29D1D80330002E20F0030414BF2046C2
:109C20000020AA89C9B201F0C5F90028C4DB0444A8
:109C30000EB9002CC0DB012000F046FFB0B1A97BBB
:109C4000A1B195F82A3033B340234FF48172073421
:109C5000002E24F0070414BF2046002004F084FBEB
:109C60000028A9DB04440EB9002CA5DBAB7AF3B1C4
:109C7000EB7AABB10734002E24F0070414BF204662
:109C80000020A97A0AF008FF002895DB044476B981
:109C9000002C0CDA90E725232822D8E7C89500206D
:109CA000012000F011FF10B1AB7B002BE2D1734B10
:109CB0001B6893B1A97D81B10334002E24F0030405
:109CC00014BF20460020EA7D98470028FFF674AFB5
:109CD000044416B9002CFFF66FAF694B1B688BB1BB
:109CE000297C79B10334002E24F0030414BF2046EC
:109CF000002098470028FFF65FAF044416B9002CF7
:109D0000FFF65AAF5F4B1F68AFB1697C99B12B7DED
:109D100000930334002E24F0030414BF20460020D7
:109D2000EB7CAA7CB8470028FFF646AF044416B97E
:109D3000002CFFF641AF072000F0C6FE98B1A97DC8
:109D400089B10334002E24F0030414BF2046002000
:109D50002A7E01F053FA0028FFF62EAF044416B90C
:109D6000002CFFF629AF95F82300B6FA86F77F0995
:109D7000A0B16B7FA97E033424F00704194444F09A
:109D800004043B462246C9B201F09EFA0028FFF6C1
:109D900013AF044416B9002CFFF60EAF95F824104B
:109DA00000294CD004F10708002E28F0070814BF42
:109DB00040460020EA8C01F0BBF8041EFFF6FCAE22
:109DC0004444002E3ED1002CFFF6F6AEA97F0029B8
:109DD00045D095F82230002B41D02A8C0734002E34
:109DE00002F1240224F0070814BF4046002092B27A
:109DF00001F09EF80028FFF6DFAE404416B90028B7
:109E0000FFF6DAAE2B7FA97E033020F0070040F08A
:109E10000404194495F822003B462246C9B201F0D9
:109E200045FA0028FFF6C8AE044486B9002CFFF6B8
:109E3000C3AEEB6AF3B1C6B1EC620020BEE6002E01
:109E4000C4D08846E98C404611F074FBBEE72A8CEA
:109E5000A97F083292B2404611F072FBE9E7002E6A
:109E6000E7D0002211461046F6E728343FF5A4AEAD
:109E70002046A3E6002EE0D1FAE700BFB4A0002000
:109E8000B8A00020BCA000201FB572B6194B1D6BF6
:109E9000EDB9BFF34F8F1849184BCA6802F4E0625E
:109EA0001343CB60BFF34F8F00BFFDE72346B2FBE8
:109EB000F6F25C1C002AF9D104AEDCB256FA83F348
:109EC00003F80C2C0A2234B901A8A847E1E702469E
:109ED00000230A26EDE7631E04AEDCB256FA83F3D4
:109EE000B0FBF2F602FB1600303003F80C0C3046E3
:109EF000E9E700BFC895002000ED00E00400FA0586
:109F000013B5124C2389ADF80030E388ADF8043066
:109F10006846A388ADF8023007F03AFC18B1FA2180
:109F20009C20FFF7B1FF207D07F04EFC08B1FD211A
:109F3000F6E7E07C07F042FC08B1FE21F0E794F878
:109F400028000FF019FB02B010BD00BFC89500201B
:109F500008B500F0E1FA07F00FFDFFF7D1FF002090
:109F600008BDD4D438B5054600283DD014F074FBA4
:109F700010B94FF0FF3038BD11F008FFB0F5FA7F8F
:109F8000F7D81B4C25631B2500212A4604F10F003E
:109F900084F83410217084F82A10E16214F06CFE09
:109FA0000123A370E370E372A3742376F7230321E4
:109FB00008202384FB2302222172A072A1731F2098
:109FC0004921E3840A23A580E5806272A081E174BF
:109FD000E27584F82830EFF3108472B601F084F94A
:109FE00004B962B60020C6E76FF01500C3E700BFF2
:109FF000C895002038B51446002840F0C480634D51
:10A0000095F83430032B00F0BB80B9B112B96FF072
:10A01000150038BD0139172900F2B580DFE801F0DD
:10A020000C1D20366069873C6C6F814248565B8D01
:10A03000909FA2A596B3B3A81378AB700020FFF74A
:10A04000ADFD0028B7BF0123022385F834306FF03F
:10A050000B00A8BF85F83430DBE71378EB70EDE731
:10A060001379002BD3D05379002BD0D01288FB2A40
:10A07000CDD863881B3B9BB2E02BC8D81A2AC6D91F
:10A0800023686B60424BA2889A80D7E71378EA7BFB
:10A090009342BCD3EB72D1E71378EA7A9342B6D8F5
:10A0A000EB73CBE71378EA7A9342B0D86B74C5E7C9
:10A0B0001378002BABD05378013BDBB2F82BA6D83A
:10A0C00013886B82334B92789A70B7E71078687573
:10A0D0000FF0DAF9B2E71378002B98D02B76ADE7C2
:10A0E000012000F0F1FC237808B1012B8FD9AB736C
:10A0F000A4E71388AB81A1E71378AB759EE707202F
:10A1000000F0E2FC10B92378012B80D9072000F081
:10A11000DBFC18B12378002B3FF479AF2378EB7583
:10A120008CE71378082B3FF672AF2B7486E7138801
:10A13000FF2B3FF66CAFAB7280E713786B767DE751
:10A1400013780E2B3FF663AFAB7677E72368124A9E
:10A15000C5F81E3063685360238913816EE7137856
:10A16000EB766BE713786B7768E713782B7765E707
:10A1700013785A1E092A3FF64AAF85F828305DE762
:10A180004FF0FF3045E76FF02C0042E7C895002004
:10A19000CC950020DA950020E6950020F8B50D4614
:10A1A000064630B329B311F0070422D1124F97F8B5
:10A1B0003430012B02D16FF00B00F8BD032B02D11C
:10A1C0004FF0FF30F9E701F0CDF80028F8D028462D
:10A1D000FFF7E4FC0028EEDB0FF0D4F93046F96A13
:10A1E00007F0B8FBFFF78CFE032387F834302046D6
:10A1F000E3E76FF01500E0E7C895002010B5074CC5
:10A2000094F83430032B03D107F0B6FB09F090F833
:10A2100001F098F8002084F8340010BDC8950020A3
:10A2200008B507F061FBBDE808400249012000F0D5
:10A2300043BC00BF599B020008B507F06DFB054900
:10A24000012000F039FCBDE808400349002000F07F
:10A2500033BC00BF599B0200799B020007F0C2BAD1
:10A2600007F0CEBA07F0CFBA38B505460C4600F075
:10A2700067F930B13E2D04D12046BDE8384000F0EA
:10A28000A3B938BD37B50446204609F089F802283D
:10A2900005460FD004280DD123788A2B0DD0942B9E
:10A2A00021D0204600F038F8A1782078FFF7DCFFB5
:10A2B0000028E9D0284603B030BD05213E20FFF735
:10A2C000D3FF0028EDD1E378227901A943EA0223E4
:10A2D0006846ADF8003007F04BFA0028D4D053217F
:10A2E0000820FFF7D1FD1A213E20FFF7BDFF00280F
:10A2F000D7D16379A27943EA0223ADF804306946E5
:10A30000112301A88DF8063007F064FA0028BBD0AD
:10A310006521E5E708F01FBF10B50378813B0446CF
:10A320001A2B35D8DFE803F0353B474B556D730EDC
:10A330006741818761777B8D9BB5C0CEE0E6ECF20B
:10A3400034DAD400292000F03FF930B13E232370E5
:10A35000222363702923A3701AE00A2000F034F945
:10A360003E23237018B11F2363700A23F3E70123F0
:10A37000A37013236370E37903F00103E371D4F84E
:10A380001A30C4F80E30E38B638294F820302375C2
:10A3900010BD3E230370042343701423DBE73E23E8
:10A3A00003700A2343700323D5E73E2303700D2374
:10A3B00043700523CFE705232370042307E05A20C9
:10A3C00000F0BEF808230028F6D05A2222706370ED
:10A3D000DEE75B2000F0B4F818B15B23237006239E
:10A3E000F5E7302323700323F1E73E2303700B23AB
:10A3F00043700723AFE73E230370062343700C230B
:10A40000A9E71323037083789B000133DFE7572309
:10A4100003700223DBE73E2303700D239BE73E23FB
:10A42000037001234370112395E73E230370062335
:10A43000437012238FE73E230370092343701323D5
:10A4400089E73E230370242000F0BEF818B12423CE
:10A45000A3701423BBE70E23A3701023B7E73E239A
:10A460000370252000F0B0F8227B20B125230B32A9
:10A47000A37062708CE70F23A37002F1080363706E
:10A4800004F10B0104F108000232BDE8104014F0A1
:10A49000B3BB3E230370262000F096F81823002853
:10A4A000D6D02622A27092E73E2303702A2000F025
:10A4B0008BF818B12B2363702A234CE71D2363709C
:10A4C000192348E73E230370072343701A2342E70A
:10A4D000FF2303700D23437080233CE7FF230370A9
:10A4E00029234370812336E73E2303700C234370F6
:10A4F000232330E73E2303700E23437037232AE7DC
:10A500003E2303700A234370352324E73E23037060
:10A51000FE2343702B231EE7074B4FF0FF3141F61C
:10A52000FF72C3E9001205490022C1E900221F2180
:10A53000C3E90212704700BF3821002000960020B6
:10A540003F280CD801380B4BC0F3421200F01F001B
:10A5500053F8223023FA00F000F001007047FF2882
:10A5600006D04038C0F34212034B00F01F00EFE763
:10A570000120704738210020009600200146074B3B
:10A58000006849681A4603C240F48C221A6041F000
:10A59000107242F4FF625A60002070473821002098
:10A5A0000246034B0068516803C30020704700BF98
:10A5B000009600200246034B0068516803C3002048
:10A5C000704700BF402100200138064BC0F3421203
:10A5D00003EB820300F01F009B6823FA00F000F0F9
:10A5E000010070473821002008B510B96FF0150040
:10A5F00008BDFFF78FFE0028F8D00020F8E710B55F
:10A600000C4648B141B1FFF73DFE002820700CBF59
:10A610006FF02200002010BD6FF01500FBE7D4D4CE
:10A62000F0B50C88C37C0288A5B2C4F30E0404F113
:10A6300018060233865B1A44334497B213FA82F346
:10A64000013B4288B3FBF7F313FB07439BB29A42EB
:10A65000044A93BF22EA05032A4013439BB20B80AE
:10A66000F0BD00BF0080FFFFF8B5941C0C446343AD
:10A67000B3F5004FA8BF4FF0FF330E4610F00301B3
:10A68000054617469CB203D0B0211420FFF7FCFB0F
:10A69000B4F5004F01D9B121F7E71422043014F0CA
:10A6A000EBFAEF746C802E80F8BD38B50388C4884F
:10A6B00005898B42C4F30E0203D2D1211420FFF787
:10A6C000E3FB84EA0503C3F30E030BB9AC4206D1E6
:10A6D00002F118030122C1528274184438BD184691
:10A6E000FCE7023101444A43B2F5004FA8BF4FF0E6
:10A6F000FF3290B21B3020F00300B0F5004F34BFA2
:10A7000000B24FF0FF30704740881B3020F003004C
:10A71000B0F5004F34BF00B24FF0FF3080B2704749
:10A7200038B503888B4203D2F7211420FFF7ACFB26
:10A73000857C65B1C388C3F30E031833C25A8A42BD
:10A7400007D3C152811DFFF76BFF00238374284696
:10A7500038BD0025FBE70346F0B59E88DD88B4B21E
:10A76000A54200F11800C6F30E0616D05F89DD7C05
:10A77000845B3D4402353544E41B28440D88A4B273
:10A78000A54288BF0C805989B1FA81F14FEA511175
:10A7900088BF25461170DD81F0BD00252846FAE707
:10A7A000F8B58288C389002604460D4692B20E6031
:10A7B000CBB1C2F30E024189183287180B44825A7A
:10A7C0009BB29342438104D94FF4A2711420FFF746
:10A7D0005BFB04D1011DFFF723FF46812F6000239F
:10A7E000E3810120F8BD1846FCE7838802899BB20B
:10A7F0009A42014602D00831FFF712BF70478388A2
:10A80000C0889BB2C31A584258417047828873B5BA
:10A81000C48895B2AC42C2F30E0202F1180212D003
:10A820004189C689835A314499420EDB0DF10601F4
:10A83000ADF80650FFF7F4FEBDF80600001B18BF88
:10A84000012002B070BD0020FBE70120F9E770B5E0
:10A85000C488068984EA0602C2F30E020346C4F3E2
:10A860000E0518300AB9B4420FD19C891A880CB170
:10A87000465B921B914207DCDA7C2C440232224474
:10A8800010440A461A8270BD00221046FAE7F8B555
:10A89000038A002B38D08B4236D3C488858900F1D7
:10A8A0001803C4F30E041E1995B91D5575708589DA
:10A8B0001E5B0D44ADB2314485811953D2B1811D67
:10A8C000FFF7AEFE00238381002303820120F8BD41
:10A8D0001E5BAE4204D04FF4F6711420FFF7D4FA99
:10A8E000C57C878A2644023535445E195F53857DD1
:10A8F000B570DCE7C27C254402322A4499189B5A81
:10A9000083828B788375DFE70020E0E78388C28845
:10A910009BB29A4206D0428922B9C3F30E03183380
:10A920001844704700207047C37C0233C818704732
:10A93000C37C0233C81A70470230704738B5838829
:10A94000C2889BB29A4207D045892DB9011DFFF7F5
:10A9500067FEC581012038BD0020FCE70388138015
:10A96000C388C3F30E03183303440B608089704718
:10A970004A1E062A08B50346084604D84FF4D1718A
:10A980001520FFF781FA094A914202D940F2A3113A
:10A99000F6E711B903B1196008BD2BB11B6800229D
:10A9A000C3E901211A1D1A600430F5E7FAFFFF7FA1
:10A9B0000368002223B9C0E90132031D0360704718
:10A9C00059681B680A44F5E7072970B5034604D89F
:10A9D0004FF4EC711520FFF757FA0068C0B14468D6
:10A9E0001A688C42064610D0106860B901F108055B
:10A9F000AC420DD3546850501868651A541800685A
:10AA00006560505002E01346E9E714681C60304668
:10AA100070BD0023C1E9003203680B60016070471C
:10AA200030B590B18478B1FBF4F304FB131300EB61
:10AA3000430252898A4201D1D8B230BDC27822B9CC
:10AA400000F10803D0B2844201D8FF20F5E733F8C3
:10AA5000025F8D4202F10102F4D1EEE782780388B1
:10AA600005324B4303EB42031844704710B5114BBA
:10AA700000EB41041A786389B3FBF2F303FB022372
:10AA8000013A1A44B2F5706F0279807828BF00232A
:10AA90001A440B18B2FBF0F100FB11215B1AB3FB57
:10AAA000F0F100FB113313446FEA43436FEA534361
:10AAB000638110BD08960020024B03EB80035960B0
:10AAC000704700BF08960020034B03EB80035868D3
:10AAD000003818BF01207047089600202DE9F04F7C
:10AAE00010F0070A85B0054604D040F26F11172018
:10AAF000FFF7CAF9544F07F14C06B1460446B04679
:10AB00004FF0010B57F8043B8DF80BA03BB101A8A7
:10AB100098479DF80A30082B01D9F521E7E79DF801
:10AB20000B1041BB05B131604F4506F10406E9D178
:10AB3000002D70D0DFF81491002289F8002096468D
:10AB4000122758F827A0013FBAF1000F56D09AF803
:10AB500004609AF802C0FF2E61D039460023481CD9
:10AB600039D19C44BCF1FF0F40D90AB189F800E00B
:10AB70004FF49A71BBE79DF80AC06046022838BFBF
:10AB800002204B1D5A0004EB4303441E2344BDF82E
:10AB900008406444013CCCF1000C04EA0C0440423F
:10ABA000B4F5803F03EA000302D340F205119EE7AB
:10ABB00075B19A1A32609170148082F803B09DF8D2
:10ABC0000C001071019810814FEA104CA2F806C0D9
:10ABD00004FB0134A8E758F8210028B190F804B02C
:10ABE000B34504BF80781B180139B8E7DBB2E645EE
:10ABF0008AF804303CBF5FFA8CFE01227B1CA0D196
:10AC00000AB189F800E0122640F6FF6A58F826706B
:10AC1000B7B9013EFAD2601B05B0BDE8F08F002342
:10AC2000E5E707EB41033846A3F80AA0FFF71EFF4C
:10AC300009F10109BB785FFA89F18B42F1D8E8E7A5
:10AC40004FF00009F6E700BF0C96002008960020A0
:10AC500038B54FF6FF730380184B03EB81030246B0
:10AC6000186DA8B184780379B3FBF4F104FB1133B8
:10AC7000DBB2194600EB4105B5F90A50002D0EDB99
:10AC80000131B1FBF4F504FB1511C9B28B42F1D1CE
:10AC9000002038BD6381BDE83840FFF7DFBE00EB20
:10ACA00041046389C3F30E031380C278002AF1D1F3
:10ACB0004FF4E5711720FFF7E7F800BF0896002072
:10ACC0001C4B03EB810370B51C6D054644B30304B4
:10ACD00004D54FF4EC711720FFF7D6F80146204653
:10ACE000FFF79EFEFF28014604D02046BDE87040D5
:10ACF000FFF7B4BEA078B5FBF0F300FB1353DBB253
:10AD000019460A1D04EB4206B6F90260002E09DB63
:10AD10000131B1FBF0F200FB1211C9B28B42F0D14C
:10AD2000002070BD8B4201D00023E37004EB42028F
:10AD30005580DAE708960020094B03EB810310B534
:10AD40001C6D01462046FFF76BFEFF28014604D02C
:10AD50002046BDE81040FFF781BE002010BD00BFB7
:10AD600008960020F8B5104B03EB810307461C6DD5
:10AD700001462046FFF754FEFF28054611D0E28821
:10AD8000238953EA024606D001462046FFF766FEB5
:10AD900001463846B04720462946FFF767FE0020A7
:10ADA000F8BD0520FCE700BF0896002038B50E4B23
:10ADB000827903EB82030446186D08B9052038BD7B
:10ADC0008278E1799142F9D24B1CE37100EB4103A7
:10ADD0005D89B3F90A30002BF3DBA580FFF73EFE57
:10ADE00020600020EBE700BF0896002037B5002464
:10ADF000CDE9004405468DF806006846ADF80440EC
:10AE0000FFF7D4FFBDF8044008B103B030BD2946B8
:10AE10002046FFF7A7FF0028EFD040F2352117208A
:10AE2000FFF732F870B50D4609211E46FFF759FCB1
:10AE30003246044609212846FFF753FC40EA040342
:10AE40001B0454BF00194FF0FF3070BD70B50446AD
:10AE500010F003000E4603D04E211820FFF714F81F
:10AE6000FFF786FD054624B1034831460460FFF72D
:10AE70007FFD284670BD00BFA49600202DE9F14F4C
:10AE8000DFF870B09DF828A09DF82C901E46DBF8E6
:10AE9000003007460D4690461BB960211820FEF78A
:10AEA000F3FF524609214046FFF71BFC4A4684B295
:10AEB00009213046FFF715FC14FA80F1DBF8000099
:10AEC000FFF782FD386018B9286001B0BDE8F08F47
:10AED00004442C603868534641460922FFF7C4FBFE
:10AEE00028684B460922314601B0BDE8F04FFFF714
:10AEF000BBBB00BFA496002070B50E460446FFF70A
:10AF000003FC05463046FFF7FFFB044B2A18214699
:10AF10001868BDE87040FFF77CBD00BFA496002014
:10AF2000024B186808B1FFF743BD7047A496002094
:10AF3000D31D23F0070370B5083390B110F0070458
:10AF400003D058212220FEF79FFF0460C280818039
:10AF500000F108040A464FF6FF75013A92B2AA4280
:10AF600003D103FB01F0083070BD06682660046061
:10AF70001C44F2E718B1C2888188FFF7D9BF704737
:10AF80000346EFF3108272B6006830B101681960B1
:10AF90000023037043708370C37002B962B67047B8
:10AFA000EFF3108372B602680A60016003B962B6FB
:10AFB0007047D4D41F2AF8B5044613460ED8920021
:10AFC000033222F00303B3F5803F2DD2184DACB10C
:10AFD000A00710D068210920FEF756FFFF2B4FEA8B
:10AFE000420204D9FF339A42A8BF1A46E8E77C2AF6
:10AFF000B8BF7C22E4E729706C602B8122F0030249
:10B000002823120403FB01F001276B68120C0025B2
:10B01000EEB2B14200D8F8BD14B126181F705E60C0
:10B02000104401352833F3E74FF0FF30F3E700BF5A
:10B03000A896002070B5154A157853680021C8B24B
:10B04000854203D8BA210920FEF71EFF1C46184688
:10B0500014F8286B01310EB92346F0E700219970EE
:10B06000128999610124D96159685C70920803F1D1
:10B070001E0403F1260524F8022FA54243F8041FFD
:10B080001144F8D100234361037070BDA8960020DD
:10B090004B782DE9F04106460C4602F0040702F019
:10B0A000FB05E3B1A5BBFF23A3707B0804EB5707A7
:10B0B0003A7D032A02D1022D18BF0133E218012183
:10B0C000117503F10C0104EB8303002224F8112015
:10B0D0005B68A2703360B2803046BDE8F081002D1D
:10B0E000E1D101234B701D4B8D611B89CD6101F1B5
:10B0F0001E0249689B08204604F1260C22F8023FF4
:10B10000944540F8041F1944F8D100236361CAE74D
:10B11000D1F80480142200216170A01813F0ACFD56
:10B120000E4B1B89B3F5FF7F0FD25A089B1A9BB2B7
:10B1300008EB0301C4F804802384A1606284C4F88E
:10B140000C80A3842161E284ADE7B3F5EE6F4FF08C
:10B15000FF02EBD940F27263EAE700BFA896002035
:10B1600081F00101490010B5C9B2FF238370431873
:10B170001C7D012C07D10C3120F8112002221A75F8
:10B180000023837010BD0131CBB250FA81F10C7DE8
:10B19000012C05D10C3320F8132002230B75EFE7A7
:10B1A0004FF499710920FEF76FFE838B23B9C08B92
:10B1B000003818BF0120704701207047027D022A25
:10B1C00001D1008B7047437D022B01D1408B70472A
:10B1D000032AF6D0032BF9D000207047827D022A83
:10B1E00001D1808B7047C37D022B01D1C08B70478A
:10B1F000032AF6D0032BF9D0002070472DE9F8433D
:10B2000005460C46F72005219146FFF76AFA061E0F
:10B2100021DB1DB914FB06F0BDE8F88315F0030728
:10B2200003D098211920FEF72FFEDFF83080C8F8F0
:10B230001050A8F81460BBB29C42EBD9B8F8145077
:10B24000D8F810004B4607FB05000522F721FFF751
:10B250000BFA0137EFE74FF0FF30DDE7BC96002037
:10B260002DE9F041064606989DF81C709846430764
:10B270000D46114602D010F0030003D025214C20CA
:10B28000FEF702FE4FF48B72FFF752FE002F06AB63
:10B29000044600FB08F10CBF18460020FFF768FBCE
:10B2A00017B9069B33602C60BDE8F08107B5CDE986
:10B2B00000230B4603490246081DFFF7D1FF03B0E8
:10B2C0005DF804FBD496002013B5064CCDE90023AD
:10B2D0000B46024604F1080104F10C00FFF7C0FF21
:10B2E00002B010BDD4960020134B012200214FF074
:10B2F000FF309A60C3F80012C3F80803C3F80015C2
:10B30000C3F804259A60C3F80803C3F80015C3F80E
:10B3100004250A490A4A03F580334FF40040C3F874
:10B320000825C1F88000BFF34F8FBFF36F8FC1F8BE
:10B330008001C3F80825704700F0004000E100E0FC
:10B340000000F63FFFF7D0BF024B02681A600020F2
:10B35000704700BFE4960020014B1B68184700BFF0
:10B36000E4960020024B1868003818BF012070478F
:10B37000E49600208C469B2300B50CF8033B054B5C
:10B380008E4607CBCEF80300CCF80410CCF808208A
:10B390005DF804FBF496002070B51B4E736A93F8B9
:10B3A000A84005460CB101280DD0012912D8F36A36
:10B3B0002846984770B196F8300058B964B9012D05
:10B3C0001FD0204670BD338D1A07EED596F82A306F
:10B3D000002BEAD0012070BD002DF3D1308D830702
:10B3E0000AD40028F6D196F83130002BEAD196F82D
:10B3F000320080F0010070BD96F82A0080F0010054
:10B4000070BD308DEDE700BFE896002010B5154CFB
:10B410000FF05EFA0FF0B0FDA36BA08E00219847ED
:10B42000237E93B9A18E606A09F0BCFD636AB3F80C
:10B43000AA0009F0DBFA236C94F8301094F83C0071
:10B440009847002384F8443010BD94E8070004F1C5
:10B450000C0383E80700044904F1190008F0CAF856
:10B46000E0E700BFE896002075B30200034B93F8B5
:10B47000443003B97047FFF7C9BF00BFE89600200A
:10B4800008B5094B93F84420022A07D1DA7A42F032
:10B490000102DA72BDE80840FFF7B8BF40F2573149
:10B4A0002720FEF7F1FC00BFE896002010B41E49EB
:10B4B00042788C6C2378D20002F0080203F0F30388
:10B4C00013438278920002F004021343C2781201FF
:10B4D00002F0100203F0EC031343027802F00302BF
:10B4E00013432370B1F8543063700223A1F84C3039
:10B4F0008C6C00792378420123F0200302F02002B3
:10B500001343012823700CD14B6A93F8BA2093F8A7
:10B51000BB30032A08BF002203F01F0343EA821353
:10B52000A3705DF8044B7047E8960020F0B5194C05
:10B53000A56D83B04DB3636E3BB3B4F868306B70E8
:10B540002B782F4601F0030123F003030B4307F888
:10B55000033B0646B4F86820616E384613F00EFCD3
:10B560000DF1020201A9E06EE5656766FFF7F6F9E5
:10B570000198FFF7E1F90346B4F86810E06E336014
:10B580000122FFF784F903B0F0BD40F6C401272083
:10B59000FEF77AFCE8960020F8B5254C656A276F1F
:10B5A0002A7D95F82111E7654FF48173A4F8603086
:10B5B00094F87430064603EB820308B9FF2B17D0CA
:10B5C00018460EF0C5FB2B7D5BB3A06F0EF07CFF21
:10B5D000A16FE06D0FF09CFCAEB1B5F8E0000EF08D
:10B5E0006FFB00200FF022F9022384F84430F8BDED
:10B5F00095F820018842E3D1002AE6D138460EF0C2
:10B6000063FF0FF0B9FC95F82131B5F8E420033B56
:10B61000012B8CBF00202820104480B20EF0F8FFD0
:10B62000DBE7E06D0EF050FF0FF0A6FCD4E700BFA3
:10B63000E89600202DE9F04FC44C666A87B096F872
:10B64000201138B9327D94F8743003EB8203FF2B5C
:10B6500000F0F180FF200EF07BFB676A002304936B
:10B660008DF814308DF80930ADF80A303B7A062B8E
:10B6700000F21B81DFE813F07B00E600610061004F
:10B680001901070007000DF10A0103A806F09EFC4E
:10B69000002800F0F680039D002D00F0F2800122CA
:10B6A000062384F87D20BDF80A203B72002A5CD076
:10B6B000E91CA4F854202165B7F80920A564022BE1
:10B6C000ADF811206AD0053B012B66D80B78032218
:10B6D000022B8DF8102000F0A180D4F88000FFF735
:10B6E00095F80546002840F0C780236D1B781B2B7A
:10B6F00000F0EB8000238DF81430F37C84F8315097
:10B7000004A823B1B4F85430002B40F08A80FFF72E
:10B71000CDFEA06C0EF0D8FE0FF02EFCB6F8E200C5
:10B720000EF0CEFA01200FF081F8012384F8873063
:10B7300084F8443007B0BDE8F08FB7F81031D4F882
:10B740008000ADF80A300DF109020DF10A01FFF792
:10B7500002F80546002800F00781BDF80A20012301
:10B7600084F87D303B7A002AA2D11146A1E794F8F3
:10B770007C30A7F810310DF10A0103A8ADF80A30AA
:10B7800006F024FCE8B1039DDDB10122052384F815
:10B790007D203B72BDF80A2088E701238DF8103028
:10B7A000D4F88000FFF732F80546074600285ED13E
:10B7B00006F026FC80F00105EDB28DF813503B46F3
:10B7C00099E7636A93F85180B8F1000F5ED1D4F81D
:10B7D00080000DF10A010DF10902FEF7BCFF0546DC
:10B7E000002853D09DF809A0BAF1000F74D1BDF81C
:10B7F0000A30002B5ED101233B7284F87D30002398
:10B80000A4F854302365B7F80930A564ADF81130B9
:10B8100001238DF81030B8F1000FC1D000252B4660
:10B8200069E7FFF743FEA06F0EF04EFEA16CA06F1C
:10B830000FF032FB72E796F821318B427FF40AAFAA
:10B8400037460BE7424BA3640023A4F8543023652A
:10B85000B7F80920D4F88000ADF8112001238DF845
:10B860001030FEF7D3FF054607460028A0D001237D
:10B870008DF8133000233EE701238DF81330236D3C
:10B8800034E740F2D2512720FEF7FEFA4FF00008CD
:10B89000002301223A722E4AA4F854302365ADF8F1
:10B8A0000A30A264B7F80930B0E740F2DC51272033
:10B8B000FEF7EAFA00232B80AB700122032384F801
:10B8C0007D203B72BDF80A20F0E607F1BA000121A5
:10B8D0000EF084FA01230EE72946D4F88000FFF722
:10B8E00027F8FFF729F80368D0F804B053EA0B02F1
:10B8F00081462FD1BDF80A20002389F8003089F84D
:10B90000013089F8023089F8033089F8043089F869
:10B91000053089F8063089F80730002A3FF46BAF0C
:10B920009DF809100029C5D0297801F003010129EB
:10B9300006D0BB75012102233B7284F87D10B7E667
:10B94000032384F87D103B72B2E600BFE896002026
:10B950006C970020019310F0F7FB019B83427BEB77
:10B960000101C7D2D04693E740F2C3512720FEF72A
:10B970008BFA00BF2DE9F04FA94C656A94F844207A
:10B980008BB005F1A8030693022A4FF00003CDE91E
:10B99000083340F06D82E36D032293F800908846EF
:10B9A0005978A4F868101344636609EA020306464E
:10B9B000A4F8602007934FEA291AC9F3001B002856
:10B9C00000F0B180002940F0C5816B7AA28EA1659C
:10B9D0000133DBB283EA990142F4007211F00107EE
:10B9E000A28640F0D5802A7AA2B1032A6B7200F2B7
:10B9F000FF81012A0ED0D4F8800008A9FEF7D0FEFE
:10BA0000002800F03F822B6F01332B676B6F43F1EF
:10BA100000036B67636A0021297293F8A8304BB169
:10BA20006B793BB1238D697143F01003238510209E
:10BA3000A36B9847A38E43F40063A3862B7D002756
:10BA4000C9F3C009002B40F0AA80AB7A03F00102D1
:10BA5000914500F0E980A36D002B00F09C810AF075
:10BA6000010A84F832A0B8F1000F40F0C4804FF012
:10BA7000000994F88A100120FFF78EFC8246804668
:10BA8000002800F04E810EF023FFD146A38E5A0607
:10BA900007D4A36B002140209847A38E43F04003B6
:10BAA000A38687B1EB884BB9636A93F8A8302BB1B2
:10BAB000B4F80530B4F80720134304D0B4F80930C3
:10BAC0000133A4F80930002E5CD0B4F80530002210
:10BAD0000133A4F8053084F88A20524808F074FF36
:10BAE000089830B1FEF728FF00220272069907F08D
:10BAF00063FD099B33B100221A720C220998069942
:10BB000007F01EFDB9F1000F70D1A38E1B0607D4FC
:10BB1000A36B494680209847A38E43F08003A386F9
:10BB20000BB0BDE8F08F2B7D002B40F0108194F816
:10BB30008A30013384F88A30A38E43F48063A3866D
:10BB400095F82131033B012B04D907F01BFF074671
:10BB500000285AD00EF0CAF80328A76D00F0FF8025
:10BB6000002F00F086800AF0010A84F832A0B8F1B4
:10BB7000000F51D00EF0ACFEA78E17F040074FF02B
:10BB8000010986D0B4F807300133A4F80730A4E7E0
:10BB90002B7D3746C9F3C009002B3FF456AFB4F8EC
:10BBA00068308BB9AB7A03F0010291457FF453AF53
:10BBB0000133AB72079B032B00F02A81A26D002A90
:10BBC0007FF44DAF914657E00FF0F2F90328FBD018
:10BBD00002280BD000287FF438AFAB7A03F00103C2
:10BBE00099457FF438AF012384F83C30FFF70EFC11
:10BBF0000BB0BDE8F08F0EF06BFEA38E5A0636D563
:10BC0000002F00F01A81B1464CE7A36D002BAAD19A
:10BC1000B4F8682081462FE04FF000094F4628E72E
:10BC2000E89600200C970020B4F86820002ABFD0C6
:10BC30000798411E012938D901330328AB7200F05F
:10BC4000E780AB6F0133AB67EB6F43F10003EB674A
:10BC5000A36D002B7FF403AF99460DE00EF038FE84
:10BC6000079909A8FFF762FCA38E5B06C8D4B1460A
:10BC70000FE7B4F86820B946002A14BF4FF0000B54
:10BC80000BF0010B84F832B0B8F1000F40F00981DD
:10BC900094F88A100120FFF77FFB8046002840D0EF
:10BCA0000EF016FE4FF00109F0E6A38E95F8149001
:10BCB00043F48053A3860EF019F8032894F88830D3
:10BCC00007D1B9F1000F0CBF1F221B22934228BFDE
:10BCD0001346B4F86820A16D9A4200F2B0800029A2
:10BCE00000F0B88094F88930002B4CD1AB6F013351
:10BCF000AB67AB7A03F10103AB72EB6F0AF0010A99
:10BD000043F1000384F832A0EB67B8F1000FA5D12E
:10BD100094F88A100120FFF73FFB814600289DD14F
:10BD2000B046EB7C002B3AD1002095F82021B5F8E5
:10BD3000E0100EF019FA0020FFF77CFCB8F1000FBC
:10BD40003FF4A4AE079909A8FFF7F0FB9EE60FF0B9
:10BD50006FF9ECE6E06EFEF77AFD014635E6B4F8E1
:10BD600068201B2A94BF4FF000094FF00109002FF3
:10BD700082D00AF0010A84F832A0B8F1000F7FF4F3
:10BD8000F9AE474675E6A36B002120209847A36DC6
:10BD9000002B7FF464AEB4F8682099466CE7636AC0
:10BDA00095F82A0193F8A82095F82031013BDBB2E1
:10BDB000B2FA82F28000032BD5E91CAB4FEA521293
:10BDC000C0B205F1800105F1900C60D8CDE9002CDE
:10BDD0004FF0010E4FF0000CCDE904CE4FF0FB0CFC
:10BDE000039352465B46CDF808C00EF0A5FF9BE7D3
:10BDF000053A012A41D806F0F7F800284CD0238DE7
:10BE000043F0080323853946A36B08209847FAE5D9
:10BE1000A38E264943F48053A386238D012043F04B
:10BE2000010323852871A36B9847AB6F0133AB6780
:10BE3000EB6F43F10003EB670DE6B14645E694F87E
:10BE4000303043F0100384F8303000297FF407AE1F
:10BE5000894611E7002A14BF4FF0000B0BF0010BCD
:10BE600084F832B0C146B8F1000F7FF419AF0FE784
:10BE700040F6AD112720FEF707F840F2B3712720F6
:10BE8000FEF702F840F2D4712720FDF7FDFF40F2E3
:10BE900025410620FDF7F8FF40F2DE712720FDF76F
:10BEA000F3FF0EF015FDC146F0E500BF4C970020F2
:10BEB0002DE9F0413E4C94F84430012B86B06CD112
:10BEC000666A5FFA83F8337905460F4673B1238DAE
:10BED000002143F0040323853171A36B04209847AC
:10BEE000636A93F8A8300BB186F80580337A052B86
:10BEF00006D005B9DFB906B0BDE8F041FFF786BA54
:10BF0000238D2C4943F0020323850220A36B98471D
:10BF1000636A93F8A830002BEBD0236D1B78A3F154
:10BF20000203B3FA83F35B0984F82A30E1E7294678
:10BF30002846FFF731FA0028DDD1337D676A63B9FF
:10BF400097F82121B7F8E21001200EF00DF900203A
:10BF500006B0BDE8F041FFF71FBB97F8213197F815
:10BF6000A82094F874C0013B003ADBB218BF01224C
:10BF7000032BD6E91E0106F1800406F1900611D8C4
:10BF8000009202460120CDE90335CDE9016C0B4654
:10BF9000059021460EF0D0FED2E740F60C11272086
:10BFA000FDF772FF40F225410620FDF76DFF00BF4F
:10BFB000E89600203897002010B50C4C0C4A94F8F5
:10BFC00044300C49116023B14FF4B1712720FDF7C3
:10BFD0005BFF03F0FF02227608F0DCFF05F0E4FCD3
:10BFE000206705F0E5FCA06710BD00BFE8960020C3
:10BFF000C0A0002014C3020010B5074A92F84430D4
:10C0000013B10C24204610BD03F0FF04147608F091
:10C01000C1FF204610BD00BFE89600202DE9F04387
:10C02000A54C87B094F844609DF838C0002E40F0CD
:10C030003981002900F03681002A00F03381002B7D
:10C0400000F03081054606F0FF002364A163E26240
:10C0500084F889C084F8300084F88A0084F83C00B1
:10C0600084F887002085A08684F8310084F83200A7
:10C0700084F87D0084F82A00A0642065A4F85400A8
:10C08000E0656066A4F8680065620DF00BFF0EF0D5
:10C0900073FF95F928010DF057FFD5F8D460D5F856
:10C0A000CC000DF057FF30460EF0F2F995F8250060
:10C0B0000DF05AFFB5F8E030672B40F28980B5F8F3
:10C0C000E230672B40F28480636A93F8A860002E08
:10C0D00000F0868093F80733002B40F0A08008F032
:10C0E00093FE95F8212100F1890101200EF028F836
:10C0F000724B18680EF0D2F9AB7BD5E93012243BB5
:10C10000072BC4F88010E26640F28C80EB7B243B66
:10C11000072B40F28780B5F8F230B5F8F80095F8B3
:10C120002011984228BF1846042908BF032106F0B1
:10C13000FCFB024695F8F40095F8F030904228BFD9
:10C14000104680B2984268D295F8211184F87C306C
:10C1500005F1E80007F0CFFA95F821112F7DB5F829
:10C16000FC60032908BF042106F0DFFB002F51D03B
:10C17000864228BF0646F6B284F8886007F002FCC3
:10C18000002851D1636A84F8746093F8A830002BBA
:10C190003AD02B7D002B4ED10120FFF7FDF9636AC9
:10C1A000D3F8E8010EF0FCF90023C4E90033A360E2
:10C1B000D5F82431E888B5F8AA1095F825206080D4
:10C1C000218022710BB101221A6007B0BDE8F08313
:10C1D0000DF07CFD636A93F8A860002E7FF47AAFBF
:10C1E00008F012FE95F82021354B33F81230014645
:10C1F0003046344E03F5FA73A6FB036301EB93114B
:10C2000066310DF09DFF73E7EA7C72BB0120FFF7FA
:10C2100011FAC9E7043080B2AAE7C3B294E70DF07F
:10C2200023FE5CE71B238FE707F0B2FBB04238BF69
:10C230003046C6B2A6E795F82131013BDBB2032BAD
:10C24000D5E91E0105F1800705F190022FD8CDE94F
:10C25000026301920026024601200B4605903946F2
:10C26000009004960EF068FD96E795F8206195F829
:10C270002A01013EF6B28000032ED5E91C89C0B226
:10C2800005F1800105F1900211D8CDE90363012683
:10C2900005960096FB2601924B46424602960EF00A
:10C2A0004BFDB3E74FF420712720FDF7EDFD40F281
:10C2B00025410620FDF7E8FDE8960020C0A00020FB
:10C2C000FC5F0400D34D6210FFF7A0B8014B93F858
:10C2D00087007047E8960020064A938E13F4C06FDB
:10C2E00003F4805103D092F87D0000B17047080B31
:10C2F000704700BFE8960020024B93F83500C0F36A
:10C30000C0007047E8960020014B93F88A00704700
:10C31000E896002081B4020075B90200B1BE0200A7
:10C320006DB402000B46812203F8032BB0F809C05C
:10C33000C27AA1F803C09A70704700BF08B540F2F6
:10C34000BD213220FDF7A0FD90F8DE2012B902F0E9
:10C35000FF00704710B5363882B00C4602F010FF6F
:10C360008F230420237002B010BD00BF70B50028D9
:10C3700057D0437A0D460446BBB340890021FEF7EF
:10C38000DBFC002852D0B0F8AA000021FEF7EAFC3E
:10C39000002850D194F8546094F8A6302BB194F84A
:10C3A000A7301E43002384F8A630204602F0E8FEA2
:10C3B000B3072CD12B46882203F8032B04F1090282
:10C3C0002934166850689168D2F80CC0C3F80CC0C4
:10C3D0001032A2421E605860996003F11003F0D140
:10C3E000117819700022AA7170BD036DD0F80E206B
:10C3F000C3F8AD20428AA3F8B120437B026D03F05D
:10C40000FD03003B18BF012382F8AC30C2E726F0E1
:10C410000406002284F854601146204603F020F9F7
:10C42000C8E740F206313220FDF72EFD40F212310E
:10C430003220FDF729FD40F215313220FDF724FDB1
:10C44000044B1B680022A3F8792183F87B2183F831
:10C45000702070477497002008B50DF01BF8034B4F
:10C4600018700DF0C3FE032008BD00BF4821002056
:10C4700038B5114C20686C3001F0E8FF656801F0B8
:10C4800095FF63682860186858B101F0BDFF68B176
:10C490000EF01AF800200EF0BBF8636804221A713F
:10C4A00038BD40F2F5413220FDF7EEFC40F2F74195
:10C4B0003220FDF7E9FC00BF74970020F0B54B4C2B
:10C4C0002568002383B06B722B6DB3F8AA206A81B4
:10C4D00006460F46D3F8C80093F8291106F083FAF0
:10C4E000236828841A6DD2F8D020C3F822204FF494
:10C4F0007F42DA844FF6FF721A85002E49D001215F
:10C50000384606F0DFFC3A78D209236893F84810E1
:10C5100009B1002A47D1002159611983207B0828DD
:10C5200051D003F10E0203F10D0106F02DF80028A1
:10C5300057D023685A7B42F002025A7303F11A055E
:10C54000002E3AD103F1780002682A608288AA801E
:10C55000186D93F95810A83006F026FA206824497F
:10C5600007F000F820682349036DB3F8AA20A0F86B
:10C570003320DB7D80F835302A3007F03BF8206827
:10C58000022103F0AFF920686C3001F05FFF03B0C7
:10C59000F0BDA068694606F017FCA3681A786846E3
:10C5A000C2F38012B1E7427902F0C002402AB2D150
:10C5B00002685A6182881A83B0E70021384606F083
:10C5C00081FC2368C0E793F87E00996F5873C3F825
:10C5D0000E10B3F87C0058820021C3F81A10D983DA
:10C5E000B6E741F213413220FDF74EFC749700206C
:10C5F0006DC3020025C3020008B540F29B31322012
:10C60000FDF742FC10B504788CB004F00F0422460C
:10C6100002A902F003F90CF03DFF234A042C10702C
:10C6200002D003200CB010BD204C0399236891F870
:10C6300000E093F878C0E645F3D191F801E093F873
:10C6400079C0E645EDD191F802E093F87AC0E6456D
:10C65000E7D191F803E093F87BC0E645E1D191F88A
:10C6600004E093F87CC0E645DBD191F805C093F86F
:10C670007D108C45D5D193F87E309DF819109942E4
:10C68000CFD17F280DD000904FF07F0C606882F8EA
:10C6900000C0237C227B02A902F044F803200CB0E6
:10C6A00010BDFFF7A9FF00BF4821002074970020AC
:10C6B00010B50E4A5368197902290DD9197908293C
:10C6C0000FD81B79526903F180439268033BBDE8A0
:10C6D000104052F82330184741F2BC413220FDF798
:10C6E000D3FB41F2BD413220FDF7CEFB7497002011
:10C6F00038B5194D6B681B79022B28D82B68027C42
:10C7000083F8A420C16899661A44044692F87C21F3
:10C7100083F878214268C3F88820037A022B0ED070
:10C720000DF0C0FB0DF0E6FF0CF078FF0B480DF0AC
:10C73000B5FE0B480DF0ACFE0A480DF00BFC637C17
:10C7400023B12B685B6E0BB101221A6038BD40F635
:10C75000FC013220FDF798FB7497002050DD0200A9
:10C7600055555500D6BE898E70B53B4C63681A7915
:10C77000032A064643D01A79042A40D0226892F848
:10C780005420920740D1A568002D4CD0236893F81F
:10C790005430002B3DD03EB1284606F00BFCE0B9EA
:10C7A000284606F022FCC0B963681A79022A3FD9EC
:10C7B0001A79082A41D81B79626903F180435269CA
:10C7C000033B52F8233098470C2827D86369DB686D
:10C7D000BDE8704053F82030184763681A79022A80
:10C7E00030D91A79082A32D81B79626903F180435B
:10C7F0001269033B284652F823309847E4E718684B
:10C8000001F002FE0546BFE7186801F0FFFD05468E
:10C81000BAE741F2CA313220FDF736FB41F2DD3191
:10C820003220FDF731FB41F2C4313220FDF72CFB01
:10C8300041F2AA313220FDF727FB41F2AB31322021
:10C84000FDF722FB41F24A313220FDF71DFB41F298
:10C850004B313220FDF718FB7497002070B5154D51
:10C860002C6894F84830EBB1D4E920126FF0004303
:10C870009A4208BFB1F1FF3F14D00FF017FBD4E983
:10C880002023904299410DD32E6896F8483053B931
:10C8900005F06AFE04460FF009FB074BE4FB0301B9
:10C8A000C6E9200170BD012005F034FF0028F9D051
:10C8B0002E68EDE77497002040420F002DE9F04FFD
:10C8C000044687B006290AD8DFE801F0512E0F0987
:10C8D00009090400B24D68688379002B71D10DF00D
:10C8E00085FC032007B0BDE8F08F0DF07FFCAC4A5B
:10C8F000136893F854108F07F3D05068817900299A
:10C90000EFD0A84D95F900107F2900F02582029103
:10C91000127B01922146FF227F24009242330222A1
:10C920002C7001F057FEDCE79D4DA27C29686868F9
:10C9300091F8483090F806A090F80790012A83F00B
:10C9400001035AD0002791F8542012F0040600F099
:10C95000EF8091F84B60002E59D091F84C80B8F1DF
:10C96000080F59D191F84100002680466DE08C4DAA
:10C97000D5E9003093F8542057071AD5C279002A18
:10C9800000F0DF80626893F85B1016788E4200F04A
:10C990003C8193F85620012A00F05B8193F84C30DB
:10C9A000082B03D042799A4200F053810DF01EFC0F
:10C9B00068688379002B40F0C880C379002B90D140
:10C9C0008DE72B6893F85420960740F1ED80754A67
:10C9D00092F900107F2900F0BF81029121462C7B43
:10C9E0000194FF2400947F2442331470062201F046
:10C9F000F1FD002309202B7474E7A268577907F032
:10CA0000C007A7F14007B7FA87F77F099BE790F8BF
:10CA10000580B8F1080F40D04046059305F0A8FC0A
:10CA2000059B8346002F40F04581296891F85420EA
:10CA300091F8418002F0040C3E464046BCF1000FE4
:10CA400041D043EA0B0B5FFA8BF3626891F85BC04D
:10CA500092F800E0E64500F0FF804FF0000B6A68B6
:10CA60005279082A00F03D8191F84CC0ACEB0202EB
:10CA7000B2FA82F252090592E6B1B9F1000F1DD067
:10CA800091F85630012B00F0E48023B9059B5BEA56
:10CA9000030B40F0DE804E4610E0626891F85BC008
:10CAA00092F800E091F84100E64500F0D480B346EA
:10CAB00080460596002B40F0178100260DF096FB6E
:10CAC0002B6893F8542093073FF40BAF0DF08EFBC7
:10CAD000BAF1000F3FF405AF2968A36891F841004F
:10CAE000A27C423105F0CAFA002840F01981002EDC
:10CAF00040F016812B6893F85520023A012A3FF640
:10CB0000F0AE002F3FF4EDAE264E96F900207F2ABE
:10CB100000F0228102922A7B686801922146FE225F
:10CB20007F24009242330122347001F053FDD8E695
:10CB300090F80580B8F1080F7FF46EAF91F841804E
:10CB4000C1E78379002B3FF4CAAE2B6893F85420D9
:10CB5000960744D4D0077FF5C4AE510700F1F380A7
:10CB6000104B93F900207F2A00F0F68002922A7B76
:10CB70000192FF2200927F2018702B68686821467E
:10CB80004233002201F026FD03206B68DA79002A87
:10CB90007FF4A8AE9B79002B7FF4A4AE9FE600BF84
:10CBA0007497002048210020D1077FF598AE5307E5
:10CBB00000F1B380694B93F900207F2A00F0CC800C
:10CBC00002922A7B0192FF2200927F201870D5E901
:10CBD000003021464233062201F0FCFC81E65F4A28
:10CBE00092F900107F2900F0B780029121462C7B3A
:10CBF0000194FF2400947F2442331470002201F03A
:10CC0000E9FC012309202B74BFE7567893F85C10E8
:10CC10008E427FF4BEAE967893F85D108E427FF41C
:10CC2000B8AED67893F85E108E427FF4B2AE167925
:10CC300093F85F108E427FF4ACAE517993F8602088
:10CC400091427FF4A6AE617C93F85A2091427FF422
:10CC5000A0AE0A2046E6804692F801E091F85CC05A
:10CC6000E6457FF4FAAE92F802E091F85DC0E64541
:10CC70007FF4F3AE92F803E091F85EC0E6457FF4EE
:10CC8000ECAE92F804E091F85FC0E6457FF4E5AEC3
:10CC900092F805C091F8602094457FF4DEAE94F8D8
:10CCA00011B091F85A20ABEB0202D2F1000B4BEB22
:10CCB000020BD4E6A1680593404605F05FFD2968A4
:10CCC000059B91F85420064602F0040C91F84100AF
:10CCD000002E3BD040F00208BCF1000F7FF4B1AE53
:10CCE000F1E600220592C7E6A368A27C423105F076
:10CCF000C5F9B9F1000F3FF4E0AE2B6893F8563058
:10CD0000012B07D0002B7FF4D8AE059B53EA0B0B09
:10CD10003FF4D3AE00289CD1CFE60DF067FA49E787
:10CD20000E4E96F900307F2B16D002932B7BCDE967
:10CD30000083D5E9003021467F240122423334703C
:10CD400001F048FCCDE50DF051FA09E78046BCF151
:10CD5000000F7FF476AEB6E6FFF74EFC48210020C8
:10CD60002DE9F843664C0746A068D4F800800023FC
:10CD7000038089460DF0E0FB002800F0A380A56841
:10CD8000032F2B78064600F0A98023F02F0343EAF7
:10CD9000491343F005032B70222223686A701A6D31
:10CDA000D2F8CC20C5F80F201A6DD2F8D430EB742D
:10CDB000190A1B0C29756B7592F82A01B2F8DC1060
:10CDC000D2F8D830002840F091804E48A0FB01C135
:10CDD000A0FB0303890A9B0AEB75C3F307232B7699
:10CDE000A97592F82911D2F8C80005F0FCFD687603
:10CDF000000AA8762068A568036D95F82420D3F86A
:10CE0000D010C5F81B109969C5F81F101B7F85F855
:10CE10002330036D93F8233022F01F0203F01F0329
:10CE2000134385F8243004F041FE95F8243003F0D4
:10CE30001F0343EA401385F82430A568D8F87830FA
:10CE4000C5F80930B8F87C30A5F80D3098F87E1098
:10CE5000284605F0C9FF236893F8482093F84180DD
:10CE600003F14209AAB393F85420520733D593F83B
:10CE70004B2082B393F84C0005F0BAFC054640B352
:10CE80004FF00108A0682B68C0F80330AB88A0F809
:10CE90000730414605F09FFF1B4BD3F804317BB9A7
:10CEA000052F13D1236829681A6DC2F8B410A98818
:10CEB000A2F8B8101B6D83F8B3803046BDE8F88344
:10CEC0000DF094F9032006F05FFB00263046BDE824
:10CED000F8834D46D6E763685879CDE723F00F0312
:10CEE00043F003032B700C236B70A7E70748A0FBEC
:10CEF00001C1A0FB0330C1F3471143096CE700BF38
:10CF0000749700205917B7D1001000401F85EB51CE
:10CF100010B50A4C0CF0BEFA094A637B10701BB9BD
:10CF20000DF064F9032010BD0DF0E4FB0CF076FB6E
:10CF3000002363730DF05AF9032010BD749700208D
:10CF40004821002010B50B4C637B63B9A168002019
:10CF5000FFF7B4FA23680022A3F8792183F87B2134
:10CF600083F8702010BD0DF0C5FB0CF057FB0023BB
:10CF70006373EBE77497002010B50F4C637B9BB98C
:10CF8000D4E9003000224FF0010C80F804C003F116
:10CF90006C00A3F8792183F87B2101F057FA20680F
:10CFA000BDE8104002F074BB0DF0A4FB0CF036FBA2
:10CFB00000236373E4E700BF749700202DE9F04F6E
:10CFC0000729044687B040680D46904644D10028A2
:10CFD0005ED0637C012B00F0AB80A74E736858795C
:10CFE000082844D004AA0DF10F0105F0CDFA00285D
:10CFF00000F069819DF80F0004A907F097FD8146B4
:10D00000D6E9001791F8543013F0030240F0828003
:10D01000BA715A0763D40023FB71984B1B6823B184
:10D0200041462046984738727768636843B1326852
:10D03000617C82F87E10196891679B88A2F87C3029
:10D040003B7A0120002B00F04381A3680BB1072D30
:10D050004DD007B0BDE8F08F874E002800F08680E5
:10D06000637C7268012B4DD050790828BAD1616871
:10D07000607C07F05BFD7268616881460532607C08
:10D0800005F09EF977680028BAD1F8803872DCE79D
:10D09000794ED6E9001791F8543003F00302B8F145
:10D0A000000F65D0002A40F0B88013F00403BA7175
:10D0B000B2D091F84BA0FB799146002BACD06368BD
:10D0C0008BB9386801F0A4FB0346002840F0A38028
:10D0D000BAF1000F00F0F380776853469CE7062D05
:10D0E00091F84BA07DD84AEA0900C3B294E7797958
:10D0F0000829AED00028ACD0184605F085FA0123E7
:10D10000F373A6E7437903F0C003402BACD1737BE4
:10D1100013BBA9E7062D91F84AA04CD84AEA090AA0
:10D120005B0787F806A07FF576AF91F84BA0DAE7AA
:10D13000437903F0C003402B7FF44FAF4E4E737B17
:10D14000002B3FF44BAFB8F1000F05D1336893F8D3
:10D150007811012900F09D80776805F04BFA73681B
:10D160007871587930730123B37339E7814647E703
:10D17000B2F1000918BF4FF0010913F0040387F85A
:10D18000069005D02378A3F10103B3FA83F35B097A
:10D19000FB7191F89430002B3FF45BAF3368D3F808
:10D1A0009000503007F0CCFC00287FF452AF736839
:10D1B00001221A724DE7082D02D90023BB712AE71C
:10D1C00097F806B0B8F1000F2CD16268002A46D05B
:10D1D0004AEA090A580787F806A07FF51CAF91F8BC
:10D1E0004BA0082D3FF617AFFB79B8F1000F7FF485
:10D1F00064AF6268002A7FF476AF62780193D30649
:10D2000057D4386801F004FB00283FF461AF019B5C
:10D21000002B3FF45DAF7768FEE691F84AA097F8DF
:10D2200006B08146BBF1000F2AD06268002ACFD138
:10D23000386801F0EDFA80B9BAF1000F3BD0776899
:10D24000326887F806A092F8543013F004033FF4D4
:10D25000E3AE92F84BA0FB79C7E78246EFE762782E
:10D26000D0061DD4386801F0D3FA0028E4D0BBF111
:10D27000000FE1D0DA46E2E774970020C4A0002056
:10D280005B0787F806B07FF5C6AE91F84BA0FB7937
:10D2900013E705F091F9707300287FF45DAF9DE608
:10D2A0000120B87158077FF5B6AE91F84BA0FB7915
:10D2B000A4E70123B0E605F07DF88246BFE705F05C
:10D2C00079F80346A7E740F6A5313220FCF7DCFDEC
:10D2D000F888003818BF0120B7E600BF70B5194EB6
:10D2E0008AB005460CF0D6F83368174A93F85430E4
:10D2F000107013F0060F16D12C7804F00F0422469C
:10D300002846694601F08AFA214600226846FFF75E
:10D3100055FE21466846FFF7D1FA737B044643B9B0
:10D3200020460AB070BD0122962100200CF01CFF9F
:10D33000E2E70DF0DFF90CF071F90023204673737A
:10D340000AB070BD749700204821002010B5104C21
:10D35000606801F0F3F8637B9BB9D4E900300022E8
:10D360004FF0010C80F804C003F16C00A3F87921A0
:10D3700083F87B2101F06AF82068BDE8104002F0D4
:10D3800087B90DF0B7F90CF049F900236373E4E7AE
:10D390007497002010B500210320FFF7E1FC164C24
:10D3A00020B12068032101F075FFA8B9637BDBB9C8
:10D3B000D4E9003000224FF0010C80F804C003F1E2
:10D3C0006C00A3F8792183F87B2101F03FF82068F5
:10D3D000BDE8104002F05CB9012108460DF0BCF92F
:10D3E000636809221A7110BD0DF084F90CF016F96A
:10D3F00000236373DCE700BF7497002038B5224C2C
:10D400006368186801F000F8002837D063680A22C2
:10D4100005461A712068002102F064FA22682B7810
:10D42000126DD57DC3F340131D4005202946FFF73B
:10D4300097FC40B12068042101F02CFF18B123684B
:10D440001B6DDD7538BD637B8BB9D4E900300022DC
:10D450000125057103F16C00A3F8792183F87B2184
:10D4600000F0F4FF2068BDE8384002F011B90DF07B
:10D4700041F90CF0D3F800236373E6E740F2615101
:10D480003220FCF701FD00BF7497002010B51F4C3F
:10D49000636888B981B11A79082A2DD91A790C2ABA
:10D4A0002FD81B79626903F180435268093BBDE8BC
:10D4B000104052F823301847184601F03FF8637BBC
:10D4C0009BB9D4E9003000224FF0010C80F804C071
:10D4D00003F16C00A3F8792183F87B2100F0B6FFFB
:10D4E0002068BDE8104002F0D3B80DF003F90CF04D
:10D4F00095F800236373E4E741F28C413220FCF796
:10D50000C3FC41F28D413220FCF7BEFC7497002031
:10D51000F0B55A4C206883B06C3000F097FF656816
:10D5200000F044FF636828601868002800F09B80C2
:10D5300000F06AFF0546002800F09A80236893F8FF
:10D54000A630002B47D1D4E9000290F8A430034460
:10D5500093F87C7180F87871137913B11379012BEA
:10D560004AD1474A90F8A530D05C0CF0FDFC236806
:10D5700093F8A420134493F87C61022E3AD04DD83E
:10D58000012E4ED100F00CFF31460CF0E1FB284695
:10D590000CF09AFF314601200CF0F4FC012F31D140
:10D5A000E81C05F041F8607328B140250CF018F82C
:10D5B00028460DF093F8D4E90002082100235171A8
:10D5C00021730321D3801372E38180F89530237493
:10D5D000117103B0F0BD236893F8542093F8A700AD
:10D5E000196DC3F81011024383F85420002283F808
:10D5F000A620A8E70D20C7E7002101F04BFEA8B147
:10D600002068AEE7681D05F00FF860730028D2D0DF
:10D61000033F012F8CBF50255525C7E7F31E012B73
:10D62000B0D940F2F7713220FCF72EFC637B93B93E
:10D63000D4E9003000220125057103F16C00A3F844
:10D64000792183F87B2100F001FF206803B0BDE859
:10D65000F04002F01DB801900DF04CF80BF0DEFF29
:10D6600001986073E4E740F252413220FCF70CFC71
:10D6700040F254413220FCF707FC00BF74970020B1
:10D68000A05D040008B50BF005FF044B18700CF00A
:10D69000ADFDBDE80840FFF73BBF00BF48210020BB
:10D6A00010B50C4C0BF0F6FE0B4A637B10702BB9D7
:10D6B0000CF09CFDBDE81040FFF72ABF0DF01AF8F2
:10D6C0000BF0ACFF002363730CF090FDBDE810403D
:10D6D000FFF71EBF749700204821002010B50446B4
:10D6E000FFF706F8237A032B34D01D4A12683BBBA0
:10D6F00092F8A5301B490133A1FB030C0CF4FF7415
:10D7000004EB5C0492F849001B1B40FA03F4E407A5
:10D7100013D40133A1FB034C2CF0010404EB5C0493
:10D720001B1B40FA03F4E00707D40133A1FB0341BC
:10D7300021F0010404EB51015B1ADBB282F8A53041
:10D7400092F958000CF000FCFFF7E2FEBDE8104033
:10D75000FFF784B840F62E113220FCF795FB00BF8E
:10D7600074970020ABAAAAAA90F83E00003818BF10
:10D7700001207047007A003818BF0120704700BFB1
:10D78000036D10B58BB102224272B3F8AA10418129
:10D790004FF6FF73FF2204460385064980F82720D1
:10D7A00005F0E0FE0023236510BD40F26131322018
:10D7B000FCF76AFB6DC3020038B501210546002065
:10D7C000FDF7BAFA20B3044601F0D0FC02E094F869
:10D7D00070301BB194F87030012BF8D13F2200213A
:10D7E000204611F049FA002340F201110722A4F863
:10D7F0004A1084F8543084F8A53084F8585084F8DE
:10D800004920636684F89430C4F8903084F8A630D8
:10D8100001210846FDF790FA044618B301F0A6FC72
:10D8200002E094F870301BB194F87030012BF8D1FD
:10D830003F220021204611F01FFA002340F201117F
:10D840000722A4F84A1084F8543084F8A53084F8EC
:10D85000585084F84920636684F89430C4F89030B6
:10D8600084F8A630BDE8384000F090BDF8B5064613
:10D8700004F09AF81C4F034601210020BB60FDF71D
:10D880001FFA30B34FF4C0720021044611F0F4F9CE
:10D8900001210846FDF714FA7F69054680B14FF46F
:10D8A000C072002111F0E8F9C7B13046FFF784FFDC
:10D8B000204601F051FC2846BDE8F84001F04CBC80
:10D8C00067B13046FFF778FF2046BDE8F84001F029
:10D8D00043BC40F685013220FCF7D6FA40F68F01B2
:10D8E0003220FCF7D1FA00BF74970020014B024AA6
:10D8F0005A6170477497002004DE0200014B024A0F
:10D900005A617047749700201CDE020003683BB127
:10D91000064A03F16C011360536951601B68184794
:10D9200010B540F677113220FCF7AEFA749700205C
:10D9300010B5104C606800F001FE637B9BB9D4E920
:10D94000003000224FF0010C80F804C003F16C009D
:10D95000A3F8792183F87B2100F078FD2068BDE8E9
:10D96000104001F095BE0CF0C5FE0BF057FE0023F1
:10D970006373E4E77497002080F84910704700BF94
:10D9800011F001031DBF012380F87C310222012226
:10D9900011F0020F05D003444FF0020C83F87CC154
:10D9A00013464A0703D51844032380F87C31704797
:10D9B00080F85710704700BF10B5044690F840003B
:10D9C000A0F1020CBCF1010F07D910B1023818BF49
:10D9D0000120BDE8104004F06FBB0029F6D102F031
:10D9E000FD02101E18BF0120194604F0C3FD0828CF
:10D9F00001D0012010BD94F840000028E6D1E8E7EE
:10DA000090F8400000F0FD00003818BF012004F03D
:10DA100053BB00BF38B590F8A630DBB9044603F01D
:10DA2000FF0094F85430013B012B00D938BD042984
:10DA30000D46FBD1D4F8103173B9216D89B104F1D1
:10DA4000E80001F085FC84F8A750FF2384F8A63095
:10DA5000012038BD002038BD40F6F8113220FCF717
:10DA600013FA40F6F9113220FCF70EFA80F8401054
:10DA7000704700BF38B500F14201044690F84000FD
:10DA800000F0FD00003818BF012084F8410004F0C8
:10DA9000DBFA94F84030023BDBB2012B94BF012348
:10DAA000002384F8483000D938BD04F05DFD0546F8
:10DAB0000EF0FCF9094BE5FB030194F84830C4E98A
:10DAC0002001002BF0D0002004F024FE0028EBD130
:10DAD00040F621213220FCF7D7F900BF40420F0069
:10DAE000B1F1000C0CBF0121002180F84B104FF068
:10DAF000080180F856C080F84C100CD102F0FD02ED
:10DB000010B50446101E194618BF012004F032FD5E
:10DB100084F84C0010BD704708B5AAB180F85A10BF
:10DB20001368C0F85B30036D918890F84120A0F82D
:10DB30005F1083F8B320D0F84220C3F8B420B0F8C7
:10DB40004620A3F8B82008BD40F63F213220FCF75C
:10DB50009BF900BFF0B5D0F8C8409DF814E094429E
:10DB600003D190F840208A4201D00020F0BD1EF081
:10DB7000020190F8454120D10D460A46861801352C
:10DB800096F87C61F71E012F00EB820788BF3143B6
:10DB900053F82260D7F8CC2002F1200C98BF41F056
:10DBA00004016645EAB2E0D1A242E7D90EF00500D1
:10DBB000401AB0FA80F04009F0BD0025AC46294675
:10DBC0002A46861800EB820296F87C61D2F8CC20B7
:10DBD000F71E012F9CBF0CF1010C5FFA8CFC02F1C7
:10DBE000200253F82C708CBF314341F004010CF13A
:10DBF0000106BA4205F101055FFA86FCB5D1EAB229
:10DC0000A242DED9D2E700BF90F854305A070ED4B2
:10DC100013F0030301D11846704790F8550000F047
:10DC2000FD00A0F10100B0FA80F04009704790F8C3
:10DC30005600A0F10100B0FA80F04009704700BF23
:10DC4000012938B5044610D094F854309B0704F1EC
:10DC50006C051AD1284600F0F9FB0023A4F87931AD
:10DC600084F87B3184F8703038BD0A4D6B7B002B13
:10DC7000EAD00CF03FFD0BF0D1FC00236B7394F85D
:10DC800054309B0704F16C05E4D0284600F056FCA4
:10DC9000E0E700BF74970020A03003F0E9BE00BFAA
:10DCA0000149363005F082BC49C3020010B501219C
:10DCB00004460020FDF740F820B3627880F8542035
:10DCC000217811F001021CBF012280F87C21490754
:10DCD000034603D50244032182F87C11A27883F81D
:10DCE0004020E27883F8552002F0FD02B2FA82F279
:10DCF000520983F84A20227983F84920627983F80F
:10DD0000572010BD40F6CB213220FCF7BDF800BFF4
:10DD100010B504466C3000F011FC0023A4F87931F2
:10DD200084F87B3184F8703010BD00BF08B5012144
:10DD30000020FDF701F828B190F89400003818BFD2
:10DD4000012008BD40F64A313220FCF79DF800BFA3
:10DD5000B1C6020069C702008DD402004DD3020093
:10DD600071C4020071C4020045CF0200A1D60200B6
:10DD700085D60200A1D6020085D6020041C4020069
:10DD800079CF02003DC3020011D502003DC302005D
:10DD90003DC302003DC302003DC302003DC302007B
:10DDA00095D302003DC302003DC302003DC3020003
:10DDB00041C4020079CF02003DC3020011D5020028
:10DDC0003DC302003DC302003DC302003DC302004B
:10DDD0003DC3020095D30200FDD302003DC3020003
:10DDE0003DC30200DDD2020005C60200DDD2020002
:10DDF00005C6020011CF020059C4020011CF020073
:10DE000059C40200DDD6020060DD02006CDD0200B4
:10DE10007CDD0200E4DD0200F4DD0200DDD602005C
:10DE200064DD020074DD0200B0DD0200ECDD020002
:10DE3000FCDD02002DE9F04705468CB00E460020BF
:10DE40000121FCF779FF002800F074820446A83015
:10DE500001F0A0F9002846D094F85430042B42D0A9
:10DE6000AF6A002F00F06981B74B9F427AD0043B24
:10DE70009F4277D003F0A6FD07F13B09804602A937
:10DE8000484600F071FDEB7AB8F1000F00F0D58044
:10DE9000DC0606F10D0100F1FD81002F00F0588233
:10DEA0009DF80830022B00F0538295F83230E522BD
:10DEB000484605F016F895F83230044623444846A3
:10DEC00085F8323005F005F895F83290A9EB000995
:10DED000B9FA89F94FEA5919B8F1000F48D104F19C
:10DEE0001802D2B2B8E02046FFF73EFC07460028F1
:10DEF000B6D1AB6A954C0BB304F1080804F10C06DB
:10DF000001E0AB6AD3B1A96A0B68AB6241450F70FF
:10DF10004F708F70CF70F4D0B142F2D02068FDF70F
:10DF20003FF8231DD3E84F3F0133DBB2211DC1E889
:10DF3000423F002AF5D1AB6A002BE4D12068A5F15D
:10DF40000801FDF72DF8231DD3E84F3F0133DBB265
:10DF5000211DC1E8423F002AF5D14FF40073ADF80E
:10DF600004305EE003F02EFD8146002870D00024CE
:10DF7000EB7ADA0640F1EC815807AA7A697B03D57F
:10DF8000E87EFE2800F05A8104F10A0313FB02F335
:10DF9000023373703E23337002237171F270B370D9
:10DFA000D5F80E30C6F806306B8A7381347334446A
:10DFB0002B7E6373EB7A13F0080100F0E780634C6B
:10DFC00004F1080804234745337178D133790222DC
:10DFD00062F34613AA6A33716AB1EFF3108272B624
:10DFE000AB6A1968A962002A00F0C68000221A7084
:10DFF0005A709A70DA702068A5F10801FCF7D0FF1A
:10E00000231DD3E84F3F0133DBB2211DC1E8423F5E
:10E01000002AF5D102274FF004088DF804808DF80E
:10E0200005709DF804209DF80530002062F307007C
:10E0300063F30F200CB0BDE8F087D80606F11C0191
:10E0400000F11E8127B19DF80830022B7FF42DAF1F
:10E05000182200244FF001098E233370AB7AF3703D
:10E0600013FB02F302337370D5F80B30D5F80F2091
:10E07000D5F81310D5F8170030617360B260F16005
:10E08000D5F81B30D5F81F20B261736195F814A044
:10E0900095F8158003F0D4FC0AF1FF338A05DBB252
:10E0A00056D5032B00F24F8186F80DA0B8F1000F72
:10E0B00064D1F476254C04F10808474586D004F174
:10E0C0000C0A57456BD0002F00F09180B9F1000F7A
:10E0D0002AD0AB6A63B1EFF3108272B6AB6A1968EB
:10E0E000A96202B962B600221A705A709A70DA7088
:10E0F00020683946FCF754FF231DD3E84F3F013316
:10E10000DBB2211DC1E8423F002AF5D1AB6A85F898
:10E110003220434500F0C780534500F0E8809DF869
:10E120000830022B00F0A5803379012262F34613F8
:10E13000337101274FF004086FE703F043FC05F14A
:10E14000330980469BE600BF989700208C970020FB
:10E15000032B00F20181834AD35C7373B8F1000F83
:10E16000A7D008F1FF385FFA88F8B8F1030F00F282
:10E17000F38012F8088006E062B637E708F1FF3353
:10E18000032B00F2E08086F80E8092E703F0030292
:10E19000032A49D0590749D5012333718AE7AB6A6D
:10E1A00063B1EFF3108272B6AB6A1968A96202B963
:10E1B00062B600221A705A709A70DA706B7D83BB57
:10E1C000327963F3461232714FF004082068A5F1EA
:10E1D0000801FCF7E5FE231DD3E84F3F0133DBB216
:10E1E000211DC1E8423F002AF5D1022715E795F825
:10E1F0000B8018F010083FF410AF3379206867F3F4
:10E200004613A5F108013371FCF7CAFE231DD3E8BC
:10E210004F3F0133DBB2211DC1E8423F002AF5D157
:10E22000F8E64FF00008D1E7317143E7022A25D024
:10E23000002A40F08480032333713BE7130102334B
:10E2400073703E2333700B23B37001237171F2702E
:10E250003371D5F80E30C6F806306B8A738130738F
:10E26000EB69C6F80D302B8CA6F811302B7EF374B9
:10E2700020E7337923F0680333715AE7327119E7E5
:10E280009DF8184008462246059910F077FD4FF09A
:10E29000010924E69DF8184008462246059910F029
:10E2A0006DFDC14664E63379022262F34613AA6A21
:10E2B000337162B1EFF3108272B6AB6A1968A9626A
:10E2C00002B962B600221A705A709A70DA70206829
:10E2D000A5F10801FCF764FE231DD3E84F3F01338D
:10E2E000DBB2211DC1E8423F002AF5D192E6337925
:10E2F00062F34613AA6A337162B1EFF3108272B609
:10E30000AB6A1968A96202B962B600221A705A7023
:10E310009A70DA702068A5F10801FCF741FE231D10
:10E32000D3E84F3F0133DBB2211DC1E8423F002A51
:10E33000F5D16FE64FF4F1713320FBF7A5FDA42171
:10E340003320FBF7A1FD4FF4EA713320FBF79CFD6E
:10E350005B213320FBF798FD4FF43F710620FBF75C
:10E3600093FD00BFA45D0400343270B592B2044640
:10E370001E460D46FCF7DCFD24B1034B1C601D74EA
:10E380005E741D7170BD00BF8C97002010B5034CEA
:10E390002068FCF7EFFD237C237110BD8C970020D3
:10E3A000014B587C704700BF8C97002038B5154C46
:10E3B0002068FCF7E5FD00B30546231DD3E84F3F79
:10E3C000013BDBB2221DC2E8413F0029F5D105F136
:10E3D00008033422184610F04FFCEA7CED62034635
:10E3E000FF21012447F6FF7064F34612E883697544
:10E3F00085F82310EA74184638BD40F257113320CF
:10E40000FBF742FD8C9700203330704738B5044647
:10E41000406A08B13B3038BD0B4D2868FCF7B0FDB1
:10E42000606260B12B1DD3E84F3F013BDBB2291D79
:10E43000C1E8423F002AF5D1606A3B3038BD4FF455
:10E44000B8713320FBF720FD8C97002038B50368A6
:10E450004BB39A6A52BB596A054629B301F10800C9
:10E46000154C834208BF2A602068FCF799FD231DE4
:10E47000D3E84F3F0133DBB2211DC1E8423F002A00
:10E48000F5D12B687BB12068A3F10801FCF788FD6A
:10E49000231DD3E84F3F0133DBB2211DC1E8423FCA
:10E4A000002AF5D12A6038BD034CECE740F28D110B
:10E4B0003320FBF7E9FC00BF8C97002070B505689E
:10E4C0000646F5B11B491C4C284605F096F800237A
:10E4D000E360EFF3108272B6AB6A23B3E96A04F12A
:10E4E0000C030B60EB6202B962B63368596A29B15A
:10E4F00001F10805AB421AD100236B62002333609F
:10E5000070BD696A0029F9D00B4C2068FCF748FD02
:10E51000231DD3E84F3F0133DBB2211DC1E8423F49
:10E52000002AF5D1E8E704F10C03AB62DAE71D46F7
:10E53000EBE700BF35DE02008C97002070B506685F
:10E54000002E3CD0716A0546002939D001F108033C
:10E550009E421E4C0DD02068FCF722FD231DD3E8FF
:10E560004F3F0133DBB2211DC1E8423F002AF5D104
:10E570002B68002272625A7D8AB10022A260EFF3FA
:10E58000108172B69A6AF2B1D86A114A0260DA62F0
:10E5900001B962B62846BDE87040FFF78FBF20681A
:10E5A000A3F10801FCF7FCFC231DD3E84F3F013326
:10E5B000DBB2211DC1E8423F002AF5D12A6070BDBF
:10E5C000024C3346D7E7024A9A62E0E78C97002074
:10E5D000949700202DE9F843504D04689DF8208061
:10E5E0000F4629790026994606609DF928309DF846
:10E5F000240081B92868A4F10801FCF7D1FC2B1D87
:10E60000D3E84F3F0133DBB2291DC1E8423F002A66
:10E61000F5D1BDE8F8830121C4F80960C4F80D60A4
:10E62000C4F81160C4F81560C4F81960C4F81D601E
:10E63000A4F82160A172062A66D8DFE802F02B3226
:10E6400039653E650400E27A22F0120242F01202BD
:10E65000E272237601232375082847F6FF73E382CD
:10E6600004F10E0230D004F10D0103F08DFF0028FB
:10E670004FD0637B43F002036373E37A5B072ED4CE
:10E68000FF23E3760023237225492046BDE8F843A3
:10E6900004F08CBFE27A22F0130242F01302E2721D
:10E6A000D7E7E27A22F0150242F01502E272D0E7D3
:10E6B000E27A42F01002E272CBE7E27A22F01A022A
:10E6C00042F01A02E272C4E77B7C63737B681968CC
:10E6D000C4F80E109B889380E37A5B07D0D5A8F12D
:10E6E0000203012B04F11C0207D9BB681968E16120
:10E6F0009B88938084F81B80C4E7D9F80030E361DD
:10E70000B9F804309380F5E740F246413320FBF737
:10E71000BBFBC3213320FBF7B7FB00BF8C97002066
:10E7200035DE0200F8B5384D9DF918E084461046F4
:10E730002A79DCF800400026CCF800607AB9286815
:10E74000A4F10801FCF72CFC2B1DD3E84F3F01334B
:10E75000DBB2291DC1E8423F002AF5D1F8BDC4F85B
:10E7600009600F466189C4F8116041F6012545EA48
:10E77000032521F4DF5141F6FF33012221F01F016F
:10E780002B4022750B4347F6FF720828C4F815602A
:10E79000C4F80D60E282C4F81960C4F81D60A4F8E2
:10E7A000216084F818E004F10E02638115D004F1B1
:10E7B0000D0103F0E9FE18B3637B43F002036373BA
:10E7C000E37A5B0714D4FF23E376002323720F4917
:10E7D0002046BDE8F84004F0E9BE7B7C63737B68AB
:10E7E0001968C4F80E109B889380E37A5B07EAD51A
:10E7F000BB681968E1619B882384FF22E276E4E725
:10E80000C3213320FBF740FB8C97002035DE02004C
:10E8100018B1407BFF3818BF0120704770B50378EE
:10E82000C3F380134B740C461646054604F0E3FA16
:10E83000062EA07424D8012303FA06F212F0550F15
:10E8400011D0E91C0022C4E9011263706B78063B09
:10E8500013F0FF0303D11D462374E56070BD093535
:10E860002374E56070BD9E420AD10322AB180935BE
:10E87000C4E90135627000231D462374E56070BD54
:10E880000023C4E901336370F5E700BF38B5C378EE
:10E890000C4613F03F0160D00378C3F38013637418
:10E8A000054604F0A8FAA0742B796370E878830910
:10E8B00023702B7913F0010146D14FF0050C4FF076
:10E8C0000B0E6246616013F002011CBF05EB0C01E8
:10E8D0007246A160590744BF0132D2B213F0080159
:10E8E00004D002F1020CA9185FFA8CF2616113F0F6
:10E8F000100104D002F1030CA9185FFA8CF2A16197
:10E9000013F0200104D002F1120CA9185FFA8CF266
:10E9100013F04003E16102D0AB180132D2B200F033
:10E920003F002362031D9B1A13F0FF0114BFAB18B5
:10E930000B4663626B78013B1B1ADBB2237453B145
:10E940000A441544E56038BD4FF00B0C691D4FF0CB
:10E95000110E6246B6E7E36038BD20462822BDE8C6
:10E96000384010F089B900BF70B5037803F00F0686
:10E97000072E2BD0C3F380134B740C46054604F0CE
:10E980003AFA012202FA06F313F05503A0740CD0F0
:10E990000023E91CC4E9011362706B78063BDBB20B
:10E9A00023748BB10935E56070BD964208D103210F
:10E9B0006A1823740935C4E901256170E36070BDEC
:10E9C000C4E9013363702374E36070BDBDE8704037
:10E9D000FFF75CBFF0B5D0F81011D0F8C86090F820
:10E9E000455189B100210C460B4600EB83030131F0
:10E9F000D3F8CC20CBB22032AB421444F5D9A64296
:10EA00000CBF02200120F0BD8C460F4600EB8101B7
:10EA10000CF1010CD1F8CC405FFA8CF104F1200E1E
:10EA2000A9427744F2D90721BE42A6FB011423D0A4
:10EA3000D0F8C07011EB070CD0F8C47044EB070499
:10EA4000D0F8CC7025B3D0F8D010012D0F4407F1C9
:10EA5000400703D0D0F8D40020300744BE4205D090
:10EA6000624573EB040417D30120F0BD624573EBDC
:10EA7000040411D20320F0BDD0F8B07011EB070CE4
:10EA8000D0F8B47044EB0704D0F8CC70002DDAD184
:10EA90002037BE42E4D1E9E70220F0BD08B540F2DC
:10EAA0008A312120FBF7F0F938B50446FF2380F8BE
:10EAB000153100F58C7528460DF0B0FA284604F59E
:10EAC000A4750DF0BFFA28460DF0A8FA28460DF0FF
:10EAD000B9FA00212046FFF7B3F894F816313BB19C
:10EAE000D4F8083153B104F1E80006F005F909E063
:10EAF000D4F8100110B1D4F808319BB104F1E8004A
:10EB000006F06EF8002384F8153194F8160110F021
:10EB1000FF0018BF0C2084F81631C4F8103184F8B7
:10EB2000143138BD00F5EC7006F05AF8E6E700BF86
:10EB3000022910B52AD013D8012934D10446084639
:10EB40000CF042F81A4A00F52343A133A2FB032339
:10EB5000D4F81021980900F2792002B1400010BDCC
:10EB6000CB1E012B1FD840F2BF33084640F29174F0
:10EB7000032918BF1C460CF027F80D4B00F5234065
:10EB8000A130A3FB003004EB901010BD08460CF040
:10EB90001BF8074B00F52340A130A3FB0030800990
:10EBA00000F2611010BD40F217119E20FBF76CF9C6
:10EBB000D34D62102DE9F04104460DF077F9D4F8F9
:10EBC0001021D4F8C87005460E4694F84501002A75
:10EBD00046D04FF0000C6146634604EB83030CF112
:10EBE000010CD3F8CC205FFA8CF32032834211441D
:10EBF000F3D98F420CBF0227012738460DF048FA9F
:10EC0000312829D9411CD4E936325AD0C118914251
:10EC100028BFD01AD4F8A830D4F8AC205B1B62EB24
:10EC20000602012B72F1000152DB00219842914152
:10EC300060DA41F28836864228BF06460DF036F982
:10EC4000C5F174050544B54206D8394630460DF085
:10EC50004BFA0546002854D100252846BDE8F0812E
:10EC60009446134604EB83030132D3F8CC10D3B29D
:10EC7000203183428C44F5D907236745D4E92C1E03
:10EC8000A7FB03382FD0D4F8C02013EB020CD4F824
:10EC9000C42048EB0208D4F8CC20D8B1D4F8D03046
:10ECA00001281A4402F1400203D0D4F8D4002030E5
:10ECB0000244974211D061457EEB080818D3012722
:10ECC0009BE7D61A41F288339E4228BF1E46B5E71D
:10ECD0000026B3E720329742EDD161457EEB08086C
:10ECE00006D2032789E711EB030C4EEB0808D2E7A5
:10ECF000022782E741F28832934228BF13461E461C
:10ED00009CE70DF0D9F8D4F8E020D4F8D830B0184A
:10ED1000D4F8DC20C4F8E00033449342C4F8D8307F
:10ED200004BFD4E93A23C4E930230DF0C1F894E7D5
:10ED30002DE9F04F04468BB0052900F26B81DFE826
:10ED400011F0210009003200D20069010C002046B8
:10ED5000FEF7A6FF0BB0BDE8F08F90F8153163B950
:10ED6000B0F87A31C3F30C03002B00F04A8190F81D
:10ED70007831033B012B40F26A810BB0BDE8F04FC4
:10ED8000FEF7D6BD90F8153103F0FF05002B00F01B
:10ED9000B4800121FEF754FF0BF0C6FA0BB0BDE8BA
:10EDA000F04F0EF0B1B9B0F87A31C3F30C03002B79
:10EDB00040F02D810DF07AF8D4F8CC70804694F8AC
:10EDC00045018B4607F1200150B1012304EB83027A
:10EDD0000133D2F8CC20DBB2203283421144F5D982
:10EDE000D4F8C8508D4200F0D280D4E93A365A198E
:10EDF000A8EB0303B3FBF5F305FB03F346F10006B1
:10EE00009B18A3EB080246F10006F62A4FF0000912
:10EE100000F24481ED1846F10006CDF8049094F814
:10EE20007C112046FFF784FED4E92AA1BAEB050342
:10EE300061EB0602012B814672F10000C0F2A58051
:10EE400000209F42904100DB1F46D4F8CC30039352
:10EE50009F4228BF1F4604238DF81930C4E92E565F
:10EE60003346C4F8D890C4F8DC702A462046029194
:10EE7000FFF7B0FD019B8DF81800CDF81490BBB3DF
:10EE800002990123BAEB080A61EB0B019A458DF850
:10EE9000103071F10003C0F24981AE4800235045A3
:10EEA0008B4180F2D280D4F81031D4F8C810002BF6
:10EEB00000F01F814FF0FF32154690457BEB0503B4
:10EEC000C0F0AD800891B9453FF641AF04A904F503
:10EED0008C700EF033F900287FF43CAF40F2737170
:10EEE0002120FAF7D1FF0BB0BDE8F04F0BF00ABDBF
:10EEF000CDE908568DF81030E5E70DF025F9D4F886
:10EF0000E830B0EB030CC4E92C0100F1208194F847
:10EF10004561D4F8C87004940795002E00F008816C
:10EF2000BCFBF7F207FB0233C21A294628462B46E0
:10EF300004EB8303D3F8CC3003F1200E724503D3E6
:10EF4000203A0130D21AC0B20131CBB29E42EFD288
:10EF5000B4F87A3184F84401C3F30C038DF820002F
:10EF6000002B6CD1BC4534BF0125012304A88DF8CA
:10EF700018508DF82130FEF7C9FCD4F8D800E738D6
:10EF8000C4F8E0000CF094FFE4E600275DE7D4E964
:10EF90002A126FF000439A4208BFB1F1FF3F78D0C8
:10EFA00094F844312344204693F87C11FFF7C0FDC8
:10EFB00018F1F70308934BF100030546059000266E
:10EFC000099304A840F202438DF81060ADF81830A0
:10EFD0000EF028F9002800F0B580089AD4F8A8307F
:10EFE00009999B1AD4F8AC2062EB01025B1B62F119
:10EFF0000002002A4DDA0123374645465E4601935A
:10F000000DE7FFF7D7FD00287FF4A4AEB5E6FEF7C5
:10F010007FFECFE64FF4E5712120FAF735FFB2EB22
:10F0200008026FF0010165EB0B0500239142AB4133
:10F030000146FFF447AF904228BF114642E7D4F89B
:10F04000403105930325002390E750462BE790F8C5
:10F050007031002B7FF491AE012180F8701144F2E1
:10F0600036500DF041F800283FF487AE0CF024FF35
:10F07000D4F8D830D4F8E02044F236500344104499
:10F08000C4F8D830C4F8E0000BB0BDE8F04F0CF085
:10F090000FBF012345465E460193C0E694F87C11FC
:10F0A0002046FFF745FDD4F8C850D4F8E810D4F84E
:10F0B000B83005905A1AD4F8EC30B2FBF5F205FBE3
:10F0C00002F2521843F100030421204608920993EA
:10F0D0008DF819108DF81090FFF77CFC29468DF8FB
:10F0E000180004A803F0C8FBDDE90856CDF8049029
:10F0F00095E6039E94F84551203655B1012304EB63
:10F1000083020133D2F8CC20DBB22032AB4216446A
:10F11000F5D907228E42A1FB02250BD0D4F8C030CE
:10F12000D218D4F8C43045EB0305C6E60020BAE691
:10F1300028460DE7D4F8B030D218D4F8B43045EBF7
:10F140000305BAE640F296412120FAF79DFEFFF74B
:10F15000A5FC00BF0040420F90F8142112B190F8B6
:10F16000143103B97047FFF79FBC00BF90F814211A
:10F1700012B190F8143103B97047FFF795BC00BF86
:10F1800090F8143103F0FF020BB910467047FFF7F7
:10F190008BBC00BF90F86C00003818BF012070478E
:10F1A00070B584B090F81431002B5DD103F0FF02EC
:10F1B0000B780392CDE9012213F0010203F004045D
:10F1C00021D08D680195002C3DD04FF0010CCE6808
:10F1D00080F845C14968C0F8F810203DC0E93215F3
:10F1E00040F27121A0F8FC10990702963AD50DEB78
:10F1F000820300EB820559682039531CC5F8CC10F6
:10F20000BCB904B070BD24B940F2BE212120FAF788
:10F210003BFECD6880F845214968C0F8C810C0F8A9
:10F22000F81013F0020340F271210195A0F8FC10D0
:10F23000DDD10DEB830200EB83035268203AC3F863
:10F24000CC2004B070BD80F845414968C0F8F81082
:10F25000203DC0E932159B0740F27121A0F8FC1057
:10F26000C5D4CEE71346CBE740F2A5212120FAF71B
:10F270000BFE00BFD0F8102142B190F8143103F01A
:10F28000FF020BB910467047FFF70EBC0C22104668
:10F29000704700BF70B590F8153113B100263046A5
:10F2A00070BD04460D460CF001FE94F87831062D31
:10F2B00048D8DFE805F02B040407380404000126D1
:10F2C000304670BD033B012B8CBF4FF457724FF497
:10F2D0006172D4F8B010D4F8D830401A6FF480714D
:10F2E0000B448518AB428CBF01260026D7D8204698
:10F2F000FFF760FC0028D2D0D4F8D8606FF4807398
:10F300001E44B5422CBF00260126C8E7022B17D0A9
:10F310000CD8012B08BF4FF40472DAD040F2171159
:10F320009E20FAF7B1FD4FF40272D2E7DA1E012AED
:10F33000F4D8032B40F2563208BF4FF4E562C8E719
:10F34000F822C6E74FF44B712120FAF79DFD00BF6C
:10F35000F8B50D4606460021D5F8E00105F096FC0B
:10F36000B04205F5EC77044613D00146384605F067
:10F3700055FC002333623CB194E80E005B1842F167
:10F380000002C5E97632F8BD00231A46C5E9763297
:10F39000F8BD8368D5F8E021934208D2816931B184
:10F3A0000146384605F03AFC00232362E4E7934225
:10F3B00038BF1346F2693762B360002AE4D00ECA40
:10F3C0005B1842F10002C5E97632F8BD2DE9F04F35
:10F3D0008BB090F81421002A40F00A8104460D46B3
:10F3E00002F0FF03FF2280F8142180F8153190F815
:10F3F000456180F844311946184604EB8303013116
:10F40000D3F8CC20CBB22032B3421044F5D9D4F893
:10F41000C830984200F0BE80D4F8CC30002E00F006
:10F42000B280D4F8D020012E134403F1400303D05E
:10F43000D4F8D42020321344C4F8F0300CF036FD58
:10F44000D4F8CC7094F8456107F1200856B1012337
:10F4500004EB83020133D2F8CC20DBB22032B3427A
:10F460009044F5D910F5FA6641F10009D4F8C8B016
:10F4700005F002FC8246514604F1E800039005F0D5
:10F48000CDFBD4F8101111B10398FFF761FFC3450C
:10F490000CBFD4F8F080D4F8C880BAF1000F7CD04B
:10F4A000DAF80800DAF80030DAF80410C01841F190
:10F4B0000001CDE90069424605F002FC80456ED3AB
:10F4C000861949F10009D4F8C82002F2CF73034429
:10F4D000B3FBF2F302FB03F3F31AC4F8E83069F16B
:10F4E0000003C4F8EC30002D4FD0ADB242F21071E1
:10F4F00032464B46E5FB0123C4E92A2394F87C11EC
:10F500002046FFF715FBD4F8A830D4F8AC209B1B9D
:10F5100062EB0902012B72F1000C0546D4E93A01B5
:10F5200042DB9F424FF0000C7CEB020CA8BF1F4651
:10F53000D4F8CC30C4F8D8509F4228BF1F460423CB
:10F54000C4E930018DF81930C4E92C694B46C4E98F
:10F550002E69C4F8DC7032462046FFF73BFA0023E0
:10F56000BD428DF8180008960595CDF824908DF8C9
:10F57000103033D804A904F58C700DF0DFFD90B382
:10F580000BB0BDE8F08F203356E74FF0FF326FF03D
:10F590000043B1E741F288334EE7504693E740F22B
:10F5A0004D312120FAF770FC04230027C4E9300113
:10F5B0008DF81930C4E92C69C4E92E69C4F8D85013
:10F5C0003246C4F8DC7020464B46FFF703FACDE91B
:10F5D00008698DF8180005958DF810704FF41F71AB
:10F5E0002120FAF751FC40F27D212120FAF74CFC52
:10F5F00040F267212120FAF747FC00BF38B590F8A8
:10F600001431DBB90D4619B304460246134900F51F
:10F610008C700DF08DFD1149224604F5A4700DF09B
:10F6200087FDC4F810516B7B03F0FF015BB984F8D0
:10F6300016112046BDE83840FFF7C8BE4FF42371CD
:10F640002120FAF721FC40F293212120FAF71CFC3B
:10F6500040F28D212120FAF717FC00BF31ED0200A6
:10F6600038B5024604460D4600F58C7007490DF08A
:10F670005FFD04F5A470054922460DF059FD2946A9
:10F680002046BDE83840FFF7A1BE00BF31ED0200C3
:10F690002DE9F04F87B090F81531002B40F0C48071
:10F6A000044603F0FF0B0CF001FC94F845115B4697
:10F6B0000133DAB29142FBD2D4F8C830D4F8E82052
:10F6C000D4F8EC70861AB6FBF3F603FB06F6B61810
:10F6D00000F1F705A5EB060547F10007AB4294BF23
:10F6E000A5EB030AAA46002900F0E780D4F8CC3045
:10F6F00003F12002524505D8AAEB0303A3F1200A27
:10F700004FF0010B01291DD0D4F8D03003F12002B5
:10F71000524507D8AAEB03030BF1010BA3F1200A12
:10F720005FFA8BFB02290DD0D4F8D43003F120020C
:10F73000924507D3AAEB03030BF1010BA3F1200AB7
:10F740005FFA8BFB04EB0B03204693F87C11FFF769
:10F75000EFF904EB8B035044D3F8CC808045D946B5
:10F7600069D3A8EB0A08B8F1000FC0F2B180D4F851
:10F77000E830D4F8B020D4F8EC10AD1947F1000708
:10F78000D21A4FF0000600F19C80D4F8C800B2FBFA
:10F79000F0F200FB02F2D21841F10001C4E93A2173
:10F7A000AA1A002AC0F28D8004EB0903204693F8C0
:10F7B0007C11FFF7BDF9D4F8A830D4F8AC205B1B5E
:10F7C00062EB0702012B72F10001824647DB04EB7A
:10F7D00089094FEAE8719845D9F8CC60C4F8D80097
:10F7E0009141A8BF9846464528BF464604238DF858
:10F7F0000930C4E92E573B46C4F8DC602A4620464F
:10F80000FFF7E8F80023B2458DF808000495CDF81D
:10F8100004A005978DF8003037D8694604F58C7040
:10F820000DF08CFC002858D00AF07EFD07B0BDE832
:10F83000F04F0DF069BC94F84521D4F8C8305A4512
:10F840002DD90BF1010BAB425FFA8BFB3BD904EBDB
:10F850008B03D946D3F8CC8008F1200583E7042335
:10F86000C4F8D8008DF80930C4E92E57C4F8DC601C
:10F870002A463B462046FFF7ADF8CDE904578DF800
:10F880000800CDF804A08DF800602046FEF708FAC5
:10F890000AF04AFD07B0BDE8F04F0DF035BCAB42B1
:10F8A0000DD85A00B5EB430F38BF1546FFF45BAFD8
:10F8B00040F245412120FAF7E7FA8B4642E71D4620
:10F8C00051E7FFF7EBF84FF485612120FAF7DCFAF6
:10F8D00040F24E412120FAF7D7FA40F25A71212026
:10F8E000FAF7D2FA2DE9F04F012983B005462ED957
:10F8F000022940F0CD80D0F81031002B00F0D280EA
:10F9000000245C7390F87811224661F3070261F3DA
:10F910000F22A3F82021FF2683F822610339D0F8B3
:10F92000100101298CBF00210121E83003F01DFFE7
:10F93000D5F8100108F02BFBC5F8104185F81661C9
:10F940000AF0F2FC03B0BDE8F04F0DF0DDBB01F0B2
:10F95000010AD0E92C980AF0CFF995F8787183461E
:10F960003946504603F003F8044638460BF02CF9AC
:10F9700000260146BAF1000F03D0BB1EDBB2022BFA
:10F980006ED94FF4FC7214EB0B0346F1000613EB37
:10F990000904494B33F8173003F2E7330B44474966
:10F9A000A1FB03134FEA931348EB0606E31A66F133
:10F9B00000069C1846F1000605F026FAD5F81071ED
:10F9C0006630241A66F10006D7F8C88005F04EF9B3
:10F9D00005F1E803834237D0D7E976014246CDE905
:10F9E000004605F06DF9804561D3354BD5F81021FF
:10F9F0001B6892F82A11834215D9D2F8C830C2F890
:10FA0000D830034400293FD141F66A010D468842AF
:10FA1000A2F8DC5041D21B1946F10006C2E9763645
:10FA200003B0BDE8F08F01BB264BA3FB00139B0A7C
:10FA300040F2E24101FB03F3C2F8D83041F66A0319
:10FA4000A2F8DC300346E6E797F829010028CCD07D
:10FA5000CDE900464246D5E93A0105F031F9C4E75F
:10FA6000194A02EB8303DA688DE7184BA3FB0013F6
:10FA70005B09642101FB03F3C2F8D8304FF4FA7339
:10FA8000A2F8DC300346C6E74FF4FA710D46BEE734
:10FA90004FF404612120FAF7F7F94FF4FA612120BD
:10FAA000FAF7F2F940F2DB712120FAF7EDF940F2B2
:10FAB00061312120FAF7E8F9FC5F0400D34D6210B0
:10FAC000A09700205917B7D1A85D04001F85EB51FE
:10FAD00000EA400000EA400000EA400000EA40007E
:10FAE00000EA400000EA4000B0FA80F040097047A8
:10FAF00008B503468B42104609D03AB183EA0100AB
:10FB000003F096FF01288CBF0020012008BD0120D2
:10FB1000FCE737B50023CDE9003304460D466846BF
:10FB2000FBF744F930B10023CDE9003302238DF80F
:10FB3000063014E0009B2A46D3F8CC102046FFF78D
:10FB4000D7FF0028EBD0012003B030BD009B2A4630
:10FB5000D3F8CC102046FFF7CBFF0028F3D168463E
:10FB6000FBF724F90028F1D00023CDE9003304236A
:10FB70008DF8063007E0009B2A4619682046FFF7FB
:10FB8000B7FF0028DFD16846FBF710F90028F2D054
:10FB90000023CDE9003305238DF8063007E0009BF4
:10FBA0002A4619682046FFF7A3FF0028CBD16846F4
:10FBB000FBF7FCF80028F2D00023CDE9003309233D
:10FBC0008DF8063008E0009B2A46D3F8BC11204689
:10FBD000FFF78EFF0028B6D16846FBF7E7F800284C
:10FBE000F1D00023CDE900330B238DF8063008E077
:10FBF000009B2A46D3F8E4102046FFF779FF00283F
:10FC0000A1D16846FBF7D2F80028F1D000224FF4CA
:10FC10004023CDE900236846FBF7C8F858B100231C
:10FC2000CDE900330A238DF806306846FBF7BEF8AD
:10FC300058B1002088E7009B2A46D3F8E4102046FC
:10FC4000FFF756FF0028E6D07DE7009B2A46D3F851
:10FC50003C112046FFF74CFF0028E6D074E7D4D4CF
:10FC600010B50446FFF734FF08B9002010BDE0438B
:10FC7000FFF72EFF0028F8D0E31683EAA4635A1E8C
:10FC80001A42F2D0E3B25A1E13405A1E1342ECD06D
:10FC9000A0B203F017FF0B28E7D8204603F00EFFB1
:10FCA0001828E2D8A3B2B3EB144F04D184EA14238A
:10FCB00013F0FF1FD9D0044B6340581E1840003882
:10FCC00018BF0120D2E700BFD6BE898EF0B5070C61
:10FCD000A7F5AA42144B543A012A03EA90231FD9EC
:10FCE00027F4004042F6AA22801A18BF0120002201
:10FCF000162116461F2487EA060562EA0505013526
:10FD000010D0DD03ADB245EA5606E503ADB20139C8
:10FD100045EA52024FEA53034FEA5404EBD1F0BDD7
:10FD20000020E4E70020FAE7E0FF3F0070B523265B
:10FD3000002503F04BFE0446FFF792FF20B100219F
:10FD40002046FFF7E6FE50B10020013E01D000281A
:10FD5000EFD04DB940F215210F20FAF795F8204663
:10FD6000FFF7B4FF2546F0E7284670BD00F0FD0020
:10FD7000003818BF012070478207034607D410F0EF
:10FD8000010005D113F0040018BF032070470220C2
:10FD900070478207034607D410F0010005D113F025
:10FDA000040018BF03207047022070476FF45063AF
:10FDB000C318062B8EBF40F2E243A0F550604FF40B
:10FDC0007A73584370472DE9F041B0F86A70B0F883
:10FDD0006C50164671B308F0B0F80221044602F0E8
:10FDE000A4FD02218046204602F09FFD474528BF22
:10FDF0004746BFB21B2F38BF1B27FB2F28BFFB274F
:10FE0000854228BF0546ADB21B2D38BF1B25FB2DF3
:10FE100028BFFB25B4F5A47F38BF4FF4A474B4F514
:10FE2000296F28BF4FF429647780F580B48034812E
:10FE3000BDE8F08105F0C8FECFE7D4D4304BF0B573
:10FE4000B0F86C70B0F86A601D890C461146DA880B
:10FE5000974228BF1746964228BF16461B2E85B0EC
:10FE60002ED0B5F5A47F2DD040F648039D4201AABF
:10FE700028BF1D46FFF7A7FFBDF80A30BB4228BFC9
:10FE80003B46E380BDF80C30AB4228BF2B462381B4
:10FE9000BDF80630B34228BF33466380BDF8083052
:10FEA000AB4228BF2B46A380FF232370E3881B3B74
:10FEB0009BB2E02B08D940F209513920F9F7E4FF51
:10FEC0001B2FCED105B0F0BD63881B3B9BB2E02B4E
:10FED00002D940F20B51F0E72389A3F5A4739BB23A
:10FEE00040F64812934202D940F20D51E5E7A3884B
:10FEF000A3F5A4739BB29342E4D940F20F51DCE71F
:10FF00003498002013B501210020FAF715FF0446AC
:10FF100088B901210846FAF70FFF0446C0B900234B
:10FF2000CDE9003303238DF806306846FAF73EFF2B
:10FF3000C8B100200AE0A830FFF72CF90028E8D06B
:10FF40002046FDF761FE0028E3D0012002B010BD7D
:10FF5000A830FFF71FF90028E1D02046FDF754FE36
:10FF60000028DCD0F1E7009C204606F04FF800287E
:10FF7000DBD0204606F0F3FA0028D6D0E5E707B537
:10FF80000023CDE9003303238DF806306846FAF7E5
:10FF90000DFF08B1002004E0009806F037F80028B3
:10FFA000F4D003B05DF804FB13B501210020FAF78B
:10FFB000C3FEC0B901210846FAF7BEFEF8B9FFF743
:10FFC000DEFFA0B9062301906C4600908DF8063044
:10FFD0002046FAF7EBFEC0B10023009363600723CD
:10FFE0008DF806301FE0A830FFF7D4F810B10120DB
:10FFF00002B010BDFDF79AFE0028DBD0F7E7A8306D
:020000023000CC
:10000000FFF7C8F80028DAD0F1E70098403004F094
:1000100097FD0028DCD0EAE7009B586F503004F0D1
:100020008FFD0028E4D12046FAF7C0FE0028F3D067
:100030000020DDE7F7B50023CDE9003304460E4686
:1000400017466846FAF7B2FE08B100201AE0009D94
:10005000A542F6D03046FFF789FE05F1AD0395F8CD
:10006000AC20394602F00AF80028EAD095F8B3200F
:1000700094F8B30005F1B40304F1B40101F0FEFFFC
:100080000028DED003B0F0BD054A516A11F8030B19
:1000900002F11D03C0F38010127F01F0EFBF00BF1B
:1000A000749D0020012817D80D48824216D8012BD4
:1000B0000DD140F252739A4210D90A4BA1F6C410E6
:1000C00098420BD88A428CBF122000207047042B24
:1000D000F3D140F6C313EEE712207047302070478B
:1000E0008FFD7002CBF370020138C0B2032808B54F
:1000F00004D94FF43F710620F9F7C6FE014B185C96
:1001000008BD00BFC45D04000138C0B2032808B5B3
:1001100004D94FF43F710620F9F7B6FE014B185C85
:1001200008BD00BF1C5E04000138C0B2032808B53A
:1001300004D94FF43F710620F9F7A6FE014B185C75
:1001400008BD00BFF85E040010B504460A48FDF77C
:10015000ADFD20460949FFF723F82046FDF750FC86
:1001600038B12046FDF786FC2046FDF795FD0020BE
:1001700010BD1220FCE700BF689800207098002096
:1001800038B5044606F0BDF9D8B1204605F03EFF6B
:1001900008B9002038BD204605F040FC0546204641
:1001A00005F0E8FC78B9002DF3D0B5F8AA000221DB
:1001B000FAF7D8FD0028ECD041F6D6213920F9F71E
:1001C00063FE4220E6E70C20E4E7D4D4F8B50D4600
:1001D0000746A81F80B240F67A4C6045BDF818600B
:1001E000BDF81C1015D8941FA4B264458CBF002024
:1001F000012087B9194C247C84B188B96FF4506709
:10020000EC19062C04D86FF450641419062C07D985
:10021000F8BD0020EDE797F88140EDE70028F7D022
:10022000954218D803FB0111B1F5FA7F13DCA6F152
:100230000A039BB240F6764083420CD81046FFF783
:10024000B5FD42F2107341435E43B6EB410F8CBFE4
:1002500001200020DCE70020DAE700BF349800200E
:100260002DE9F04F994685B07E4B7F4D0DF1080882
:10027000044618681B7988F8043095F866300290B7
:100280000F46164613B1404602F09AFC3946204606
:1002900002F02AFCAB69C4F8E83096F84A2006EB75
:1002A0004202B2F82AA05046FFF780FD01466FF4E3
:1002B00050608244BAF1060F4FF0000379D9908C58
:1002C00084F82A314FF09612A4F8E430C4F8E02004
:1002D000FFF76CFD40F2E24204F030FD40F2E243F1
:1002E000014604F1A80AA4F8EC31C4F8C810C4F817
:1002F000E811504607F021FE834601F0A1FB83067A
:1003000054BF1B236B88A4F8123158BF1A46574BB1
:10031000A97B1B6848BFAA88A4F8142184F8F010B0
:10032000A4F8F2B01BB194F92811384698472B7CF9
:10033000003B18BF012384F829314D4B1B681BB1CA
:100340004C49B4F8AA0098470123A4F8DE304A4B80
:100350001B681BB14949B4F8AA009847484B1B6871
:100360001BB14849B4F8AA009847474B1B6813B122
:10037000B4F8AA009847454B1B6813B1B4F8AA001B
:100380009847AB886A88697801912978009103338E
:1003900003329BB292B204F1C40104F1C000FAF737
:1003A0006DFDD4F8C03083B940F6F4713920F9F707
:1003B0006BFD4FF04D12A4F8E430012384F82A318C
:1003C000C4F8E0204FF47A738BE7D4F8C43013B943
:1003D00040F6F571EAE7FFF7A9FCC4F8CC00B9F1E3
:1003E000000F05D003F0F2FA20F07F40C4F8D400EB
:1003F00096F84A30E96906EB43062046338EA4F8A6
:10040000D030F38EA4F8D23007F094FD414604F1C9
:10041000170002F037FC95F8663013B9FF2384F813
:100420003532AB6E23B1012204F5977150469847DF
:100430001749504601F061FB03F0C8FA0C23B0FBEA
:10044000F3F202FB1300C0B2431DDBB2082B9CBFCA
:100450000D30C3B284F82330204602F072FB05B0A1
:10046000BDE8F08F1415040034980020D8A00020B7
:10047000D0A0002058980020E8A000208E980020EE
:10048000DCA0002080980020E0A00020E4A0002054
:100490003E980020F0B587B0054602A9008802F01A
:1004A000C5FA044600287CD1029B93F86A21029E7B
:1004B000D11E4A424A418DF8062096F8A820002A0B
:1004C00072D1DA7B222A72D19DF8062082F00102D5
:1004D00093F862308DF807209B0603D49DF807300F
:1004E000002B68D0EB881B3B9BB2E02B65D8298999
:1004F000A1F5A4739BB244F2481083425DD86B8887
:100500001B3B9BB2E02B58D8AA88A2F5A4739BB2E0
:10051000834252D8B1F5296F51D8B2F5296F4ED820
:10052000FF2786F82F719DF80630002B41D1029BE2
:1005300093F8A810B1FA81F103AA06F1A8004909BD
:10054000FFF741FC6A88BDF81230BDF81410B5F809
:1005500006C0934228BF134640F64800A6F834313F
:10056000BDF80E30AA88814228BF0146634528BFE6
:100570006346A6F83031BDF81030834228BF0346E9
:100580002889834228BF03468A42A6F8323113469F
:1005900028BF0B46A6F8363186F82E71002386F860
:1005A0002F31204607B0F0BD1A6892068CD422463F
:1005B0008EE73A24F2E71A24F3E71224F1E7112434
:1005C000EFE7D4D410B503210020FAF7B5FB0446B9
:1005D00070B90321FAF774FB044620B940F22531C3
:1005E0003920F9F751FC034B93F96C1005F04DFFDE
:1005F000204610BD3498002010B50446FFF7BFFC1C
:1006000058B901210020FAF797FBD0B9012108461B
:10061000FAF792FBD8B9012009E001F0D3F968B1EB
:10062000FFF7D0FF044606F00FF808B1002010BD18
:10063000204606F005F80028E3D0F7E7002CE0D1CB
:10064000F4E7A830FEF7A6FD0028DFD0EEE7A830DB
:10065000FEF7A0FD80F00100C0B2E8E7014B58882A
:10066000704700BF34980020006890F8A8303BB174
:1006700090F8E23123B1002380F8E23105F0BABAF4
:100680007047D4D4044BD87BC0F3400080F0010005
:1006900000F00100704700BF3498002010B501F051
:1006A000B9FC01F071FE01F0E9F902F04BFE04F033
:1006B00005FA02F0A5FA08F00FFF012001F07CF91D
:1006C000184B194C194A002119604FF01B13C4E94B
:1006D00000234FF4A473A3604FF479432361144BB8
:1006E000A4F86410586860631B89A181102204F18A
:1006F0003C0084F83210E17323870EF0BDFA012329
:1007000004F15A0042F21072C4E9102284F83C301D
:10071000637508F0FBFE04F14C00BDE8104008F0E2
:100720001BBF00BFC8A000203498002003021B009C
:10073000C45D0400044B41F64C521B21C3E9062260
:1007400099731A62FFF7AABF34980020F7B53B4DA2
:10075000AB69C0F8E8302B7C003B18BF012380F860
:10076000293100F1A807364BC0F8C8300446384696
:1007700005F02AFA064601F063F9830654BF1B23ED
:100780006B88A4F8123158BF1A462E4BA97B1B6800
:1007900048BFAA88A4F8142184F8F010A4F8F260E5
:1007A00023B194F92811B4F8AA009847264B1B6886
:1007B0001BB12649B4F8AA0098472549384601F0EC
:1007C0009CF90123A4F8DE30224B1B681BB1B4F85E
:1007D000AA0000219847204B1B681BB1B4F8AA005F
:1007E000002198471D4B1B6813B1B4F8AA00984725
:1007F0001B4B1B6813B1B4F8AA009847AB886A88F2
:100800006978019129780091033303329BB292B247
:1008100004F1C40104F1C000FAF730FBD4F8C03091
:1008200023B940F2E2413920F9F72EFBD4F8C43065
:1008300013B940F2E341F6E703B0F0BD349800206D
:1008400000093D00D8A00020D0A00020589800202A
:100850003E980020E8A00020DCA00020E0A00020BE
:10086000E4A000202DE9F34104460E4605F049FEC0
:10087000002800F09680204605F0EAFE40B1B6F868
:100880000130013B7F2B03D9122002B0BDE8F0817B
:10089000204605F0E1FE08B90C20F6E7204605F0F9
:1008A000B5FB0028F8D1204605F0D9FD8046002888
:1008B000F2D1204605F058FE0028E5D0B6F80170C8
:1008C000F17842F2107320465F4305F0AFFE042139
:1008D0003078FAF731FA062105463078FAF72CFA23
:1008E0002DB140B141F676213920F9F7CDFA18B390
:1008F00090F8E58005462C4E3368EBB1403528462C
:1009000004F02DF9C0B1284604F01AF9A0B9B8F1E5
:10091000000F07D0254B28461B68984760B141F669
:100920008A21E1E722493368096A42462846984706
:1009300010B141F68F21D7E7204605F081FE014630
:1009400038B93A46204605F06DF840B341F6982193
:10095000CAE702210DF10600FAF77AF9054608B94F
:100960000D2092E7BDF8061002F0FAF8294620465D
:1009700005F08AFE2846FFF7E9FE3A46294620465A
:1009800005F050F8024610B141F6B421ACE7084B2F
:100990009B6E23B105F5977105F1A80098470020DB
:1009A00073E7422071E700BFCCA00020D4A0002054
:1009B00034980020074B01889A88914207D3B0F8F9
:1009C000032091B219B1A3F86420002070471120D0
:1009D000704700BF34980020024B1B6803B11847D2
:1009E0000C207047C8A0002010B5044604F06CF835
:1009F0002070002010BD10B5FFF784FA044630B90E
:100A000004F05CF8204601F0CFFC204610BD0C201D
:100A1000FCE710B50378012B044601D9122010BD64
:100A2000FFF7C2FA60B92078FFF7A0F901280DD0CE
:100A300004F11703E21D611CBDE8104001F0DEBCAB
:100A400001F07EFD0028EED00C20E8E7A37903F04A
:100A5000C003C02BE2D1EBE710B50378012B0446AD
:100A60000AD8FFF7A1FA48B9214611F8010BFFF7A0
:100A70007DF901F03FFD38B9122010BD01F060FD95
:100A80000028F1D00C20F8E70020F6E710B5044666
:100A9000FFF738FA90B92078012803D9FF2809D048
:100AA000122010BDFFF762F9611C04F013F838B191
:100AB0000020F6E7012001F077FCF9E70C20F0E7D1
:100AC0000720EEE708B5008801F040FD00280CBFC4
:100AD0003020002008BD38B50546FFF765FA04460A
:100AE00038B92878003818BF012001F023FD2046CE
:100AF00038BD0C20FCE708B5FFF756FA18B901F02D
:100B000009FD002008BD01F01BFD0028F7D00C20D6
:100B1000F8E708B50821FAF71FFC002008BDD4D477
:100B2000014B93F96C00704734980020034B5A88AE
:100B300002801B7883700020704700BF349800202B
:100B400010B501460446002001F07EFA08B9206085
:100B5000A080002010BD10B504460120FFF74CFD19
:100B600028B10120214601F057FA002010BD0C20C9
:100B7000FCE7D4D473B583781A2B064608D8042B27
:100B800004D9334A22FA03F3DB0705D412251AE00D
:100B9000292B01D03B2BF9D13088B0F5706FF5D2FD
:100BA000694601F043FF88B9009B93F82C2102F0BD
:100BB000FF05C2B9B27883F82D21FF2283F82C21DA
:100BC0006846FFF751FD284602B070BD3088092104
:100BD000FAF7B2F80446002837D0B0F8AC0101A902
:100BE00001F024FF08B10C25EDE7B4F8AE010821AF
:100BF000FAF7A2F820B94FF404613920F9F744F963
:100C000003781BB994F8C831032BECD1019B93F8FE
:100C10004221002AE7D194F8F02102F0FF05002AD2
:100C2000E1D1B4F8B021A3F8442194F8B82183F8B5
:100C30004621027D83F84721B27883F8482184F861
:100C4000F021FF2283F84221BDE70225BBE700BF68
:100C500020003804FFF71EBC37B508800D4601A9F7
:100C600001F0E4FE044640B9019810F8A81FB1FA5B
:100C700081F12A464909FFF7A6F8204603B030BDA6
:100C800010B50446FFF790F958B92078FFF76EF8D1
:100C9000611CE27901F0BEFD80F001004000C0B2AD
:100CA00010BD01F04DFC0028EFD00C20F8E7D4D4A3
:100CB0002DE9F0470378032B044603D91225284673
:100CC000BDE8F0874378032BF8D8437E8578002B66
:100CD0004FD1012DF2D100F0BDFE854340F091804F
:100CE00094F8028018F0010506D02269A168E07826
:100CF0000123FFF7D7F9054618F0020F07D0226944
:100D0000A168E0780223FFF7CDF92843C5B218F0B7
:100D1000040F7AD094F803A0D4F808902269042331
:100D200049465046FFF7BEF9284310F0FF05C6D1EB
:100D3000B8F1050F0ED194F80480E16862690423CC
:100D40004046FFF7AFF905460028B8D1C24558D153
:100D5000894556D1237E013B062BAFD801210020C7
:100D6000F9F7EAFF054650B940F642413920F9F754
:100D70008BF86B1E062BA1D8AA079FD4ABE7A8302F
:100D8000FEF708FA18B195F854309B073BD1657E01
:100D9000E278A078A168B4F800E094F818C0003DAB
:100DA00018BF0125012A1ABFB2FA82F252090222A3
:100DB00010F0010F00F004031FD026695BB16769D2
:100DC000F319994207D24B089E4228BF1E468B1B3F
:100DD0009F4228BF1F460E4B83F83950C3E91016B7
:100DE00083F8340083F83520A3F836E083F838C060
:100DF00083F83C009F64002561E7002BEBD0276956
:100E0000E9E711255BE70C2559E7002DA2D056E74D
:100E10003498002000B589B043798DF80430837987
:100E20008DF8053001238DF8063003788DF80730F2
:100E3000B0F8013040F271214B430393B0F8032026
:100E40004A430D49059291F838108DF81C10002185
:100E50008DF81D100949A2F6C4128A4209D8A3F6DA
:100E6000C4138B4205D801A8FFF722FF09B05DF833
:100E700004FB3020FAE700BF349800203C369C0089
:100E80002DE9FF4106460078012813D17378012B24
:100E900003D9022B0CD1B38853B17288B2B1B38895
:100EA000A3B10A214A434FF4A0614B439A420DDBA0
:100EB00012247AE00028FBD10121F9F73DFF054615
:100EC000002840F08E8040F69A5107E00121002072
:100ED000F9F732FF054620B940F63F513920F8F7BF
:100EE000D3FFB388002B76D1FCF73EFC002874D1E9
:100EF00095F81431002B72D12846FFF725F90446E6
:100F00000028D5D101210846DFF82C81F9F714FF1C
:100F100098F81410074619B110B940F65B51DDE797
:100F200098F834200023CDE9023312F001031CBFEE
:100F3000D8F844000290520741BF04AA02EB830391
:100F4000D8F8482043F8082C002941D097F81431EC
:100F5000002B3DD07388DBBB98F834300093D8F871
:100F6000402098F8361002AB3846FCF7F3FD78B312
:100F70003846FEF77FF907F14003064605F14002C7
:100F8000683753F8041B42F8041BBB42F9D12846CA
:100F9000FFF7DAF8024610B140F682519EE70C2EB8
:100FA00007D101462846FEF75BFB204604B0BDE8AA
:100FB000F08116B140F68B5190E798F83530296DE5
:100FC00043F0040385F854302846FEF717FBECE79E
:100FD000B2887188E6E71124E7E73A24E5E70C24B4
:100FE000E3E7FEF7CDF804460028DED195F854304B
:100FF00095F8A62022B195F8A720134385F8A600FE
:10100000053B012BD1D82B6D13B940F6AA5165E7EA
:1010100001210846F9F790FE4FF4C07229460646B2
:101020000DF0ACFE002386F894300423316D86F871
:1010300054303046C9E700BF3498002010B504464C
:10104000002000F0B9FC2046BDE81040FFF718BFB3
:1010500007B503788DF8003043788DF80130684685
:101060000023ADF80230ADF80430FFF709FF03B0FC
:101070005DF804FB2DE9F04F457AA9078BB00446D3
:1010800018D545F001054572072D15D800F0E2FC92
:1010900035EA000040F0508194F848308BB9012DBA
:1010A0000AD1A369A54AA3F25373934200F2428185
:1010B000012609E06A07E7D1122420460BB0BDE8FB
:1010C000F08F15F00106ECD1AB0745BF731CB1469C
:1010D0004FF0FF09DEB26F070AD5B31D984A54F8E6
:1010E0002330A3F6C413934200F224810136F6B2F2
:1010F00004F1080704F122054FF000085FFA88F3B5
:101100009E422BD823789A1E022A40F21581012B89
:10111000D2D813B9A378012BCED86378032BCBD8C0
:1011200094F84930013B062BC6D8864F0121002098
:10113000F9F702FE3B7D0546002B44D1012108460C
:10114000F9F7FAFD002818BF054605F1A800FEF7DB
:1011500021F80646002850D00C24AEE799452DD042
:10116000D7F804A03B695345A6D86A8B2B8C9A42CA
:10117000A2D8B5F814B06988EB892A890120CDE995
:1011800000B00020CDE90213FFF720F8002800F09E
:10119000D180B8F1000F11D02888029988428BD1F4
:1011A000E988914288D1AA89039B9A4284D16B8AAB
:1011B0005B4581D13B689A4540F0BE8008F101084B
:1011C000043702359AE7A830FDF7E4FF0028B5D0D0
:1011D000D5E92A126FF000439A4208BFB1F1FF3FF0
:1011E000ACD1637A0093E268617804F11803284671
:1011F000FCF7B0FC06460028A0D02846FCF7BAFA57
:1012000008B13A2459E72846FCF7AEFA0028F8D18D
:10121000FB7C4BB906AF06937B6006238DF81E302E
:101220003846F9F7C3FD68B300210DF11600F9F750
:101230000FFD074600287BD0BDF81610012322467B
:10124000FFF70EF8384606F08DFE1EB96178284685
:10125000FCF70CFC04F10308A278217843462846E9
:10126000FCF7AAFB00286FD11224B7F8AA000021CE
:10127000F9F778FD00283FF420AF41F288213920AA
:10128000F8F702FE069B93F8CD20802AC8D093F889
:10129000E530002BC4D05FE7637A8DF8186013F057
:1012A00001021FBFA069089001208DF818009E0759
:1012B00048BF0132E168079148BFD2B258071BD539
:1012C0009DF81800063203F0050354F82220099215
:1012D00040F00400052B8DF818000DD10898131864
:1012E000994209D24B08834228BF0346C91A089382
:1012F000914294BF0991099206A92846FDF750FF33
:1013000094F84810003918BF01212846FCF750FB1B
:1013100094F849102846FCF72FFB2846FCF7BCFC44
:1013200039462846FEF76AF90024C6E60B249CE7F6
:101330000D24C2E63024C0E61124BEE63CF670025D
:10134000CBF370023498002016B92846FCF792FBC4
:101350002178A27843462846FCF7C2FB94F809900E
:1013600000F078FB09EA000101F005012846FCF7CE
:1013700007FB16B9042385F854302F65A078FEF7D3
:10138000F5FC424601462846FCF7C6FB237833B9F4
:10139000A17842463846FEF74DFE0028C6D1002E01
:1013A0003FF47AAF04212846FCF734FB0028BBD178
:1013B0000C245AE710B54379032B94B057D823F087
:1013C00002038DF80630D0F80630CDF80730438997
:1013D000ADF80B3001238DF80D30038802798DF8BC
:1013E000042040F27121027B8DF805204B430493C9
:1013F00042884A430792847B417B41EA0421ADF84D
:101400002810047CC17B41EA0421ADF82E10847CB5
:10141000417C41EA0421ADF83410047DC17C41EAED
:101420000421ADF83A10417D847D41EA0421ADF8F4
:101430004010C17D007E41EA0021ADF84610002138
:101440008DF84C100C488DF84E100C4990F838006F
:101450008DF84D00A2F6C4128A420AD8A3F6C4132E
:101460008B4206D801A8FFF705FE14B010BD12206C
:10147000FBE73020F9E700BF349800203C369C00A1
:1014800073B506230025CDE900558DF80630684672
:10149000F9F78CFC08B1002610E0009D95F8CD30DE
:1014A000802BF4D095F8E560002EF0D095F831311E
:1014B000002BECD195F8CC30002BE8D10121002095
:1014C000F9F73AFC044620B941F2BB213920F8F77C
:1014D000DBFCA830FDF75EFE224B1B7D73B3E0B151
:1014E00094F85430053B012B17D82046FDF7C2FE77
:1014F000054610B141F2C621E8E72046FCF740F965
:1015000094F8543023F0040384F854302A462946D2
:101510002046FEF7A5F800250DE001210846F9F761
:101520000BFC044610B941F2D221CFE7A830FDF7F9
:1015300031FE60B90C25284602B070BD28B9002ED6
:10154000F8D0FF2385F8CC30E5E7002EF9D120460E
:10155000FDF790FE05460028EDD12046FCF710F976
:10156000E9E700BF349800202DE9FF41044603A9B4
:10157000008801F07DFA064620B9039D95F8A83051
:1015800023B11126304604B0BDE8F081A288104690
:10159000FEF70CFCD5F8C830A189984260890CBFD1
:1015A000B5F8DE300123884205F1A80601D91226DC
:1015B000E8E7019323890093E38861883046FEF7CA
:1015C00005FE804600283CD095F8523203F0FF0615
:1015D000002B38D1A088FEF7E9FB074605F1E800AB
:1015E00002F087F820308742CBD3A3886FF4506293
:1015F0001344062B8ABF40F2E2436423B046BB4249
:10160000D5D2B8F1000F05D0B5F8201140F2022272
:1016100091421AD1A5F83E32C5F84472E279A37915
:1016200043EA0223A5F84832237A627A43EA022386
:10163000A5F84A32002385F85032FF2385F852324C
:10164000A0E730269EE73A269CE70C269AE773B57A
:10165000054601A9008801F00BFA064620B9019C55
:1016600094F8A8301BB10C26304602B070BD94F837
:10167000823203F0FF0633BB94F86230DB0724D5D7
:10168000D4F8A430002BEED1D5F80230C4F878326B
:10169000D5F80630C4F87C326B89A4F8803204F5A2
:1016A0001A7205F10C031C3553F8041B42F8041B95
:1016B000AB42F9D10C2104F51570F9F74DFEFF236B
:1016C00084F88232D0E73A26CEE71A26CCE730B546
:1016D00089B003466A4600F118051868596814462F
:1016E00003C40833AB422246F7D1186820600223B6
:1016F0006846ADF81C30FFF7AAFF1E220446002101
:1017000068460DF0F9FA204609B030BD73B50546BC
:10171000FEF758FF002604468DF8046004F098FF99
:101720002B788DF80760C001012BADF8050005D1BD
:1017300001A92046FFF796F802B070BD2BB92046EC
:1017400002B0BDE87040FEF71BBD1220F4E710B5F3
:10175000044634F8020B0880022180B2F9F7ECFA53
:1017600020B12146BDE8104006F064B9022010BD4A
:10177000008808B50880022180B2F9F7DDFA20B1AF
:10178000BDE80840002106F055B9022008BDD4D4B8
:101790000278034672B1427862B142881A2A09D9A6
:1017A00082881A2A06D9044A006810609B889380B0
:1017B000002070471220704734980020014B587465
:1017C0000020704734980020014B98740020704727
:1017D00034980020024B1B6803B118471120704752
:1017E000ECA0002008B5052000F0F2F807F014FE88
:1017F000014B024A9A6608BD349800203DFE020063
:10180000082000F0E5B807F009BE10B5044604B999
:1018100010BD236898476468F9E703680BB9016055
:1018200070471A465B6813B18A42FAD170478A4200
:1018300018BF5160704708B506F07AFBFFF770F9E2
:10184000FBF7BAFFBDE8084003F098B908B503F00C
:101850008FF906F065FBFFF763F9BDE80840FCF778
:1018600005B808B5FCF742F8BDE80840FFF7EEBF41
:1018700008B50220F9F7BAFA0020F9F7B7FAF9F734
:101880004FFB00F07FFBFAF7B7FB20B140F24311AA
:101890009320F8F7F9FA08BD08B5FFF7CCFF07F079
:1018A0006DFD20B14FF4E8719320F8F7EDFA08BD13
:1018B000FFF7DEBF08B500F06DFBFAF77DFB0220F5
:1018C000F9F794FABDE808400020F9F78FBA08B597
:1018D000FCF714F8FFF7BAFFFFF7ECFF07F050FD35
:1018E000BDE8084001F054BD10B5084C072000F0D9
:1018F0006FF804F108000649FFF78FFF04F10C00B0
:101900000449BDE81040FFF788BF00BFA49800203D
:101910009C210020A421002010B50A4C072000F0D3
:1019200057F804F108000849FFF777FF04F10C00AD
:101930000649FFF772FF04F110000549BDE81040A9
:10194000FFF76BBFA4980020AC210020B421002039
:10195000BC21002038B5074C0D4601F0D5FCA0682D
:101960002560FFF752FFFEF7E5FE02F047F801237E
:10197000237538BDA498002010B50A4CE068FFF725
:1019800044FF2069FFF741FFFEF788FE202000F0AA
:1019900033F8262000F030F8292000F02DF800233D
:1019A000237510BDA498002000487047B998002006
:1019B00000487047BB990020014B83F8190270471B
:1019C000A4980020014B93F819027047A4980020B6
:1019D000C208074900F0070001238340885C0343E5
:1019E0008B5404490B78934238BF13460B707047F1
:1019F00050210020BE9A002010B50F4BC40803EB05
:101A0000D002012100F0070001FA00F0195D21EA7F
:101A10000001195509490B78A34205D1002012F89D
:101A2000014914B100B10B7010BD002BFAD0013B7D
:101A3000DBB20120F3E700BF50210020BE9A002056
:101A4000014BD3E900017047502100200048704746
:101A500058210020054B1868C0F3C022C0F30020B5
:101A6000400040EA820040F0010070475021002011
:101A70000123038040F201134380704708B50AF048
:101A800085F9084A002332F82310814205D302EB7E
:101A900083029378044A137008BD01330C2BF2D1F2
:101AA0000023F7E7EC5D0400BF9A0020024B187892
:101AB000072828BF07207047BF9A00200AF066B9A0
:101AC0000B46892203F8032BD0F80920C1F8032024
:101AD000427B1A717047012804D1012914BF0020EC
:101AE00001207047022801D10229F7E7042908BF25
:101AF00004280CBF01200020704738B50D4604466D
:101B0000FFF7A8FF2B78002B08BF034684F874303A
:101B10006B78002B08BF034684F875306B88A4F8F7
:101B2000763038BD2DE9F04F0468984694F863305C
:101B300094F80FA043EAD3030F46D90785B01646A1
:101B400004F1A80902D4BAF1260F5FD194F8A85085
:101B5000002F55D1FFF77EFF8DF80B00002E51D1DD
:101B6000FFF778FF2B4B8DF80C00D3F800B0BBF1DA
:101B7000000F0CD0AAF1260253425341009328468D
:101B800003AB0DF10B024946D847054630B99DF825
:101B90000B3013B19DF80C0028B90925BAF1260FB6
:101BA0002AD10020034694F8292132B19B0700F086
:101BB00002002DD560B302200346FF2284F83921AC
:101BC00094F8382102F0FF05F2B99DF8382084F826
:101BD0003B0184F8382184F83A31A4F83C8103A908
:101BE00048468DF80C708DF80D60ADF80E80FFF74B
:101BF00084FF002384F83931284605B0BDE8F08F12
:101C00003846A9E73046ADE73A25F2E71A25F3E76B
:101C10000925F1E7F0A0002037B58B78046803F0C0
:101C2000070384F819314B7803F0070384F818315F
:101C300026230546E37394F8393113BB94F8383101
:101C4000012B1ED094F8213194F81821D91E0129B6
:101C500098BF04239A42B4F81E3118D194F8202179
:101C600094F81901D11E012998BF04229042B4F8BA
:101C70001C110CD1022284F83821A4F83A11A4F8DE
:101C80003C31284603B0BDE8304001F06EBF022071
:101C900094F81D2194F81C1100902846FFF742FF8C
:101CA0000028EED04FF46671AE20F8F7EDF8D4D4EA
:101CB00010B50468B4F8AA3084F87E11A4F87F3116
:101CC00094F82001FEF720FA84F8810194F82101AC
:101CD000FEF71AFA84F88201034904F27510BDE890
:101CE000104001F087BC00BFC11A030008B50368AB
:101CF0009A7B22B14FF4E671AE20F8F7C5F82422A2
:101D00009A7308BD30B5C1F30722CCB2164985B02D
:101D100009780190C5B2C0F3072349B9114620469E
:101D2000FFF7D9FE20B919462846FFF7D4FEB0B117
:101D30002B40234002EA03000146FEF72AF804463E
:101D40000846FEF726F8032C04D1BDF80630012B17
:101D500008BF0424E4B244EA002005B030BD05EA1F
:101D6000020003EA0401E8E7C09A0020032906D133
:101D700001280AD1042151801380012070470429D1
:101D800003D1012801D00321F5E700207047012885
:101D900007D0022805D0033801288CBF002001207D
:101DA000800070477FB50B460468CDE900211846D6
:101DB0001146FFF7A7FF94F8206194F82151C3B2B0
:101DC000C0F30720B34208BF0023854208BF0020AC
:101DD00084F83A3284F83B0204B070BD2DE9F0413A
:101DE0000C6894F83A22D31E012B05460F462DD8D5
:101DF00094F82031D91E012928D8D31A18BF0123FD
:101E000094F83B02FFF7C3FF06460BBB1046FFF7F3
:101E1000BEFF804694F89F306BB948EA060313F082
:101E2000FF0306D0204601F025FF3B68DB88034412
:101E30009BB2A4F83832B4F83832EB701B0A2B711D
:101E4000AE7085F801800520BDE8F0810023D7E75A
:101E50004FF00008DEE7F7B504680E46E17B054663
:101E6000174671BBA37B283B022B2CD901A800F09D
:101E7000ADF8014628B1019BDB788DF803300DF1F8
:101E80000301A07B162201F0B3FE044630B10246E6
:101E90001621284601F08FFE044609E073785A07A0
:101EA00009D0B3785B0706D031462846FFF7B4FE69
:101EB000204603B0F0BD3A463146284601F0CBFE3D
:101EC000EAE70124F4E72024F2E737B50468A37BAE
:101ED000242B21D14B7813F0070519D08B7813F000
:101EE000070215D00023ADF806308DF804508DF8A8
:101EF0000520019AD4F83A11FFF754FF012384F822
:101F00004A3000202823A4F84600A37303B030BD54
:101F10000023A4F83A32F1E70120F7E738B5036867
:101F2000DA7BB3F83A42262A054614D184B9DC7329
:101F300093F83831012B02D12146FFF7B9FE2B6807
:101F4000002283F838212846BDE8384001F01FBE42
:101F50002922DA73F7E79A7B282A0ED154B99C73A9
:101F60002146FFF7A5FE2B6883F83841002283F84D
:101F70004A2038BD29229A73F8E740F2CC51AE20AE
:101F8000F7F782FF024B002283F832209A867047CF
:101F9000C29A0020FFF7F6BF044B93F83220012AC3
:101FA0001ABF036001200020704700BFC29A0020C2
:101FB000054B93F83210012902461DBF012083F81A
:101FC00032009A8600207047C29A0020054B0246D4
:101FD00093F8320020B1136009B19B8E0B80012071
:101FE000704700BFC29A0020044B93F832000022D1
:101FF0009A8610B183F8322001207047C29A0020DF
:10200000034B93F83200B0FA80F04009704700BFEC
:10201000C29A00207047D4D450B90A4A134601200E
:1020200003F8010B0868C2F801008A889A8070479B
:10203000012805D1034B0A689A608A88D8719A8171
:10204000704700BFF89A002050B90B4B187888B140
:10205000D3F80120B3F805300A608B800120704767
:10206000012806D1044BD87920B19A680A609B896F
:10207000F3E70020704700BFF89A002030B54240D7
:102080001C7808785D7860404C786C4020449D78DE
:102090008C786C402044DD78CC786C4020441D79ED
:1020A0000C795B7949796C4020444B4018441044CA
:1020B000B0FA80F0400930BD10B9044B1878704771
:1020C000012806BF014BD87900207047F89A0020FC
:1020D000F7B500238A888DF80600ADF8042008685B
:1020E0000B4A8DF80730019D1478014602F5A8725D
:1020F000D8B2844201D8082008E052F8087F566818
:10210000AE4208BF8F4203F10103F1D103B0F0BD2D
:10211000089B002030B5094B01465C78002203F291
:102120000113D0B2844201D8082005E013F8015F02
:102130008D4202F10102F4D130BD00BF089B0020A6
:10214000024600200139C9B2FF2900D17047535C13
:1021500083F001030344D8B2F4E7D4D4F8B52D4C8E
:102160006378013BDBB22218834292F8025163701C
:1021700030D01A010101961C8F1C2644274406F119
:10218000100C56F804EB47F804EB6645F9D182329F
:1021900082312244214402F1100652F8047B41F8B6
:1021A000047BB242F9D1E118221891F8026182F859
:1021B000026106267343704303F5857300F585704D
:1021C000E618E35823502718B388BB8091F83A31BA
:1021D00082F83A312846FFF79DFF082818D1237866
:1021E000013BDBB29D42237012D02B3304EBC303BF
:1021F00093E8030005F12B0204EBC20282E803001E
:102200002078FFF787FF08281CBF241884F80251A4
:10221000F8BD00BF089B0020F0B5254D95F898410A
:1022200089B0224605F2991168460CF0A7FD2146B7
:102230006846FFF785FF0446B8B300EB4001C9B21A
:1022400002A8F9F789F8631E95F8A161DBB20124B1
:1022500095F8981105E0721CB2FBF1F001FB102219
:10226000D6B206F120020DEB020010F8202C002A55
:10227000F1D103EB43012031694406EB46022A44C5
:1022800011F8187C82F8A27111F8177C11F8161C4D
:1022900082F8A37182F8A41100F8204C013BAA191E
:1022A000DBB2FF2B82F89941D2D109B0F0BD00BF5B
:1022B000089B002070B5064688B00C46002A4ED018
:1022C000294A92F8A131D01890F8991119B9FF2133
:1022D0002820F7F7D9FD03EB43011144013391F8AE
:1022E000A251E57091F8A35191F8A41161710021F8
:1022F000257180F8991192F89811B3FBF1F001FB68
:10230000103382F8A13192F8C23123B9174902F58E
:10231000DD7001F04EF9657905F03F0545F04005A7
:1023200065710D22002168460CF0A6FCE3788DF85B
:102330000F3023798DF80E3004AA04236946304605
:102340008DF80D500CF06AFA9DF81F3023709DF83F
:102350001E3063709DF81D30A37008B070BD03215E
:102360006018F8F7F9FFD6E7089B00201922030050
:10237000044B5A78824286BF1B1893F84201002012
:10238000704700BF089B0020064B00224FF461718C
:102390001A8083F8C32183F8C421A3F8C61183F8F7
:1023A000C2217047089B0020014B83F8C40170478D
:1023B000089B0020014B93F8C4017047089B002044
:1023C00010B51446FFF784FE082813D0FFF7A2FECD
:1023D000094B5A7882420DD904B12070184490F804
:1023E0003A3190F84A01012B08BF40F0010000F09B
:1023F000010010BD0120FAE7089B00202DE9F047FD
:102400008246894617469846FFF762FE0828054629
:10241000064603D0FFF77EFE082860D1324C637871
:10242000072B5ED8082D15D12678731C072E237034
:1024300003D96C212820F7F727FD06F12B02D9F8E4
:10244000000044F8320004EBC203B9F804209A807B
:1024500083F806A065786B1C290163704B1C07F19B
:102460001002234412F8010D03F8010FBA42F9D10A
:10247000813108F11003214413F8012D01F8012FD7
:102480009845F9D11021404600F0EAF92544102181
:1024900085F84201384600F0E3F985F80261667874
:1024A00085F84A010023114885F83A313146FFF793
:1024B00047FE0128054607D80D483146FFF740FE84
:1024C000002818BF0135EDB284F898510025284640
:1024D00084F8A151FFF7A0FE2846BDE8F08712203E
:1024E000FBE70720F9E700BF089B00204A9C00207B
:1024F000529C002008B5FFF7EBFD082807D0FFF736
:1025000009FE082803D0FFF729FE012008BD00209E
:10251000FCE7D4D410B5064B5878013840B20028F7
:1025200000DA10BDC4B22046FFF718FE601EF5E7C2
:10253000089B0020014B83F8C3017047089B0020D3
:10254000014B93F8C3017047089B0020431E9BB2C8
:102550004AF2B71293429DBF024BA3F8C601012075
:1025600000207047089B0020014BB3F8C60170475C
:10257000089B002008B5FFF7ABFD082803D0BDE895
:102580000840FFF7C7BD08BD30B50A4B5C788442F0
:102590000ED9184490F802012B3003EBC004A57942
:1025A0000D7053F830001060A3889380012030BD77
:1025B0000020FCE7089B002070B506460D4608F099
:1025C00099F807F02BF80A4890F8C34164B14178B4
:1025D00061B100F1820302303246002D08BF184677
:1025E00006F0E6FF07F044F8204670BD0C46FBE716
:1025F000089B002008B507F051F818B1BDE8084065
:1026000007F074B8082008BD08B5064B03EB0113AA
:102610000246012103F1820006F0CAFFBDE808402E
:1026200007F026B8089B00200246074810B590F82E
:10263000C34124B1417821B1023006F0B9FF2046F0
:1026400010BD0C46FBE700BF089B00202DE9F74FAB
:102650002F4C9A46637883428046894656D9231880
:1026600093F8425185F00105F9B193F84A31E3B985
:1026700045F002070135BAF1000F18D1FA070AD563
:10268000062101FB084104EB0810524601F5857153
:102690008230FFF70FFEBB0734D504EB081052461B
:1026A00049460230FFF706FE2CE02F46E3E794F898
:1026B000A1614FF0010B002DE0D0A319019393F815
:1026C000991199B90092DAB101F068F906EB460167
:1026D0002144019B81F8A2014FEA102C009A81F855
:1026E000A3C1000C81F8A40183F899B194F8983142
:1026F0000136B6FBF3F103FB1166F6B2013DDAE7F2
:1027000047F00407384603B0BDE8F08F0027F9E72B
:10271000089B0020F8B5184C064648B3617804F5CC
:10272000A170FFF70DFD94F898510746294604F271
:102730009910FFF705FD2D1AEDB2AF421AD800250A
:102740006278EBB29A4201D80120F8BDE21892F803
:1027500042215AB9062101FB034104EB031332461F
:1027600001F5857103F18200FFF7A4FD0135E7E76C
:102770000546E5E70020E8E7089B0020F0B51B4E82
:102780007378834289B007460D462CD9331893F8E5
:10279000424144BB0D22214668460CF06DFAEB78AD
:1027A0008DF80F302B798DF80E3006EB07106B7912
:1027B0008DF80D3004AA0423694682300CF02EF8FF
:1027C0002A789DF81F309A420AD16A789DF81E3007
:1027D0009A4205D1AC789DF81D30E31A5C425C4109
:1027E000204609B0F0BD0020FBE700BF089B002099
:1027F000074B5A78824209D91A1892F842212AB90D
:10280000062202FB003000F58570704700207047FB
:10281000089B0020F8B50E460746062130461546AF
:1028200000F01EF8044670B10C4B0022587803F2F9
:102830003913D1B2884202D801242046F8BD03F8EA
:10284000015F0132F5E731463846FFF793FE08286D
:10285000F3D0024B034483F83A51EDE7089B002084
:1028600001440023884203D1B3FA83F04009704742
:1028700010F8012B1343F5E7F8B5D0E904760546C7
:102880000C460AF0CFFC18B952212920F7F7FCFAC0
:10289000E4B1D5E90423D21B63EB0603012A73F1EB
:1028A00000014FF0000113DB6FF0010090429941ED
:1028B00001DA5C21E9E7631E1344B3FBF4F35C43E4
:1028C000E41946F10006C5E904461C462046F8BD59
:1028D0000C46FBE7F8B50C46D0E90076054609F052
:1028E00041FCF4B1D5E90023D21B63EB0603012AB6
:1028F00073F100014FF0000115DB6FF00100904211
:10290000994103DA76212920F7F7BEFA631E1344B2
:10291000B3FBF4F35C43E41946F10006C5E9004655
:102920001C462046F8BD0C46FBE7022905D13C2891
:102930001BD980100F3880B27047CB1E012B0FD8E7
:1029400004290CBF96234FF4167303F5BC730CBF18
:1029500010224022984208D9C01A90FBF2F0EAE710
:10296000702802D9C0100E38E5E700207047022910
:1029700008B5034614D005D8012909D0E72129203C
:10298000F7F782FA03390129F8D840F6A66008BDA6
:1029900040F6C41040F2E242002B08BF1046F6E7B2
:1029A00040F6C410F3E7D4D4034B80F880101B68C2
:1029B0000BB1408818477047F4A0002010B5029C66
:1029C000801A7E388842226894BF091A491A02EB9D
:1029D000510222601A680129A2EB51021A6094BFC9
:1029E0000020012010BD69B1A0F57A7241F2707328
:1029F0009A4207D84FF47A73B0FBF3F000F55060B9
:102A000080B2704740F2E243B0FBF3F0F8E7D4D471
:102A10000B2808B504D940F229112920F7F734FA18
:102A2000014B33F8100008BD245E040038B50C4695
:102A300000210546F8F780F9206048B902212846B0
:102A4000F8F77AF92060B0FA80F04009400038BD0C
:102A50000020FCE70368587BC0B293F830302BB9F4
:102A600000F0FB00003818BF0120704700207047BD
:102A700010B50C46FFF7DAFF38B92046FFF7EAFF3A
:102A800080F001004000C0B210BD0220FCE7D4D4A9
:102A9000036830B50024D3F8C800A3F84040B3F869
:102AA000444042F210754443B4FBF1F4A3F84440AF
:102AB0004C1E05FB0242B2FBF1F2A3F84220094A88
:102AC000B2FBF1F20132A3F848209A8F05FB0244D1
:102AD0005A6BB4FBF1F450439C63B0FBF1F05863C4
:102AE00030BD00BF005A620238B54FF4247204466C
:102AF0000D4600210CF0C0F80123E3756FF036039A
:102B000084F86330042384F864306FF03B0384F866
:102B100065306F2384F86630032384F86730002320
:102B200084F868306FF07F0384F869302B2384F8D1
:102B30006230FE2384F89E307F23E372A4F8AA500B
:102B400038BD07B540F6B833B0F8D220D0F8C81079
:102B50000190838701A8FFF79BFF03B05DF804FB9A
:102B600038B54FF4427204460D4600210CF084F84B
:102B70006FF0360284F86320042284F864206FF03A
:102B80003B0284F865206F2284F86620032284F8D3
:102B90006720002284F868206FF07F0284F86920A3
:102BA0002B2284F86220FE22012384F89E207F22BB
:102BB000E375E27284F8A830A4F8AA5038BDD4D4E2
:102BC000054B1B7833B9054B1A681B7902600371FA
:102BD0000120704700207047D09C00206021002019
:102BE000054BFF221A70054A0168116001791171C5
:102BF00000221A70704700BFD09C00206021002086
:102C000007B5064A1068009012798DF804206846CE
:102C1000FFF7E6FF03B05DF804FB00BF14150400E6
:102C2000C2B292FAA2F2030A93FAA3F31B0E100E99
:102C300040EA0320704770B50131C9B20530002267
:102C400010F8013F8B4216D310F8054C00230125E4
:102C500005FA03F626421CBF01F1FF31C9B269B182
:102C60000133082BF4D10132D2B2052AE8D19B21DD
:102C70004620F7F709F9C91AC9B2F4E703EBC20015
:102C8000C0B270BD0B6870B5C0F801300B7903F0AD
:102C90001F03437100230446C3720546461D15F801
:102CA000010F00F0FAFE6871E37AB5421844E07251
:102CB000F5D170BD70B581EA11418CB20546C17A7B
:102CC000032682EA0400FFF7ABFF013E00EB001091
:102CD000221816F0FF0690B2F5D144402522B4FB2D
:102CE000F2F302FB1343C3F3C4022A44D8B256786A
:102CF00003F00703012202FA03F31E4207D16143E6
:102D00002846C1F30741BDE87040FFF794BF70BD8E
:102D1000F8B590F822506B1E242B044603D9E1210C
:102D20004620F7F7B1F8DAB1C07D002843D194F816
:102D3000243094F8231002FB01322523B2FBF3F177
:102D400003FB1123DBB204EBD30284F82430117EA1
:102D500003F007060122B240114202D084F8253068
:102D6000F8BDB3FBF5F205FB1233013303F0FF03AB
:102D700004F11C0111F8012F9A4219D311F8055CD6
:102D80000022012606FA02F72F4208D0013B13F079
:102D9000FF0304D102EBC00284F82520E0E70132F2
:102DA000082AEFD10130C0B20528E3D1D721B7E717
:102DB0009B1ADBB2F6E7E288496A04F11700FFF7D5
:102DC00079FF84F82500CBE7D0F803300B60B0F82A
:102DD00007308B8070470378890123F0400301F0AE
:102DE00040010B4303707047037803F07F0343EA0D
:102DF000C113037070470078C0097047C37813F09F
:102E00003F035DD007295BD8DFE801F0040B1E29E2
:102E1000343F4A55037913F0010F0CBF0020052001
:102E20007047027912F002004BD0052002F0010237
:102E300002EB420200EB42000729C0B241D1021F5F
:102E40009A42C8BF00207047027912F0040038D0BF
:102E5000052012F0020F1CBF0630C0B2E6E702796F
:102E600012F008002DD0052012F0040F1CBF013015
:102E7000C0B2EEE7027912F0100022D0052012F065
:102E8000080F1CBF0230C0B2EEE7027912F020003A
:102E900017D0084612F0100F1CBF0330C0B2EEE787
:102EA000027912F040000CD0052012F0200F1CBF58
:102EB0001230C0B2EEE702795006F5D50620F4E7ED
:102EC0000020704710B50446FFF798FF00B120447A
:102ED00010BD4378C278013B02F03F02981AC0B29D
:102EE0007047F8B5174606460D461946FFF7F1FF3D
:102EF000441AE4B2BC4228BF3C464DB1F27802F01D
:102F00003F02043211443144224628460BF036FF7A
:102F10002046F8BDC378024613F03F0022D0137953
:102F200013F0200F14BF09220022C3F3C001C3F322
:102F30004000114403F00102024402EB4202C3F3D9
:102F4000800013F0100F0A44C3F38011084414BF2B
:102F500003230023184400EB420010F0FF001CBFC5
:102F60000130C0B2704738B5C578AB09032B0446B1
:102F70001ED0437805F03F05AB4219D9FFF7CAFFD1
:102F8000A84215D895B12379DB060FD50421204638
:102F9000FFF798FF48B1037803F03F03242B07D8CD
:102FA00080785F288CBF0020012038BD0120FCE71D
:102FB0000020FAE70278437802F00F02072A12D8BD
:102FC000DFE802F0080408111111080E0C3B58420A
:102FD00058417047063B1F2B8CBF002001207047D3
:102FE0000BB1FFF7C0BF00207047027802F00F025C
:102FF000072A0AD0082A0AD0042A0ED140780638B7
:103000001F288CBF002001207047FFF7ACBF40781D
:10301000A0F10E0358425841704700207047D4D4A5
:103020000346084671B13F2B0BD8074AD35C03F027
:103030007F02914205D08CBF0120002000EAD3100E
:1030400070470120704700BF3C5E04001B2A08B592
:1030500004D940F299312A20F6F716FFBDE808405E
:103060000BF08CBE013001F1200351F8042B40F825
:10307000042B9942F9D10B880380704738B5154667
:103080000446FFF7EFFF2B68C4F823306B68C4F8E1
:10309000273038BD2DE9F04F85B0884603A99DF84B
:1030A000384001931546FFF7C1FC814618B9039ECD
:1030B0002DB901237375012005B0BDE8F08FD6F856
:1030C000C0A029465046F7F7F0FA074608B9002095
:1030D000F2E7FDF7C3FA8542F9D839465046F7F7CB
:1030E00023FC727DA0F80190002A18BF4FF002085F
:1030F00080F8008083463846F7F71EFC0746DCB1AF
:10310000B6F8E640C4B108F0D1FE40F27122544353
:10311000241841F1000179603C6001992A460BF1C5
:1031200003000BF02BFE29465046F7F7F9FA28B9B1
:1031300083212B20F6F7A8FE2146ECE7039B93F8AA
:10314000A83033B103A8FDF78FFA039B0022A3F840
:10315000DA210023AEE7437837B5C3F30112044602
:10316000032A03D8DFE802F0050E1D05002003B096
:1031700030BD057803F00F00002300936288231D03
:10318000022107E0057803F00F0000230093628816
:10319000231D012145EA0020FFF77CFF60B10120DB
:1031A000E5E7FEF753FC03685B05DFD5607825781B
:1031B00000F00F000123E0E700F0D8F9EFE71A2351
:1031C0000B7001234B708B707047D4D4FF230B70AE
:1031D00002234B7083238B70014B1B78CB7070479D
:1031E000D49C00202DE9F84FD0F80480D8F81C605A
:1031F00030460C46F7F78AFB054620B94FF4AA7112
:103200001020F6F741FE01463046F7F78DFBB5F882
:1032100000B01FFA8BF7824617B94FF4AC71EFE795
:10322000224B1B6800F10309D3B998F8023098F8D3
:10323000032023706378A4F802B002F00F0223F099
:103240000F03134323F0C00363709AF8003003F0B8
:103250000303012B0FD0022B0DD04FF4BB71CFE72E
:10326000B8F802003A464946984705460028DCD19E
:103270002846BDE8F88F627863F305126270304625
:10328000F7F75CFB054610B94FF4C071B8E7FB2FA8
:1032900002D940F28F11B3E73A464946201D0BF0A0
:1032A0006DFD3046F7F7A1FAE2E700BFF8A0002075
:1032B00038B5134C10220021201D0BF0DDFC012538
:1032C0002574102204F10803002104F11400C4E95C
:1032D00001330BF0D1FC84F8205004F11803C4E949
:1032E0000533084A00236362A36284F82C30C4F8D3
:1032F0002D30C4F8313084F835301360A36338BD05
:10330000D49C0020F8A0002010B5084C2378FF2B97
:1033100004D040F299111020F6F7B6FD0BF0E0FA58
:103320002070BDE81040FFF7C3BF00BF652100203B
:1033300010B5034C20780BF0EDFAFF23237010BD7D
:1033400065210020FFF7B4BF014B18780BF0F2BAEB
:103350006521002010B521B940F2A9211020F6F70F
:1033600093FD4A600B72EFF3108472B6031D0B607D
:1033700042681AB1127A012A08BF03600368196013
:10338000016004B962B6BDE81040FFF7DDBFD4D4D8
:10339000014B024A1A60704700A10020E53103008A
:1033A0002DE9F341DFF89481054608F11407D8F8B8
:1033B0000830D8F81840227A012A22D1D8F83820CB
:1033C00052B1137A1BB9BF211020F6F75DFDD8F872
:1033D0003840C4B9002093E01A7A012AFAD0544A3E
:1033E0001C46EFF3108172B650680068506001B956
:1033F00062B6A34208BFC8F83840237A1BB9EE2151
:10340000E2E73A46EDE7267AF6B205232372731E09
:103410000B2B7ED8DFE803F07A062336773F4E3F4A
:103420003F3F3F6B636813B94FF40371CCE720460D
:10343000294698470420EFF3108272B6237A052BB1
:10344000D9B24FF0000369D12372D8F83810A142E5
:1034500001D1C8F83830002A45D162B643E063682C
:1034600013B940F21521AFE7294620469847034695
:10347000C3F30723012BADF80400C0B23ED0022BEA
:10348000D9D129E0636813B940F21D219CE7204699
:1034900098470020CFE7274B1B68002BF9D06068C6
:1034A000324629469847A6F10A02534253415B002F
:1034B0000420E4E763680BB9FE2185E786222A70C1
:1034C00001225988AA706A7100229869A5F8031030
:1034D000AA71F7F78AF90420D8F83830A34202D14C
:1034E0000023C8F8383000283FF461AF08E0124BE1
:1034F00029461B6820469847034668B9267298B14A
:1035000002B0BDE8F0814FF415715DE740F257213C
:103510005AE740F25A2157E70220DDE711B940F29D
:103520007B2151E7184696E7002B7FF440AF51E727
:10353000D89C0020FCA0002000A10020D49C0020EA
:1035400010B51346027A22B140F202311020F6F78C
:103550009BFC0A46BDE8104001460148FFF7FABE51
:10356000D89C00200222FFF7EBBFD4D4044890F887
:103570002C301BB903492430FFF7F4BF704700BF5C
:10358000D49C0020BF3103000346064890F83C203D
:103590003AB190F8352022B900F82D3B0249FFF7E7
:1035A000E1BF7047D49C0020CD3103000322FFF718
:1035B000C7BF0422FFF7C4BF10B50A46037A23B180
:1035C00040F20A311020F6F75FFC0146BDE81040DA
:1035D00001480723FFF7BEBEE89C00201346027A8D
:1035E0000AB1037270470A4601460148FFF7B2BEAE
:1035F000D89C00200222FFF7F1BF0322FFF7EEBFA5
:103600008D230B7030F8AF3CA1F8033030F8653CE7
:10361000A1F8053030F8613CA1F8073030F8633C80
:10362000A1F8093030F85F3CA1F80B30704708B5BD
:10363000CB1E012B04D8800100F5747080B208BD48
:10364000012902D10E30C000F8E7022902D10F3063
:103650008000F3E74FF40C710620F6F715FC30B547
:1036600087B004460D46FDF70DF880B334F8B84C2A
:1036700069462046FDF7F0FA18B1FB212C20F6F739
:1036800003FCBDF80630ADF80E30BDF80830ADF8DB
:103690001030BDF80230ADF8123003A8BDF8043088
:1036A000ADF80C40ADF81430FDF7D4FA10B14FF47A
:1036B0008271E3E7ADF80C009DF80C30002063F355
:1036C00007009DF80D3063F30F2007B030BD2B4687
:1036D000992203F8032BD4F80920C5F80320D4F865
:1036E0000D205A60B4F811201A810423ADF80C3073
:1036F000E2E740687047033901298CBFC08A4FF464
:103700002960704770B590F878608D880C89033E09
:10371000012E04D943B11678033E012E04D8B5F525
:10372000296F38BF4FF4296590F87960033E012E68
:1037300004D943B15378033B012B04D8B4F5296F66
:1037400038BF4FF42964CB884A88A0F86020A0F8DD
:103750006430A0F86250A0F8664070BD8383BDF865
:10376000003001834283C38370471B2200290CBFB2
:103770004FF4A4734FF429634FF01B118284028429
:10378000028502F1A472C0E90521C160C3844384AB
:10379000C38383834382038270470346F0B5B3F843
:1037A0005810B3F8642093F87940B3F85C50B0F83F
:1037B0004E70B0F85200914228BF1146B3F866200F
:1037C000A3F84E10033CAA42E4B228BF2A46012CBB
:1037D000B3F8544087BFB3F8566015464FF42966D6
:1037E0004FF429658C4238BF0C46B24238BF32468E
:1037F0008F42A3F85250A3F85440A3F8562026D184
:10380000401B18BF0120B3F86020B3F85A10B3F87A
:103810004C50B3F85040914228BF114693F878209D
:10382000033A012A15D9B3F85E20B3F86260B242B8
:1038300028BF32468D42A3F84C10A3F850200BD17C
:10384000944218BF40F0010000F00100F0BD0120DB
:10385000D9E74FF42962EDE70120F5E70149FFF7C9
:10386000C9BE00BF013603000B8BA2F80B304B8B97
:10387000A2F80D308B8BA2F80F30CB8BA2F8090089
:103880000249A2F811301046FFF790BE5F360300E0
:1038900038B5CB1E012B044610D9C58B438C9D42F5
:1038A00028BF1D46207AFFF7C2FE6389AB4228BFBE
:1038B0002B46984238BF184680B238BD4FF4296570
:1038C000F0E72DE9F84307460E4680899DF82080F1
:1038D000194614469946FFF7AAFE4946054638465A
:1038E000FFF7D6FF854228BF05464146B88AA8F1B2
:1038F0000308FFF79CFEB8F1010F8CBFFA8A4FF462
:10390000296290420346ADB228BF1346A01D15FAA6
:1039100083F330441844BDE8F88313B5828F03461F
:10392000403049B9598F93F87940009493F8783032
:10393000FFF7C7FF02B010BD198FF4E770B50C4652
:10394000154619464BB9068FFFF7E7FF2844304468
:10395000A04294BF201A002070BD468FF4E738B50E
:103960000D4611460446FFF7D8FF2844606438BD71
:1039700001F19C0383423DBF9C38401A400800205F
:103980007047D4D4014B1878704700BF119D0020B8
:10399000014B1878704700BF66210020094AD2E920
:1039A0000003434083EAB01181EA43214FEAF34325
:1039B0005360054B116058434FEAF06000EB800004
:1039C000704700BF149D0020BB79379E094AD2E999
:1039D0000003434083EAB01181EA43214FEAF343F5
:1039E0005360054B116058434FEAF06000EB8000D4
:1039F000704700BF68210020BB79379E10B50A4C84
:103A000009480821F7F7A8FCD4E900321343F7D09E
:103A1000064CFFF7DBFF2060FFF7D8FF23686060EC
:103A20001843F6D010BD00BF68210020149D00206F
:103A300000F05533400800F05530034403F03332B2
:103A40009B0803F033331A4402F00F33120902F0DB
:103A50000F32134403F0FF101B0A03F0FF13184446
:103A600000EB1040C0B2704745F2555200EA020325
:103A700002EA5002981843F2333300EA030203EAE1
:103A800090031A4440F60F7302EA030003EA12138C
:103A9000184400EB1020C0B2704700F055034008F6
:103AA00000F05500034403F033009B0803F0330398
:103AB000034403F00F0000EB1310704780EA60002E
:103AC000FFF7B6BF40F34E039BB25840FFF7CCBFA1
:103AD00032280CD006D8162818BF012894BF012020
:103AE00000207047A0F13E03584258417047012022
:103AF000704708B50246FFF7EBFF40B10846FFF7F5
:103B0000E7FF20B18A420CBF23202A2008BD8A4249
:103B10000CD1A2F13003DBB20B2B07D840F6210009
:103B200020FA03F3DB070CD52320EFE73E2901D170
:103B3000262A0ED03E2A04D126290CBF2A20002096
:103B4000E4E73B2901D11F2AF7E73B2A03D11F29CC
:103B5000F3E72A20DAE70020D8E7036800229A7307
:103B600083F84A20A3F846207047026892F8A830EC
:103B70002BB9A2F84E30012382F850307047002351
:103B8000A2F84E3092F8503001335BB2F4E708B53A
:103B9000026892F8A83013B982F8503008BD92F844
:103BA0005030013B5BB2002B82F85030F6DA5221E4
:103BB0004A20F6F769F908B5036883F89B1083F883
:103BC0009A203522DA73FFF7D0FF002008BDA0F15C
:103BD0000A03042B09D9A0F14703012B05D9243886
:103BE00007288CBF00200120704701207047D4D4E3
:103BF00038B5A0F10B03DBB2432B144698BF0C4A37
:103C00000D46204694BFD15CFE21FFF772FF68B9D4
:103C100065B12978272907D03F2908BF3E212046D2
:103C2000BDE83840FFF765BF2621F8E738BD00BF83
:103C30007C5E04000268136810B513F0080408D114
:103C400043F00803136082F89810FFF78EFF2046B8
:103C500010BD0120FCE710B50368DC7B44B90A788D
:103C600083F898200322DA73FFF77FFF204610BD08
:103C70000124FBE7D0F8C82041F64B539A429CBF81
:103C80004AF6C873B3FBF2F3B0F8D020B0F8DE0008
:103C900088BF0623134410FB03F080B27047D4D4CE
:103CA000174B184A9A60184ADA62184A1A61184A79
:103CB0005A61184A9A61184A1A63184A5A62184A8D
:103CC000DA64184A9A64184A9A63184B184A9A6038
:103CD000184A1A62184A5A60184A1A60184A9A62B0
:103CE000184ADA62184ADA60184A9A61184A1A635E
:103CF000184A9A64184ADA64184A5A62704700BF30
:103D000004A1002031420300D9440300AB44030066
:103D100075440300F1440300D54803006D460300D9
:103D2000D1470300F34703001146030004A200201B
:103D300047420300814703005742030053430300F7
:103D40009F45030065450300BD450300854503000D
:103D500079490300374803002348030097470300CD
:103D6000054B064A1A65064A5A65064B064A1A6505
:103D7000064A5A65704700BF04A10020BB4E0300ED
:103D8000914E030004A200207B4E03004D4F030020
:103D9000054B064A9A65064ADA65064B064A9A6555
:103DA000064A1A66704700BF04A10020571E030090
:103DB000CB1E030004A20020ED1C03001D1F030006
:103DC000F7B5054601A80F46FEF7E6F820B94FF40F
:103DD000AA615120F6F758F80198322200210AF022
:103DE0004BFF019C26463F2F06F8037F43D83F2F09
:103DF00044D8DFE817F046004C006C0075008D00D9
:103E00005C015C019A00B3009E005C015C01A300B0
:103E1000AF00B30043004300B7005C015C01CC007D
:103E2000CC00E300E300EA00430043005C01EF0044
:103E3000FC00000104010B010D010F0111011B0128
:103E400025013C013E01430043002D014601440190
:103E5000430043004300430043004300430043004A
:103E600043004300430043004300430048014A012C
:103E7000430040014201FF2F00F00D8140F2445108
:103E8000A7E72946304600F06FFAC0B9BBE02E68BC
:103E9000D6F83032636096F834322372286890F88E
:103EA0009F3033B9FFF7E6FE2B68DB881844A6F88D
:103EB0003602B6F8363263721B0AA3720820FEF788
:103EC00077F8002840F0F58040F2575181E72B68E1
:103ED00093F8A82052BB93F82D3123710220EEE70E
:103EE0002B68D3F878226260D3F87C22A260B3F802
:103EF0008022A281D3F85822C4F80E20D3F85C2285
:103F0000C4F81220D3F89030C4F816301720D6E742
:103F10002A68D2F8F6316360D2F8FA31A3602B68D0
:103F2000D3F89430E3600D20C9E72B6893F8A030F4
:103F3000D3E73146284600F005FCA6E7112323719C
:103F4000592363710023A3713923E3711023237272
:103F50000620B4E72B6893F89A30BEE7304600F0AD
:103F6000DFFB92E72B6893F8A82052B993F8A020C2
:103F70003AB193F89D20227193F89C30637103202D
:103F80009DE793F89B20227193F89A30F6E72B680F
:103F9000B3F80C212271120A6271B3F8A220A27147
:103FA000120AE271B3F808212272120A6272B3F89F
:103FB000A030A3721B0AE372092080E72B6893F8F4
:103FC0003A21227193F83B31D8E729463046FDF774
:103FD00005FF5AE72B680F21B3F8AA00F6F7ACFEED
:103FE00000F15B013046FFF73DF8232067E73046DC
:103FF00005F07AFA49E7304605F07FFA45E72E4B9F
:104000001B68002B43D140F24951E2E62B4BF7E706
:104010002B4BF5E72B4BF3E72B4B1B68002BF2D018
:1040200023202A4631469847042048E7264B1B6840
:10403000002BE8D02A4631462420984705203EE749
:10404000214B1B68002BDED02A4631462520F4E7A1
:104050002B680F21B3F8AA00F6F76EFE00F17D027F
:1040600000F15B013046FFF709F82B2027E7174BDB
:10407000C6E7174BC4E7174BC2E7174BC0E7174B10
:10408000BEE7174BBCE7174BBAE7174BB8E7294613
:1040900030469847F9E62B68304693F8C722D3F8A4
:1040A000C812FEF7D3FF2B6893F8C702EDE6012094
:1040B00005E703B0F0BD00BF04A500200CA500205B
:1040C00008A5002010A5002014A5002020A5002090
:1040D00024A5002028A500202CA5002018A500203C
:1040E0001CA5002030A5002034A500203F289ABF41
:1040F000024B53F820000020704700BF04A10020AD
:104100003F289ABF024B53F820000020704700BFA1
:1041100004A300203F289ABF024B53F82000002040
:10412000704700BF04A200203F289ABF024B53F8FB
:1041300020000020704700BF04A4002030F8023C9B
:10414000F7B5B0F8826004460D4673B101226846A7
:104150008DF80020ADF80160ADF80330FCF73CFCB1
:1041600018B195216320F5F78FFE194B1B6813B129
:10417000A4F128009847174B1B680BB130469847AD
:10418000832300272B70AF70A5F80360637AD4F8FF
:104190009C006B71F6F733FB08B9BA21E2E73946A8
:1041A0003046F6F7DFFD02213046F6F7DBFD18B9A1
:1041B000094B1B6803B198474FF4017303F00402E5
:1041C000002062F307001B0A63F30F2003B0F0BD69
:1041D00038A500203CA5002040A50020F7B50568C3
:1041E000D5F8C06004464FF6FF770DF102010DF1DE
:1041F00001023046ADF80270F6F7ADFA01A930467B
:10420000F6F7CEFA48B10198F6F796FB2168A83187
:1042100000220272FFF7D0F9E7E7044905F1280010
:1042200003B0BDE8F040FFF7C1B900BF3D41030056
:1042300003681A7C073A012A81BF4A785A74072218
:104240001A74002070470268137C073B012B84BF5F
:1042500008231374704708B503689A7B1AB13B2191
:104260005520F5F711FE0B229A7308BD2DE9F74F83
:104270000646894690460193FFF7FCFCD6F8F47198
:10428000044657B90023C8F80030F38823449CB291
:10429000019B1C8003B0BDE8F08F00F07BFC002880
:1042A000F0D1D6E97632D6F8C8C00CFB04FE1EEB7E
:1042B000030ED7E902130B44D7E9001542F10002BF
:1042C0005B1845F10005734575EB020114D2BEEB96
:1042D00003016FF0010B62EB050A8B4570EB0A0AD4
:1042E00003D23D215620F5F7CFFD3869471E3944EA
:1042F000B1FBF0F1E0FB0135B3EB0E0365EB02051A
:104300006FF001029A424FF00002AA4101D2482107
:10431000E8E7B3FBF9F209FB1233B3FBFCF291B20D
:104320000CFB1133C8F80030F3881C441444A4B2C9
:10433000AEE70B46822203F8032BD0F80920C1F820
:104340000320D0F80D205A60427C1A720023CB70F3
:10435000704708B503689A7B1AB1A2215620F5F779
:1043600093FD0D229A7308BDF8B50D6804460F46FB
:10437000D5F8440295F82911FEF735FB6FF4506229
:10438000821892B2B5F83E322071062A4FEA102008
:1043900060718BBF40F2E2426422B3FBF2F3B3FBE5
:1043A000F2F36370B5F84832A3714FEA1323E37157
:1043B000B5F84A3223724FEA13236372386890F8D3
:1043C0009F308CBF002601263BB9D5F8441205F575
:1043D0000F7305F51072FFF749FFB5F83C32A37271
:1043E0001B0AE372D5F8403246B16422B3FBF2F304
:1043F000A370C3F30723E3700C20F8BD40F2E24240
:10440000F4E70B46842203F8022BD0F80920C1F808
:104410000220D0F80D205A6070470B46852203F821
:10442000022BD0F80920C1F80220B0F80D209A80A4
:104430007047D4D4024690F8FE31BBB990F8FF31F2
:1044400003F0FF010BB100207047094B18780028DA
:10445000F9D01970D968C2F89410043303CBC2F8AC
:10446000F601C2F8FA11FF2382F8FE3101207047ED
:104470001C9D002010B504460068837B1A2B12D1C6
:1044800000F1800200F51671052300F51A700AF09C
:10449000C5F92368002000210122C3E91C01DA7458
:1044A0001D229A7310BD0220FCE703689A7B142A30
:1044B00010D1D1F80120C3F86022D1F80520C3F84B
:1044C00064220368D1F80920C3F894201A229A7351
:1044D000002070470220704703689A7B102A01BFB2
:1044E00000201322D8749A7318BF02207047D4D4C6
:1044F00010B503689A7B1F2A04462CD1002283F84A
:10450000512083F84A2083F88222036893F85210DE
:10451000B3F8AA0081B11149C3F8C32183F852202E
:10452000A3F8C401A3F8C72103F5DD70FFF71AF85B
:1045300023680020987310BD0122A3F8B30183F80B
:10454000B21183F8B911A3F8B61183F8B521044963
:1045500003F2A910EAE70220EDE700BF1B440300C5
:104560000344030008B503689A7B132A04D040F281
:1045700077111F20F5F788FC012283F852201222C0
:104580009A7308BD08B503689A7B1D2A04D040F2CF
:10459000FE211F20F5F778FC1F229A7308BD08B58D
:1045A00003689A7B22B14FF441711F20F5F76CFC30
:1045B000012283F8512010229A7308BD08B50368C0
:1045C0009A7B3AB193F8522022B940F20B311F2066
:1045D000F5F75AFC012283F8512014229A73002225
:1045E00083F8B82108BD3E230B700C234B700423C5
:1045F0008B70D0F80930C1F80330D0F80D30C1F815
:104600000730B0F81130A1F80B30C37C4B73704702
:1046100038B5046894F8A8501DB9E37B23B1012094
:104620001AE02368DB07FAD4D1F801200D4BD1F84A
:10463000051013400C4AC4F86230C3F307630A4004
:1046400043F00803C4F8662084F86530FFF78DFA5C
:104650001DB90423E373002038BD236843F0010330
:104660002360F8E72FC904F76FDB008038B50368D3
:104670009A7B042A34D1D1F80120D1F80550C3F82F
:104680006220C2F3076242F0080283F8652000222C
:104690009A7383F84A200268C3F8665092F8A820FB
:1046A0004C1C0AB983F83F2193F84021B2B993F822
:1046B0008B2102F0FF008AB9B3F8AA2083F88C019D
:1046C000A3F88D21D1F80120C3F88F216268054934
:1046D000C3F8932103F28310FEF744FF002038BD96
:1046E0000120FCE7E7450300036893F8402112B17D
:1046F000094B1B68184793F88B215AB9B3F8AA20C5
:10470000A3F88D211A22054983F88C2103F2831026
:10471000FEF728BF704700BF44A50020E74503000F
:1047200010B50446FDF78CF9044A054B02400B40D6
:10473000C4F80120C4F80530092010BD2FC904F7C2
:104740006FDB008037B50C460568FDF779F90A4A3A
:104750000A4B0A4095F862100192034000930B4007
:104760008DF800306B4603CBC4F801000920C4F873
:10477000051003B030BD00BF6FDB00802FC904F708
:1047800008B503689A7B1AB1CF211C20F5F77CFB92
:1047900004229A7308BD08B5036893F8A82032B9BB
:1047A000DA73A3F84E20BDE80840FFF7F0B91A68A5
:1047B000D10703D4DD211C20F5F766FB22F00102AE
:1047C0001A60F0E787230B7030F8A63C4B807047E7
:1047D000036893F8A8109A7B49B9052A01BF002203
:1047E00083F83E2083F84A209A73002070470F2AEE
:1047F000F4E738B5046894F8A85045B9E37B4BB9A1
:10480000FFF7B3F945B90223E373002038BD2368ED
:104810005B07F5D50120F9E7236843F00403236023
:10482000F3E7036893F8A8201AB11A6822F004028B
:104830001A60FFF7ACB908B503689A7B1AB1722108
:104840004B20F5F721FB93F8A820002A14BF0F2274
:1048500005229A7308BD10B5D0E90D42A24206D3D5
:104860000B8DC98E05334B43121B934202D3012398
:1048700080F83E3010BDD4D438B5DB04154604D5DD
:10488000037D13B10023436338BD446B013444639B
:10489000FFF7E1FF836B9C42F6D300234363034998
:1048A0002846BDE83840FEF7A5BE00BFC547030057
:1048B0000C230B7008234B7000238B70B0F856301C
:1048C000A1F80330437A4B714389CB8083890B81F4
:1048D0007047D4D470B50468A37B94F8A860012B0A
:1048E000054607D01EB9E37B23B1012038E02368D9
:1048F0009807FAD494F853309A0713D44A7884F876
:104900005D204A88A4F85E208A88A4F86020D80731
:1049100043F0020284F853200FD5164904F15400E5
:10492000FEF768FE94F85330D90710D4CEB9E37B74
:1049300043B153214020F5F7A7FA94F83E31002BFC
:10494000EBD1EFE70123E3732846FFF70EF9A37BD2
:10495000012B4FF0000304BFA37384F84A300020FA
:1049600070BD23689A0701D55821E3E743F002039D
:104970002360E9E7B148030010B5046894F85330A8
:104980009A070CD4A37B1BB177214020F5F77CFA62
:104990000122A27384F84A20A4F8463010BD94F88E
:1049A000A8303BB9E37B0BB9FFF7F1F8002384F89B
:1049B0003E31F3E723689B07F8D5FFF7E8F8236853
:1049C00023F002032360F1E770B50568044604F0A4
:1049D00061FD054BE8721B6801461BB12046BDE82E
:1049E0007040184770BD00BF4CA50020024B1B68EB
:1049F00003B11847704700BF48A5002010B50B79D8
:104A00004C790A68012843EA042108BF41F4803147
:104A1000104610BDF0B51F4D2B78002414709BB1CB
:104A2000013B6D68DBB21E1B012E0FDC05EBC406DB
:104A300055F8347076688E4208BF874227D0B84256
:104A400071EB060612D214700020F0BD1E1977100B
:104A500005EBC70E55F837C0DEF804708445C6F381
:104A600047068F412CBF33463446DCE705EBC304D1
:104A700055F8335064688C4208BF854206D0A8427E
:104A800071EB040428BF01331370DDE71C4614707A
:104A90000120DAE73C9D002010F0070208B503D0A2
:104AA00063214820F5F7F0F918B1034B19725860EB
:104AB0001A70C80008BD00BF3C9D0020014B0022B9
:104AC0001A7070473C9D0020014B187A704700BF58
:104AD0003C9D00202DE9F743FFF790FF0DF1070201
:104AE00006460D46FFF796FF90B90F490B780A7AF4
:104AF0009A420ED04A689DF8077002EBC3001C462C
:104B0000A74209D302EBC702C2E9006501330B706B
:104B1000012003B0BDE8F08350E90289013C60E860
:104B20000289E4B2ECE700BF3C9D002007B5FFF727
:104B300065FF0DF10702FFF76DFF03B05DF804FBA1
:104B400090F838300BB90020704790F83830012BBE
:104B5000F9D090F83800073818BF0120704790F856
:104B60003830012BDAB201D0FFF7EABF10467047A8
:104B7000014B00221A6070474C9D002008B5044B81
:104B8000186810B9FFF7F4FF08BD0C20FCE700BF60
:104B90004C9D0020024B1879003818BF0120704747
:104BA0004C9D002013B5CDE90012054BFF225A7130
:104BB00000F11003DDE9000183E8030002B010BD3D
:104BC0004C9D0020C3693BB983692BB9034B1B681B
:104BD0001B1A584258417047012070474C9D0020D5
:104BE00030B50D4AFF231371D0E9065373B1D0E9F4
:104BF00002140C44D9689D612144D960816939B19E
:104C0000CB610023C0E90633137130BD1560F5E7B1
:104C1000002BF6D0D960F4E74C9D002010B5124A65
:104C2000FF231371C16189B91368836103B1D8612E
:104C30001060C1690023C36099B1CB687BB18468FF
:104C4000A3420AD230213720F5F71EF98B6988611B
:104C50008361002BEDD0D861EBE71B1BC360002301
:104C6000CB600023137110BD4C9D0020014B1868D0
:104C7000704700BF4C9D0020034B1B68002003B908
:104C8000704718469B69FAE74C9D00200B4B0022A9
:104C90001B6830B504464FF0FF35104623B911B9F3
:104CA000002808BF104630BDDA68A24203D3AA42EA
:104CB0003CBF154618461A469B69EFE74C9D0020FD
:104CC00030B585B01546089BC01A099B61EB0304FB
:104CD000002C214602DA404264EB440103AB00930E
:104CE0002A4602AB09F00AFF002C039801DA00B152
:104CF000281A05B030BDD4D470B50F4CFF232371F2
:104D0000036A1BB181689D68A94203D2E52137205F
:104D1000F5F7BAF8C2698669DA619E6152B19361AA
:104D20009A691AB1D361C26811444A1BDA60002340
:104D3000237170BD2360F3E74C9D0020F8B52A4E27
:104D400004464FF0000C084686F805C0002135687F
:104D50000B4685B97579002DF6D15BB1984225D304
:104D6000B0FBF3F1013C03FB01F51C44B4FBF3F48D
:104D70008C420ED9F8BD2F690BB19F4207D23B463A
:104D800027B94FF4A3713720F5F77EF8A98AAD69EA
:104D9000DFE7B5FBF3F603FB165626B9B5FBF2F6D3
:104DA00002FB1656DEB10139ED1AE1E7451E1D443E
:104DB000B3FBF4F4B5FBF0F5AC42DBD3B3FBF5F693
:104DC00005FB16374FB9B6FBF2F702FB176727B999
:104DD000B6FBF1F701FB17671FB10135ECE7284679
:104DE000C8E73046C6E700BF4C9D002007B500234A
:104DF00001A801930AF0ACF8019810F0030018BF65
:104E0000012003B05DF804FB10B5FFF7EFFF0028A9
:104E100014BF142400240AF075F8404200F0140076
:104E2000204410BD73B50C46B1F805101A2905468B
:104E300021D9B4F80730B3F5A47F1CD3B4F801200E
:104E40001A2A18D9B4F80340B4F5A47F13D3006824
:104E5000009400F1A806E830FEF780FC30462C688C
:104E6000FEF79BFC10B9012002B070BD04F259108E
:104E7000FEF7F4FCF7E70020F6E708B503689A7B35
:104E80001AB12621A320F4F7FFFF21229A7308BD4F
:104E900038B50568AB7B213B022B04460BD8FFF7E6
:104EA000C1FF18B12068042103F0A0F8002085F8A4
:104EB0004A00A87338BD0120FCE7F7B50446006836
:104EC000C57B002D40D1B1F805601A2E04D9B1F888
:104ED0000730B3F5A47F05D2204603B0BDE8F0400B
:104EE000FEF7B9BEB1F801701A2FF5D9B1F803C0B9
:104EF000BCF5A47FF0D33A46CDF800C03146E83087
:104F0000FEF72CFC23689A7B212A08D123682322F0
:104F1000DA732046FEF729FE284603B0F0BD93F869
:104F20002F31002BF2D1236893F82E31002BEDD1D5
:104F300023682222DA73B3F8AA0003F5B17203F1F1
:104F4000E801FEF791FCE4E70125E5E710B5036809
:104F500004460022DA73A3F84E20FEF718FE2068FC
:104F60000421BDE8104003F041B8D4D4FF230B70F6
:104F7000074A0D234B7082238B701368C1F80330EE
:104F80005368C1F807309368C1F80B30704700BF11
:104F9000529D002002481622002109F06DBE00BF7C
:104FA000529D0020F8B51C4D6B7D04469BB390F8D4
:104FB000A83023BBD0E97676FFF726FF94F82021AE
:104FC000164B33F8123066304FF47A7203F23F63B7
:104FD000B3FBF2F3DB1946F100061B18B4F8AA2064
:104FE0002A8046F100066B60AE60E3886B8005F1B5
:104FF0000C000B49BDE8F8400222FEF7EFBA4B0661
:1050000009D5B0F8AA302B80D0F878326B60D0F890
:105010007C32AB60E9E7F8BD529D0020FC5F0400E4
:105020006D4F030038B5054605F0CEFD00F55F4332
:1050300041334FF47A72B3FBF2F4FFF7E5FE033D20
:1050400000F1BE03012D8CBF00202820234418440A
:1050500038BD10B5044690F87900FFF7E3FF012250
:1050600001462046BDE81040FEF779BC094B53F8D5
:10507000203070B503F523430C461646A1334FF498
:105080007A72B3FBF2F505F097FD34442C442044CA
:1050900070BD00BFE85F04002DE9F04F8FB09A4665
:1050A00000230A9390F8213107930446884606921C
:1050B000FCF704FD814694F82B01FDF7A9FC81441F
:1050C000FFF7A2FEE37B472B1FFA89F900F1600688
:1050D0003FD00D2B3DD0A37BA3F147014B424B4169
:1050E0000393069B002B7CD1637B032B79D1039B1D
:1050F000002B62D0B4F8D03243455ED1D4F81832D8
:10510000C4F80832D4F8C830B4F8EC21C4F80C3232
:10511000B4F88A321344C4F81032204602F0BAFCC4
:1051200094F829513DB1D4F8D85241F64B539D42E1
:105130008CBF0025012594F8E43263B9D4F8C82067
:10514000D4F8D8329A421ED0B4F8AA0004F0EBF991
:1051500019E00123C4E7B4F8AA0004F0E1F920B98A
:1051600040F242713020F4F78FFEB4F8E032A4F838
:10517000DE30B4F8E2328381B4F8D03243810025C6
:10518000013B0382C58194F82A31002B5DD1002DAB
:105190005CD1D4F8D432C4F8D830B4F8D232A4F800
:1051A000DC30D4F8D832C4F8C830D4F8DC32C4F8D3
:1051B000D030022384F82A516373A17B292954D06B
:1051C000A1F12C0251425141E27B292A00D041B188
:1051D000B4F8D032A8EB03031B0402D4204601F03C
:1051E00073FEB4F888B294F821310893A8EB0B0B46
:1051F0000FFA8BFB04F51673BBF1000F0493BFBFCE
:10520000D4E99C23C4E9A023002384F82B32B8BF3F
:105210000123E788B8BF0493D54BA8BFCDF810A0F1
:10522000A8EB07071B783FB2B8BFBB4613B106F027
:10523000A1FDE0B90025637B032B00F22582DFE8A6
:1052400013F081009B01DA00BF013DB14FF04D1317
:10525000C4F8E0300023A4F8E4309AE74FF0961346
:10526000C4F8E030A4F8E45093E70121ACE7B4F8C7
:105270000032012BDED9637B022BDBD094F82A327B
:10528000002BD7D194F82A31002BD3D194F82B01DD
:10529000FDF7BEFB637B00F5C869012B1FFA89F996
:1052A00041D1A37CD4F8D850032B34D1D4F80C329C
:1052B0002B444946D4F80C02099306F01FFDD4F89C
:1052C0000852099BD4F81022C4F80802451B49462D
:1052D0001846554306F012FDD4F81432C4F81402EF
:1052E000C31A4946D4F8C8001D4406F007FDB4F8B7
:1052F000EC31D4F810223B44A3EB0B039B1AD4F8F7
:105300001822013B821A02FB03550123C4F818023C
:1053100084F82A328FE794F8211194F8E501FDF71B
:1053200026FB4319C5E7D4F8C800494606F0E6FC59
:10533000B4F8EC51D4F818323D44A5EB0B05C31A70
:105340005D43E2E794F8211194F8E501FDF70FFBC6
:105350000746D4F8D8004946384406F0CFFC494601
:10536000C4F81402D4F8C80006F0C8FC0BA9C4F8AD
:1053700018020CA805F0BCFA0B9B0093D4E9A0011D
:10538000DDE90C2306F09CFD814604F1A800FFF73F
:1053900060FED4F88C3294F82101D4F8D8B00A9386
:1053A00005F012FC0A9BD4F81412203B5B445B1AF4
:1053B0009B1B3B44A3EB090300F523404FF47A7297
:1053C000A130B0FBF2F01B1A0A93B4F8DC3094F869
:1053D00021013031324603EB4101FFF747FED4F89B
:1053E0008C220A9B9B1A2230DA2BC4F81C025CD850
:1053F00040F2C741B6E6D4F8D830D4F80C0249469A
:10540000184406F07BFC4946C4F81402D4F8C800DE
:1054100006F074FCC4F8180204F1A800FFF719FEA6
:10542000D4F8D830D4F80C721F44B4F8EC31002B07
:1054300040F09A80BAF1000F00F0968094F82101B4
:1054400005F0C2FBD4F81412D4F8783294F8212174
:105450007F1A203F1F44D4E99CBC464B53F82220BE
:10546000A7EB0B074FF47A7302F2E732B2FBF3F2C9
:105470001744BF1B00F52340A130B0FBF3F03F1AE7
:10548000D4F80832D4F8102294F821010A9702FBCC
:105490000311B4F8DC30303103EB41013246FFF741
:1054A000E5FD0123C4F81C0263730A9BD4F818229B
:1054B0005B1BD4F8C8500A937E3DAD1AD4F81C2269
:1054C000AD1B954228BF1546002284F85822D4E926
:1054D000A021D21841F10001C4E99A21C4F8E85191
:1054E00004F1E800FEF705F9042384F86132D4E9F9
:1054F0009A232844C4E9A023C4F85C02A4F8888253
:1055000001F0E2FD20B1D4F85C321E33C4F85C3205
:10551000B4F8D831A3EB08031BB2002BD4BF002290
:105520000122520084F86022039A002A40F0AF80E2
:10553000BAF1000F40F0AE80637B002B00F0C78013
:10554000D4F8C810D4F8183204F51670C91AFDF74B
:1055500093F980B2002800F0BA80189B03B118803C
:1055600001200FB0BDE8F08FD4F814127F1A87E73E
:10557000689D0020E85F0400D4F81802D4F8C83011
:10558000B4F8EC21D4F810121B1A0BFB03F30A93A6
:10559000D4F814323A44D4F80872521A3033013A2B
:1055A00007FB0133B4F8DC1000FB023301EB4301CD
:1055B00094F821013246FFF759FDC4F81C0274E744
:1055C000D4F8C83003FB0BF30A93BAF1000F1CD0D8
:1055D000B4F8EC21CAB984F82B22D4F81892B4F8A4
:1055E000ECC109FB1B3E049BCDF828E073B3BCF172
:1055F000000F2BD1D4E99E32D4E99C01984271EB83
:10560000020208D340F20E51ACE594F82B22002A96
:105610007FF44BAFE1E70799364A52F82120D4E9ED
:105620009C01CDE904010498203B1B1A02F2E731EA
:105630004FF47A7B02F52342B1FBFBF10B44A1321C
:10564000B2FBFBF29B1A9B1B73440A93674409FB52
:1056500007F730377F00089832463946FFF706FDD6
:10566000C4F81C02D4F8C80041F64B5398423FF6E8
:105670001CAF0AAB0093324604F507733946FDF7B9
:105680009DF984F82B0210E740F226516AE5BAF141
:10569000000F1CD0B4F8000218B3B4F8021294F84A
:1056A0000422A4F8021201FB0222904201F101053A
:1056B0000DDD002B0BDD002384F86032A4F80252CC
:1056C000FEF76CF900F00700013084F8040204F5DD
:1056D000167104F50C7007F031FD20B940F27651D7
:1056E00040E50146DBE7069B83F0010384F828329E
:1056F000002036E7E85F0400F0B5044685B018B92D
:10570000A5213020F4F7C0FB052900F2CB80DFE8AB
:1057100001F003C42A25C9BF90F82832C288A3B17A
:10572000B0F82632934208BFB0F8DC319A1AA0F8DC
:10573000DE21E380D4E99A232046C4E99C2301F0CA
:1057400015FC94F84C3005B0F0BDB0F824329B1A2B
:10575000A0F8DE31B0F824329BB2EAE705B0BDE82C
:10576000F04005F0CFB806F0A1FBD4E99C23801AE5
:1057700061EB0301012871F1000302DA40F20161DB
:10578000BFE76FF0010383424FF000038B4102DA61
:1057900040F20261B5E7D4F8C8300BB1B0FBF3F3C7
:1057A000E07BB4F8262247280ED0A17B4639012998
:1057B0000AD90D2808D0E1880B449BB2D11A0D04F8
:1057C00043D501339BB242E00132A4F82622B4F85B
:1057D0008A32E588344F0133A4F88A32B4F8423073
:1057E0001D44B4F84030013DED1AADB203AE3B6844
:1057F0005BB1B4F826120139002289B220469847DD
:10580000B4F826321844A4F82602B4F826126B1A0B
:1058100018042CD4002300961A462046FFF73CFCBF
:10582000012890D1B4F82622B4F8D811BDF80C3074
:105830001344521A12049BB204D5EA1A12F4004F10
:1058400018BF0B46A4F82632D1E7013293B2A4F870
:10585000263294F82932002BB9D1B4F8DC31B4F8EF
:105860002622934204BF0133A4F82632AFE7A37C7B
:105870000394002B14BF08233E23304684F83130B4
:10588000FEF7ACFC204601F027FC002363735AE7C7
:1058900005B0BDE8F040F6F717BD437B042BF4D00C
:1058A000C6212EE7CB212CE750A500202DE9F84397
:1058B0000E46044618B9D3213020F4F7E5FA05293D
:1058C00000F2A780DFE801F00376413DA52E06F047
:1058D0003BFCC4E95001204600F0CEFED4F8340170
:1058E000CB3806F0E5FA204600F0B2FE054600BBD4
:1058F0000146204600F00AFE00F1E506D4F8340126
:10590000B04209D2301A322838BF3220032106F0C3
:10591000EBFB60B106F0D0FAC4F83461204600F029
:10592000C1FE45B12046BDE8F84300F0BCBE0125EC
:10593000F2E70025F2E7D4E95023C4E94A23BDE8A1
:10594000F883BDE8F84304F0DDBF00F005FE042352
:1059500084F839318146884606F0A8FA07220F46B6
:10596000A9FB023102FB0811D4E94A525B1941EB51
:105970000205D4F810213AB159EA080204D098423D
:1059800077EB050228BF012684F83861D4E9522656
:10599000121A66EB070694F8581139B9012A76F104
:1059A00000010BDA204600F081FE03E0012A76F1C7
:1059B0000006F7DB002384F85031C0E7984277EB0C
:1059C00005010FD259EA08080CD01B1A65EB070134
:1059D0009A4276EB010005DB012B71F10000A4BFB8
:1059E0001A460E460C490123914284F851314FF07A
:1059F000000384F83031B341B8BF0A4604F1E8002F
:105A000004F5987107F046FC002898D140F2B26185
:105A100052E7EF2150E700BF0040420FD0F81001DD
:105A20007047D4D42DE9F84304460E46154690F845
:105A3000503103F0FF07002B40F0948000F1E8089C
:105A400039467822404609F017F947492246404630
:105A500007F06EFBC4F81061FF2384F8503166B183
:105A6000FDF7B4FF00F00700013086F804023F495B
:105A7000324606F50C7007F05BFB40F202434FF034
:105A80000009A4F8383184F8309106F089F900F162
:105A90009E06204600F0DCFDB6B20146C0B3FCF71E
:105AA0000DF800F1280189B2284606F027F92844AC
:105AB000C4F8340106F0FAF9301841F10001C4E9E4
:105AC0005001012084F81401A4F8269000F05AFE39
:105AD000E53D2D1AC4F818514FF0FF356FF0004125
:105AE000D4E95023C4E952510025C4E94823C4E94C
:105AF0004A2384F8515142F2107204F598714046DD
:105B000007F0C8FB38BB40F2B9113020F4F7BCF9FC
:105B1000204600F0FBFCDFF85890E530C4F8340173
:105B2000B9F8020048B1E08C38B1FDF74FFFB9F881
:105B30000230B0FBF3F202FB1300064406F0B6F9A4
:105B4000361841F10001C4E95061002DC4D0AD19EF
:105B500041F10001C4E72946204600F0D3FD384654
:105B6000BDE8F8830C27FAE7AD580300F9560300A7
:105B7000689D002038B5044690F850319BB1FF2352
:105B800080F85831012100F0BDFD94F8503153B137
:105B900004F1E805284606F041FA284606F052FAD4
:105BA000002384F85031002038BDD4D408B504F067
:105BB000A3F8044B9A6882422ABF1879002080F02B
:105BC000010008BD689D002010B50446FFF71CF9D0
:105BD000226A236C9A4228BF1A4600F5C17110460A
:105BE000FDF7C6FEB0F5296F28BF4FF4296080B2DB
:105BF00010BDD4D4F0B5044685B090F84C3003F015
:105C0000FF05002B6AD1437B032B67D106F04EF9C9
:105C1000D4E99C23801A61EB0301012871F1000390
:105C20005CDB6FF00103834275EB010104DA40F2A3
:105C3000AA513020F4F728F9D4F8C820E3880AB133
:105C4000B0FBF2F2013313449BB2A4F82432B4F84F
:105C50002422B4F8DC319B1A1BB2002B3EDD04F584
:105C60000C7006F0DBF9002838D0FF2384F82932C5
:105C7000B4F84230E5881A4E1D44B4F84030013D76
:105C8000ED1AADB20DF10E0733686BB1B4F8241202
:105C90000139002289B220469847B4F8243210FA1C
:105CA00083F39BB2A4F82432B4F82432EB1A1B0419
:105CB00014D4B4F8241200970023012289B220469C
:105CC000FFF7EAF9012809D1B4F82432BDF80E2013
:105CD00012FA83F39BB2A4F82432D5E705B0F0BDE5
:105CE00050A500202DE9F3470446062900F204815F
:105CF000DFE811F0070086007500830089008E0040
:105D0000FC00D0E99C01D4E99E23904271EB03038F
:105D100054D294F82A32002B50D0637B032B4DD100
:105D2000FFF772F894F821A18146FBF7C7FE0646FB
:105D300094F82B01FCF76CFE064494F82B01FCF759
:105D400067FED4E99C23D4F87872D4F8E8518046F1
:105D50005046BF1A04F030FF694A52F82A20A5F1D4
:105D6000600302F52342A1324FF47A71B2FBF1F2E3
:105D70009B1AA3EB09031B1A09F1890909EB5309C3
:105D8000B6B2603B08F5C86873431FFA88F8B3FBE6
:105D9000F8F360335A08A9EB53039F4202D39144AE
:105DA0004F4501D905F0ECFFD4F8C800314605F0A5
:105DB000A5FF0023C4F8180284F82A32514B1B793E
:105DC00003F0FF025BB90092B4F8DC110123204616
:105DD000FFF762F928B140F2CE6130202AE00423B7
:105DE000637304F0A1FA07F08FF9E288A4F8262281
:105DF0000023A4F88A3284F8293202B0BDE8F08783
:105E000003234373F9E703F07FFFC4E99E01F4E73E
:105E100000F1A8081121B0F8AA00F4F78DFF0028BE
:105E200062D094F82131022B5CD005D8012B08D028
:105E3000DC21B420F4F728F8033B012BF8D81E30FE
:105E400000E00A30858894F82101DFF8B890C31E7D
:105E5000012B8CBF00272827FFF7E4F86E30A842FB
:105E6000D4F8182234BF2B1A0023D4F8C85099183C
:105E70008D4284BFAD1AED1A99F8053007F1DC07A1
:105E800098BF002523B9D4F8E8309D4228BF1D46AD
:105E900004F1E800D4F8E861FDF72BFC0644022089
:105EA00006F0F6F8AD1B25EAE575854228BF0546E4
:105EB0000221284606F018F910B105F0FDFF2E4426
:105EC00001233A4631464046FDF738FDD4F8E83123
:105ED000C9F80800D4F8C800184402B0BDE8F0477B
:105EE00005F0E6BF1430ADE79625ACE7A83002B068
:105EF000BDE8F047FFF7ADB840F29C716DE700BF19
:105F0000E85F0400689D002070B5044621B10129B6
:105F100078D040F2D37172E000F01EFB94F851315A
:105F200005460E46DBB150EA010318D0D4E94832E9
:105F3000D4E95001C01A61EB020133462A4608F049
:105F4000E9FD05FB01F300FB0633A5FB000213444A
:105F5000D4E94821121843EB0103C4E94823E08C3B
:105F600030B1FDF71BFDE38CB0FBF3F202FB130035
:105F7000D4E94832ED1846EB02062D184FF0000325
:105F800046F1000640F20242C4E94856C4E95056C0
:105F900084F83031A4F8382184F8513194F858311C
:105FA00003F0FF01DBB9D4E952026FF000439A42DB
:105FB00008BFB0F1FF3F18D02046D4E9505600F09A
:105FC000A5FAD4E95232E5305B1B62EB06021B1ADC
:105FD00062F10002002A08DA204600F067FB04F0B4
:105FE000A3F9BDE8704007F08FB804F5987104F18B
:105FF000E80007F0A3F80028F1D14FF4E061302069
:10600000F3F742FF002380F81431E8E790F85001DD
:10601000003818BF012070470D4B33F8113002399A
:10602000C9B2022910B598BF0A4C4FF47A7203F234
:10603000E733B3FBF2F300F1FF3298BF34F81110ED
:106040004FEAC21288BFF021134400FB013010BD9B
:10605000FC5F0400C05E0400F0B5D928054628BFE7
:10606000D9253035BDF81460ADB2FF2D06F002071A
:1060700028BFFF2516F00106044601F5A57023D1BF
:106080001FBB002B00F0CB80911EC9B202299ABF22
:106090007F4D35F8111040F648010844D92C40F2E4
:1060A0008380D93C951EA4B2EDB2F721002B00F0FD
:1060B000D680022D04F1F604B4FBF1F400F2CC809A
:1060C000744B33F815306DE0EFB1911EC9B202295F
:1060D0009BBF714D05EB41014FF41471C988014418
:1060E000D01E012839D801F614409830002E3CD03B
:1060F000023AD2B2022A9BBF674B03EB4203C02392
:106100005B8A184450E053B1911EC9B202299BBF6B
:10611000614D05EB410140F648018989DFE7032A1B
:1061200006D1691D09B24FF4C87505EB8111D6E798
:10613000042A06D1691D09B24FF4BF7505EB0111A0
:10614000CDE7022A0BBF05F10B0105F10A0109B2E7
:1061500009B20CBF8900C900C1E7022A14BF4FF47D
:10616000B070B4209C310844BFE7F3B1911EC9B2AE
:1061700002299ABF494D35F8111040F64801D92C33
:10618000084411D9D93C951EA4B2EDB2F72163B3EE
:10619000022D04F1F604B4FBF1F45DD83E4B03EBA1
:1061A00045031B8B03FB0400F0BDF12C214628BFE7
:1061B000F121032A06D1133109B24FF4C87505EB5A
:1061C0008111DCE7042A06D1133109B24FF4BF75FF
:1061D00005EB0111D3E7022A0BBF1931183109B2BF
:1061E00009B20CBF8900C900C9E7022DB4FBF1F365
:1061F000DBB23BD82A4931F8151001FB0300C3EB91
:106200004311C3EBC103E41AA3B2002BCCD0083373
:10621000032A9BB22DD19B0103F21A4371E7032A93
:1062200007D105352DB24FF4C87101EB851528440F
:1062300034E7042A06D105352DB24FF4BF7101EBC6
:106240000515F4E7022A0BBF0B350A352DB22DB226
:106250000CBFAD00ED00EAE740F69213A2E7022D75
:10626000B4FBF1F3DBB201D80E49C4E740F692115A
:10627000C3E7042A03D11B0103F5467341E7022A51
:106280000BBF9B00DB0003F5BB7303F5CD7338E751
:10629000CC5E0400D85E0400C05E0400CC5E040046
:1062A000D85E0400D85E040038B50B46882203F897
:1062B000032B0C4600F10902293052F8041B43F865
:1062C000041B8242F9D112781A70A5880123A371A8
:1062D00002212846F4F730FD58B1E3784BB1022192
:1062E0002846F4F73FFD20B140F233212D20F3F78B
:1062F000CBFD38BD70B504460E466588407F15F06D
:106300000401134618BF04F177013246FCF79EF9E9
:106310004107054621D4C2070BD5012384F8683014
:10632000607FFCF765FA0368C4F869308388A4F8D5
:106330006D30AB0701D4012070BD094B586AD4F809
:106340007730012184F87610C0F80930B4F87B303A
:10635000A0F80D30FCF748FDEDE70020ECE700BFAA
:10636000749D002070B504460E461546FBF72AFBC7
:1063700098B9237884F8C030637CA4F8C16084F8AD
:10638000BF500BB194F8483084F8C33004F1B60024
:106390000249BDE87040FDF7E5B870BD196403001F
:1063A00038B5B0F848301B4D0133C3F30E03A0F8E5
:1063B00048302B7B04462BB104F09CF903F02EF9F6
:1063C00000232B7300232B7094F889302BB101210B
:1063D0002046BDE83840FFF797BD637CC3B1B4F8F1
:1063E00048209A4214D301212046FFF78DFD63888F
:1063F000DB0748BF236A204644BFB3F8AA104322F4
:10640000BDE838405CBF43224FF6FF71FFF7AABFDB
:106410000021DDE7749D00200B468B2210B503F8A8
:10642000032BD0F80920C1F80320427B1A71CB78E6
:10643000A3B130F8B43C1B0710D4B1F805400221D9
:106440002046F4F779FC48B102212046F4F78AFC93
:1064500020B140F276212D20F3F716FD10BD08B5CE
:1064600090F894300BB1012008BD90F8CC30002B8F
:10647000F9D190F8BE3003F0FF00002BF4D0FBF709
:10648000A1FA80F00100C0B2EEE730B54FF4B0726F
:1064900085B004460D46002108F0EEFBFF23237073
:1064A0001323638042F21073E384F4F7C3FD0022E8
:1064B0000146E0646846F4F7EBFDE06C0022012140
:1064C000F4F74EFEE16C04226846F4F7E1FD002289
:1064D000E06C1146F4F744FE04F13000A57400F0BE
:1064E0001DF902A8FCF76CFB20B94FF449712D206F
:1064F000F3F7CAFC02A904F13600FCF7C3FB05B0B0
:1065000030BD0078FF3818BF01207047F7B504464A
:1065100030300E4600F009F96188CA06074605D5F5
:10652000282200F00FF96D3003B0F0BD8B07E06C4E
:106530000FD5F4F753FE217905463846FFF76CFD79
:10654000638800930146627933462846FFF784FD4D
:10655000E9E7F4F733FEEEE7D0E902017047C07CCB
:10656000003818BF012070472DE9F041067DB31EA9
:10657000DBB2012B06F0FD068CBF4FF000084FF098
:106580000108371E18BF0127012B04461AD800F155
:10659000700190F86F00FBF7EDFF054663889B06DE
:1065A00017D4082D10D186B3FBF70CFAB8BBE37EE5
:1065B00093B3D4F81530C4F86930B4F81930A4F89E
:1065C0006D3006E00825E9E72846FBF7D1FE0028F4
:1065D000E9D1657784F81C8084F86870FBF7C4FF04
:1065E000054605F063FC104B0022E5FB0301C4E9FE
:1065F000180184F8762011462046FFF77BFE60B92B
:1066000040F2A3412D20F3F73FFC04F1690130462D
:10661000FBF71AFD0028DCD10020BDE8F08104F171
:1066200069010120F4E700BF40420F004FF400432E
:10663000A0F8483043881D2B08BF002141747047E3
:10664000408800F0010070478078C0F34000704738
:106650008078C0F3C000704710B54488C06CE30672
:1066600054BFC4F340040024F4F79FFD84F00104F8
:106670002043C0B210BDD4D4024B9862DB6A1B68C1
:10668000184700BF749D002090F86830016281F8BF
:10669000B330D0F86930C1F8B430B0F86D30A1F83B
:1066A000B83070477047FFF77BBED4D443881A07D1
:1066B00010B5044612D5036A11493C2280F8952092
:1066C000B3F8AA30A0F89630FF2380F8B3304FF625
:1066D000FF73A0F8B4308C30FCF744FF6388DB070D
:1066E00043BF236A3C22B3F8AA103C2258BF4FF69E
:1066F000FF712046FFF736FEFF2384F8893010BD76
:10670000A962030080F888107047C0F34002C0F30C
:106710008003134400F00100184470470023C0F8C0
:106720000230012343700370704708B5014680783A
:10673000FFF7EBFF4B780A7813FB02F313FB00F033
:10674000C0B208BD0138022808B503D9C4212F20E2
:10675000F3F79AFB13290A4B05D811290CD81029F5
:1067600007D0D221F3E71529FBD103EB4003D888EA
:1067700001E033F8100008BD03EB40039889FAE705
:10678000E25E040040F25A33584370472C4A38B551
:10679000948803461C43402B1068948004D1042144
:1067A000BDE83840FFF79EBA802B01D10521F7E7FD
:1067B00003F00304032C04D140F6A4313120F3F795
:1067C00063FBDD0706D50C6891602478062C1AD08F
:1067D0000B2C22D09C0711D50C6821781173072946
:1067E00029D00B2922D0052908D1C17B182905D130
:1067F00000240025C0E91E45012101759B0644BF08
:106800000823537338BDC47B1C2CE3D1002400251E
:10681000C0E91C450124C474DCE7C47B122C01BF11
:106820000024C474012480F85240D3E7C17B1129AD
:10683000E4D10021E1E7617880F8A010DEE700BF35
:10684000A49D00200C4A517B034689B910683BB9CE
:10685000B0F81011B0F8F420914209D8FFF7A6B9AA
:1068600093881B0706D5007C083818BF01207047A5
:106870000020704701207047A49D002008B50368E0
:10688000DA7B182A04D040F27E513120F3F7FCFA6B
:106890001E22DA7308BD08B590F89E30FE2B04D096
:1068A00040F66F113120F3F7EFFA002380F89E10C5
:1068B00080F89F3012B9A0F84E2008BDA0F84630ED
:1068C000012380F84A30F8E708B50368DA7B352AF7
:1068D00005D10022DA73BDE80840FDF758B9182A3F
:1068E00002D11E22DA7308BD40F293513120F3F732
:1068F000CBFA037D63B9C37BA3F11002032A07D946
:1069000090F8520028B1202B8CBF00200120704746
:1069100001207047037D63B9837BA3F11002032A32
:1069200007D990F8520028B1202B8CBF00200120FD
:10693000704701207047D4D42DE9F843854D0646B1
:106940002C68002840F0C480AB88190746D594F81D
:106950009E302A2B16D00CD81C2B13D0222B18D0EB
:1069600094F89E30FE2B20D140F2FB513120F3F7FA
:106970008BFA3C2BF4D1784B1B68002BF0D02846C7
:106980009847EDE7002384F841317248FDF7E5F8B8
:10699000E6E784F84201714B1B68002BF5D004F543
:1069A000A17104F1A4009847EFE7FE2384F89E301C
:1069B000E37B1E2B06D10027664884F85170FDF753
:1069C000E6F8E773A37B242B2AD0372B30D0237C27
:1069D000082B02BF0223AB7384F89E30AB88DA0722
:1069E0004FD5D5F80080A96898F80F30D1F80090FD
:1069F000113B0F2B99F800700BD8BB1EDBB2092B93
:106A000000F2A68040F2333222FA03F3DB0740F1B2
:106A10009F8009793846FCF703FB88B9394680E046
:106A2000E37B243B072B94BF2B232523A373CEE7C3
:106A3000012384F8C5320023A37384F84A30C6E7E3
:106A4000012F01D9162F4ED198F80E00FDF7BFF88F
:106A500040B198F80E30242B04D0252B34D12B23B1
:106A600088F80E303846FDF74BFB0346002849D125
:106A7000FF2FD3D12B69002B51D02B68012283F833
:106A8000C622AB88580704D5227C072A04BF0122FE
:106A9000AA7399074CD5287B2B6801220D2883F80F
:106AA0009F2042D011284CD007284CD0FDF73CFB4A
:106AB000034600283AD12A7BFF2A46D12A6837218B
:106AC000917382F8C40233E0162F14BF02262026E9
:106AD0006B7B1B0704D5E37B113B0F2B98BF08266C
:106AE0003046BDE8F883112F15D005D8072F14D0F4
:106AF0000D2FB7D11A4B05E0142FB3D1194B1B68DA
:106B0000002B8BD0AA681348127949469847002871
:106B1000B7D00646DCE7144BF4E7144BF2E799F8DC
:106B200000100C48FDF786F8F1E7114B094898472B
:106B3000AB88DA06CCD5E37B0A2BC9D10B23E373F0
:106B4000C6E70C4BF2E70C4BF0E740F2EE510DE7D5
:106B50000826BDE7A49D00209CA5002078A5002064
:106B6000716D030058A50020BD6D0300D96D0300B1
:106B70007D680300C96803007D6B030010B50368DE
:106B80009A7B93F8A010092A08D193F899208A4299
:106B900004D100229A7383F84A2010BD1A6812F0BB
:106BA000080406D022F00802BDE810401A60FCF785
:106BB000EEBFFF2904D137229A7383F8C442ECE771
:106BC0004FF4AF613120F3F75FF938B513680E3831
:106BD00014460D469A7B09283ED8DFE800F0053DB3
:106BE0003D3D0F3D183D3D27042A05D12046FCF7C9
:106BF000B4FF2046FDF778FD002038BD0F2AFBD1F9
:106C0000002220461146BDE83840FDF7E1BD212AAB
:106C1000F2D12046FCF7A1FF002DEDD0226892F8BA
:106C2000623023F0200382F86230E5E7DA7B272A1E
:106C3000E2D10025DD732046FCF7A9FF236893F815
:106C40003831012B03D129462046FBF731F8236860
:106C5000002283F83821CFE740F262213120F3F798
:106C600013F9D4D4002908BF1F21262870B5034684
:106C7000144639D81C2806D8A0F10E03DBB2092B24
:106C80001CD9002070BDA0F11D02092AF9D801A06D
:106C900050F822F0256D0300836C0300836C030021
:106CA000356D0300836C0300836C03000F6D0300DC
:106CB0000F6D03000F6D0300436D030001259D4020
:106CC00040F25126354015D1082BDAD11668B37B36
:106CD000252B14D12046FAF7EBFF86F83851002314
:106CE000B37386F84A30CCE73B2832D03E28C8D16F
:106CF000194B27E0BDE870400021FFF766BF2B2B42
:106D0000BFD1F37B243B072BE9D92A21E2E7134AC1
:106D10001568002DB5D00A46204619462B46BDE819
:106D2000704018470E4B1B68002BAAD00A461D2145
:106D30002046F4E70B4B1B68002BA2D00A4620210B
:106D4000F6E7094B1B68002B9BD02046BDE870403E
:106D50001847064BF6E700BF88A500205CA5002079
:106D600068A5002070A500207CA50020A4A5002017
:106D7000024600684978837B212B15D00CD8042B60
:106D800014D00F2B14D0C07B272815D0332B0CBF69
:106D90002620FE20FFF766BF2B2B03D02D2B09D01A
:106DA000252BF0D11620F5E71420F3E70E20F1E7AC
:106DB0001220EFE72320EDE71720EBE702460068FB
:106DC0000B4690F8621041F0040180F86210997847
:106DD0005878FFF747BFD4D470B54B780268262B9C
:106DE00004465CD01DD81D2B957B54D00FD8A3F141
:106DF0000E02D2B2092A08D8012101FA02F640F2A5
:106E00005120064220D1082A24D0002070BD232B17
:106E1000FBD12D2DF9D1254B1B68002BF5D09847C0
:106E2000F3E73E2B3DD005D82B2B3CD03B2BECD1B0
:106E30001F4BF1E7FF2BE8D11E4B1B69002BE4D061
:106E4000012382F8C632E0E722461846BDE87040CA
:106E5000FFF7BBBE252D01D02B2DD6D12046FCF748
:106E60007CFE2368DA7B262ACFD093F8632022F0B9
:106E7000010283F86320226892F8633023F008034C
:106E800082F863301A212046FAF712FF23680022A5
:106E900083F83821B9E7362DB7D1074BBCE7074B4C
:106EA000BAE7074BB8E7074BB6E700BF60A500207D
:106EB000A8A50020A49D00206CA5002080A500208E
:106EC0008CA5002094A500202DE9F34790F8D282EC
:106ED00090F8D36204460D46B8F1000F3BD190F80C
:106EE0002071002E39D194F821A184F8207184F802
:106EF00021A1FF2384F822311A4B1B6804F1A80951
:106F000013B1394648469847174B1B6823B1019483
:106F10003A46514601A8984794F83831012B02D0DF
:106F200058EA060603D0237B43F001032373484647
:106F3000FCF733FC18B1237B43F0020323730621D3
:106F40002046FEF7CFFE002384F838313DB1A3730D
:106F500002B0BDE8F0874746C3E7B246C5E7E57330
:106F6000F6E700BF64A5002098A5002073B5514D39
:106F7000002604462860AE806E73AE73FF2380F84F
:106F80004C30B0F8DA31002B00F0828090F89E305F
:106F9000FE2B7DD190F82C31002B79D0037C073B60
:106FA000012B75D990F82D31A0F8446080F8A030FD
:106FB00002210122FFF76FFC84F8E26102212846DA
:106FC000FCF7FEFEB4F8DE11B4F8E021B4F8DE30D0
:106FD000013989B2B1FBF3F31344A4F8E031B4F8FA
:106FE00040300B44A4F840302046FFF782FC10B13B
:106FF000636B0B446363B4F8DA31012B9CBF01333C
:10700000A4F8DA31002609B184F8E661E37B84F85C
:10701000E2610A3B012B0FD8E388B4F8D0229B1A17
:10702000190409D404F2D22104F11700FBF72AFE57
:10703000E673FF2384F84B30B4F8DE2104F1A80195
:107040002046FBF765FEE37B1B491C4A113B0F2BD7
:107050008CBF0023012300932868194BF4F7DEFF4F
:10706000696911B1287E03F01BFB2C68237BDA07CA
:1070700003D510480021FAF71BFE237B9B0703D59D
:1070800004F25910FCF7EAFB0023237302B070BD31
:1070900094F89E10FE2901D0064891E7094B1E681E
:1070A000002E8FD005F050F802460B460148B0473D
:1070B00088E700BFA49D00208D670300456803009A
:1070C000F1700300ACA50020024B1869003818BF0E
:1070D00001207047A49D00200022C281827490F894
:1070E0004C3013B10221FEF7FDBD0321FBE7D4D4E0
:1070F0002DE9F04FDFF85C860F46B8F80410D8F899
:1071000000408D0556BFB4F840200023013287B0FF
:10711000814646BFA4F8403084F8E631A4F8402008
:107120002046FFF7E6FB38B10B4604F5A87204F1E0
:10713000A8012046FDF7A0FBB8F8043003F4C063B3
:1071400033B1A37C002B00F0A080032B00F0A380C0
:10715000A27CB8F80430012A03D1180544BF0222EA
:10716000A274B9F1000F40F04C8159065DBFB4F82C
:107170000022013292B24A46A4F8002203F00A0229
:107180000A2A0FD198F80C20022A0BD123F0080309
:107190003846A8F80430FFF7CFFB08233843C7B2BE
:1071A000A8F804303846FFF7C7FBD8F8103038434A
:1071B000C7B2002B50D01422002101A807F05CFDBB
:1071C00094F8210103F000FD054694F8210103F035
:1071D000F3FC05F5FA754FF47A73B5FBF3F5B4F8E3
:1071E000AA30ADF804300544E38894F82911D4F8A6
:1071F000C800ADF80830ADF80A50FBF7F4FB94F87E
:10720000C632ADF8060033B1D8F808301A689B884A
:1072100004928DF814309DF80C3094F8C52262F376
:1072200000038DF80C3001A8D8F810309847049A64
:10723000002384F8C63284F8C5326AB194F8C432A7
:1072400053B9A37B372B07D09DF8143023B11178A5
:10725000FF2924D11B2B29D9D8F8006096F89E303D
:10726000FE2B49D1002F47D1337C073B012B43D95B
:1072700096F82C3113B396F82D31A6F8447086F8A1
:10728000A030012202213046E4E10121A174204610
:10729000FEF728FD5CE70223A3740121F7E7072925
:1072A000DAD1022BD8D15178FF29D5D1012184F828
:1072B000C412C4F8C82284F8C732CDE796F80FA0EC
:1072C000AAF1100A5FFA8AFABAF1100F40F255815A
:1072D0003368DA0702D53A460921D4E79D0740F121
:1072E000EE803A460C213046FFF7D5FA96F8533037
:1072F00043F0010386F85330B4F8E03194F8E351D9
:107300000133A4F8E031002D00F0FA82F4F7F4FF25
:1073100010B10023A4F8E031B4F8AA0002F000F99B
:10732000A37CB4F8DE60012B824640F22883237CE4
:10733000082B40F0FD82B4F84030022B40F21F834E
:10734000B4F842500135ADB2E388DFF818B42B44ED
:10735000A4F8D831DBF80030002B00F01483012EA4
:1073600040F21183F4F7B8FFDBF80030E188024601
:107370002046984700F1010B1FFA8BFB94F8E4318B
:10738000002B3AD1012D38D9E37B0BB10B2B34D133
:10739000A37B93BB237C83BBA37C022B2DD194F8CE
:1073A000E63153BBD4F8C000F3F729FA28B394F8B8
:1073B0009E30FE2B21D1B4F8DA31012B1DD9B4F85F
:1073C000E021B4F8D0309A4217D2BAF1000F02D0BF
:1073D000BAF80E1089B99B1A9BB2013DADB2B5FB4C
:1073E000F6F59D4228BF1D4616FB05B6003D18BFA9
:1073F00001251FFA86FB84F8E251E3889B44A4F838
:10740000DCB1B8F80430D8F800505E065FBFB5F8BC
:10741000EC31B5F8DE219B189BB248BF0023A5F8DC
:10742000EC3195F82C311BB92B7C073B012B06D88E
:10743000B5F84430B5F8DE211344A5F8443095F88A
:107440004A1031B1B5F84630B5F8DE211344A5F83D
:10745000463095F95020002AC1BFB5F84E30B5F836
:10746000DE011B18A5F84E3095F831306BB9B9F133
:10747000000F40F0CF8298F80E30022B40F0868249
:1074800095F8A030062B18BF162395F8302022B9A6
:10749000B04885F83130FCF7A1FE2846FFF71CFE06
:1074A000AD4B1B681BB1AD4A2046116898470023BD
:1074B00084F84C3007B0BDE8F04FFAF795BD580797
:1074C00002D53A461321DEE6190706D596F898301C
:1074D00086F8A0303A460721D5E61A0602D50022E2
:1074E0001B21D0E613F0300238D096F82F31002B54
:1074F00060D196F82E31C3B1F37B292B06F1A80099
:1075000006F5977106F2D22226D0B37BA3F12905A6
:107510006B426B41FCF7F6F8336823F0200343F02D
:1075200010033360002386F82E313368DA0641D524
:1075300006F1A800FCF731F918B106F25910FCF772
:107540008DF9B6F80A31A6F8A030B6F80E31A6F8D3
:10755000A2300022152196E60123DBE713F040015B
:1075600001D024218FE613F4807202D00A461E2136
:1075700089E6DB041ED52C2185E6D8F80050EB7B8C
:10758000182B36D011D8112B26D0162B28D0B37B30
:10759000002B72D1F37B103B102B76D996F83E303E
:1075A000002B72D0012212216DE6202BEFD13A463A
:1075B000062113E0D8F80000C37B352B48D006D84D
:1075C000262B4AD02F2BE2D10022202142E04E2B45
:1075D000DDD100223C213DE03A460B21284639E02E
:1075E0002846FCF727FF00283FF486AE002204213E
:1075F000F4E795F8C032012B07D13A460521284619
:10760000FFF749F985F8C07276E695F8C032022B8B
:10761000D9B27FF471AE95F8523053B1062385F894
:10762000A0303A462846FFF736F9002385F8C032E5
:10763000EAE7D8F8003040F20632A3F89A2095F82D
:10764000623013F0040F3A460CBF0D211121E9E717
:1076500000221121FFF71FF94EE690F83831022B76
:1076600002D100221721F5E790F83831012B8ED195
:1076700090F83931002BF4D089E7092B05D196F821
:10768000993086F8A030012225E7BAF1100F7FF675
:1076900033AED8F8005095F80EA0BAF1000F40F0C4
:1076A000C48095F83F313BB101220E212846FFF7F7
:1076B000F2F885F83FA1A7E795F83E3183B195F838
:1076C00053A01AF0030B0BD101220C2128464AF0DB
:1076D000010AFFF7E0F885F853A085F83EB193E77B
:1076E00095F8403173B195F86930DB0902D0012279
:1076F0002B2173E71A4B1B68002B00F0968015486E
:10770000984792E095F82E3183B395F82F316BBBF3
:10771000EB7B292B05F1A80005F5977105F2D22224
:1077200022D0AB7BA3F1290673427341FBF7EAFF3A
:10773000002385F82E31012214212846FFF7ABF8EB
:10774000B5F80A31A5F8A030B5F80E31A5F8A23089
:10775000D2E500BFA49D002074A500207021002068
:1077600094A5002084A500200123DFE795F8383197
:10777000012B6ED195F83931002B6AD1E87BA0F14D
:107780002403072B65D995F820114B1EDBB2032B80
:1077900009D895F82121DFF898C2013AD2B2032A1C
:1077A0001CF803E004D94FF43F710620F2F76CFB9C
:1077B000BEF1020F95F83A3114D0BEF1030F13D089
:1077C000BEF1010F04D1012B14BF002301236BB9BB
:1077D000A0F14703012B28D90A38042825D9012212
:1077E0001621FBE6022BEFE7042BF1D11CF8022057
:1077F00095F83B31022A24D0032A24D0012AE7D16C
:10780000012B14BF00230123002BE1D0EB88B5F836
:107810003C0105F53472FAF7A9FA8246B0B901467F
:107820007F48FAF745FA85F838A1B37B002B7FF43F
:1078300063AD96F8C432002B3FF45EAD0122FF2108
:1078400021E5022BDDE7042BE0D0C1E72C23AB734D
:1078500052E595F8423113B101222221BEE695F896
:10786000413143B16F4B6E481B689847FE28014673
:10787000DBD00122B2E695F84A3113B101221D2175
:10788000ACE695F84B3113B101222621A6E695F816
:10789000CC3213B101223E21A0E695F84C319BB1C8
:1078A000D8F800301021B3F8AA00F3F745FA0369BD
:1078B0009B0706D55C4B5A481B68984701223B2121
:1078C0008CE65A4B1B681AE795F84E314BB195F888
:1078D000393133B9EB7B243B072B02D90122232119
:1078E0007CE695F84D31012B05D1002385F84D310B
:1078F0000122252172E695F84D31022B95D1F4E74E
:10790000F4F7E4FC08B1A4F8E051F4F7FDFC00281A
:107910003FF402AD94F8E6310133DBB2022B84F878
:10792000E63182BF0023A4F8E03184F8E631F3E4C5
:1079300094F83E3013B1A37B0F2B20D1B4F8425002
:10794000B4F840300135ED1A2046B100A5EB8605AC
:10795000FEF7CFFFA8B1A36B626B01339B1A5B1AD2
:107960009D42A8BF1D46BAF1000F05D0BAF80E30EF
:10797000043B9D42B8BF1D46012D3FF7E4AC0125F5
:10798000E2E42B46ECE74FF0010BF7E4012B08D1C2
:107990006B7C002B7FF479AD00212846FEF7A2F91D
:1079A0007EE55FB1F80633D4390733D4BA0633D451
:1079B000BB0733D14FF431613120F7E639B1B5F867
:1079C0004610B5F84830994201D322235DE5002ADC
:1079D00005DDB5F84E20B5F848309A42F5D2B5F835
:1079E0004420B5F842309A4209D2AA7CB5F840301A
:1079F00052B1B5F842209A42CED8082345E595F811
:107A00002C31002BE1D1F0E7052BC5D93E233CE515
:107A10001E233AE53D2338E5232336E52A2334E5C2
:107A2000A49D002054A50020A0A50020A8A500200A
:107A3000F45E040038B504460846E37B162B09D0F3
:107A4000A3F118025342534194F8C02222B10C25ED
:107A5000284638BD0123F7E7002BF8D094F8F03220
:107A600003F0FF05002BF2D190B194F8FE3123B959
:107A700040F66C313120F2F707FA052304F1800259
:107A800004F5F77106F0CAFE012384F8C032DFE77F
:107A90000223FAE773B504460190D4F8C830D0F851
:107AA000D802984214D1D4F8DC62D4F8D030F61A57
:107AB00018BF012694F8E432002B3FD0B4F8AA0096
:107AC00001F02EFD30B940F668513120F2F7DCF9B3
:107AD0000126EFE7B4F8E022B4F8DE309A421AD17A
:107AE000B4F8E23282899B1A18BF0123A57B472D87
:107AF00015D0E27B472A10D00025B4F8DE22D4F856
:107B0000D81201A8FAF7C4FF95B30023A373032387
:107B1000A37402B070BD0123E8E73343ECD0154BEA
:107B20001B6813B940F67351CFE7A5F147025542E0
:107B30004FF0000101A855419847DEE7002EDBD049
:107B4000B4F8AA3094F82911A4F8A131FAF74BFF40
:107B5000B4F8DC32A4F8A531B4F8DE32A4F8A301FD
:107B60000549A4F8A73104F29710FBF743FDC3E7DA
:107B7000E573CCE790A500203343030038B50C4BE8
:107B800033F8104008460D4603F01EF8033D012D62
:107B900004F29D744FF47A738CBF002528250444A9
:107BA000B4FBF3F4FDF730F9D4342044284438BD55
:107BB000FC5F040010B5044690F8791090F8780046
:107BC000FFF7DCFF002201462046BDE81040FBF72E
:107BD000C6BED4D42DE9F74F99466C4BC360437DA4
:107BE00023F0070343F0010343750023036191F879
:107BF0000EA0AAF14703012B05460C46164619D9DB
:107C000091F80F80A8F14708B8F1010F8CBF4FF031
:107C100000084FF00108B9F1000F04D00022012143
:107C2000204601F0AFFB637B032B7ED8DFE803F037
:107C3000057970794FF00108EDE726B940F2172178
:107C40003520F2F721F90123637304F1A800FFF74F
:107C5000B1FF0027BB464E4B1A6822B14946204669
:107C6000904707FB00BBD4E976211BEB020241F1F0
:107C70000001C4E97621C5E90021A17BA1F10B0235
:107C8000D2B21E2A54D8434ED64006F00106E27BFB
:107C9000472A08BF46F00106204601F0C1FB28B183
:107CA000002E4BD1607B012818BF022004F1E803AD
:107CB000287518460193FBF71CFDA860B9F1000F69
:107CC00061D0AAF10D0ABAF1010F8CBF424648F00B
:107CD0000102002A57D139462846FAF7FBFD1FFA60
:107CE00080F9204601F09CFB804686BB81452ED35F
:107CF0002E75D4E976210BFB00F0121841F100013A
:107D0000C5E90021BBF1000F1AD140F29D2197E790
:107D1000D4F82872D4F84032032207EB030B6273C5
:107D200099E7D4F8C8B05F4695E74FF4147187E738
:107D3000472901D00026AAE70126ADE70020B5E7D4
:107D400039462846FAF7C6FD80441FFA88F9012211
:107D50004946204601F016FB0D4B1B6853B101212B
:107D600020469847D5E9003278431B1842F10002BB
:107D7000C5E9003204F1E800FBF7BBFCD5E90023BC
:107D8000A860C4E9762303B0BDE8F08FE17D03006D
:107D9000B0A5002005000040F7B5104E0123337058
:107DA0000023CDE900336846F3F700F8044618B124
:107DB0000023337003B0F0BD009D6B7B002BF2D02D
:107DC00005F50077384604F029F9384604F03AF909
:107DD0006C7305F5EC70FCF703FFE4E7C09D002031
:107DE0002DE9F041804686B00D46A0F500740529C6
:107DF00000F28F80DFE801F003876E8D8D82637B58
:107E000013B9EA21352016E0204601F0F1F90028E7
:107E100071D0A8F5AC7611217088F2F78DFF03467A
:107E200096F87800002B53D002284FD005D80128AF
:107E300008D0DC21B420F2F727F8C21E012AF8D8B6
:107E40001E3300E00A339C8896F87910324FCB1E1F
:107E5000012B98BF2825FFF791FE2030844288BF70
:107E6000231A7A78346AA5F1710598BF0023EDB220
:107E7000E41A1AB9336C9C4228BF1C46A8F58C70D2
:107E8000FBF737FC00F12008022004F001F9A4EB15
:107E9000080424EAE474844228BF044602212046F0
:107EA00004F022F910B104F007F8A04400232A4698
:107EB00041463046FBF742FD7860306A03F0F8FF38
:107EC000164806B0BDE8F04105F06AB81433BAE7C9
:107ED0009624B9E72146684601230022FFF77AFE7F
:107EE0006946404604F044F810B94FF4347189E70C
:107EF000E3880133E38006B0BDE8F08106B0BDE859
:107F0000F041F4F7E1B9637B042BF4D04FF48371B3
:107F100078E74FF4857175E7C09D002005A903003F
:107F2000024B0022C3E90022FFF736BFC09D0020AC
:107F3000FFF732BFC0F8E011704710B50446FCF7F8
:107F400063FF226A236C9A4228BF1A4600F59F718C
:107F50001046FBF70DFDB0F5296F28BF4FF42960DF
:107F600080B210BD08B520B940F277113520F1F785
:107F70008BFF437B03F0FF0113B14FF4BC71F5E7B6
:107F8000BDE80840202200F5007006F075BE10B56F
:107F9000044686B020B94FF4BF713520F1F774FF65
:107FA000427B02F0FF0312B140F27F11F5E7014678
:107FB00001226846FFF70EFE694604F5007003F0E3
:107FC000F9FF10B940F28311E7E706B010BDD4D431
:107FD00008B501F091FE044B5A6882422ABF187816
:107FE000002080F0010008BDC09D002030B504468F
:107FF00087B0042900F2A380DFE801F003252229DD
:108000009B00504B1A7802F0FF03CAB901460122C7
:108010006846FFF7DFFD694604F5007003F0CAFF0C
:1080200020B94FF435713520F1F72EFFE388013385
:10803000E38002F079F907B0BDE8304003F0E6BF15
:1080400004236373F5E70323637307B030BD90F82F
:108050002951D0F8C830C0F828323DB1D0F8445288
:1080600041F64B5295428CBF0025012540F2E24279
:10807000ADF8042094F8502242B9D4F84422934237
:108080001DD0B4F8AA0001F04EFA18E0B4F8AA0026
:1080900001F046FA10B94FF44471C4E7B4F84C3219
:1080A000A4F8DE30B4F84E328381B4F83C32438118
:1080B000013B038200257D23C581ADF8043094F88F
:1080C0002A3113BB15BBD4F84032C4F8D830B4F809
:1080D0003E32A4F8DC30D4F84832D4F84422C4F854
:1080E000D030B4F8DE30C4F8C82053431946019AA2
:1080F00084F82A5104F5EC700093FCF753FD04F169
:10810000A800FFF757FD02239EE75DB14FF04D1326
:10811000C4F8E0300023A4F8E4304FF47A73ADF8EB
:108120000430D0E74FF09613C4F8E030A4F8E450E0
:10813000C9E7A83007B0BDE83040FFF73BBD40F2CB
:10814000653170E7C09D00200D4A0146107890B956
:108150000129536807D1B3F81021B3F8F4309A42DB
:108160000CD8FFF735BF1289520706D5187C07389F
:1081700018BF01207047002070470120704700BFE2
:10818000C89D002038B5174B1C895A6804431C81D0
:1081900000F00304032C04D140F6DF213620F1F770
:1081A00073FEC50748BFD960840706D509680978FA
:1081B0001974062906D00B290ED0820644BF082266
:1081C0001A7038BD917B1D29F7D100240025C2E922
:1081D0001E4501211175F0E7917B1329EDD1002196
:1081E000F8E700BFC89D0020036893F8A02022B1E3
:1081F00000229A7383F84A207047DA73FBF7C7BCF2
:1082000003689A7B032A04D1002283F84A209A73D8
:108210007047FBF7BCBCD4D42DE9F743837B0090B7
:10822000A3F14702012A044620D9C27BA3F10D0124
:10823000473A0129D2B216D8012A8CBF0022012266
:10824000E188B4F83C02013189B2884240F0A7804D
:1082500094F85052002D00F081804AB940F25E211E
:108260003620F1F711FE012A00F299800122E7E79A
:10827000524B1B6813B940F25F21F1E700216846B9
:108280009847002584F85252B4F84A22D4F8441290
:108290006846FAF7FDFB03212046FFF7A7FEA37B04
:1082A000A3F14702012A03D9A3F10D02012A71D8D3
:1082B0000023A373E27B292A77D1A3F12C02554234
:1082C0005541E388B4F8382201339B1A1B046ED45D
:1082D00094F83A8294F8203194F83B62B8F1000F98
:1082E00008BF98460EB994F82161984562D194F878
:1082F00021319B1B18BF012343EA050984F8208123
:1083000084F82161FF2384F822312D4B1B6804F18E
:10831000A80713B14146384698472A4B1B6823B13A
:1083200001944246314601A89847B9F1000F03D0A5
:10833000237B43F0010323733846FBF72EFA18B171
:10834000237B43F00203237304212046FFF74EFEF4
:10835000002384F838317DB3A37328E0B4F8AA3041
:1083600094F82911A4F8A131D4F84402FAF73BFBA0
:10837000B4F84832A4F8A531B4F84A32A4F8A301FD
:108380001149A4F8A73184F8A05104F29710FBF723
:1083900031F976E7E27B473A012A98BFE573A3F10A
:1083A0002902012A86D801258BE72C2BFBD003B0AC
:1083B000BDE8F08301239FE7E573F8E7E8A5002017
:1083C000C0A50020F4A5002033430300A1F112034F
:1083D000012B0AD910B9192902D87047122906D9D8
:1083E0001F298CBF0020012070470120704700200A
:1083F000704738B5136814289B7B0D4614460CD083
:1084000016281AD0122835D1052B14D10022204667
:108410001146BDE83840FCF7DBB9213B022B0AD8F6
:108420001046FBF79AFB35B1226892F8623023F0D0
:10843000200382F86230002038BD242BFBD1104687
:10844000FBF78BFB6DB1226892F8633023F00103D8
:1084500082F86330226892F8633023F0080382F8D0
:1084600063301A212046F9F723FC2368002283F8A1
:108470003821E0E740F2AE413620F1F705FDD4D4D3
:1084800010B54B780468232BA17B024627D018D85F
:108490001D2B2BD00AD8A3F11201042904D84FF4C4
:1084A000A801D940C90714D4002010BD1F2BFBD14F
:1084B0003129F9D1114B1B68002BF5D02046984784
:1084C000F2E73B2B18D03F2B14D02B2BECD10C4BCD
:1084D00008E0BDE8104001211846FFF78ABF2D29AA
:1084E000E2D1084B1B68002BE9D1DDE73629DBD14F
:1084F000054BF7E7054BF5E7054BF3E7D0A5002063
:10850000F0A50020BCA50020C8A50020ECA50020F7
:1085100004A60020034610460A1E08BF1F22252B72
:1085200070B535D8112B03D8032B3FD0002035E090
:10853000A3F112011329F9D801A454F821F000BFC6
:108540009F8503002D8503009F8503002D85030073
:108550009F8503002D8503002D8503002D850300D5
:108560002D8503002D8503002D850300198603004A
:108570002D850300258603002D8503002D8503002E
:108580002D85030007860300078603000786030086
:108590003B2B4FD0FE3B58425841400070BD024635
:1085A000BDE8704000211846FFF723BF0468A37B95
:1085B0001A2B01D0142B46D194F85230002B42D103
:1085C00084F8513084F84A3094F8B13103F0FF0553
:1085D00023B14FF481613620F1F756FCB4F8AA308C
:1085E000A4F8B33184F8B22184F8B551A4F8B65197
:1085F000A4F8B85184F88252144904F2A910FAF789
:10860000B1FFA57392E712490C68002C8ED0194671
:108610002346BDE8704018470E4B1B68002B85D0E1
:108620001D21F6E70C4B1B68002B3FF47FAF006861
:108630001F21EEE7094B1B68002B3FF477AFBDE825
:108640007040114618470220A8E700BF034403000A
:10865000B8A50020C4A50020CCA5002000A60020BD
:10866000036849789B7B0246A3F1100010280BD9C0
:108670002D2B0BD0212B0BD0052B0BD0242B0CBF7B
:108680001620FE20FFF746BF0320FBE72320F9E773
:108690001420F7E71220F5E7024600680B4690F831
:1086A000621041F0040180F8621099785878FFF761
:1086B00031BFD4D42DE9F347964F80467C680E46EF
:1086C000002284F84C2039898D055EBFB4F8402023
:1086D000013292B2A4F840202046FEF71BF938B1CF
:1086E0000B4604F5A87204F1A8012046FCF7C4F873
:1086F0003B8903F4C06333B1A37C23B90121A17486
:108700002046FFF773FCB8F1000F40F0CC81002E3B
:1087100040F0C9813B897D685C0705D52A7C072A22
:1087200002BF01227A742E74980713D5387C012376
:10873000072885F89F300AD0112824D0FBF7EAFCDF
:10874000034628B94FF4C3613620F1F79DFB724B05
:10875000724898473B89190740F1B2807C6894F8C9
:108760009E302A2B36D81B2B0FD8012B56D0032B2B
:108770005DD0002B42D094F89E30FE2B40F08980D3
:1087800040F22561E0E7664BE2E71C3B0E2BF2D896
:1087900001A252F823F000BF4D8803007787030041
:1087A00077870300778703007787030055880300E6
:1087B00063880300778703007787030077870300C8
:1087C000778703008188030077870300778703009A
:1087D0004D8803003C2B5AD03F2BCCD1E388B4F812
:1087E0003C229B1A1B0402D4002384F85232A37B40
:1087F000472B0CD1002384F84A30BCE7E288B4F858
:108800003C12521A1204B6D484F85232B3E7E37B16
:10881000472BB0D14148FBF7BAF9ACE7E388B4F88D
:1088200036229B1A1804A6D40023A373A3E7A37BC4
:10883000143BDBB2092B05D840F2412222FA03F3A4
:10884000D90798D4002384F88232DFE7002384F824
:108850004131D0E7334B1B68002B8CD02046984722
:1088600089E7002384F842312F4B1B6823B104F5BC
:10887000A17104F1A40098472848FBF76EF97AE744
:108880002A4B1B68002B3FF476AF2448E7E7284BC0
:10889000F7E7FE2384F89E30A37B292B38D02ED80F
:1088A0000B2B30D00D2B31D0E37B472B04BF48235B
:1088B000E373237C082B01BF02237B740023237402
:1088C0003B89DA074AD5FA687B681668997B93F882
:1088D00052003478FFF77AFD28B1112C69D8154B76
:1088E000E340DB0765D511792046FAF799FB18BB01
:1088F000FB680A481A793146FBF7ADF92DE0472BA2
:10890000D2D1482300E00C23A373CDE70E23FBE76D
:108910002A23F9E7C89D002001820300CC9D002096
:10892000E9810300D4A50020D8A50020DCA5002003
:10893000F8A50020742802000D2C34D0112C34D05E
:10894000072C34D02046FBF7D1FB03460028CFD0BC
:10895000FA68B44812793146984706463B781C07B6
:1089600007D5A97B95F85200FFF730FD002818BF06
:1089700008262846FFF750FC7D6895F89E30FE2BB0
:1089800040F091802B7C073B012B40F28C8095F8C6
:108990002C3103F0FF0273B10023A5F84430022309
:1089A000A5F89E307FE0A04BD2E7A04BD0E7A04BCC
:1089B000CEE70826D2E7AB7B43B995F83E201AB341
:1089C0001222A5F89E20A5F8463069E0282B00F079
:1089D000A78010D8132B5ED009D8032B00F09A8003
:1089E000122B00F08E80103B102B5CD90CE01D2B5D
:1089F000F9D1062350E0342B00F0A480352B00F091
:108A00009780322B00F09280EB7B362B00F2E080D7
:108A1000212B00F29980013BDAB2052A40F2C68090
:108A200095F89E30FE2B3ED17C6894F89E30FE2B4C
:108A300040F0E381A37B002B40F0DF8194F85232B9
:108A4000002B00F0678194F85032002B40F05D81DC
:108A5000E07BFBF7BCF88246002840F05B81E37BBB
:108A6000342B00F0578194F850328BB1B4F8AA003F
:108A70001021F2F761F9036913F4007900F05681CF
:108A80004723A373012384F84A30A4F846A03F2368
:108A9000A4F89E30B1E10B23A5F89E30A5F846203E
:108AA000012385F84A307C6894F82C311BB9237C6B
:108AB000073B012B04D8B4F844300133A4F8443008
:108AC00094F84A1021B1B4F846300133A4F8463086
:108AD00094F9502022B1B4F84E300133A4F84E304E
:108AE000B8F1000F40F06D837B7C022B00F06583B2
:108AF000012B40F01483637C002B40F02583002180
:108B00002BE3D5F85432C5F890300323A5F89E30F6
:108B1000002358E795F8993085F8A03007233FE700
:108B20001823A5F89E30A5F84620BCE72123B3E71B
:108B30001123A5F89E30012385F8A030A5F8462022
:108B4000AA73B0E727232BE7223B142B3FF668AF2D
:108B500001A252F823F000BF358C0300358C0300CE
:108B6000218A0300218A0300AD8C0300218A0300BF
:108B7000218A0300218A0300218A0300218A03003D
:108B8000218A0300F78C0300218A0300218A030055
:108B9000218A0300218A0300218A0300218A03001D
:108BA000FF8C0300E18C0300FB8C0300052B3FF6D8
:108BB00037AF01A252F823F0F98B0300158C0300A4
:108BC000E78B0300EF8C0300218A0300F38C030082
:108BD0004B2B00F096804E2B00F09580472B7FF4B6
:108BE0001FAF3F2374E095F8983085F8A030072335
:108BF000A5F89E30002313E00C23A5F89E3095F8CD
:108C00005330002243F00103A5F84E2085F853307D
:108C1000EA7305E71323A5F89E300023A5F84E302C
:108C2000EB73FDE6CC9D002061860300998603006E
:108C30008184030095F82F31002B7FF4F1AE95F875
:108C40002E31ABB1EB7B292B05F1A80005F597710F
:108C500005F23A2228D0AB7B293B012B8CBF0023A5
:108C60000123FAF74FFD2323EB73002385F82E3100
:108C7000EB7B232B7FF4D4AE05F1A800FAF78DFD32
:108C800018B105F25910FAF7E9FDB5F80A31A5F85F
:108C9000A030B5F80E31A5F8A2301523A5F89E3006
:108CA0000023A5F84E30BBE60123DAE795F838310A
:108CB000012B10D095F83831022B7FF4B1AE002390
:108CC000D5F81821D5F83A11AF48F9F76BF8182301
:108CD000A5F89E30A4E695F83931002BEAD1EEE7ED
:108CE0001123A5F89E30002385F8A03096E70923CC
:108CF000EEE71B237CE72423EAE71E2378E72723FC
:108D0000E6E72C23E4E73C23E2E794F84031002B2C
:108D10003FF49EAE94F8823203F0FF010BB3E37C84
:108D2000BBB1237D73B940F217710DE5974B1B68FA
:108D300013B94FF4E16107E593481A21984784F885
:108D400052925AE00A23A4F89E300023A4F8463039
:108D500011E0D4F85422C4F890200322A4F89E20F5
:108D6000F4E794F83F3103F0FF0243B10823A4F87D
:108D70009E30A4F84610012384F84A303DE094F870
:108D8000403103F0FF0173B194F86930DB0905D07D
:108D90002B23A4F89E30A4F84620ECE77C4B1B68FC
:108DA0005BB3794861E0D4F88432002B5FD0E07B7C
:108DB0001F22FAF71DFF002859D1D4F8843233B1AD
:108DC00013F8512C012A05D040F24771BCE440F25F
:108DD0004371B9E413F8283C03F0FF0113B14FF4D9
:108DE000E961B1E494F8653098063BD51F23A4F8F7
:108DF0009E30A4F8461084F84A2095F89E30FE2B49
:108E00007FF451AEAB7B002B7FF44DAE95F835323D
:108E1000002B3FF448AEE87BFAF7D9FE0446002861
:108E20007FF441AEEB880A2B7FF63DAE6846F9F73A
:108E3000C7FE00283FF437AE052205F11801684649
:108E400005F0BCFE002800F067819DF80430009812
:108E500085F834320123C5F83002A5F89E3085F834
:108E6000354220E64B4B1B6820469847C5E794F8EF
:108E70003E3173B194F8533013F00302BDD10C218D
:108E800043F00103A4F89E1084F8533084F83E2187
:108E900057E794F82E3113B394F82F31FBB9E37BE5
:108EA000292B04F1A80004F5977104F23A2214D09A
:108EB000A37B293B012B8CBF00230123FAF722FC63
:108EC000002384F82E31B4F80A21A4F8A020B4F8C5
:108ED0000E21A4F8A220142240E70123EEE794F823
:108EE0003831012B5DD194F83931002B59D1E07B19
:108EF000FAF76DFE002854D194F820114B1EDBB216
:108F0000032B09D894F82121DFF88CC0013AD2B2A2
:108F1000032A1CF8030003D94FF43F71062014E420
:108F2000022894F83A310AD003280AD0012804D143
:108F3000012B14BF002301232BB9162303E7022BB7
:108F4000F7E7042BF5E71CF8022094F83B31022ADE
:108F500015D0032A15D0012AEFD1012BEDD1E388DA
:108F6000B4F83C0104F50E72F8F700FF8146A8B989
:108F700001460548F8F79CFE84F838913DE7022B3E
:108F8000ECE7042BEAE700BFCC9D0020E8A5002019
:108F9000F0A50020D0A50020FF5E04002C23A373C1
:108FA0002BE794F8413103F0FF0283B3884B8948E3
:108FB0001B689847FE283FF420AF00231E2884F842
:108FC0009F3084F89E000AD92438C0B21B283FF68F
:108FD000BCAE814BC340D9073FF50FAFB5E67F4B21
:108FE000012282401340002B7FF407AF15280BD0DD
:108FF00011287FF4AAAE94F8A02012B1A4F846304C
:10900000FBE6A4F84E20F8E6A4F84E30F5E694F816
:109010004A3103F0FF090BB11D23BAE694F842313F
:109020006BB3B4F844010921F1F786FE10B984F856
:10903000420186E690F8F03103F0FF0213B984F89C
:1090400042217EE690F8C831032B14D8DFE803F004
:109050000202050D84F8429173E694F8483180F8D5
:10906000F131002384F842316BE62223A4F89E30CC
:10907000A4F846907FE640F2DB61FFF765BB94F809
:109080004B318BB194F8523273B994F866305A066A
:1090900008D5534B1B68002B3FF4AFAE4D489847A3
:1090A0002723F5E44F4B7AE694F84C31BBB1E07BD3
:1090B0003B220021FAF79CFD814680B9B4F8AA0052
:1090C0001021F1F739FE03699B0705D5464B41484E
:1090D0001B6898473B23C9E7444B1B6861E694F83B
:1090E0004E3153B194F8393103F0FF022BB9E37BD1
:1090F000243B072B01D923234BE694F84D31012B58
:1091000004D1002384F84D31252227E694F84D310F
:10911000022B7FF472AEF4E785F83502A1E65EB16A
:10912000F0064CD431074CD4B2074CD1B3064CD422
:1091300040F66331FFF708BBB9B1B4F84610B4F894
:109140004830994211D9222384F831302148FBF765
:1091500045F80023E381A37402212046FEF746FF71
:1091600002B0BDE8F047F8F73FBF2AB1B4F84E208F
:10917000B4F848309A42E6D8B4F84420B4F8423003
:109180009A420ED2B4F84420B4F848309A42DAD267
:10919000A27CB4F840304AB9052B7FF6B0AC3E2330
:1091A000D2E794F82C31002BCDD1EBE7B4F8422074
:1091B0009A423FF6A4AC0823C6E71623C4E71E2351
:1091C000C2E73D23C0E72A23BEE72323BCE700BF55
:1091D000B4A50020CC9D0020090100098712084990
:1091E000E0A50020E4A50020FCA5002004A60020A6
:1091F00073B5424D0026044668602E812E706E7451
:10920000FF2380F84C30837B0B3B012B11D8C388A4
:10921000B0F836229B1A19040BD400F50C711730E4
:10922000F9F730FDA37B0C2B08BFA673FF2384F84E
:109230004B30B4F82022013292B204F1A80120464A
:10924000F9F766FD0023A4F8203294F84A302BB1D8
:10925000B4F84620B4F848309A4214D294F9503009
:109260002BB1B4F84E20B4F848309A420BD2B4F87F
:109270004220B4F84430934205D2A17CB4F8403087
:1092800039B9052B07D900210846FFF713FA00204A
:1092900027E09A42F7D994F89E10FE2923D0184867
:1092A000FAF78EFD6C68174AA17B94F85200FFF71D
:1092B0008DF8154B009015492046F2F7AFFE6C680B
:1092C000237BDA0703D50E480021F8F7F1FC237B56
:1092D0009B0703D504F25910FAF7C0FA0023237351
:1092E000012002B070BD0A4B1C68002CDAD002F0DD
:1092F0002BFF02460B460248A047D3E7C89D00203B
:10930000CC9D002049810300B586030085810300C0
:1093100008A6002070B50C460546D1E93001F1F7EA
:10932000EBFD637B3BB104F50076304602F076FE40
:10933000304602F087FE04F5EC742046FBF742FC51
:1093400010B12046FBF74CFC0D212846F1F70AFD31
:109350000E212846F1F706FD10212846F1F702FDFF
:109360000F212846F1F7FEFC11212846F1F7FAFCFF
:1093700028461221BDE87040F1F7F4BC0020704788
:10938000FAF78EBCB0F820320B4470B5A0F820324A
:10939000B0F840300B44A0F8403004460D46164665
:1093A000FDF7B8FA90B1636B0B44636304F1A80155
:1093B0002046FBF750FAD4E90D239A4206D3002346
:1093C0001449636304F5A870FAF714F994F84A3065
:1093D00023B1B4F846302B44A4F8463094F9503009
:1093E00023B1B4F84E302B44A4F84E3094F82C310D
:1093F0001BB9237C073B012B04D8B4F844302B4421
:10940000A4F844302046FEF707FF16B1E3881D4458
:10941000E58070BDC5470300FAF7A2BCFAF7B8BCF7
:1094200070B5B0F8DE60827CB0F840300146B6001E
:109430000ABBC3F106039D1B91F83E3013B18B7B31
:10944000052B1DD10846FDF765FAD8B1D1E90D34D9
:10945000E41AA41BAC42B1F8AA00A8BF2C4600F045
:109460005FF820B1C389043B9C42B8BF1C4624EA84
:10947000E47080B270BDB0F84250ED1AAD1BDBE76E
:109480000024E7E72C46E5E7014B1874704700BF5E
:10949000509E002007B57F230DF107008DF807309F
:1094A00001F036F903469DF9070053B1094B5B788B
:1094B0005B4240FA83F0142806DC10F17F0F05DBD5
:1094C00040B203B05DF804FB1420FAE76FF07E00B1
:1094D000F7E700BFBE9E0020024B00221A705A70B0
:1094E000704700BFBE9E00201D2310B503700446C8
:1094F000F8F7DCFA6070022010BD1E2310B503706F
:109500000446F8F7D3FA6070022010BD01234380AF
:10951000038000238380C3804FF448630381704736
:109520000E21F1F709BC73B501A90546F9F77EFADA
:10953000044618B121215420F0F7A6FC2846019ECC
:10954000FFF7EEFF30B10123A6F8DE3084814481BD
:109550000482C48102B070BD3C2303804FF4FA43FF
:1095600043800123C38083800023038143814FF420
:10957000486383817047D4D4014B1870704700BF93
:10958000C09E002008B500F061FB00F0E3F800F099
:1095900005F8BDE8084001F0C7BBD4D4034B002157
:1095A0004FF480521970A3F801207047C49E002028
:1095B00070B50646022014460D4600F0D9F8064B59
:1095C00001221A70054B033CC3F81045C3F8086527
:1095D000C3F8045570BD00BFC49E002000F00040D9
:1095E00008B5022000F0C4F809480A4B0A494FF0B8
:1095F000010C80F800C000224FF40000C3F80021E5
:10960000C3F80421C3F80821C1F8040508BD00BF50
:10961000C49E002000F0004000F00140114B1A7879
:109620006AB1114A11494FF40000C2F80805D1F897
:1096300000213AB91021002099705A70187000204A
:1096400000F096B8D1F80421002AF3D0D1F808210F
:1096500022B9D1F800140122C9B2ECE7102100228E
:10966000E9E700BFC49E002000F0014000F0004088
:1096700008B5022000F07CF8064B074800220121C3
:109680000170C3F80021C3F80421C3F80821196050
:1096900008BD00BF00F00040C49E002008B5114B7B
:1096A0001A7892B1104AC823D2F8001141B1D2F809
:1096B000040120B1D2F80801B0FA80F0400908BDD9
:1096C000013B13F0FF03EFD102E05878022804D1E8
:1096D0000620F9F759FF002008BD431E58425841A3
:1096E00008BD00BFC49E002000F000400A4B1A785D
:1096F0007AB10A4BD3F800214AB1D3F8042132B130
:10970000D3F808211AB9D3F80004C0B2704710206A
:1097100070479878704700BFC49E002000F000405A
:1097200008B50A4BD3F80025032A04BF01229A602A
:109730000022C3F80025C3F8002501F01DFC044BEE
:109740004FF40002C3F8082508BD00BF00F0004038
:1097500000F00140054B4FF40042C3F88020BFF3F6
:109760004F8FBFF36F8FFFF7DBBF00BF00E100E05B
:1097700010B50446FFF7D4FF012C06D0022C0CD004
:1097800054B18C213D20F0F77FFB0B4B0222C3F834
:1097900000250A4AC3F8142510BD074B0322C3F85D
:1097A0000025064AC3F8142503F580334FF4000260
:1097B000C3F80425F0E700BF00F00040C79E00207A
:1097C000EFF3108272B60F4B93F8451011B9C2B97E
:1097D00062B670475B78012B10D0022BF7D183075C
:1097E000F5D40948094B10B401210024C0F84045C4
:1097F000196102B962B65DF8044B70474107E6D4BF
:10980000EFE77047D89F0020008000400010004024
:1098100010B504463948631E0472072B68D8DFE888
:1098200003F0494E5358675D6204354B0F22C3F86D
:1098300010258389B3F5166F3ABFA3F6381343F4A6
:109840008072A3F516622E4B01F07F01C3F8082544
:109850000022C3F85415C3F81C21D3F80022082CA9
:1098600042F488724FF0FF0180F82F10C3F80022F5
:109870000ABF40F2022140F20311224AC3F8341514
:1098800018BF40F25B62C3F838251F48214601F03B
:109890008DFC204601F02AFA1C4B1B68062B08D0D1
:1098A000013306D0164AD2F8683543F4C023C2F813
:1098B000683510BD124B0322C3F81025B9E7104BD1
:1098C0000422C3F81025B4E70D4B0522C3F8102578
:1098D000AFE70B4B0622C3F81025AAE7084B00227E
:1098E000C3F81025A5E7064B0122C3F81025A0E711
:1098F00040F645513E20F0F7C7FA00BFD89F002040
:10990000001000402110010005A00020C0A7002089
:1099100030B5364C431E83B02072072B5CD8DFE88D
:1099200003F03D42474C5B515604314B0F22C3F8C4
:109930001025A3892E4DB3F5166F3ABFA3F6381341
:1099400043F48073A3F51663C5F8083501F07F036F
:10995000C5F8543594F9092001AB01F05BFD9DF881
:10996000050005F01FFB00283BD19DF904001F49AD
:1099700001F032F9237A1D48082B07BF1D4B40F236
:10998000022240F2031240F25B63C5F83425C5F8A9
:10999000383503B0BDE8304001F0AEBB144B0322B4
:1099A000C3F81025C5E7124B0422C3F81025C0E701
:1099B0000F4B0522C3F81025BBE70D4B0622C3F859
:1099C0001025B6E70A4B0022C3F81025B1E7084B73
:1099D0000122C3F81025ACE740F645513E20F0F7D0
:1099E00053FA40F2E3513E20F0F74EFAD89F0020A0
:1099F00000100040211001002DE9F043061E83B045
:109A000014BF0220042000230F4690468DF8040066
:109A10008DF8063002F09AFB01284FF0FF3088BF26
:109A200000208DF8050001A805F054FA002840F048
:109A3000E0807A4D012385F8453002F047FA04466C
:109A40000028FAD0764B4FF40022C3F80825002EE8
:109A500041D195F82A304FF0010985F80190002B8B
:109A600054D095F82C30002B5BD16E4B6E4A33F8F6
:109A700018106E4B01F5FA71A3FB0131684BA7EB8F
:109A80009111C3F8AC252B6A694A6A4F95F82B00EF
:109A900043F400232B622B691944614BC2F8401533
:109AA000C3F8A875012785F82A704FF40027C3F87A
:109AB0000475002854D095F82C00002843D05E4847
:109AC000C3F8AC05D2F84031002B49D00024204621
:109AD00003B0BDE8F083012E40F0908095F82A3065
:109AE00002226A70002B6AD095F82C3023B34E4BBB
:109AF0000022C3F81C21D3F8002242F48872C3F874
:109B00000022FF23394685F82F30BCE7A97A40466A
:109B1000FFF7FEFE95F82C30002BA6D0424BC3F881
:109B20000090464B33F81810404B01F5FA71A3FB37
:109B30000131A7EB9111A6E7394B414AC3F8AC2597
:109B4000A7F129019FE7384BD3F8002242F0010228
:109B5000C3F80022D3F8503503F0F603022BB5D03A
:109B6000334B0122DA64D3F84C358B42AEDAEB8901
:109B7000952B0BD9002E2DD0324B2931D9601846A8
:109B8000314905F0FDF9431C012B41D801A805F02E
:109B9000ADF9002837D16B789DF80420012B0BD04C
:109BA000022B94D1930792D421491F4B002001220C
:109BB000C1F840051A618AE7520788D4F4E7A97A08
:109BC0004046FFF725FE95F82C30002BB4D0164BFD
:109BD0005E608CE71B4B2831D96018461A4905F0A6
:109BE000C9F9431C012BD1D940F2C2613E20F0F7E4
:109BF0004BF940F65C313E20F0F746F940F634016F
:109C00003E20F0F741F940F69F313E20F0F73CF955
:109C100040F2CC613E20F0F737F900BFD89F00201A
:109C200000F00140FC5F040000100040D34D6210C2
:109C30000080004040810040081000401060040097
:109C4000041000407C210020505F0400482210B521
:109C50000021174805F010F8164801F075FA164B68
:109C60001A68102A13D80123934013F4A2341BD18D
:109C700013F4045F0BD011484022FF2104F0FCFFD5
:109C80004FF08043C3F8084EC3F8104E10BD0B4888
:109C90003822FF2104F0F0FF4FF080430022C3F888
:109CA000082EC3F8102E10BD04482422F1E700BF8F
:109CB000D89F002005A00020C0A70020000E004073
:109CC000014BD881704700BFD89F0020024B012272
:109CD00083F82C20704700BFD89F0020024B03441C
:109CE000187E00F516607047505F0400014B187F26
:109CF000704700BFD89F0020024B98691B69C01AAB
:109D0000704700BFD89F002010B50D4A0D4B117F42
:109D10005469126903EB8103A41A186C0A4B0B4AAD
:109D200053F8213003F2F313A2FB0323241AA4EB0C
:109D3000931402F009FA201841F1000110BD00BF90
:109D4000D89F0020505F0400E85F0400D34D6210EC
:109D5000FF2808B531D81B4B01391885072922D8AF
:109D6000DFE801F0041D16162104041A164A4FF408
:109D70004031164B084340F00070C3F81425C3F877
:109D80001805D3F8503503F0F703032B10D008BDA6
:109D90000F4A4FF44031ECE70E4A0021E9E70E4A42
:109DA0004FF44031E5E74FF44F713E20F0F76CF887
:109DB00040F256313E20F0F767F840F2CB213E20CA
:109DC000F0F762F8D89F0020080110000010004052
:109DD0000801906308000006080110011E4AD2F82D
:109DE000003223F0020343F4801310B5C2F80032AE
:109DF0001A4C1B4BC4F8A03503F5DE431C33C4F8E2
:109E0000A4354FF48023C4F804350378032B1DD107
:109E10004378144C0129D2F81415606803F03F030D
:109E200021F4702143F40C3340F0030043F4207319
:109E300008BF41F400216060C2F81415C2F800099F
:109E4000C2F81039012384F8443010BD40F2AB3120
:109E50003E20F0F719F800BF0010004000F001406C
:109E60002C110040D89F00200B4B1B68062B02D002
:109E7000013300D07047094B1B68063B0833F9D902
:109E8000074AD2F8743723F0807323F0010343F0BC
:109E90008073C2F874377047C0A70020C4A70020A1
:109EA00000100040224B2DE9F0410227C3F88070DA
:109EB000BFF34F8FBFF36F8F02F000F8044602F03C
:109EC00043F91C4D001B1C4C00264FF0010820617B
:109ED000C5F8FC6FC5F8FC8F01F0B0F8174AC5F85B
:109EE0003085107C40F20122C5F85026C5F800727A
:109EF00005F080F8124A1349A683A661668584F8A6
:109F00002C6084F84460C2F80415D5F80019084B99
:109F10006160A26CC3F880719621E1811021C5F8BF
:109F200004131F6002B19047BDE8F04105F016B878
:109F300000E100E000100040D89F00207C210020BC
:109F400000F001400000020C014B5872704700BF46
:109F5000D89F0020034B020E0002C3F82425C3F84B
:109F60001C05704700100040044B054A03449072E2
:109F70001B7E03F516639381704700BF505F04009A
:109F8000D89F0020F0B5674C94F82B3083B0002B9D
:109F900000F0B380002814BF0222042200230546EB
:109FA0000F468DF804208DF8063002F0CFF8012816
:109FB0004FF0FF3088BF00208DF8050001A804F0A5
:109FC00089FF002840F09480574A84F82C00012330
:109FD00084F8453084F82A30D2F8003243F0010387
:109FE000C2F8003201F072FF0028FBD0002D58D0DB
:109FF000012D0AD04D4BD3F84C65E389952B21D91F
:10A000004FF4DA613E20EFF73FFF0223A17A63703D
:10A010003846FFF7FDFB6378022B7DD1434B424A64
:10A02000DD645560D3F84C65E389952B0AD9404A25
:10A03000404906F129031046D36004F0A1FF013026
:10A04000012864D801A804F051FF00285AD1637890
:10A050009DF80420012B1DD0022B08D1930706D4B4
:10A06000324A314B0021C2F8401501221A6123699E
:10A07000F61A1DB106F1290003B0F0BD2E4B2F4A90
:10A0800033F8173003F5FA73A2FB032306EB9310A2
:10A0900003B0F0BD5207E3D52369F61A002DE9D1CC
:10A0A000ECE70123A17A63703846FFF731FC63784F
:10A0B000012B18D11D4A1C49D3640B60E389D2F8E7
:10A0C0004C65952BBED91A4A1A4906F12803104649
:10A0D000D36004F04FFF01300128B3D940F2C261D0
:10A0E0003E20EFF7D1FE4FF4E9613E20EFF7CCFEC2
:10A0F00040F65C313E20EFF7C7FE40F206713E208D
:10A10000EFF7C2FE40F69F313E20EFF7BDFE40F272
:10A11000CC613E20EFF7B8FE40F251713E20EFF7E0
:10A12000B3FE00BFD89F0020001000400080004018
:10A130007C210020505F0400FC5F0400D34D6210BE
:10A1400008B5FFF759FC00B108BD054B05490122D0
:10A15000C1F840051A610220BDE80840F9F714BAB9
:10A160000010004000800040F8B51D4D6B7F8BB3A0
:10A1700004461646084654B1012C1BD0002029691C
:10A180003246411A2046FFF737FC40B1F8BD012B9B
:10A19000AF69297F16D000F027FD3844EFE7114B57
:10A1A00011490122C1F840051A610220BDE8F840BA
:10A1B000F9F7EAB9012BAF69297F07D000F048FD14
:10A1C0003844DCE700F032FD3844D8E700F01AFDEF
:10A1D0003844D4E740F6C1013E20EFF755FE00BFFA
:10A1E000D89F00200010004000800040F0B5474A92
:10A1F000474F484C484ED2F8045302214FF0FF30ED
:10A2000083B00023C2F80803C7F88011C2F8001217
:10A210004FF46021C6F84035C4F80815D2F850153F
:10A220003E4CC9B205F01005638584F82C30002936
:10A2300038D1E389952B04D96378012B5CD0022BAC
:10A2400050D0324E36480027C6F81071394600F01B
:10A250007FFF94F844302780EBB1D6F800322D4AC6
:10A2600084F8447023F4801343F00203C6F80032EC
:10A270004FF48023C2F80835D6F81425636822F419
:10A280007022C6F8142523F00303264A6360C6F83B
:10A290000039C6F810291DB11C4B1022C3F8042345
:10A2A00003B0F0BD01218DF80700C2F81031116133
:10A2B0009DF807304BB90CE09DF80730013BDBB24D
:10A2C0008DF807309DF807301BB1D2F81031002B04
:10A2D000F2D09DF80730002BABD140F6FF013E20B5
:10A2E000EFF7D2FD04F058FE01300128A9D940F65D
:10A2F00017113E20EFF7C8FD04F048FE0130012899
:10A300009FD940F611113E20EFF7BEFD001000402E
:10A3100000E100E000F0014000800040D89F0020F4
:10A3200005A0002080320200264B10B50022264CEA
:10A33000C3F84825C3F84425C3F84025C3F84C2585
:10A34000FFF754FF04F010FE94F8453023B104F0F9
:10A35000C7FD68BB84F84500002004F0CDFD60BB5C
:10A36000226A1A49174B42F0446242F40032C1F8A3
:10A370000825174AE07002212062C3F84805606191
:10A38000C3F84405A061C3F84005C3F84C05C3F801
:10A390004801C3F84401C3F84001C3F84C01C2F8B6
:10A3A0008010BFF34F8FBFF36F8FC2F8801110BDC5
:10A3B00040F2AE413E20EFF767FD40F2B1413E2052
:10A3C000EFF762FD00800040D89F002000F00140C0
:10A3D00000E100E0F8B52B4C2378B3B188B9667F73
:10A3E000E0895F1E18BF0127002E46D0012BA5690A
:10A3F000217F13D0012EA2783BD000F029FC411917
:10A4000011E0BDE8F840FFF7F1BE94F82C2063702E
:10A41000E3701AB31C4AC2F84031F8BD012E21D0B6
:10A4200000F0E2FB4119206994F82C300022091A4F
:10A430002280DBB1144BC3F84021A2783846FFF7E5
:10A44000DBFA0028E9D1114B0F490122C1F8400580
:10A450001A610220BDE8F840F9F796B8628584F8E1
:10A460002C20F8BD00F0E2FB4119DCE784F82A302B
:10A47000E3E700F0C7FB4119D5E740F6C1013E20F4
:10A48000EFF702FDD89F0020008000400010004040
:10A49000014BC3F83C0570470010004010B504465E
:10A4A000074804F029FD28B994E80F00054C84E81A
:10A4B0000F0010BD40F668113E20EFF7E5FC00BF2D
:10A4C000C197030024A00020174B184A93F82A10C4
:10A4D000C2F804054FF0010C83F82BC0586209B391
:10A4E00093F82C3093B102F5F0321149114BC2F8B8
:10A4F000AC15D3F84031ABB10E490C4B0020012212
:10A50000C1F8400503201A61F9F73EB8D2F80032CD
:10A5100043F00103C2F80032D2F8503503F0F603DD
:10A52000022BE9D0704700BFD89F002000100040E8
:10A53000081000400080004008B5144B144A93F8FE
:10A540002A10C2F804054FF0010C83F82BC05862A2
:10A55000D1B193F82C305BB10E4A0F490F4BC2F8C2
:10A56000AC15D3F840317BB1FFF740FE002008BDA9
:10A57000D2F8003243F00103C2F80032D2F850356D
:10A5800003F0F603022BEFD0012008BDD89F002076
:10A590000010004000F00140081000400080004022
:10A5A00038B5174B19699A69084482421DD215497A
:10A5B0000124DC704C64D1F844250532824205D375
:10A5C000114BD3F8042102B91C6138BD1A6A0F4C33
:10A5D0000025C1F8445142F48002C1F844054FF40B
:10A5E00080011A62C4F8041538BD0220F8F7CCFFC8
:10A5F0000449054B00200122C1F840051A6138BD0D
:10A60000D89F0020008000400010004000F0014072
:10A6100038B51F4C94F81DC0217F227ABCF1010F80
:10A620000346E08923D000F041FBA369184483422C
:10A6300023D2184A0121E1705164D2F84435053320
:10A64000984205D8144BD3F8042102B9196138BDDA
:10A65000236A12490025C2F8445143F48003C2F82A
:10A6600044054FF480022362C1F8042538BD00F090
:10A67000FFFAA36918448342DBD30220F8F784FF72
:10A680000449054B00200122C1F840051A6138BD7C
:10A69000D89F0020008000400010004000F00140E2
:10A6A000C30003F1804303F5F83310B4084A094CA2
:10A6B000C3F81025012202FA00F0226AC3F814152B
:10A6C000054B024322625DF8044BC3F80405704752
:10A6D00004110040D89F002000F00140044BC3F853
:10A6E0006005D3F8002242F04002C3F80022704710
:10A6F00000100040054BD3F80022002122F0400258
:10A70000C3F80022C3F86015704700BF0010004076
:10A710000F4AD2F81C314BB90E4A92F82F20FF2A6B
:10A7200017BF52421846027001207047D2F84835D0
:10A7300003F07F0300215B4282B00370C2F81C115A
:10A74000D2F81C310193019B012002B0704700BF79
:10A7500000100040D89F002030B5304C83B094F8F2
:10A760002C30A17020BB0122227023B3237A99429E
:10A770004ED12B4D94F90920D5F8003243F0040353
:10A78000C5F80032084601ABA17A00F043FE9DF8FF
:10A79000050004F007FC002835D19DF9040021468E
:10A7A00000F01AFA204603B0BDE8304000F0A4BC27
:10A7B000022222700BB903B030BD237A8B4227D11D
:10A7C000174A0128D2F8003218D143F00803C2F822
:10A7D0000032144800F0EAFC207A00F087FA124BAD
:10A7E0001B68062BE7D00133E5D00D4AD2F8683557
:10A7F00043F4C023C2F8683503B030BD43F004030E
:10A80000C2F80032E5E740F2E3513E20EFF73CFBAF
:10A8100040F6C7213E20EFF737FB00BFD89F00204E
:10A820000010004005A00020C0A7002010B5244C57
:10A8300094F82C3082B0002B3AD0224A94F808C009
:10A84000D2F8003201281BD043F00403C2F80032D2
:10A85000D0B994F90920A17A01AB604600F0DAFD85
:10A860009DF8050004F09EFB20BB9DF904002146E5
:10A8700000F0B2F9204602B0BDE8104000F03CBC48
:10A8800043F00803C2F800320F48614600F08EFC26
:10A89000207A00F02BFA0D4B1B68062B08D00133F1
:10A8A00006D0084AD2F8683543F4C023C2F86835A8
:10A8B00002B010BD40F2E3513E20EFF7E5FA00BFD1
:10A8C000D89F00200010004005A00020C0A7002055
:10A8D000054B064A0021C3F84015D2F85035DBB2CB
:10A8E0000BB101231361704700800040001000404D
:10A8F000034B93ED0E7B1B6C80ED007B0B60704770
:10A90000D89F00202DE9F04101F0DCFAA44BA54CC2
:10A910000122DA64D3F84C352364C4E90E0104F152
:10A92000200104F12D0000F07FFC08B1BDE8F081AA
:10A93000E389952B054606D96378012B00F0A780A3
:10A94000022B00F0AF809848236AC0F80835002138
:10A95000964BC0F8AC152162D3F8002284F82B1076
:10A9600022F48E7222F00102C3F8002294F84420EF
:10A97000E2B1D3F8002284F8441022F4801242F0AD
:10A980000202C3F800224FF48022C0F80825D3F851
:10A990001415626821F4702122F00302C3F8141523
:10A9A0006260C3F80029824AC3F810297C4A67789C
:10A9B000D2F84815A1616777D2F844157B4B6161E5
:10A9C0000026022FD3F80C01D3F81011C3F8006150
:10A9D000C3F80C61C3F81061C3F80461C3F80861DF
:10A9E000C3F86C610CD0012F3FD000299ED0237892
:10A9F000002B62D0FFF7FAFBA36DBDE8F0411847CA
:10AA0000E37813B1D2F8443133BB002868D1002970
:10AA10008CD02378002BEDD194F82C306070E0704E
:10AA2000002B00F0AB805E4BC3F84001E4E71A074F
:10AA300005D013F0F00F02D013F4706F5BD15B49B7
:10AA4000C3F30442012AD1F8541454D1012952D03D
:10AA5000C3F34253022B4ED82378002B36D0FFF796
:10AA6000C5FBE36CBDE8F0411847237A2377002843
:10AA70005FD100293FF45AAF2378002B6AD0FFF74B
:10AA8000B5FB0021636D0846BDE8F041184704F0AE
:10AA90007DFA013001287FF656AF40F611113E20B5
:10AAA000EFF7F2F904F078FA013001287FF64BAFA6
:10AAB00040F617113E20EFF7E7F994F82C10637079
:10AAC000E37000293ED0C2F8403195E794F82C207D
:10AAD0006370E370002A39D0314AC2F84031C0E7D0
:10AAE000344B1B68062B06D0013304D02F4BD3F810
:10AAF0005034D9019BD4237A268D002B4BD0DA1EFB
:10AB0000012A2FD9012700202377FFF763FC274B69
:10AB1000D3F8000410F0010006D0636A5B78B342FA
:10AB20008CBF002007F00100236D2946BDE8F041ED
:10AB300018473046FFF74EFC636D39463046BDE896
:10AB4000F0411847618584F82C1055E7628584F838
:10AB50002C2086E794F82C106370E37091B1C2F852
:10AB600040318EE7114BD3F8143413F006030DD0A7
:10AB7000022B0ED0002701250323C4E7608584F84B
:10AB80002C0039E7618584F82C107AE7032301272C
:10AB9000B9E70423B6E740F24D213E20EFF774F900
:10ABA00000800040D89F002000F0014000100040CD
:10ABB00080320200C0A70020024B03EB8003186C18
:10ABC000704700BF505F0400024B03EB8003586DD9
:10ABD000704700BF505F0400024BC0B2C3F80C05C1
:10ABE000704700BF0010004010B504460846FFF74C
:10ABF000EBFF034AA2FB0020A4EB901010BD00BFA6
:10AC0000D34D6210074A4FF47A7332F9112003FBD7
:10AC100000F000F2E730044B1044A3FB0030800941
:10AC200002387047D45F0400D34D6210064B074AC8
:10AC300033F911104FF47A7300FB03300844A2FB80
:10AC400000208009704700BFD45F0400D34D62101C
:10AC500010B504460846FFF7B7FF044A00F2E73391
:10AC6000023CA2FB0320A4EB901010BDD34D621058
:10AC700038B50C4C34F9111004EB82041D4664699C
:10AC80000C4404F6B7344FF47A7101FB00440649D2
:10AC90001046A1FB0414FFF78FFFA40905352544D6
:10ACA000284438BDD45F0400D34D621038B5054642
:10ACB00008461446FFF788FF0A4B03EB840302465D
:10ACC00020465C69084B4FF47A7104F6B73401FBF7
:10ACD0000544A41AA3FB0434FFF76EFFA409053052
:10ACE000204438BDD45F0400D34D62100C4B1B6868
:10ACF000082B00D070470B4A0338D2F840370128A0
:10AD000023F0004302D9C2F84037704723F47F4351
:10AD100043F0004343F44443C2F84037704700BF58
:10AD2000C0A7002000100040024B00221A705A7089
:10AD30009A70704734A000202DE9F04F83B005468B
:10AD40009DF83CA09DF830909DF84080494C1E46EF
:10AD50000120BDF8383001938B461746FEF708FDF9
:10AD600005F00303DFF820E184F803A043EA0A4377
:10AD700043F08073CEF80435DBF80410DBF80820CC
:10AD8000DBF80C30DBF8000004F1040BDC46ACE827
:10AD90000F00C4E905760D9B84F81C90364A1968AB
:10ADA0005B68CEF808B5C4F821301368C4F81D10EC
:10ADB000062B08D0013306D0DEF81835019961F36F
:10ADC0000703CEF818352D4B2D49C3F8081515F09B
:10ADD000FB0F16D0B8F1020F47D813680D2B1DD109
:10ADE000284A294B12F80820C3F82025012D1FD02E
:10ADF0000123022D637084F8255023D903B0BDE8E8
:10AE0000F08F2249C3F89815B8F1020FA1F1FC01A7
:10AE1000C3F89C1529D813680D2B1FD0102BDFD039
:10AE2000B8F1000FE2D04FF4BF713C20EFF72CF8DF
:10AE3000124B1749174AC3F8981584F82550C3F8E0
:10AE40009C256570104B012200212270C3F800116F
:10AE5000C3F800121A6003B0BDE8F08F094A0A4B2C
:10AE600012F80820C3F82025C2E74FF4BA713C203D
:10AE7000EFF70AF834A00020C0A7002000F001403E
:10AE8000000002022460040000F0004000F10040D5
:10AE9000501100400CF000401A4A537870B563B36B
:10AEA000194BC3F80C15C3F8100592F8255001246E
:10AEB0009470B5B91278E2B1144AC3F804514FF452
:10AEC0000035C2F80455D3F8006116B15C60C2F8D1
:10AED00008550B7803704B78043343708B7883707C
:10AEE00070BD00211470C3F80411C3F800421C6047
:10AEF00070BD97213C20EEF7C7FF4FF4D5713C2081
:10AF0000EEF7C2FF34A0002000F0004000F0014046
:10AF100008B5144B5A7802B3134AC2F80C151978C5
:10AF2000C2F810054FF0010C83F802C089B100216E
:10AF3000C2F80411DB78023B012B05D80B48032330
:10AF4000C0F85011C2F81C35094B0A4AC3F8042551
:10AF500008BDBA213C20EEF797FF4FF4DF713C208B
:10AF6000EEF792FF34A0002000F0004000100040F7
:10AF700000F00140000002020A4B1A786AB10A4947
:10AF80000A48C1F808050022C1F89825C1F89C2597
:10AF9000C1F89825C1F89C251A7000225A709A7041
:10AFA000704700BF34A0002000F001400000020202
:10AFB000F8B51B4B1B786BB31A4CD4F8043113BB98
:10AFC000194B0222C4F804231F691A6942F01002C7
:10AFD0001A61D4F8043107F0100753B9134E4FF437
:10AFE0000045C6F8805103F03DFDD4F80431002B34
:10AFF000F7D027B90C4A136923F010031361094BEA
:10B000000222C3F80823074BD3F80004003818BF06
:10B010000120F8BD4FF4F2713C20EEF735FF00BF80
:10B0200034A0002000F0004000ED00E000E100E06E
:10B03000014B01229A60704700F000402A4A1368D1
:10B04000062B10B51DD001331BD0284C284BC4F85B
:10B05000783703F0B9FF38B14FF08053D3F830336D
:10B06000591C18BFC4F84C374FF010231B6E5A1CE4
:10B0700006D01E49D1F88C2563F31742C1F88C2500
:10B0800010BD1C490B68063B083320D91748D0F87F
:10B090003C3723F0004323F0FF0343F0004343F029
:10B0A0009603C0F83C371368062B0DD10B68063B9E
:10B0B0000833CAD90D4AD2F8403723F47F4343F40A
:10B0C000B053C2F84037C0E70133EFD0BDE70748BF
:10B0D000D0F83C3743F48063C0F83C371368062B44
:10B0E000D4D00133D2D0B0E7C0A700200010004078
:10B0F0002C000089C4A70020104B1B68062B02D02F
:10B10000013300D070470E4B1B68063B0833F9D95A
:10B11000027A0C4B0B49D3F88835022A4FF0805243
:10B1200023F4FE43D2F820230CBFC2F30662C2F31D
:10B13000062243EA0223C1F888357047C0A70020E1
:10B14000C4A700200010004045F6FF7343807047FD
:10B15000D1B1154AD2F83C3723F0004323F0FF0366
:10B1600043F0004343F07D03C2F83C37D2F87C370C
:10B1700023F0004323F0700343F0004343F06003E7
:10B18000C2F87C3741707047074BD3F83C2722F058
:10B190000042C3F83C27D3F87C2722F00042C3F8D2
:10B1A0007C274170704700BF001000401C4B1B689B
:10B1B000082B00D07047033901290FD9194BD3F858
:10B1C0003C2722F00042C3F83C27D3F87C2700211B
:10B1D00022F00042C3F87C2741707047114A0121D8
:10B1E000C2F80413D2F83C3723F0004323F0FF03E6
:10B1F00043F0004343F07D03C2F83C37D2F87C377C
:10B2000023F0004323F0700343F0004343F0600356
:10B21000C2F87C374170D16311640170704700BF80
:10B22000C0A700200010004003460078002863D02B
:10B23000F0B5744AD2F80441D2F810512C4383B0CF
:10B240005BD1D2F80051002D66D0C2F80041012434
:10B250005461FF240094009C2CB908E0009C013C40
:10B260000094009C1CB1D2F81C41002CF6D0009A2E
:10B27000002A00F0C180634ADD78D2F8484504F026
:10B280007F04A542C0F08C805E4A9C70012300249C
:10B29000C2F81C41C2F80833136493635A4B594CEB
:10B2A00001228025C4F804531A64D3F84025D3F84A
:10B2B000446502F56A52183296424BD9D3F84025BC
:10B2C00002F51C5210320025C3F8402504F5F03475
:10B2D000C3F84051A3F5DF434C4AC4F8A8256C3BA2
:10B2E000C4F8AC354FF40023C4F804350B6843F4BC
:10B2F00000230B6003B0F0BD704780244449C2F8BE
:10B300000843B5FA85F04FF400240022C1F808453F
:10B3100040091A7003B0F0BDD2F848455F7804F0D8
:10B320007F049C70C2F81C51DE7837BBA642D2F86D
:10B33000742544D894B20F2C02D9B2F5003F3ED305
:10B34000304B01221A649A632E4BD3F81C310193BF
:10B35000019BA3E72E4900224FF40026C3F84025A5
:10B36000C3F84021C4F80853C1F80865C3F8402168
:10B37000C4F80853C1F80865CCE7A642E4D2D2F875
:10B380003C4724F00044C2F83C47D2F87C4724F004
:10B390000044C2F87C475D70012313649363D3E7D4
:10B3A000D2F83C5725F00045C2F83C57D2F87C57FC
:10B3B00025F00045C2F87C5700225A7064E7114C12
:10B3C000D4F83C2722F0004222F0FF0242F0004273
:10B3D00042F07D02C4F83C27D4F87C2722F00042DA
:10B3E00022F0700242F0004242F06002C4F87C2772
:10B3F00001225A702264A7E74FF4EE71AF20EEF7F6
:10B4000043FD00BF0010004000800040408100402C
:10B4100000F001402DE9F04F454C85B005469846B7
:10B420000E46174600F094F82378AB42814602D1CD
:10B430006378B3423CD0082D1BD18DF80F70BB460A
:10B440004FF0040A3046FEF749FC00210346009104
:10B4500052465846414603F0ABFDB8F8003025701F
:10B460006670A380A071A77084F8039005B0BDE852
:10B47000F08F05F1FF3ABAF1060F50D8DFE80AF075
:10B48000044235284F0404000DF10F033A463146BB
:10B49000002000F063F8002846D19DF90FB0BAF102
:10B4A000060F3CD8DFE80AF011382B1E3B111100C3
:10B4B00094F90230BB42BED1E3788342BBD1A3886A
:10B4C00094F90600A8F80030D0E74FF0000AB9E779
:10B4D0000DF10F033A463146032000F03FF89DF985
:10B4E0000FB008BB4FF0030AACE70DF10F033A466B
:10B4F0003146022000F032F89DF90FB0A0B94FF0AC
:10B50000020A9FE70DF10F033A463146012000F091
:10B5100025F89DF90FB038B94FF0010A92E740F2D3
:10B5200089410620EEF7B0FC4621A920EEF7ACFCDD
:10B5300094210020014B1860998070475CA0002086
:10B54000024BD86019745A82704700BF88A000204F
:10B55000014B187D704700BF10A60020042810B5CD
:10B5600011D883B104280CBF10242824A1420AD288
:10B57000064C54F8200018B141568A42A8BF0A462A
:10B580001A70002010BD6FF01500FBE710A6002018
:10B5900030B50346114890F91C209A4219DD90F904
:10B5A00024209A4217DA9A1A846AA05C0C4A15562B
:10B5B0009D420DD00E32002918BF01309442C0B216
:10B5C00006D129B1013BDBB2012B01D80130C0B259
:10B5D00030BD0D20FCE70020FAE700BF10A60020D8
:10B5E0003260040008B5054B93F91C30984203DA29
:10B5F000FFF7CEFF024B1B56184608BD10A60020D1
:10B600003260040008B5184B93F82C20FAB90122D7
:10B6100083F82C20154A1268A2F10800082803D8E4
:10B6200013490141C90709D5911F092910D90132D0
:10B6300012D04FF4DF71742002F08AFF0D4A9A6233
:10B64000D8221A6283F8242008229A611A7708BD4A
:10B65000094A0A41D207ECD4084A9A62D8221A62EF
:10B6600083F824200422F0E710A60020C0A70020C1
:10B67000DEFEFFFF6D600400EEFCFFFF4060040093
:10B68000C0B208B520B94FF0804301221A6008BD4E
:10B690004D21B52002F05CFF10F0FF0008B508D185
:10B6A0004FF0804301225A60C3F80001034B187029
:10B6B00008BD7C21B52002F04BFF00BF3DA6002055
:10B6C000014B01221A7070473DA6002008B548B909
:10B6D0004FF08043D3F8003113B9044B187808BDFC
:10B6E0000120FCE7C221B52002F032FF3DA6002078
:10B6F0000020FFF7EBBF4FF08043D3F8080400F0C1
:10B70000010070474FF08043D3F8140400F00100AB
:10B7100070474FF08043D3F81C0400F003007047DB
:10B720004FF08042D2F81834D2F81824C3F3004303
:10B7300002F00302824214BF002003F001007047B0
:10B74000044B1868062818BFB0F1FF3F0CBF01205A
:10B7500000207047C0A7002008B5094B1A680A2AC4
:10B7600002D1084B1B6823B1FFF7EAFF08B9082A8A
:10B7700004D14FF080430222C3F8342C08BD00BF2F
:10B78000C0A70020C4A70020014BD889704700BF84
:10B7900040A60020014B9889704700BF40A60020BA
:10B7A00010B5EFF3108472B6064B03441A7C0132D5
:10B7B000D2B21A741B7C012B01D1FFF761FF04B9CF
:10B7C00062B610BD40A600200020FFF7E9BFD4D428
:10B7D00010B5FFF7F9FFFFF78BFF4FF080440849E2
:10B7E00040B1FFF7B9FF0123236104238B740023C9
:10B7F000CB7410BD03238B740123C4F80433F6E724
:10B8000040A6002010B5EFF3108472B6094B034434
:10B810001A7C22B940F257216D2002F099FE1A7C61
:10B82000013AD2B21A741B7C0BB9FFF735FF04B989
:10B8300062B610BD40A600200020FFF7E3BF002045
:10B84000FFF744BF024B987C003818BF01207047B7
:10B8500040A6002073B51B4D6B7D63B9286A00F0CC
:10B860000300FFF75DFF30B1EFF3108372B6AA7CDF
:10B870001AB103B962B602B070BD0122AA7403B94D
:10B8800062B64FF080430822C3F808234FF42073B8
:10B89000ADF80630BDF80640A4B2631E9BB2ADF809
:10B8A0000630002CF6D14FF080460748C6F80C4110
:10B8B00002F0FAFF85F82540FFF78AFF0823C6F853
:10B8C0000433D8E740A6002064A600202DE9F34702
:10B8D000484C237D002B00F08A800323ADF8043010
:10B8E0004FF08043D3F80051F5B9D3F80481B8F193
:10B8F000000F09D04FF080430022C3F80421022238
:10B90000C3F80823FFF7A6FF94F825603A484FF0E4
:10B910008047F6B2D7F80C8102F0CAFF48B340F274
:10B9200043316D2002F014FE00258DF804500122F1
:10B93000D3F80481C3F808230DF10409271DA61CC0
:10B9400019F8010B03280AD0337843B13B684FF054
:10B95000000A86F800A013B19847C7F800A06B1C36
:10B96000022B07F1040706F101064FF00105E7D1AC
:10B97000BDE745B1A37C032B05D10423A374FFF7D6
:10B98000EBFE01233B61B8F1000F1FD04FF0804365
:10B990000022C3F80C21A37C042B02D040F26931B1
:10B9A000BFE7164B1A680A2A02D1154B1B6823B150
:10B9B000FFF7C6FE08B9082A04D14FF080430022E1
:10B9C000C3F8342C0223A374FFF736FF4EB10023D3
:10B9D00084F82530A37C022B01D1FFF7F9FEFFF795
:10B9E0002BFF054802B0BDE8F04702F070BF02B07F
:10B9F000BDE8F08740A6002064A60020C0A7002074
:10BA0000C4A7002010B5054C206A00F00300FFF722
:10BA100087FE0028F8D0002010BD00BF40A60020FF
:10BA2000F8B5054650B10278042A07D8437842B9E0
:10BA3000013B1F2B02D88378212B07D96FF015000B
:10BA400075E0002BFAD18378002BF7D17B4B0127CF
:10BA5000C3F88070BFF34F8FBFF36F8F4FF08046F6
:10BA6000C3F88071764C0B23C6F808330023C6F860
:10BA70000031C6F80431C6F80C3123746374AB8806
:10BA8000E381FFF738FE08B127702774D6F80C243D
:10BA9000D6F80C34D20303D5DF0701D5FFF710FE2B
:10BAA0004FF4AF63A3812B78A978637500222262DB
:10BAB000A175E274042B4DD8DFE803F005033A4882
:10BAC0004A0001232362FFF71DFE00284DD0FFF737
:10BAD00020FE236A03F00303984246D1AB79002B82
:10BAE0003DD1FFF78FFFA37D6BB12B785BB9FFF7DB
:10BAF000FFFD054602F09CFE6FF00043002D00F0B4
:10BB00009980C4E906034FF08043D3F80C24D3F89E
:10BB10000C34D20303D5DB0701D5FFF7D1FD474A2B
:10BB200001230020A0742375C2F880311360F8BD92
:10BB3000FFF74AFE4FF08043D3F80C14D3F80C24DF
:10BB4000CE03F9D5D007F7D50223BBE73D4BB9E7C4
:10BB50003D4BB7E740F21E516D2002F0F9FC4FF06B
:10BB600080430222C3F80423BDE74FF08043012243
:10BB7000DA600022C3F80421226AC3F81825334A88
:10BB80001368A3F10E01012904D90A2B02D0FFF793
:10BB9000D7FD48B14FF080534FF08041D3F8443285
:10BBA000C3F34233C1F83C351368A3F10E02012AF6
:10BBB00004D90A2B02D0FFF7C3FD20B14FF0804318
:10BBC0000122C3F84C254FF0804301229A600222E3
:10BBD000C3F80423AA79002A85D1D3F80423910756
:10BBE00002D440F2D141B7E7194A1669116941F010
:10BBF00010011161D3F8043106F010060BB902F000
:10BC000033FF4FF08047D7F8043183B1FFF7FAFED6
:10BC100026B90F4A136923F0100313614FF08043D4
:10BC20000222C3F808230022C3F804215BE702F0D4
:10BC300019FFE8E7C4E9063065E700BF00E100E06E
:10BC400040A600200100020001000300C0A7002060
:10BC500000ED00E010B50D4C04F1240002F028FEC8
:10BC600048B9A37C022B01D1FFF7B2FDBDE810401B
:10BC7000074802F02CBE074A012384F82530BDE8AE
:10BC80001040C2F80031FFF79FBD00BF40A6002062
:10BC900064A6002000E100E038B5164C20780023AF
:10BCA000237508B9FFF7F8FCA37C042B0ED14FF0E5
:10BCB00080450020FFF734FD18B1D5F80C31002B7A
:10BCC000F7D04FF080430022C3F80C2100232374E7
:10BCD000A3746374084B0122C3F88020BFF34F8F15
:10BCE000BFF36F8FC3F880214FF080430B22C3F85E
:10BCF000082338BD40A6002000E100E010B501B3E4
:10BD0000F0B14FF0FF33104A1C46E0FB013494427F
:10BD100003D9DB216F2002F01BFC1A0D42EA04322A
:10BD2000C3F30F10094B00EB02404FF22444B2FB67
:10BD3000F4F103FB1100B0FBF4F040EA01400130E4
:10BD400010BD0846FCE700BF3F420F00000024F48E
:10BD5000014B9B68184700BF68A60020014BDB68B9
:10BD6000184700BF68A60020014B1B69184700BF99
:10BD700068A60020014B1B6A184700BF68A6002078
:10BD8000014BDB69184700BF68A60020034B1A79F6
:10BD90000AB9FFF7F9BC988D704700BF68A600206C
:10BDA000034B1A790AB9FFF7F5BC988A704700BFB0
:10BDB00068A60020024B1B790BB9FFF74BBD7047FB
:10BDC00068A60020014B9B69184700BF68A60020A9
:10BDD00010B5144C2379A3B1636A9847002806DB99
:10BDE00094F82E3023B1012384F83030002010BDA8
:10BDF000FFF7E8FF0028F6DA40F28D116F2002F01D
:10BE0000A7FB094BA361094BE361094B2362094B73
:10BE1000A360094BE360094B2361FFF701FE002893
:10BE2000E1D0E4E768A6002005BA030055BC030092
:10BE300045B80300C9B7030039B803003FB8030091
:10BE400010B50A4C23795BB194F8303053B1A36A32
:10BE50009847002806DA4FF4E2716F2002F078FB71
:10BE6000FFF71AFF002384F8303010BD68A60020C9
:10BE700008B5074801F04CF8054800F02FF801F02C
:10BE800099FA01F07BFA00F039FB012008BD00BFF0
:10BE90009CA6002008B501F01DF801F02FFB01F071
:10BEA0000BFBBDE8084000F045BB00BF01F084BCBF
:10BEB000103001F04DB800BF01F062B801F0B4BD20
:10BEC00001F07CBE01F08EBE01F072BD01F0F0BC4D
:10BED00008B52721032002F03BFB00BF024B18608E
:10BEE00000221A719A607047A4A6002070B582B033
:10BEF0001E4C2379012B11D0DAB2022A0BD1A06893
:10BF00000DF1070100F02EFB0023A36023719DF8C3
:10BF1000070002B070BD012002B070BDA0680DF135
:10BF2000070100F015FBA5686B7DDB07ECD5AB7F47
:10BF3000042BE9D001F068F806460028E4D001F0AF
:10BF400069F82A69B3682E686D68961945F100058D
:10BF500000220A3342F100021B1842EB0102B342F5
:10BF6000AA41D1D3A06800F09FFCCDE7A4A6002091
:10BF7000837F0BB10020704710B50A684B688C684E
:10BF8000D1F80CC0C0F80CC08460026043600A693C
:10BF90004B694361012402618477054B1A792AB900
:10BFA00098601C7100F0C6FF204610BDFFF790FF9F
:10BFB000A4A6002070B5044682B00D4601F024F816
:10BFC000A37F012B17D02B686A68A9680646E8682A
:10BFD000E060A160236062606A692B69626101228E
:10BFE0002361A2770DF10701204600F0B1FA2EB1CE
:10BFF000012002B070BD002002B070BD024B0421D0
:10C00000186802F02FFBF3E7A4A60020024B0621DC
:10C01000186802F027BB00BFA4A6002010B5084B8B
:10C020001A7952B90446986002221A7100F082FF10
:10C03000A07FB0FA80F0400910BDFFF749FF00BFB4
:10C04000A4A6002038B5837FC3B1044609E0A37FCE
:10C05000042B09D0A37F012B11D002F003FDA37F95
:10C0600063B1A37F032BF2D1EFF3108572B62046A4
:10C0700000F0D6FA05B962B6A37F2BB938BD4FF4EC
:10C080008271032002F064FAFF21032002F060FABB
:10C0900070B5054600F0B8FF08B3044600F0BAFFDB
:10C0A000A4680346E41841F10006284633462246B8
:10C0B00000F08CFBA04271EB06034FF000050CD39F
:10C0C000001B6FF0010361EB0601834275EB010178
:10C0D00000D370BD4FF0FF3070BD284670BD40F2F8
:10C0E0002911032002F034FA2DE9F04104460F46ED
:10C0F00000F08AFF10B38568002362195B41064691
:10C1000013B10020BDE8F08100F084FF2A1841F14E
:10C1100000033846A51843F1000800F057FBA84279
:10C1200071EB0801EDD301F047FB00F033FAB3687F
:10C13000377523440120B360BDE8F0814FF4A3714B
:10C14000032002F005FA00BF00F064BF08B500F05C
:10C150005BFF08B1007D08BD40F29B11032002F097
:10C16000F7F900BFF8B50369002B4ED1044601F082
:10C1700023FB05460E46FFF7F7FD78B3D4E900032D
:10C18000643546F10006A84273EB060223D3C4E9E6
:10C190000003EFF3108672B600F036FF054698B143
:10C1A00000F038FFAB6800220B3342F100021B188D
:10C1B00042EB0101D4E90002834271EB02053CBF6E
:10C1C00003461146C4E9003106B962B62046BDE80F
:10C1D000F84000F091BB28463346D8E7FFF7E0FD72
:10C1E000074600F025FFB8422168626838BF38462C
:10C1F000963546F10006401946F10003884273EB7C
:10C2000002053CBF08461346C1E74FF4D171032035
:10C2100002F09EF91C4B1868A0B350E9063130B506
:10C2200050F8104C13F10A02036841F1000115198E
:10C23000A0F1180041F1000C1BB922E014D31B68D7
:10C24000FBB153E90621AA4271EB0C0419D290F814
:10C2500014E013F8044C7445F0D19C88B0F81CE04D
:10C26000A4EB0E042404EAD553F8100C0A3241F171
:10C2700000018518A3F118001B6841F1000C002B88
:10C28000DFD130BD704700BFB0A6002070B5264D8D
:10C2900000236B60EFF3108172B6AA686A60AB602E
:10C2A000EB6009B962B66A6872B3204C00269379D4
:10C2B000032BA2F1180028D0136873B39A79042ACB
:10C2C000A3F118038446A6460FD1818B9A8B521A8C
:10C2D00012049A6944BF0CF1180E184642B19C46EC
:10C2E000A2F118039A7F042AEFD09B7F032B16D16B
:10C2F000DEF800201368CEF800300221C36886778C
:10C3000098476A68002AD2D170BD116852F80C3C77
:10C310009671696001219847F3E7A646EAE7632131
:10C320009F2002F015F900BFB0A60020B4A600209F
:10C330002DE9F04F6F4B04681B68456883B082831A
:10C34000427D0646894602F00102002B00F0CB80B8
:10C35000A3F1180C002A6ED0DCE90001844275EBD1
:10C360000107644A2FD39CF81420337D9A421BD8CE
:10C37000DCF808301B1841F1000113F10A0E41F1FD
:10C380000007744575EB070280F0A8803269121926
:10C3900045F10000964577EB000801D27246384619
:10C3A0009A428841C0F08280DCF818300CF1180203
:10C3B000002B00F09180A3F1180CDCE9000184420D
:10C3C00075EB0107CFD21F466346B068001945F1EF
:10C3D0000008002B44D0CDE90027CA46D3E90071FC
:10C3E00010F10A0C48F10002674571EB020245D2D8
:10C3F0001A7D96F814C0944519D39A68D21941F160
:10C40000000112F10A0941F1000E4C4575EB0E07CF
:10C4100045D237693F1945F1000CB9457EEB0C0B4D
:10C4200001D24F46F44697427CEB010C3DD39B6909
:10C4300023B3183BD2E7DCE90001844275EB01012C
:10C440002C4A0CD3DCF818300CF118023BB1A3F1E4
:10C45000180CDCE90001844275EB0101F2D21F46A1
:10C46000334643F8187F1360FFF7D4FE864210D09E
:10C47000002389F8003003B0BDE8F08FDDE9002724
:10C480003346D14643F8187F1360FFF7C3FE864258
:10C49000EED1012389F8003003B0BDE8F08F2746C4
:10C4A000AC4697427CEB010CC1D2D146114A042321
:10C4B000B3779168002333767376B376F37606F11B
:10C4C00018020C4B69B1DB681A600B4B09491878EC
:10C4D000CA6002F02FFACBE71F4676E722462846CD
:10C4E0005EE79A60F1E712B91746024AB8E7014AD7
:10C4F0001F466AE7B0A60020C421002010B50A4CF0
:10C500002378FF2B0AD1094802F0EAF9084B207082
:10C5100000221A609A60DA601A8210BD4FF48D71A1
:10C520009F2002F015F800BFC42100208DC2030037
:10C53000B0A6002010B5054C2078FF2800D110BD12
:10C5400002F0E8F9FF23237010BD00BFC4210020D2
:10C55000034B1A8A02F1010CA3F810C0FFF7E8BEE2
:10C56000B0A6002038B504460D46FFF753FE03463B
:10C57000E31AB3FA83F35B0905482B7004F1180141
:10C5800002F096F810B10023A377012038BD00BF58
:10C59000B0A600202DE9F0431F4E34686CB34FF075
:10C5A00000083546C6464FF004092346246853F870
:10C5B000187C53F8082CD21953F8147C47F1000C5E
:10C5C00082427CEB010C1AD22A6812682A6083F836
:10C5D0000690B26883F800E083F801E083F802E097
:10C5E00083F803E07AB1F2681360F3604FF001085A
:10C5F000002CDAD1B8F1000F07D1BDE8F0831D4659
:10C60000002CD2D1F6E7B360EFE7044BBDE8F0436E
:10C61000187802F08FB900BFB0A60020C421002016
:10C6200070B5154EB368054600F11801BBB1B3688B
:10C63000002423B913E01A681C4682B113469942BC
:10C64000F9D10CB1AA692260B268914204BF1B689B
:10C65000B360F36899420AD00023AB7770BD0748F6
:10C6600002F026F80028F9D00023AB77F6E7002384
:10C67000F460AB77F2E700BFB0A60020B4A60020BC
:10C680002DE9F843484E3468002C00F087804FF0C5
:10C6900000080F460546B14641464FF0040E2346BA
:10C6A000246853F8180C53F8082C121853F8140C7B
:10C6B00040F1000CAA427CEB070C69D2D9F80020AB
:10C6C0001268C9F8002083F806E0B2681970597042
:10C6D0009970D970002A5FD0F2681360F3604FF050
:10C6E0000108002CDBD1B8F1000F03D02F4B1878D4
:10C6F00002F020F93368002B50D053E90612A9420A
:10C7000072EB070053F8100C3CBF29463A46A3F1E0
:10C71000180C0A304FF000041B6844F1000409189B
:10C7200042EB04021BB92DE016D81B6853B353E942
:10C730000604884274EB020E24D29CF8148013F88D
:10C7400004ECF045F0D1B3F804E0BCF81C80AEEB8B
:10C75000080E1EF4004FE8D0854277EB040E294600
:10C7600038BF014653F8100C3A46A3F1180C38BFF5
:10C7700022461B68091842F100020A3142F1000208
:10C78000002BD4D10CF1180373616046BDE8F88327
:10C790009946002C83D1A6E7B3609FE700239C460F
:10C7A00073616046BDE8F883B0A60020C421002074
:10C7B00010B5054C6169204601F07AFF18B1606937
:10C7C00000231838636110BDB0A600201C49096819
:10C7D00039B3A1F1180C9CF8141081421DD870B522
:10C7E000DCE9004112F10A0543F1000EAC4271EBA5
:10C7F0000E0620D2DCF81060341941F10001AC4281
:10C8000071EB0E0115D2DCF8181071B1A1F1180C02
:10C810009CF814108142F6D8E2E7DCF818100029E1
:10C82000D7D14FF0FF30014670474FF0FF3001463F
:10C8300070BD2C467146B4F10A0041F1FF3170BD64
:10C84000B0A6002010B5837F022B06D0837F012B7A
:10C8500002D0837F042B1DD110BD437D13F0020352
:10C8600013D103210E4A81779468037600F11801F1
:10C8700043768376C3765CB1D3681960094BD16087
:10C88000BDE81040187802F055B80023837710BD3A
:10C890009160F3E74FF4FF719F2001F059FE00BF54
:10C8A000B0A60020C421002070B5114D00F118067B
:10C8B00004463146284601F0FBFE98B10423A377D5
:10C8C000AA68002323766376A376E37642B1EB6809
:10C8D0001E60084BEE601878BDE8704002F02AB880
:10C8E000AE60F6E74FF402719F2001F031FE00BF09
:10C8F000B0A60020C42100202DE9F04F066983B0C6
:10C90000002E6ED1D0E900158368077DEFF3108407
:10C9100072B6DFF8D8C0DCF80020002A52D0BCF88C
:10C92000108013F10A0E46F10006CDE90008183A0E
:10C93000B046D2E9003611EB0E0A45EB08099A45DC
:10C9400079EB060C3DD38B4276EB050C27D31069AF
:10C9500010EB030C46F1000BD4457BEB090B34BF05
:10C960004FF0010C4FF0000CBCF1000F13D092F807
:10C9700014C0BC452DD034BF4FF0010C4FF0000C5B
:10C98000BCF1000F07D013F10A01936846F10005CE
:10C99000591845F1000592699AB1183AC9E79068AB
:10C9A00013F10A0C46F1000910EB0C0C49F10009D7
:10C9B000614575EB090934BF4FF0010C4FF0000CD5
:10C9C000D2E7009804B962B6C0E9001503B0BDE82B
:10C9D000F08FB2F81CC00198ACEB000CCCF3C03C5B
:10C9E000CEE740F227219F2001F0B2FDB0A6002043
:10C9F000024B0521186801F035BE00BFC8A6002013
:10CA0000054B586810B1C3680521184710B54FF49D
:10CA10001B71B02001F09CFDC8A600202DE9F04755
:10CA20001646002B55D0D3E900894B4C804579EB55
:10CA30000103A38A3CBF804689466433B8EB0005F6
:10CA400069EB01070022AB422261BA41C4E90289C5
:10CA500016DBA36903F2A3139D4277F1000769DA9D
:10CA60003E4AC4F8288040464946C4F82C9000F05D
:10CA7000C7FD3B4A052384F830303260BDE8F087BB
:10CA8000627F237F1AB19A071ED40022627703F0D7
:10CA9000010AA36903F2A3139D4277F100072EDA7E
:10CAA000BAF1000FDCD0A08A2C4AB8EB000069F183
:10CAB0000001C4E90A0100F0A3FD0623284A84F816
:10CAC00030303260BDE8F087236A01209847237F29
:10CAD000DBE7214C637F2BB1237F9B0702D5236AC1
:10CAE000012098470025657701F000F9FFF736F936
:10CAF0002B461C4A84F830303260BDE8F08701F0E4
:10CB0000F5F8FFF72BF9A08AA369BAF1000F01D05D
:10CB1000984215D8B8EB0300104A69F10001C4E946
:10CB20000A0100F06DFD02230D4A84F830303260B6
:10CB3000BDE8F08701F0DAF8FFF710F9A369E9E73B
:10CB4000B8EB0000054A69F10001C4E90A0100F0F0
:10CB500057FD034A01238EE7C8A60020F1C9030050
:10CB6000ADCC0300A5CE030002392DE9F041042924
:10CB70002DD8DFE801F00309292C0C00164A137F99
:10CB8000003B18BF012353770020BDE8F081044625
:10CB900000F002FD00F010FE0E460746FFF770FDA4
:10CBA0000D4D80466868FFF74DFE224638463146F7
:10CBB0004346002400260027C5E902676C60FFF7A2
:10CBC0002DFF0220BDE8F081FFF790F9DCE740F28D
:10CBD0001721B02001F0BCFCC8A600202DE9F84FB9
:10CBE0002E4C637FA769804683BB94F81C9019F094
:10CBF000010934D100F0E0FD10EB070B41F1000A10
:10CC000005460E4658465146FFF73AFDA8B3D0E90F
:10CC100000329B457AEB02011BD30023204AA56218
:10CC200028463146C4E902BAE662236100F0E8FC16
:10CC3000B9F1000F18D0A38A1A4A9F4216D00223D6
:10CC400084F83030C8F80020BDE8F88F4FF00009B4
:10CC5000D0E7DD1B9B4662F100069246DDE7A38A22
:10CC60009F4238BF1F46C5E70E4AE8E7012384F814
:10CC70003030C8F80020BDE8F88F637F2BB1237FE8
:10CC80009B0702D5236A012098470023064A84F8AF
:10CC900030306377C8F80020BDE8F88FC8A60020C0
:10CCA000F1C90300ADCC0300A5CE0300023970B575
:10CCB0000546032900F2EB80DFE801F00602450893
:10CCC000754B002283F83120002070BD724C94F81F
:10CCD00030301A1F012A40F29F8000F06DFDA26AD9
:10CCE0002369801A9842B8BF184694F83030206102
:10CCF000022B7FD0237FD90740F1C480607F0028BA
:10CD000040F0C080236A98470123637794F830206D
:10CD1000022AD4E902034BD0012A70D022693238AA
:10CD200043F1FF31101841EBE2715C4AC4E90A019A
:10CD300000F066FC94F83030062B0CBF052304236A
:10CD400084F83030C0E7544C94F83030042B0FD8BE
:10CD5000022B25D8013B012B00F28F80FFF7C6F88C
:10CD60000028B1D000F016FD2846FFF737FF15E088
:10CD7000053B012B00F28180FFF7B8F80028A3D013
:10CD800000F008FD00F018FD06460C46FFF778FCA1
:10CD90002A46034621463046FFF740FE022070BD7A
:10CDA000FFF7A4F800288FD0012384F831308BE7F7
:10CDB000227FD2070ED5627F62B9A18A374A401A14
:10CDC00063F10001C4E90A0100F01AFC032384F8AE
:10CDD000303079E72169314A323843F1FF33401866
:10CDE00043EBE171C4E90A0100F00AFC042384F872
:10CDF000303069E700F072FFFEF7AAFF86E7A1690D
:10CE0000264A401A63F10001C4E90A0100F0F8FB68
:10CE1000022384F8303057E7042B94F8316019D09E
:10CE2000002EAFD1FFF7C4FC0028ABD06060C4E98E
:10CE30000D6600F0A5FB6068022383773146C36866
:10CE40009847D4E90201FFF7A5FB154B84F8306041
:10CE50002B60A3E700F052FF0028E1D10020002161
:10CE6000FFF70EFC08B1FFF71FFD00F03FFFFEF7D4
:10CE700075FF2846FFF7B2FE90E74FF4CD71B02062
:10CE800001F066FB40F2B311B02001F061FB40F20B
:10CE9000F111B02001F05CFBC8A60020F1C903002D
:10CEA00069CB0300032910B506D801290AD840F23E
:10CEB0005D11B02001F04CFB0429F8D10446FFF7C6
:10CEC00015F808B9002010BD2046FFF787FE0220A4
:10CED00010BD00BF10B5EFF3108472B60A4B0B4AB9
:10CEE00019680968914202D004B962B610BD93F87E
:10CEF0003030033B012BF7D800F0F8FEFEF72EFF91
:10CF000000F048FCF0E700BFC8A60020ADCC03004D
:10CF100010B5064A064C02600023206084F83030C9
:10CF20002377FEF73DFF5130A06110BDA5CE030071
:10CF3000C8A6002010B5EFF3108472B6034B04218D
:10CF4000186801F08FFB04B962B610BDC8A60020B6
:10CF500008B5094B5A684AB1D3E902218018BDE8E7
:10CF60000840064A41F1000100F04ABB40F272213C
:10CF7000B02001F0EDFA00BFC8A6002001CA0300EE
:10CF800008B5064B5B681BB1BDE8084000F002BC69
:10CF90004FF41E71B02001F0DBFA00BFC8A60020DC
:10CFA00008B5054B5A680AB1586308BD40F27E21A6
:10CFB000B02001F0CDFA00BFC8A6002008B5054B8F
:10CFC0005A680AB1986308BD4FF42171B02001F08E
:10CFD000BFFA00BFC8A60020044B9B6B03B11847E3
:10CFE00010B540F28A21B02001F0B2FAC8A60020A4
:10CFF000044B5B6B03B1184710B54FF42471B0209C
:10D0000001F0A6FAC8A60020014B5868704700BF7F
:10D01000C8A6002008B5054B5A6812B1D3E9020131
:10D0200008BD40F29B21B02001F092FAC8A6002072
:10D03000034B187F10F0010018BF988A704700BF9B
:10D04000C8A60020054B1B681BB1D3E908200421AA
:10D05000104710B57221452001F07AFA08A7002088
:10D06000054B1B681BB1D3E908200321104710B5FD
:10D070006C21452001F06CFA08A700202DE9F04151
:10D0800004460D4679B9174F3B683BBB16483C60D8
:10D09000FFF786FF1548FFF791FFFFF755F8637D0F
:10D0A0005B07064605D4D4E908302946BDE8F041BF
:10D0B0001847FEF703FF2036361A7E6000F0F8FBB3
:10D0C0000028FBD00A4B0022C3F8A8252946C3F844
:10D0D000AC25D4E90830BDE8F04118478621452049
:10D0E00001F036FA08A7002061D0030045D0030004
:10D0F00000F00140024B00221A601A81704700BF05
:10D1000008A70020704700BF08B5074B1A683AB15E
:10D110000648D06000211960BDE80840FEF776BFE0
:10D12000B921452001F014FA08A700207DD00300A2
:10D13000C0E908122022002101F09EBD30B587B061
:10D140004B7A00220D460592CDE900220492C3F3EA
:10D15000800282F001024FF0000162F38201044676
:10D160002A78287A8DF815108DF8140069682B48F4
:10D1700002910390002A40D1D5E904209DF815C002
:10D180001CF0040FCDE9002028D19DF8152024497A
:10D19000C3F340035B0043F0010322F00302134397
:10D1A0008DF815304B68C3F308038BB1103B5BB2AD
:10D1B000002B1CDB03F1604303F5614393F800335C
:10D1C0005B092BB969462046FEF7F4FE07B030BD77
:10D1D00069462046FEF7CCFE07B030BD203A01F18B
:10D1E000200140F1FF30009202910190CDE703F061
:10D1F0000F0319440B7D5B09E3E72B690493FEF7EA
:10D2000055FE9DF815305B07CDE9000104D5029A63
:10D210006B7A20320292B8E76B7AB6E77DD00300D2
:10D2200000ED00E010B5037886B0B3B990ED047B53
:10D2300004464068217ACDE902036846CDE904330B
:10D240008DED007B8DF81410FEF78CFFDDE90023D7
:10D250000120C4E9042306B010BD4FF4AB71452092
:10D2600001F076F908B50A4B1B6863B15B7D5B077B
:10D2700005D5FEF769FF203041F1000108BDBDE88A
:10D280000840FEF761BF4FF4EE71452001F060F9F0
:10D2900008A7002030B50C7887B07CBB4B7A05948A
:10D2A0000C7A8DF81440C3F3800E174C4D6803942C
:10D2B0008EF0010ED1E904414FF0000C6EF3820CA8
:10D2C0001CF0040FCDE900418DF815C0029507D080
:10D2D000203C05F1200541F1FF31009402950191B8
:10D2E0009DF815400492C3F3400363F3410469467B
:10D2F0008DF81540FEF73CFE07B030BD40F21F210F
:10D30000452001F025F900BF7DD0030070B4EFF394
:10D31000108672B617490D78ADB1174BD3F8044596
:10D32000D3F848314FF6FF7294421FD0E3B147F66D
:10D33000FE739C4218D84B68013306B962B6C0E947
:10D34000004370BC70470C4AD2F80445D2F804314F
:10D3500053B14B6801334B60C2F80451D2F8044515
:10D36000D2F80431002BF4D14B68E6E7002BFBD157
:10D370001C46F9E740A7002000B0004010B50A4C59
:10D38000002222742277094B094801215960C3F811
:10D390004025C3F840214FF400221961C0F8082548
:10D3A00001F018FB206210BD40A700200080004063
:10D3B00000F001403749384BF0B44D6A374C002239
:10D3C00001204A6058609860C3F80843C3F8484396
:10D3D000C3F80421C3F84021C3F84421C3F848210D
:10D3E000002D55D02E4C2F4EC4F8A8652E4AC4F8F7
:10D3F000AC55C4F85C394FF40023C4F80435052358
:10D40000C2F840351060D2F84031002BFBD02448E0
:10D41000002301244FF40025C0F808555460D4605F
:10D42000C2F84031C2F84035C0F8A835C0F8AC3574
:10D43000C0F8AC350B7833B391F82840184816493A
:10D440001A4E1B4DE30003F1804303F5F83301222C
:10D45000A2404FF6FF774FF48024C0F80825C1F8AA
:10D460004443C1F84875C1F80443C3F81065C3F8D4
:10D470001455C0F804250F4B4FF40062C3F8802107
:10D48000F0BC1A607047044B0222C3F80423F2E791
:10D490001860CFE740A7002000B00040020007005E
:10D4A00000F00140408100400080004048B1004051
:10D4B00008B0004000E100E00D4B0E4A30B40120FE
:10D4C00000210D4C58604FF40025C3F84015C3F8F7
:10D4D00040114FF480711861C4F80855C2F88011EA
:10D4E000C2F88010BFF34F8FBFF36F8F30BC70470F
:10D4F0000080004000E100E000F0014030B41B4A31
:10D500001B4C1C4D1C48002301216360516091603D
:10D51000C2F80853C2F84853C2F80431C2F8403187
:10D52000C2F84431C2F848312278C0F8A835C0F8B2
:10D53000AC3572B194F828209140D20002F18042BB
:10D5400002F5F832C2F81035C2F81435C0F80815E3
:10D5500023700A4B4FF40062C3F88021C3F8802087
:10D56000BFF34F8FBFF36F8F30BC704700B00040E8
:10D5700040A700200200070000F0014000E100E0A9
:10D58000044B4FF080411A6A0123C1F8083513603B
:10D59000704700BF40A7002010B4144C1449154A2E
:10D5A0000023C4F8A8350120C4F8AC354FF0FF348F
:10D5B00048600861C1F808430F4891684FF48074CF
:10D5C000C0F8804141B10D494FF48030C1F80803E3
:10D5D0001374C1F840319360126A5DF8044B4FF048
:10D5E00080410023C1F808351360704700F0014006
:10D5F0000080004040A7002000E100E000B00040B3
:10D60000F0B55A4CA36883B0002B40F09F8025787A
:10D61000A260002D5CD1564B994200F29C80430FD2
:10D62000544E554F43EAC101A6FB0132C0F34F33BC
:10D63000920B03EB014307FB1233A6FB03639B0B27
:10D6400043EA02434D4A02FB1300420B48F23761A2
:10D6500001FB02F2120C43F60957494907FB12007D
:10D6600000FB01F1490D43F6085601EB422207FB8E
:10D670000161B0EB512F88BF01320026002D41D04F
:10D680001F0C1B049D18684647F10007FFF73EFE7C
:10D69000DDE90032053346F100064FF48031E2FB4C
:10D6A00001369D4277EB060647D32A0C4FF6FF71F1
:10D6B000ADB242EA0742002D08BF0D4631494FF492
:10D6C0008030C1F84055E260C1F8040303B0F0BDFA
:10D6D0002D4B994244D8430D264E274F43EAC12192
:10D6E000A6FB0132C0F34F13920B03EB014307FB80
:10D6F0001233A6FB03639B0B43EA0243234A02FB5C
:10D700001300A2E71F0A1B069E18684647F1000790
:10D71000FFF7FCFDDDE90032053345F100054FF070
:10D720008071E2FB01359E4277EB050505D3320E91
:10D7300042EA072226F07F45C0E7FF232374144BFB
:10D740004FF40062C3F8002103B0F0BD40F2F921AC
:10D75000052000F0FDFE4FF49471052000F0F8FE66
:10D7600040F22311052000F0F3FE00BF40A7002087
:10D77000FF7F841E83DE1B43000024F40080841E90
:10D780006F0C010000B000407F841E0080841E00EA
:10D7900000E100E0064B9A684AB106494FF4803236
:10D7A000C1F8082300221A74C1F840219A6070471A
:10D7B00040A7002000B0004070B4EFF3108572B6AF
:10D7C000364C207820B3364BD3F80425D3F8486183
:10D7D0004FF6FF739A4252D043F60951C2F3080341
:10D7E00001FB03F3500A01FB00F003F5807300EB2B
:10D7F00053200021002E45D047F6FE739A4241D8AF
:10D800006368013325B3274A70BCE3FB020170470C
:10D81000234AD2F80435D2F8041111B363680133F6
:10D820006360C2F80401D2F80435D2F8041100296B
:10D83000F4D143F6095CC3F30802580A0CFB02F268
:10D8400002F580730CFB00F000EB532063681DB9F8
:10D8500062B62278002AD6D1134AE3FB020170BCDB
:10D86000704743F60956C3F30802580A06FB02F351
:10D8700006FB00F003F5807300EB5320E6E71EB1D2
:10D880000A4800216368BDE7636815B92846294640
:10D89000DEE7044A30463146DFE700BF40A70020FC
:10D8A00000B0004080841E000080841E61841E0041
:10D8B00070B4EFF3108072B6384A15780DB3384B58
:10D8C000D3F80455D3F848614FF6FF739D4256D004
:10D8D00043F60954C5F3080104FB01F16B0A04FB8C
:10D8E00003F301F5807103EB51230024002E49D08E
:10D8F00047F6FE718D4245D85168013108B3294879
:10D9000024E02749D1F80435D1F804414CB35368D9
:10D9100001335360C1F80451D1F80435D1F8044102
:10D92000002CF4D143F6095CC3F308010CFB01F1B0
:10D930005B0A01F580710CFB03F303EB5123516883
:10D9400018B962B610780028D9D11748E1FB003425
:10D95000D2E90C128B4294412CBF0120002070BCF4
:10D960007047C3F3080143F609555B0A05FB01F153
:10D9700005FB03F301F5807103EB5123DFE71EB1D3
:10D980000A4B00245168B9E7516810B903460446B0
:10D99000D7E7044833463446D8E700BF40A7002005
:10D9A00000B0004080841E000080841E61841E0040
:10D9B000194B1A4810B5012200214FF400245A6077
:10D9C000C3F84015C3F840111A61C0F80845D3F8F0
:10D9D000040520F00300C3F80405D3F8080540F05F
:10D9E00003001021C3F8080591FAA1F1B1FA81F101
:10D9F00009290CDC0A48C3F810154FF48074DA606A
:10DA0000C0F8804104605A60DA601A6010BD0548B1
:10DA100040F29F3100F092FD0080004000F0014094
:10DA200000E100E0A86004002DE9F047DFF88881FC
:10DA30005C4E012100234FF4002284B0C8F804108A
:10DA4000C8F84035C8F84031C8F81010C6F80825A5
:10DA5000D8F8042522F00302C8F80425D8F80825D0
:10DA600042F00302C8F80825102292FAA2F2B2FA94
:10DA700082F2092A00F39180C8F810254A4A4B4FD8
:10DA8000C8F80C104FF48070C2F880011060484A4A
:10DA9000C8F80410C8F80C10C6F8A8253A78C6F8DB
:10DAA000AC8502A8002A56D0019306E00123C6F8EF
:10DAB00008A5C8F80430C8F80C30FFF727FCDDE9EA
:10DAC0000243019D4FF4002A4FF48039C6F804A5A3
:10DAD000E3FB0945FFF71AFCDDE902320199E2FB9D
:10DAE0000931A94208BFA342E0D1013443F60952EB
:10DAF000C4F3080345F1000502FB03F3210EC4F350
:10DB00004E2441EA052102FB04F02D0E03F580733B
:10DB100000EB53204C016B01641A43EAD16363EBC1
:10DB20000506B201A3011B1B42EA946262EB0602E6
:10DB3000D20042EA5372DB005B1845EB0205E903B1
:10DB4000DA03801841EA534141F10001C7E90C01B1
:10DB500004B0BDE8F087019206E00123C6F808A5ED
:10DB6000C8F80430C8F80C30FFF7D0FBDDE90243F9
:10DB7000019D4FF4002A4FF08079C6F804A5E3FB1D
:10DB80000945FFF7C3FBDDE902320199E2FB0931E8
:10DB9000A94208BFA342E0D1A7E7064840F29F315F
:10DBA00000F0CCFC00F0014000E100E040A70020C4
:10DBB00000B10040A86004000080004010B5029C45
:10DBC000201841F10001801A61EB0301B0F1004F10
:10DBD00071F1000100DA10BD40F2A931052000F01A
:10DBE000B7FC00BF70B4EFF3108572B6364C2078E6
:10DBF00020B3364BD3F80425D3F848614FF6FF73B2
:10DC00009A4252D043F60951C2F3080301FB03F3D1
:10DC1000500A01FB00F003F5807300EB5320002154
:10DC2000002E45D047F6FE739A4241D8636801330F
:10DC300025B3274A70BCE3FB02017047234AD2F8A0
:10DC40000435D2F8041111B3636801336360C2F87C
:10DC50000401D2F80435D2F804110029F4D143F6B6
:10DC6000095CC3F30802580A0CFB02F202F5807348
:10DC70000CFB00F000EB532063681DB962B62278FC
:10DC8000002AD6D1134AE3FB020170BC704743F669
:10DC90000956C3F30802580A06FB02F306FB00F01C
:10DCA00003F5807300EB5320E6E71EB10A4800211C
:10DCB0006368BDE7636815B928462946DEE7044A6C
:10DCC00030463146DFE700BF40A7002000B00040EB
:10DCD00080841E000080841E61841E00024B01228D
:10DCE000C3F84423704700BF00B00040024B01223C
:10DCF000C3F84823704700BF00B0004008B5FEF7E6
:10DD000033F830B9074A936B0133312B936304D84E
:10DD100008BD044B00229A6308BD40F2F53105208E
:10DD200000F016FC40A7002010B53F4C237882B0CD
:10DD3000002B55D03D4BD3F8042352035BD43B4B0F
:10DD4000E168D3F80423D00334D5D3F84031002B55
:10DD500030D0636899425DD800232374334AA168A8
:10DD6000C2F840314FF48030C2F80803002955D082
:10DD7000A36088472D4BA169D3F80423920324D5CF
:10DD8000D3F844310BB363688B423FD30022227730
:10DD9000264B6169C3F844214FF40030C3F80803EF
:10DDA00000293BD08847214BD3F840310193019B98
:10DDB00002B010BD6268237C002BCDD19142D9D92D
:10DDC0001A4B0022C3F84021D4E76268237F002B5E
:10DDD000DCD18A42E7D2154B0022C3F84421E2E7A6
:10DDE000124AD2F804110029A9D0C2F8043163689C
:10DDF00001336360A3E7D3F84821002A9FD00022B3
:10DE0000C3F8482163680133636098E7237F002BE0
:10DE1000E1D0BBE7237C002BD2D09DE740F2374115
:10DE2000052000F095FB00BF40A7002000B0004097
:10DE3000034610B3007888B91A79012A1ED85A7996
:10DE4000012A1BD89A680E49643A8A4216D8D868C3
:10DE50000C4B98422CBF00200120704701280CD1A8
:10DE60001A79012A09D85A79012A06D8DA680449A8
:10DE7000643A8A4201D89868EAE70020704700BFF8
:10DE80003C8601000040420F08B500230B8581F855
:10DE90002A300B6A0921984728B103781BB1E92180
:10DEA0006A2000F055FB08BD436A19444162A1F1A4
:10DEB0005000FDF7FDBFD4D470B50446FDF7F6FF62
:10DEC000D4E90632656A503342F100025B1942F12F
:10DED000000205F5DF6540F2F966B5FBF6F55B1962
:10DEE00042F1000283428A410ED294F82A30052B77
:10DEF00003D0B3216A2000F02BFB0A21236A94F897
:10DF000058009847B621F5E7044C236813B19847A9
:10DF100000232360BDE87040FFF7F6B87CA700201F
:10DF200070B504460D4639B9012380F85930FFF722
:10DF3000C3FF0226304670BD0E78032E70D801A3B1
:10DF400053F826F033DF030055DF0300BFDF030083
:10DF500077DF03004868C72801D80026EAE70421D4
:10DF6000FEF7C2F80028F8D0FDF7A6FF6968204642
:10DF7000FFF79AFFDEE790F8286006BB4D68284659
:10DF8000FFF756FF00284BD02B78D3B90121217021
:10DF90002B796A79003B18BF0123002A14BF0422A1
:10DFA00002222272AA6843F004036F326260EA68B8
:10DFB00063720323226184F82A3084F829102046F2
:10DFC000B5E794F82A30052B04D040F293116A206B
:10DFD00000F0BEFA26702B796A79003B18BF012346
:10DFE000002A14BF042202222272EA6843F00403CA
:10DFF0006F3263726260D4E90632A9685B1842EB43
:10E00000E172C4E90432042384F82A30214604F181
:10E010003000FFF793F80028D1D140F29511D6E7F0
:10E02000012384F85930CAE7F8B5044620B940F214
:10E03000AD116A2000F08CFA90F85850052900F2D2
:10E04000CA80DFE801F003834668727C90F82A30CA
:10E05000033B012B02D94FF4DC71EAE7052380F87A
:10E060002A30002380F859300378EBB12378012B54
:10E0700027D1FFF7F7F894F8286063686362C4E972
:10E0800006010EBBFDF720FF31462046FFF70CFFCF
:10E09000236A31462846984701462046FFF740FF4D
:10E0A000022840F09B80F8BDFDF700FF06460F46B2
:10E0B000FFF7D8F81F3647F1000786428F41F3D3A8
:10E0C000D4E7D4E90401D6E72046BDE8F840FFF7DD
:10E0D000F3BE90F82A30DA1E012A02D940F2ED117F
:10E0E000A7E790F828202AB121462846BDE8F84045
:10E0F000FFF7CABE042B18BF012180F82A10036A5B
:10E100000521284698470028CDD00378002BCAD097
:10E110004FF400718DE790F82A30052B02D040F2C1
:10E12000062186E7036A0221B4E790F82A30052B1E
:10E1300002D04FF403717CE7036A0121AAE790F84B
:10E140002A30052BC0D040F2122172E790F82A3015
:10E15000052B07D090F829200AB1032B02D040F2FA
:10E16000172166E794F82820002ABDD194F8593089
:10E1700083B1022384F82A3084F85920236A0821C5
:10E180002846984700288ED00378002B8BD040F289
:10E1900023214EE794F8292062B184F829302146E2
:10E1A00004F13000FEF7CAFF00287FF47CAF4FF483
:10E1B0000A713EE7022384F82A300721236A2846A1
:10E1C000984700283FF46FAF0378002B3FF46BAF04
:10E1D00040F22F212DE74FF40D712AE70128236A21
:10E1E0000CBF0421032155E770B500F0EDF80024C1
:10E1F00005462646E0B2854200D870BD00F0EAF838
:10E200000134068580F82A60F4E7F8B504460D4627
:10E2100000F0DAF800270646F8B2864204D8082D46
:10E220000CD96FF0150008E000F0D4F890F82A300F
:10E230000137002BF0D04FF0FF30F8BD2CB129464C
:10E240002046BDE8F84000F0D1B821462046F8E766
:10E250002DE9F8438846074658B300F0B5F84FF06B
:10E26000000904465FFA89F6B44203D86FF00B0048
:10E27000BDE8F883304600F0ADF890F82A5009F177
:10E280000109002DEED1304600F0A4F80A490585B9
:10E29000044680F82A5080F8586002463030FEF775
:10E2A00047FF0123276284F82A30284688F8006057
:10E2B000DEE76FF01500DBE729E0030010B5044648
:10E2C00000F088F8014688B190F828308BB990F8B2
:10E2D0002A3073B1013B012B04D82046FFF7D4FD4F
:10E2E000002010BD012380F82830F9E76FF001000D
:10E2F000F7E76FF02200F4E770B50D4600F06AF81A
:10E30000044600284CD090F82A60731E012B4DD88B
:10E31000002D48D02846FFF78BFD002843D02B78EE
:10E320000BBB012323702B796A79003B18BF0123B3
:10E33000002A14BF042202222272AA686F3243F01C
:10E3400004036260EA6822616372032384F82A305E
:10E35000214604F13000FEF7F1FE50BB40F2C1212E
:10E360006A2000F0F5F8022E20D1002323702B79CB
:10E370006A79003B18BF0123002A18BF04262672C1
:10E38000EA6843F004036F3263726260D4E90632D4
:10E39000A9685B1842EBE172C4E904320423D5E7B3
:10E3A0006FF0010070BD6FF01500FBE76FF0220009
:10E3B000F8E70020F6E7D4D4024B00221A601A7165
:10E3C000704700BF80A70020014B1879704700BF3D
:10E3D00080A70020044B1A79824283BF1B68602209
:10E3E00002FB00300020704780A700200A4610F092
:10E3F000030110B50AD1074C2271206008B9002032
:10E4000010BD60235A4300F037FCF8E76FF00D00B1
:10E41000F6E700BF80A70020BFF34F8F0549064BEA
:10E42000CA6802F4E0621343CB60BFF34F8F00BFB2
:10E43000FDE700BF00ED00E00400FA05094B0122F2
:10E440005A604FF0FF32C3F80823074B4FF4804265
:10E45000C3F88020BFF34F8FBFF36F8FC3F88021C5
:10E46000704700BF00E0004000E100E0094B0122DE
:10E470005A604FF0FF32C3F80823074B4FF4805225
:10E48000C3F88020BFF34F8FBFF36F8FC3F8802195
:10E49000704700BF00C0004000E100E0084B0022D0
:10E4A000C3F8FC2F0122C3F8FC2F064B0222C3F84D
:10E4B0008020BFF34F8FBFF36F8FC3F88021704769
:10E4C0000010004000E100E038B5184C237863B339
:10E4D000FDF7E0FCEFF3108572B600236360FEF7F2
:10E4E00011FEFDF7ADFCFFF7D9FFFFF7BFFFFFF708
:10E4F000A5FF94F90830002B0DDB5A09012103F028
:10E500001F03994002F12003094A42F82310BFF388
:10E510004F8FBFF36F8FFFF74FFF064B064AC3F8CD
:10E52000082505B962B60023237038BD88A70020EE
:10E5300000E100E000F00140000008C008B572B63C
:10E54000024B5B6803B19847FFF766FF88A700207E
:10E550001FB572B6134B5D6895B9FFF75DFF234693
:10E56000B2FBF6F25C1C002AF9D104AEDCB256FA1A
:10E5700083F303F80C2C0A2234B901A8A847ECE76E
:10E58000024600230A26EDE7631E04AEDCB256FA0B
:10E5900083F3B0FBF2F602FB1600303003F80C0CEC
:10E5A0003046E9E788A70020F8B51F4E33780546C6
:10E5B0000C461746A3BB00F001FAFDF723F877607D
:10E5C0003472FFF76BFFFFF751FFFFF737FF174B71
:10E5D000002D14BF28461846FDF7FAFB0546E8B99A
:10E5E000FEF788FDFDF7E6FBFFF7FEFDFDF740FCBB
:10E5F00018B9B8211120FFF7ABFF002C0CDB04F099
:10E600001F026409A40004F1604404F5614401237D
:10E610009340C4F880312360012333702846F8BD4D
:10E620004FF0FF35FAE700BF88A700209E60040086
:10E63000074B93F90830002B09DB5A09012103F03D
:10E640001F03994002F14003024A42F82310704729
:10E6500088A7002000E100E0014B1878704700BF58
:10E6600088A70020F8B5037904461BB11B219D2023
:10E67000FFF76EFF4679017126B9012343712179B5
:10E6800009B96171F8BD276826712046B84702288C
:10E690000546F4D103212046B84708B12F21E6E70B
:10E6A00023682946204698470028E8D03021DEE735
:10E6B0000346006800B970478842F9D102681A60C1
:10E6C0007047D4D4F0B5284D284C294F83B02E780C
:10E6D0000136F6B2D5E84F3F0133DBB2C5E8423F21
:10E6E000002AF7D101236360C4F80021C4F8042193
:10E6F000EFF3108272B6C4F80405236052B962B613
:10E7000008E0D4F804314BB92B789E4206D13B691E
:10E71000DB0613D4D4F80031002BF2D0D4F8043146
:10E72000002BD4D12A78B242D1D10322C4F80031CF
:10E73000C4F80431C4F8082303B0F0BD0D4B032125
:10E740004FF48042C4F80413C3F88021D4F8003198
:10E75000002BDFD1D4F80431002BDBD1019000F085
:10E7600081F90198D6E700BF91A7002000E00040A2
:10E7700000ED00E000E100E070B51446DA078CB06F
:10E780001D4686468C4633D5C36842681BBA009343
:10E79000CB681BBA049383681BBA019303681BBA46
:10E7A00003938B6812BA1BBA029205934A680B68EE
:10E7B00012BA1BBA6E46069207933046FFF782FFE5
:10E7C000AB070DD5DDE90A10DDE9083200BA09BA58
:10E7D00012BA1BBA20606160A260E3600CB070BD29
:10E7E00008AD0FCD20606160A260E3600CB070BD29
:10E7F000DEF80410DEF80820DEF80C300068EE4683
:10E80000AEE80F00DCF80000DCF80410DCF80820AB
:10E81000DCF80C306E46AEE80F00CEE710B50024F1
:10E8200082B0CDE90044FFF7A7FF02B010BD00BFE2
:10E830001A4B4FF4805270B5C3F88020BFF34F8F4E
:10E84000BFF36F8F164C174D0021C4F80011C3F8A9
:10E8500080212E692B6943F010032B610123C4F83A
:10E86000043306F010062360D4F800319BB11EB9C2
:10E870002B6923F010032B610123D4F80805636092
:10E88000C4F808330023C4F80031044B4FF480521D
:10E89000C3F8802170BD00F0E5F8E5E700E100E095
:10E8A00000C0004000ED00E00346002018707047F3
:10E8B000EFF3108272B603780121DBB2017002B966
:10E8C00062B6012B0CBF6FF0220000207047EFF3FF
:10E8D000108372B60022027003B962B6002070473E
:10E8E0000B4938B5042301EBC302157905F0FF0489
:10E8F0002DB1013BF7D240216920FFF729FE41F8F5
:10E9000033000121547194711171D8B238BD00BF28
:10E9100094A70020042808B503D947216920FFF7F0
:10E9200017FE034B03EBC00300221A7108BD00BFA2
:10E9300094A70020042808B503D950216920FFF7C7
:10E9400007FE094B03EBC0000379012B01D05121D5
:10E95000F4E7437982790133DBB29A4218BF4371FD
:10E96000BDE80840FFF764BE94A7002038B5114DFC
:10E97000052495F8281005EBC1031A79012A09D15D
:10E9800058799A79904205D05A79D2B29A7155F84D
:10E990003130984795F828300133DBB2052B04F16C
:10E9A000FF3428BF002314F0FF0485F82830E0D19D
:10E9B00038BD00BF94A70020FFF7D8BF4FF08052AA
:10E9C000034BD2F830111960D2F834215A607047E5
:10E9D000C0A70020084B1B68083B082B0AD840F250
:10E9E000211222FA03F313F0010F044B044818BF5D
:10E9F0001846704702487047C0A7002000E7014052
:10EA00000C050040144B1B68062B03D0013301D0CA
:10EA100020BF7047EFF3108072B6104A1369116976
:10EA200041F0100111610E49D1F80021D1F8041113
:10EA30000A4303F0100300D040BF20BF00BF00BF57
:10EA400000BF00BF23B9054A136923F01003136107
:10EA500000B962B6704700BFC0A7002000ED00E01B
:10EA600000E100E0FFF7CEBFFFF7CCBF914270B5E9
:10EA70003FD2B2FA82F33BB1C3F1200420FA04F48E
:10EA80009940214398409A40150CB1FBF5FC05FBD9
:10EA90001C1E4FEA0E4E030C84B20EEB10401FFA00
:10EAA00082FE0CFB0EF6864206D9361A964294BFB9
:10EAB00001260226ACEB060C03EB01430CFB1233E0
:10EAC000B3FBF5F005FB103304EB034400FB0EFE33
:10EAD000A6454FEA0C4C09D9AEEB040E964594BFFF
:10EAE0004FF0010E4FF0020EA0EB0E0040EA0C00BA
:10EAF00070BD73219620FFF72BFD00BF70B51D463A
:10EB000004461646FFF7B2FF049B286000FB16443C
:10EB10001C6070BD2DE9F8431C4652EA040349D03D
:10EB2000074615460E4684B9914204D2FFF79EFF70
:10EB30002146BDE8F88321463046FFF797FF04469B
:10EB40002A46384604FB1561F0E74FF00108B4FA95
:10EB500084F908FA09F3A3FB021220FA08F003FB78
:10EB6000042240EAC67026FA08F1FFF77FFFC9F1D8
:10EB70001F0230FA02F34FF0000C08D1404619464C
:10EB8000AF42A6413CBF18466146BDE8F8835A1E15
:10EB900061466CEB0C0C05FB0CFE02FB04EE184608
:10EBA0001346A5FB0228BA1A0EEB080766EB070608
:10EBB0001746E5E7A6219620FFF7CAFC8AB1013A7D
:10EBC00016D010B500EB020C01E060450BD08E466C
:10EBD000044611F8012B10F8013B9342F5D0981A26
:10EBE00010BD1046704763789EF80120981A10BD3A
:10EBF00003780A78981A7047431A934228D382B34D
:10EC000070B5541E052C2DD95C1E022C84460B4673
:10EC100028D922F0030596084C1953F804EB4CF858
:10EC200004EBA342F9D1AA4200EB050CA2EB0504C8
:10EC30000DD011F8262000F82620012C07D05A7894
:10EC40008CF80120022C02D09B788CF8023070BD29
:10EC50008B18024413F801CD02F801CD9942F9D185
:10EC60007047704701390244034611F8014F03F819
:10EC7000014B9342F9D170BD10F0030FC9B20346A6
:10EC800007D0BAB303F8011B13F0030F02F1FF32F0
:10EC9000F7D170B5032A01EB012404EB04441ED91B
:10ECA000161FB508032E05F1010521D94FEA550EAF
:10ECB00003EBCE0E9C46CCE900440CF1080CF44565
:10ECC000F9D115F0010F04D025F0010503EB8505FE
:10ECD0002C6026F003060433334402F0030232B101
:10ECE000012A197003D0022A597018BF997070BD9B
:10ECF0001D46EDE7704700BF10F0030FC9B2034691
:10ED000007D0CAB303F8011B13F0030F02F1FF325F
:10ED1000F7D170B5032A01EB012404EB044420D998
:10ED2000161FB508032E05F1010523D94FEA550E2C
:10ED300003EBCE0E9C46CCE900440CF1080CE645F2
:10ED4000F9D115F0010F06D025F00105C5EB857549
:10ED5000A3EB85052C6026F00306043302F00302C2
:10ED6000334432B1012A197003D0022A597018BFF6
:10ED7000997070BD1D46EDE7704700BF844641EABB
:10ED8000000313F003037DD1403A51D3F0B4F0C92E
:10ED9000F0C0F0C9F0C0F0C9F0C0F0C9F0C0403A0E
:10EDA000F5D2F0BC44E0403A42D300BF51F8043BF6
:10EDB00040F8043B51F8043B40F8043B51F8043B55
:10EDC00040F8043B51F8043B40F8043B51F8043B45
:10EDD00040F8043B51F8043B40F8043B51F8043B35
:10EDE00040F8043B51F8043B40F8043B51F8043B25
:10EDF00040F8043B51F8043B40F8043B51F8043B15
:10EE000040F8043B51F8043B40F8043B51F8043B04
:10EE100040F8043B51F8043B40F8043B51F8043BF4
:10EE200040F8043B51F8043B40F8043B403ABDD263
:10EE3000303211D351F8043B40F8043B51F8043B05
:10EE400040F8043B51F8043B40F8043B51F8043BC4
:10EE500040F8043B103AEDD20C3205D351F8043B94
:10EE600040F8043B043AF9D2043208D0D2071CBF60
:10EE700011F8013B00F8013B01D30B880380604689
:10EE8000704700BF082A14D38B078CD010F00303FF
:10EE900089D0C3F10403D21ADB071CBF11F8013B70
:10EEA00000F8013BFFF47FAF31F8023B20F8023B52
:10EEB00079E7043AD8D3013A11F8013B00F8013B55
:10EEC000F9D20B7803704B7843708B78837060466F
:10EED000704700BF014B1B681B681847C821002002
:10EEE000014B1B685B681847C8210020014B1B6859
:10EEF0009B681847C8210020014B1B681B691847F5
:10EF0000C8210020034B1868034BC01A18BF01200A
:10EF1000704700BFC82100203CEF030000280CBF51
:10EF20006FF0150000207047002070470723037022
:10EF30000020704700207047002070471DEF03003D
:10EF400029EF03002DEF030035EF030039EF030035
:10EF5000014B1B681B681847D0210020014B1B6820
:10EF60005B681847D0210020014B1B689B6818473D
:10EF7000D0210020014B1B681B691847D0210020BD
:10EF8000014B1B685B691847D0210020014B1B68AF
:10EF90009B691847D0210020014B1B68DB6918478B
:10EFA000D0210020014B1B689B6A1847D02100200C
:10EFB00030B4044C9DF8085024680295E468A446D7
:10EFC00030BC6047D0210020014B1878704700BF4B
:10EFD0003CA80020801A00F3070038B540B20D4667
:10EFE00059B21446FCF7FEFA002328706B702044D7
:10EFF00040B238BD10B500220C49134640FA02F465
:10F00000E40744BFCA545C1C02F1010248BFE3B2EA
:10F01000042AF3D1054AFF24D118032B01D910711A
:10F0200010BD013301F8014BDBB2F6E748A8002020
:10F030000023036070477047002070474FF0FF3097
:10F0400070474FF0FF30704770474FF0FF30704708
:10F0500000207047002070470023037070479DF820
:10F0600000300022FFF7B6BF4FF0FF30704700209E
:10F0700070474FF0FF3070474FF0FF3070477047D8
:10F0800031F0030037F0030039F003005FF00300B4
:10F090003DF0030069F0030043F0030073F0030048
:10F0A00049F003007FF0030055F0030059F003001E
:10F0B0004BF0030051F003006FF0030079F0030000
:10F0C000002A04BF00207047F0B503AF2DE9000B04
:10F0D000A2F1010CC2F1000E00240B5D055D9D4202
:10F0E00024D1A4451ED001EB040800EB040998F8D4
:10F0F000013099F801509D4218D10EEB0406B31C63
:10F1000010D098F8023099F802509D420ED1F31CAD
:10F1100008D098F8033099F803509D4206D1043482
:10F12000A242DAD10020BDE8000BF0BDE81ABDE82C
:10F13000000BF0BD80B56F460146007860B100203D
:10F140000A18537853B1937853B1D37853B11279E5
:10F150000430002AF4D180BD002080BD013080BD84
:10F16000023080BD033080BD042A09D3D0B502AF80
:10F17000A2F1040E6FEA0E0313F00C0F06D123E088
:10F180000B4684466046194600F03CB80B46844660
:10F1900053F8044B1EF00C0F4CF8044B09D04B688D
:10F1A00043600EF00C03042B07D1083A08310830F5
:10F1B00008E072466046194606E08B680C3A8360A8
:10F1C0000C310C3084460B46BEF10C0F14D3844630
:10F1D0000B461868103ACCF80000032A5868CCF89F
:10F1E00004009868CCF80800D86803F11003CCF844
:10F1F0000C000CF1100CECD8BDE8D040604619466C
:10F2000000F000B8F0B503AF2DE9000F8CB0102A64
:10F210001ED3434203F0030800EB0803984233D2A5
:10F22000A8F1010C06460C46B8F1000F1AD00C46A6
:10F23000064614F801EBB8F1010F06F801EB11D006
:10F240004E78B8F1020F467008D18C1C861C09E07C
:10F2500084460CEB02039C4540D36CE08E78CC1CBA
:10F260008670C61CBCF1030F0ED3043C043E14F898
:10F27000045F06F8045F65787570A578B570E57869
:10F28000F570351D9D42F2D1A2EB080E01EB08048A
:10F290002EF0030214F0030603EB020C59D1634570
:10F2A00015D221460D6843F8045B63450FD24D68C3
:10F2B00043F8045B63453EBF8D6843F8045B6345D8
:10F2C00005D2CD68103143F8045B6345EAD3A11839
:10F2D0000EF003020CEB02039C452CD2A2F1010EAE
:10F2E00012F0030413D00A46654612F8016B012C94
:10F2F00005F8016B0DD04A78022C8CF801201ED144
:10F300008A1C0CF10205BEF1030F05D213E065461D
:10F310000A46BEF1030F0ED3111F2A1F11F8046F06
:10F3200002F8046F4E7856708E789670CE78D6704C
:10F33000161D9E42F2D10CB0BDE8000FF0BD8A78D8
:10F340000CF103058CF80220CA1CBEF1030FE3D2B6
:10F35000F1E74FF00009C6F1040A0BADCDF82C908F
:10F3600005EB060B5FEACA751EBF25788BF80050C7
:10F370004FF00109A51B0795F50001955FEA8A7515
:10F3800044BF34F809502BF80950DDF804B01D1DB6
:10F39000DDF82CA06545CBF1000500956DD27342D8
:10F3A00001EB030905F0180105460791CDF810900F
:10F3B000C144079B2AFA0BFAD9F80410089101FA04
:10F3C00003F305EB080143EA0A038A464AF8083BBF
:10F3D000E2453DD2089B0395CDF8189023FA0BF532
:10F3E000D9F80890079B059109FA03F32B434B606A
:10F3F00001F10C03634533D2069DED68089529FAA7
:10F400000BF50295DDE9075101FA05F90599029D11
:10F41000103145EA09056145CAF8005028D206991D
:10F42000079DDDF81090D1F810A0089909F1100996
:10F430000AFA05F521FA0BF12943039D19601035ED
:10F4400005EB0803191D6145B0D309EB080113E072
:10F450000B4609F1040107910433DDF820A00CE00C
:10F460000699CA4608310791059901F1080304E09D
:10F470000699DDF820A00C3107910025012E8DF8AA
:10F48000285007F8265C05D10DF128094FF0000837
:10F49000002609E00799A7F1260902260D79497986
:10F4A0008DF828504FEA0128E10701D1002109E039
:10F4B00007990431895D89F8001017F8261C9DF81A
:10F4C0002850090441EA0801019E2943009D05F0E6
:10F4D00018052AFA06F6A94031431960F7E6F0B597
:10F4E00003AF2DE9000F8FB0431A93422BD201EBEB
:10F4F000020900EB020C102A4AD30CF0030A2CF08C
:10F50000030ECAF1000BE64563D2AAF10105BAF178
:10F51000000F49D0C846634618F8016DBAF1010FD3
:10F5200003F8016D42D0C846634618F8026DBAF17F
:10F53000020F03F8026D1FBFC84618F8036D63463B
:10F5400003F8036D32E0102A27D3434203F0030887
:10F5500000EB0803984280F0C480A8F1010C064635
:10F560000D46B8F1000F00F0AA800D46064615F8CA
:10F5700001EBB8F1010F06F801EB00F0A0804E7826
:10F58000B8F1020F467040F096808D1C861C96E004
:10F590006346991A99425CD3FAE084460CEB020365
:10F5A0009C45C0F0C880F3E06346C846032D10D3E5
:10F5B000A8F10406F57803F8015CB57803F8025C5D
:10F5C000757803F8035C16F8045903F8045D9E454A
:10F5D000F0D3A2EB0A0A09EB0B082AF0030618F095
:10F5E0000305AEEB0603C6F10004089440F0DE808C
:10F5F000734525D2A9F11001ABF1040901EB0B060B
:10F600000CEB0B05F26845F8042C0CEB0902934255
:10F6100016D2B46845F8084C141FA3423FBF766861
:10F6200045F80C6C083A93420AD251F80B20ACF121
:10F63000100C103945F8102C0CEB0B029342DDD363
:10F6400008990AF0030208EB0109991A994280F01F
:10F650009F80A2F1010C12F0030413D04D461A460C
:10F6600015F8016D012C02F8016D0DD04D461A46BA
:10F6700015F8026D022C02F8026D05D019F8032D61
:10F6800003F8032D4D461A46BCF1030FC0F08080ED
:10F69000AB1E5E7802F8016C1E7802F8026C13F85B
:10F6A000016C02F8036C13F8026C043B02F8046D61
:10F6B0009142EED36CE08E78CD1C8670C61CBCF1F6
:10F6C000030F0ED3043D043E15F8044F06F8044F13
:10F6D0006C787470AC78B470EC78F470341D9C4223
:10F6E000F2D1A2EB080201EB080522F0030615F0A7
:10F6F000030903EB060C6BD1634515D229460C6850
:10F7000043F8044B63450FD24C6843F8044B634500
:10F710003EBF8C6843F8044B634505D2CC6810317A
:10F7200043F8044B6345EAD3A91902F003020CEB3A
:10F7300002039C452CD2A2F1010E12F0030413D057
:10F740000A46654612F8016B012C05F8016B0DD0D5
:10F750004A78022C8CF801201ED18A1C0CF102057B
:10F76000BEF1030F05D213E065460A46BEF1030F52
:10F770000ED3111F2A1F11F8046F02F8046F4E7880
:10F7800056708E789670CE78D670161D9E42F2D145
:10F790000FB0BDE8000FF0BD8A780CF103058CF8BE
:10F7A0000220CA1CBEF1030FE3D2F1E7A8EB050467
:10F7B00000260794EC00012D8DF8346007F8266CC4
:10F7C000059440F08C800DAC04940024069499E0DC
:10F7D0004FF0000BC9F1040A0BACCDF82CB004EBD0
:10F7E000090E5FEACA741EBF2C788EF800404FF0F5
:10F7F000010BA5EB090407944FEAC90401945FEAE1
:10F800008A7444BF35F80B402EF80B400B9CDDF892
:10F8100004A008941C1D6445CAF1000400946AD237
:10F82000C9F10003DDF820B001EB030E04F018016C
:10F8300004460791CDF810E0C644079B2BFA0AFB5B
:10F84000DEF804100891039401FA03F304EB0801B5
:10F8500043EA0B038B464BF8083BE34580F0CF802F
:10F86000089BCDF818E0DEF808E023FA0AF4079BBD
:10F8700005910EFA03F323434B6001F10C0363453A
:10F8800080F0CC80069CE46808942EFA0AF4029476
:10F89000DDE9074101FA04FE0599029C103144EAB2
:10F8A0000E046145CBF8004080F0C8800699079CA3
:10F8B000DDF810E0D1F810B008990EF1100E0BFA37
:10F8C00004F421FA0AF12143039C1960103404EB7B
:10F8D0000803191D6145ADD30EEB0801B2E0079E88
:10F8E00096F8009074785FEAC87606948DF83490A4
:10F8F00004D1002611E0DDF820B0A4E0A7F126062F
:10F9000004960226DDF81C90049C19F80660267007
:10F9100017F8266C9DF834903604069C46EA0426B7
:10F9200046EA09041E1D7645059EC6F1000962D20D
:10F93000521B1144ABF10402CDE9012909F0180270
:10F94000079222460491594406910CEB0B0951F899
:10F95000044C0799DDF814E002FA01F124FA0EF2E2
:10F96000114349F8041CABF104010CEB0102191D11
:10F97000914271464BD2069E56F808EC079ECDF890
:10F980000CE02EFA01FEB4404EEA0401A2F1040E8E
:10F990001E1D764549F8081C48D20699039E51F869
:10F9A0000C4C079906FA01FE059924FA01F141EA87
:10F9B0000E01A2F1080E49F80C1C191D71457BD2ED
:10F9C0000699ACF1100C059A51F810EC07992EFA33
:10F9D00002F204FA01F11C1D114349F8101C0499AC
:10F9E00072460CEB0B0E10397445ABD3DDF814C026
:10F9F0005944934666E0DDF814C0A34665E00B4623
:10FA00000EF1040107910433DDF820B01BE08C46B1
:10FA10000499019EA3469646314453E00699F34665
:10FA200008310791059901F108030CE0DDE9041C98
:10FA3000019ADDF80CB00A44111F43E00699DDF885
:10FA400020B00C3107910024B9F1010F8DF8284046
:10FA500007F8324C06D10DF128094FF000084FF09D
:10FA6000000E0AE00799A7F132094FF0020E0C7957
:10FA700049798DF828404FEA0128E90702D14FF073
:10FA8000000E0BE00799043111F80E1089F80010F0
:10FA900017F8321C9DF828404FEA014E01992BFAC5
:10FAA00001F948EA0E012143009C04F01804A1402A
:10FAB00041EA0901196037E6DDE9041CA346019A11
:10FAC000114408390791DDF808900EA900264A195B
:10FAD00007990E9629440C1FC5F10401CD071EBFDE
:10FAE000267816700126890744BFA15B91530E99B1
:10FAF00009F018020BFA02F221FA0CF111434EF848
:10FB0000041C9DE5B0B502AF10293FD3424202F07C
:10FB100003054219904220D2A5F1010C8DB10023BA
:10FB200086460EF8013B012D07D04370022D1ABF07
:10FB3000837000F1030E00F1020EBCF1030F04D23A
:10FB40000BE08646BCF1030F07D3AEF1040000239F
:10FB500040F8043F041D9442FAD1491B21F00300F0
:10FB60001044824210D2002342F8043B82420BD25E
:10FB700042F8043B82423CBF42F8043B824203D23B
:10FB800042F8043B8242EFD301F003014218904255
:10FB90001FD24B1E11F003040CD04FF0000C014695
:10FBA00001F801CB012C0AD0022C80F801C003D14E
:10FBB000811C04E0014602E000218170C11C032B7E
:10FBC00038BFB0BD081F002140F8041F031D934239
:10FBD000FAD1B0BD80B56F46BDE88040FFF77FBC6D
:10FBE00080B56F4693060BD44AB102F01F03524210
:10FBF00002F01F02D84001FA02F21043D94080BD42
:10FC000002F01F0021FA00F0002180BD042A09D370
:10FC1000D0B502AFA2F1040E6FEA0E0313F00C0F81
:10FC200006D123E00B46844660461946FFF7EABA40
:10FC30000B46844653F8044B1EF00C0F4CF8044B53
:10FC400009D04B6843600EF00C03042B07D1083A2F
:10FC50000831083008E072466046194606E08B68B5
:10FC60000C3A83600C310C3084460B46BEF10C0F0D
:10FC700014D384460B461868103ACCF80000032AC7
:10FC80005868CCF804009868CCF80800D86803F1EC
:10FC90001003CCF80C000CF1100CECD8BDE8D040EF
:10FCA00060461946FFF7AEBA80B56F4604290DD3FA
:10FCB0005FFA82FC4FF001330CFB03FCA1F1040E50
:10FCC0006FEA0E0313F00C0F02D118E0034622E096
:10FCD00003461EF00C0F43F804CB08D00EF00C03C3
:10FCE000C0F804C0042B05D10839083006E071467D
:10FCF000184604E0C0F808C00C390C300346BEF1C9
:10FD00000C0F08D303461039C3E900CCC3E902CC79
:10FD100010330329F7D85818834220D2A1F1010CDF
:10FD200011F0030E0DD01946BEF1010F01F8012BA1
:10FD300008D05A70BEF1020F1ABF9A70D91C991CD4
:10FD400000E01946BCF1030F38BF80BD043901F84B
:10FD5000042F0B1D8342CA708A704A70F7D180BD90
:10FD600080B56F46BDE88040FFF74CBA80B56F465E
:10FD7000042905D30B1FDA4312F00C0F02D11AE04D
:10FD8000024624E04FF0000C024642F804CB13F088
:10FD90000C0F08D003F00C02C0F804C0042A05D1EF
:10FDA0000839083006E01946104604E000220C39F4
:10FDB00082600C3002460C2B09D300230246103916
:10FDC000C2E90033C2E9023310320329F7D85018D0
:10FDD000824221D2A1F1010C11F003030CD04FF0AB
:10FDE000000E114601F801EB012B0AD0022B82F81C
:10FDF00001E003D1911C04E0114602E00021917062
:10FE0000D11CBCF1030F38BF80BD0439002241F87A
:10FE1000042F0B1D8342FAD180BD80B56F46BDE82B
:10FE20008040FFF75CBB80B56F4693060BD44AB1A8
:10FE300002F01F03524202F01F02994020FA02F220
:10FE40001143984080BD02F01F0100FA01F100202B
:10FE500080BD80B56F46BDE88040FFF7D3B980B55F
:10FE60006F46BDE88040FFF73ABB80B56F46042976
:10FE700005D30B1FDA4312F00C0F02D11AE0024631
:10FE800024E04FF0000C024642F804CB13F00C0FB4
:10FE900008D003F00C02C0F804C0042A05D10839C8
:10FEA000083006E01946104604E000220C39826052
:10FEB0000C3002460C2B09D3002302461039C2E94C
:10FEC0000033C2E9023310320329F7D850188242B6
:10FED00021D2A1F1010C11F003030CD04FF0000E60
:10FEE000114601F801EB012B0AD0022B82F801E048
:10FEF00003D1911C04E0114602E000219170D11C55
:10FF0000BCF1030F38BF80BD0439002241F8042F33
:10FF10000B1D8342FAD180BD10B584B002AC0094B1
:10FF200000F004F8029A039B04B010BD80B56F4640
:10FF300086B0844602A8CDE9002362460B4600F055
:10FF40000DF8D7F808C0DDE90201BCF1000F1CBFB5
:10FF5000DDE90432CCE9003206B080BDF0B503AF74
:10FF60002DE9000BD7E902E8BEF1000F72D0B8F11D
:10FF7000000F6FD1002B00F0FC80734580F00781EB
:10FF8000B3FA83F1BEFA8EF6711A01F1200608BFAA
:10FF90001F26C6F1200508FA06F10EFA06F82EFA19
:10FFA00005F52943B6F1200506F01F0658BF0EFAE5
:10FFB00005F14FF0010505FA06FC4FF0000558BFAA
:10FFC0004FF0000808E0224633464FEA181444EA8E
:10FFD00001784FEA1C1C0909B2EB080463EB010627
:10FFE000002E03D445EA0C0502D12DE014461E462E
:10FFF0005FEA51034FEA3802A21A66EB0303002BB3
:020000024000BC
:1000000004D445EA5C05144602D11DE0224633467D
:100010004FEA980444EA8174141B63EB9106002EA6
:1000200003D445EA9C0502D10EE014461E464FEA71
:10003000D80242EA4172A21A66EBD103002BC2D465
:1000400045EADC051446C0D1B4FBFEF101FB1E46B7
:10005000294392E00021002B00F08080B2EB0E06D5
:1000600073EB08067AD3B3FA83F1B8FA88F6711AFB
:1000700001F03F0601F01F01C6F1200408FA06F561
:100080000EFA06FC2EFA04F42C43B6F1200558BFF4
:100090000EFA05F44FF0010505FA01F94FF00001E1
:1000A00058BF4FF0000C08E032462B464FEA1C16B2
:1000B00046EA047C4FEA19192409B2EB0C0673EBEB
:1000C000040507D441EA0901B6EB0E0275EB0802FC
:1000D00002D23AE016461D465FEA54034FEA3C025C
:1000E000B21A75EB030309D4B2EB0E0541EA5901CC
:1000F00073EB080516461D4602D226E032462B4613
:100100004FEA9C0545EA8475561B63EB9405002D68
:1001100007D441EA9901B6EB0E0275EB080202D250
:1001200013E016461D464FEADC0242EA4472B21A58
:1001300065EBD403002BB7D4B2EB0E0541EAD9012D
:1001400073EB080516461D46B0D24FF0000CC0E90F
:10015000001CC0E90265BDE8000BF0BD4FF0000CCB
:1001600016461D46C0E9001CC0E90265BDE8000B4B
:10017000F0BDB2FBFEF101FB1E264FF0000C002586
:10018000C0E9001CC0E90265BDE8000BF0BD0DD15F
:10019000B2FBF3F1002501FB13264FF0010CC0E97F
:1001A000001CC0E90265BDE8000BF0BDB3FBFEFC1E
:1001B000BEF5803F0CFB1E351AD22904002541EA0A
:1001C0001241B1FBFEF303FB0EF14CEA134CC1EB01
:1001D0001241C2EA0141B1FBFEF202FB1E1642EAE5
:1001E0000341C0E9001CC0E90265BDE8000BF0BD99
:1001F000B2EB0E0175EB080108D200211646C0E9EA
:10020000001CC0E90265BDE8000BF0BD4FEAC871F3
:1002100041EA5E034FEACE794FF00048002108E042
:10022000224635464FEA191444EA03794FEA181872
:100230001B09B2EB090465EB0306002E03D441EA67
:10024000080102D12DE014462E465FEA53054FEA1D
:100250003902A21A66EB0505002D04D441EA5801C3
:10026000144602D11DE0224635464FEA990444EA7D
:100270008374141B65EB9306002E03D441EA9801A6
:1002800002D10EE014462E464FEAD90242EA4372EA
:10029000A21A66EBD305002DC2D441EAD801144658
:1002A000C0D1B4FBFEF2002502FB1E461143C0E99B
:1002B000001CC0E90265BDE8000BF0BD80B56F46CB
:0402C000FEE7D4D4AD
:1002C8002F686F6D652F6A6F6F6C732F2E63617265
:1002D800676F2F72656769737472792F7372632FF2
:1002E800696E6465782E6372617465732E696F2D0B
:1002F8003139343963663863366235623535376685
:100308002F62742D6863692D302E31302E312F7392
:1003180072632F6C69622E727300C0023A20C000AB
:100328002F686F6D652F6A6F6F6C732F2E63617204
:10033800676F2F72656769737472792F7372632F91
:10034800696E6465782E6372617465732E696F2DAA
:100358003139343963663863366235623535376624
:100368002F656D62617373792D7573622D302E362A
:100378002E302F7372632F64657363726970746FA4
:10038800725F7265616465722E7273002F686F6D9B
:10039800652F6A6F6F6C732F2E636172676F2F7290
:1003A800656769737472792F7372632F696E6465F8
:1003B800782E6372617465732E696F2D3139343903
:1003C8006366386336623562353537662F73657113
:1003D80075656E7469616C2D73746F726167652DD4
:1003E800382E302E312F7372632F6C69622E727320
:1003F8000010617373657274696F6E20606C656656
:100408007420C01020726967687460206661696C26
:1004180065643A20C0090A20206C6566743A20C0D9
:10042800090A2072696768743A20C0002F686F6DE6
:10043800652F6A6F6F6C732F2E636172676F2F72EF
:10044800656769737472792F7372632F696E646557
:10045800782E6372617465732E696F2D3139343962
:100468006366386336623562353537662F6465668C
:100478006D742D312E312E312F7372632F6C69629A
:100488002E7273002F686F6D652F6A6F6F6C732FF4
:100498002E636172676F2F72656769737472792F43
:1004A8007372632F696E6465782E63726174657305
:1004B8002E696F2D31393439636638633662356297
:1004C800353537662F656D62617373792D6E726687
:1004D8002D302E31312E302F7372632F6770696F74
:1004E80074652E7273002F686F6D652F6A6F6F6C5D
:1004F800732F2E636172676F2F72656769737472E9
:10050800792F7372632F696E6465782E63726174D4
:1005180065732E696F2D31393439636638633662F5
:100528003562353537662F656D62617373792D7560
:1005380073622D302E362E302F7372632F6C6962E2
:100548002E7273002F686F6D652F6A6F6F6C732F33
:100558002E636172676F2F72656769737472792F82
:100568007372632F696E6465782E63726174657344
:100578002E696F2D313934396366386336623562D6
:10058800353537662F74726F75626C652D686F73B9
:10059800742D302E382E302F7372632F637572735B
:1005A8006F722E7273002F686F6D652F6A6F6F6C94
:1005B800732F2E636172676F2F7265676973747228
:1005C800792F7372632F696E6465782E6372617414
:1005D80065732E696F2D3139343963663863366235
:1005E8003562353537662F656D62617373792D6EA7
:1005F80072662D302E31312E302F7372632F74694D
:100608006D655F6472697665722E7273002F686F0C
:100618006D652F6A6F6F6C732F2E636172676F2F12
:1006280072656769737472792F7372632F696E6468
:1006380065782E6372617465732E696F2D31393454
:10064800396366386336623562353537662F6865D3
:1006580061706C6573732D302E392E332F7372636E
:100668002F7665632F6D6F642E727300726D6B2D1C
:10067800757073747265616D2F726D6B2F73726311
:100688002F646F6E676C652F6D6F642E7273002F09
:10069800686F6D652F6A6F6F6C732F2E6361726759
:1006A8006F2F72656769737472792F7372632F691C
:1006B8006E6465782E6372617465732E696F2D316F
:1006C8003934396366386336623562353537662FB3
:1006D80074726F75626C652D686F73742D302E3867
:1006E8002E302F7372632F74797065732F7072694F
:1006F8006D6974697665732E7273002F686F6D6506
:100708002F6A6F6F6C732F2E636172676F2F72651C
:100718006769737472792F7372632F696E64657871
:100728002E6372617465732E696F2D3139343963A4
:1007380066386336623562353537662F74726F7581
:10074800626C652D686F73742D302E382E302F73C0
:1007580072632F73656375726974795F6D616E6119
:100768006765722F70616972696E672F7574696C3D
:100778002E7273002F686F6D652F6A6F6F6C732F01
:100788002E636172676F2F72656769737472792F50
:100798007372632F696E6465782E63726174657312
:1007A8002E696F2D313934396366386336623562A4
:1007B800353537662F74726F75626C652D686F7387
:1007C800742D302E382E302F7372632F636F6D6D3A
:1007D800616E642E727300726D6B2D757073747216
:1007E80065616D2F726D6B2F7372632F6368616E15
:1007F8006E656C2E7273002F686F6D652F6A6F6F50
:100808006C732F2E636172676F2F726567697374DB
:1008180072792F7372632F696E6465782E637261C3
:100828007465732E696F2D313934396366386336D0
:10083800623562353537662F64626C2D302E332E63
:10084800322F7372632F6C69622E7273002F686F78
:100858006D652F6A6F6F6C732F2E636172676F2FD0
:1008680072656769737472792F7372632F696E6426
:1008780065782E6372617465732E696F2D31393412
:10088800396366386336623562353537662F656D8C
:1008980062617373792D7573622D302E362E302F69
:1008A8007372632F6275696C6465722E7273002FA0
:1008B80072757374632F3539383037363136653190
:1008C800666132353430373234626662616331349E
:1008D80064373937366437653461333836302F6CCE
:1008E8006962726172792F636F72652F7372632FF9
:1008F800736C6963652F697465722E7273002F6853
:100908006F6D652F6A6F6F6C732F2E636172676FDF
:100918002F72656769737472792F7372632F696EAA
:100928006465782E6372617465732E696F2D313931
:1009380034396366386336623562353537662F7306
:10094800657175656E7469616C2D73746F7261671A
:10095800652D382E302E312F7372632F63616368D3
:10096800652F6B65795F706F696E746572732E722F
:1009780073002F686F6D652F6A6F6F6C732F2E630E
:100988006172676F2F72656769737472792F7372FA
:10099800632F696E6465782E6372617465732E695E
:1009A8006F2D3139343963663863366235623535CF
:1009B80037662F656D6265646465642D696F2D30D7
:1009C8002E372E312F7372632F696D706C732F73EE
:1009D8006C6963655F6D75742E727300002F686FA4
:1009E8006D652F6A6F6F6C732F2E636172676F2F3F
:1009F80072656769737472792F7372632F696E6495
:100A080065782E6372617465732E696F2D31393480
:100A1800396366386336623562353537662F7472E6
:100A28006F75626C652D686F73742D302E382E309B
:100A38002F7372632F676174742E7273000F417481
:100A4800207061676520696E6465783A20C0002F60
:100A5800686F6D652F6A6F6F6C732F2E6361726795
:100A68006F2F72656769737472792F7372632F6958
:100A78006E6465782E6372617465732E696F2D31AB
:100A88003934396366386336623562353537662FEF
:100A9800656D62617373792D73796E632D302E38AD
:100AA8002E302F7372632F6D757465782E727300F4
:100AB8002F686F6D652F6A6F6F6C732F2E6361726D
:100AC800676F2F72656769737472792F7372632FFA
:100AD800696E6465782E6372617465732E696F2D13
:100AE800313934396366386336623562353537668D
:100AF8002F6165732D302E382E342F7372632F7348
:100B08006F66742F666978736C69636533322E7209
:100B1800730026636F70795F66726F6D5F736C69BF
:100B280063653A20736F7572636520736C696365DA
:100B3800206C656E6774682028C02B2920646F6557
:100B480073206E6F74206D617463682064657374BC
:100B5800696E6174696F6E20736C696365206C657A
:100B68006E6774682028C00129002F686F6D652F93
:100B78006A6F6F6C732F2E636172676F2F72656770
:100B880069737472792F7372632F696E6465782E36
:100B98006372617465732E696F2D313934396366F8
:100BA800386336623562353537662F656D62617335
:100BB80073792D7573622D302E362E302F73726334
:100BC8002F6D736F732E7273002F686F6D652F6AA8
:100BD8006F6F6C732F2E636172676F2F7265676911
:100BE800737472792F7372632F696E6465782E63DC
:100BF80072617465732E696F2D31393439636638C3
:100C08006336623562353537662F7070762D6C69BC
:100C1800746538362D302E322E32312F7372632F91
:100C280067656E657269632E7273002F686F6D65F4
:100C38002F6A6F6F6C732F2E636172676F2F7265E7
:100C48006769737472792F7372632F696E6465783C
:100C58002E6372617465732E696F2D31393439636F
:100C680066386336623562353537662F62742D68AB
:100C780063692D302E31302E312F7372632F6461EA
:100C880074612E7273002F686F6D652F6A6F6F6CB9
:100C9800732F2E636172676F2F7265676973747241
:100CA800792F7372632F696E6465782E637261742D
:100CB80065732E696F2D313934396366386336624E
:100CC8003562353537662F62742D6863692D302E8D
:100CD80031302E312F7372632F706172616D2E72F5
:100CE8007300726D6B2D757073747265616D2F7200
:100CF8006D6B2F7372632F6576656E742F737461D5
:100D080074652E7273001272656D6F76616C20695E
:100D18006E6465782028697320C016292073686F6F
:100D2800756C64206265203C206C656E20286973B0
:100D380020C0012900C0002F686F6D652F6A6F6F92
:100D48006C732F2E636172676F2F72656769737496
:100D580072792F7372632F696E6465782E6372617E
:100D68007465732E696F2D3139343963663863368B
:100D7800623562353537662F74726F75626C652D12
:100D8800686F73742D302E382E302F7372632F6C6A
:100D9800326361702F7361722E727300726D6B2DE6
:100DA800757073747265616D2F726D6B2F737263DA
:100DB8002F7573622F7669616C2E7273002F686FBE
:100DC8006D652F6A6F6F6C732F2E636172676F2F5B
:100DD80072656769737472792F7372632F696E64B1
:100DE80065782E6372617465732E696F2D3139349D
:100DF800396366386336623562353537662F747203
:100E08006F75626C652D686F73742D302E382E30B7
:100E18002F7372632F73656375726974795F6D617F
:100E28006E616765722F63727970746F2E727300CA
:100E380016736C69636520696E64657820737461E4
:100E480072747320617420C00D2062757420656E01
:100E5800647320617420C0002F686F6D652F6A6FFE
:100E68006F6C732F2E636172676F2F72656769737A
:100E78007472792F7372632F696E6465782E63724A
:100E8800617465732E696F2D31393439636638633F
:100E980036623562353537662F73657175656E74E0
:100EA80069616C2D73746F726167652D382E302EF1
:100EB800312F7372632F6D61702E7273002F686FFC
:100EC8006D652F6A6F6F6C732F2E636172676F2F5A
:100ED80072656769737472792F7372632F696E64B0
:100EE80065782E6372617465732E696F2D3139349C
:100EF800396366386336623562353537662F747202
:100F08006F75626C652D686F73742D302E382E30B6
:100F18002F7372632F6174742E72730020696E646C
:100F28006578206F7574206F6620626F756E6473C4
:100F38003A20746865206C656E20697320C01220A1
:100F48006275742074686520696E646578206973B9
:100F580020C0002F686F6D652F6A6F6F6C732F2E1E
:100F6800636172676F2F72656769737472792F7323
:100F780072632F696E6465782E6372617465732E6F
:100F8800696F2D31393439636638633662356235B5
:100F98003537662F74726F75626C652D686F737460
:100FA8002D302E382E302F7372632F736563757250
:100FB8006974795F6D616E616765722F6D6F642EFC
:100FC8007273002F686F6D652F6A6F6F6C732F2EA9
:100FD800636172676F2F72656769737472792F73B3
:100FE80072632F696E6465782E6372617465732EFF
:100FF800696F2D3139343963663863366235623545
:101008003537662F656D62617373792D7573622D3F
:10101800302E362E302F7372632F646573637269B6
:1010280070746F722E7273002F686F6D652F6A6F00
:101038006F6C732F2E636172676F2F7265676973A8
:101048007472792F7372632F696E6465782E637278
:10105800617465732E696F2D31393439636638636D
:1010680036623562353537662F6E72662D73646366
:101078002D302E342E302F7372632F7364632E72CB
:1010880073002F686F6D652F6A6F6F6C732F2E63F7
:101098006172676F2F72656769737472792F7372E3
:1010A800632F696E6465782E6372617465732E6947
:1010B8006F2D3139343963663863366235623535B8
:1010C80037662F74726F75626C652D686F73742D37
:1010D800302E382E302F7372632F636F6E6E6563F8
:1010E80074696F6E2E727300726D6B2D75707374E8
:1010F8007265616D2F726D6B2F7372632F6C6967E8
:1011080068742E7273002F686F6D652F6A6F6F6C2D
:10111800732F2E636172676F2F72656769737472BC
:10112800792F7372632F696E6465782E63726174A8
:1011380065732E696F2D31393439636638633662C9
:101148003562353537662F656D62617373792D7534
:1011580073622D302E362E302F7372632F636C61BD
:1011680073732F6869642E7273002F686F6D652F13
:101178006A6F6F6C732F2E636172676F2F7265676A
:1011880069737472792F7372632F696E6465782E30
:101198006372617465732E696F2D313934396366F2
:1011A800386336623562353537662F656D6261732F
:1011B80073792D6E72662D302E31312E302F737269
:1011C800632F7573622F6D6F642E7273002F686FB3
:1011D8006D652F6A6F6F6C732F2E636172676F2F47
:1011E80072656769737472792F7372632F696E649D
:1011F80065782E6372617465732E696F2D31393489
:10120800396366386336623562353537662F7472EE
:101218006F75626C652D686F73742D302E382E30A3
:101228002F7372632F7363616E2E7273002F686F52
:101238006D652F6A6F6F6C732F2E636172676F2FE6
:1012480072656769737472792F7372632F696E643C
:1012580065782E6372617465732E696F2D31393428
:10126800396366386336623562353537662F7261A1
:101278006E645F636F72652D302E362E342F737255
:10128800632F626C6F636B2E7273002F686F6D65CE
:101298002F6A6F6F6C732F2E636172676F2F726581
:1012A8006769737472792F7372632F696E646578D6
:1012B8002E6372617465732E696F2D313934396309
:1012C80066386336623562353537662F656D62611B
:1012D8007373792D7573622D302E362E302F7372FD
:1012E800632F636C6173732F6466752F6170705F11
:1012F8006D6F64652E7273002F686F6D652F6A6F4E
:101308006F6C732F2E636172676F2F7265676973D5
:101318007472792F7372632F696E6465782E6372A5
:10132800617465732E696F2D31393439636638639A
:1013380036623562353537662F6465666D742D7291
:1013480074742D312E332E302F7372632F6C6962B3
:101358002E727300726D6B2D757073747265616D8A
:101368002F726D6B2F7372632F626C652F6D6F64B4
:101378002E727300726D6B2D757073747265616D6A
:101388002F726D6B2F7372632F626C652F7363619D
:101398006E2E7273001072616E676520656E642030
:1013A800696E64657820C022206F7574206F66208E
:1013B80072616E676520666F7220736C6963652061
:1013C8006F66206C656E67746820C0002F686F6D4B
:1013D800652F6A6F6F6C732F2E636172676F2F7240
:1013E800656769737472792F7372632F696E6465A8
:1013F800782E6372617465732E696F2D31393439B3
:101408006366386336623562353537662F736571C2
:1014180075656E7469616C2D73746F726167652D83
:10142800382E302E312F7372632F63616368652FF6
:10143800706167655F7374617465732E7273002FD2
:1014480072757374632F35393830373631366531F4
:101458006661323534303732346266626163313402
:1014680064373937366437653461333836302F6C32
:101478006962726172792F636F72652F7372632F5D
:10148800736C6963652F6D6F642E7273002F686FBC
:101498006D652F6A6F6F6C732F2E636172676F2F84
:1014A80072656769737472792F7372632F696E64DA
:1014B80065782E6372617465732E696F2D313934C6
:1014C800396366386336623562353537662F74722C
:1014D8006F75626C652D686F73742D302E382E30E1
:1014E8002F7372632F73656375726974795F6D61A9
:1014F8006E616765722F70616972696E672F7065BA
:10150800726970686572616C2E727300FFFFFFFF6D
:101518001F002F686F6D652F6A6F6F6C732F2E63B6
:101528006172676F2F72656769737472792F73724E
:10153800632F696E6465782E6372617465732E69B2
:101548006F2D313934396366386336623562353523
:1015580037662F6E72662D7061632D302E342E30F3
:101568002F7372632F2E2F63686970732F6E7266E4
:1015780035323834302F7061632E7273002F686FE4
:101588006D652F6A6F6F6C732F2E636172676F2F93
:1015980072656769737472792F7372632F696E64E9
:1015A80065782E6372617465732E696F2D313934D5
:1015B800396366386336623562353537662F74723B
:1015C8006F75626C652D686F73742D302E382E30F0
:1015D8002F7372632F6C69622E727300726D6B2D9C
:1015E800757073747265616D2F726D6B2F73726392
:1015F8002F626C652F70726F66696C652E7273004E
:101608001272616E676520737461727420696E640A
:10161800657820C022206F7574206F662072616E15
:10162800676520666F7220736C696365206F66203A
:101638006C656E67746820C0002F686F6D652F6ACF
:101648006F6F6C732F2E636172676F2F7265676996
:10165800737472792F7372632F696E6465782E6361
:1016680072617465732E696F2D3139343963663848
:101678006336623562353537662F706F7374636110
:1016880072642D312E312E332F7372632F7661726F
:10169800696E742E7273002F686F6D652F6A6F6F95
:1016A8006C732F2E636172676F2F7265676973742D
:1016B80072792F7372632F696E6465782E63726115
:1016C8007465732E696F2D31393439636638633622
:1016D800623562353537662F74726F75626C652DA9
:1016E800686F73742D302E382E302F7372632F70FD
:1016F80064752E7273002F686F6D652F6A6F6F6C3B
:10170800732F2E636172676F2F72656769737472C6
:10171800792F7372632F696E6465782E63726174B2
:1017280065732E696F2D31393439636638633662D3
:101738003562353537662F656D62617373792D743F
:10174800696D652D302E352E312F7372632F696EBA
:101758007374616E742E7273000F556E6B6E6F77B3
:101768006E206572726E6F3A20C0002F686F6D65CB
:101778002F6A6F6F6C732F2E636172676F2F72659C
:101788006769737472792F7372632F696E646578F1
:101798002E6372617465732E696F2D313934396324
:1017A80066386336623562353537662F74726F7501
:1017B800626C652D686F73742D302E382E302F7340
:1017C80072632F7061636B65745F706F6F6C2E72DC
:1017D8007300726D6B2D757073747265616D2F7205
:1017E8006D6B2F7372632F6576656E742F6D6F64E2
:1017F8002E7273002F686F6D652F6A6F6F6C732F71
:101808002E636172676F2F72656769737472792FBF
:101818007372632F696E6465782E63726174657381
:101828002E696F2D31393439636638633662356213
:10183800353537662F74726F75626C652D686F73F6
:10184800742D302E382E302F7372632F73656375A5
:10185800726974795F6D616E616765722F70616915
:1018680072696E672F63656E7472616C2E72730095
:10187800726D6B2D757073747265616D2F726D6BFF
:101888002F7372632F7573622F6D6F642E727300DE
:101898002F686F6D652F6A6F6F6C732F2E6361727F
:1018A800676F2F72656769737472792F7372632F0C
:1018B800696E6465782E6372617465732E696F2D25
:1018C800313934396366386336623562353537669F
:1018D8002F72616E645F636F72652D302E362E3401
:1018E8002F7372632F696D706C732E7273002F687B
:1018F8006F6D652F6A6F6F6C732F2E636172676FE0
:101908002F72656769737472792F7372632F696EAA
:101918006465782E6372617465732E696F2D313931
:1019280034396366386336623562353537662F7405
:10193800726F75626C652D686F73742D302E382E3A
:10194800302F7372632F6368616E6E656C5F6D61B3
:101958006E616765722E727300726D6B2D75707390
:10196800747265616D2F726D6B2F7372632F737450
:101978006F726167652F6D6F642E7273002F686FC9
:101988006D652F6A6F6F6C732F2E636172676F2F8F
:1019980072656769737472792F7372632F696E64E5
:1019A80065782E6372617465732E696F2D313934D1
:1019B800396366386336623562353537662F656D4B
:1019C8006265646465642D696F2D6173796E632D3A
:1019D800302E372E302F7372632F6C69622E72731C
:1019E800002F686F6D652F6A6F6F6C732F2E6361A0
:1019F80072676F2F72656769737472792F73726378
:101A08002F696E6465782E6372617465732E696FD1
:101A18002D31393439636638633662356235353786
:101A2800662F656D62617373792D6E72662D302E27
:101A380031312E302F7372632F726E672E727300DE
:101A48002F686F6D652F6A6F6F6C732F2E636172CD
:101A5800676F2F72656769737472792F7372632F5A
:101A6800696E6465782E6372617465732E696F2D73
:101A780031393439636638633662356235353766ED
:101A88002F626C6F636B2D6275666665722D302EE2
:101A980031302E342F7372632F6C69622E7273008B
:101AA8002F686F6D652F6A6F6F6C732F2E6361726D
:101AB800676F2F72656769737472792F7372632FFA
:101AC800696E6465782E6372617465732E696F2D13
:101AD800313934396366386336623562353537668D
:101AE8002F62742D6863692D302E31302E312F739B
:101AF80072632F6576656E742E7273002F686F6D32
:101B0800652F6A6F6F6C732F2E636172676F2F7208
:101B1800656769737472792F7372632F696E646570
:101B2800782E6372617465732E696F2D313934397B
:101B38006366386336623562353537662F7374618C
:101B48007469635F63656C6C2D322E312E312F738F
:101B580072632F6C69622E7273002F686F6D652F28
:101B68006A6F6F6C732F2E636172676F2F72656770
:101B780069737472792F7372632F696E6465782E36
:101B88006372617465732E696F2D313934396366F8
:101B9800386336623562353537662F656D62617335
:101BA80073792D73796E632D302E382E302F737222
:101BB800632F7075627375622F73756273637269D0
:101BC8006265722E7273007372632F646F6E676C36
:101BD800652E7273002F686F6D652F6A6F6F6C7357
:101BE8002F2E636172676F2F7265676973747279DC
:101BF8002F7372632F696E6465782E6372617465E2
:101C0800732E696F2D31393439636638633662351E
:101C180062353537662F6465666D742D7274742D60
:101C2800312E332E302F7372632F6368616E6E65A9
:101C38006C2E7273002F686F6D652F6A6F6F6C73EF
:101C48002F2E636172676F2F72656769737472797B
:101C58002F7372632F696E6465782E637261746581
:101C6800732E696F2D3139343963663863366235BE
:101C780062353537662F656D62617373792D7379B7
:101C88006E632D302E382E302F7372632F7075626D
:101C98007375622F6D6F642E727300726D6B2D7584
:101CA8007073747265616D2F726D6B2F7372632F11
:101CB800646F6E676C652F7669616C5F726F75749F
:101CC80065722E727300C0013AC0013AC0002F68D5
:101CD8006F6D652F6A6F6F6C732F2E636172676FFC
:101CE8002F72656769737472792F7372632F696EC7
:101CF8006465782E6372617465732E696F2D31394E
:101D080034396366386336623562353537662F6E27
:101D180072662D6D70736C2D302E342E302F7372C9
:101D2800632F666C6173682E7273002F686F6D6520
:101D38002F6A6F6F6C732F2E636172676F2F7265D6
:101D48006769737472792F7372632F696E6465782B
:101D58002E6372617465732E696F2D31393439635E
:101D680066386336623562353537662F74726F753B
:101D7800626C652D686F73742D302E382E302F737A
:101D880072632F636F6E6E656374696F6E5F6D61EA
:101D98006E616765722E7273002F686F6D652F6AAA
:101DA8006F6F6C732F2E636172676F2F726567692F
:101DB800737472792F7372632F696E6465782E63FA
:101DC80072617465732E696F2D31393439636638E1
:101DD8006336623562353537662F73657175656EA2
:101DE8007469616C2D73746F726167652D382E305C
:101DF8002E312F7372632F6974656D2E7273002FE5
:101E0800686F6D652F6A6F6F6C732F2E63617267D1
:101E18006F2F72656769737472792F7372632F6994
:101E28006E6465782E6372617465732E696F2D31E7
:101E38003934396366386336623562353537662F2B
:101E480074726F75626C652D686F73742D302E38DF
:101E58002E302F7372632F686F73742E7273002F76
:101E6800686F6D652F6A6F6F6C732F2E6361726771
:101E78006F2F72656769737472792F7372632F6934
:101E88006E6465782E6372617465732E696F2D3187
:101E98003934396366386336623562353537662FCB
:101EA80074726F75626C652D686F73742D302E387F
:101EB8002E302F7372632F63656E7472616C2E728D
:101EC80073002F686F6D652F6A6F6F6C732F2E63A9
:101ED8006172676F2F72656769737472792F737295
:101EE800632F696E6465782E6372617465732E69F9
:101EF8006F2D31393439636638633662356235356A
:101F080037662F74726F75626C652D686F73742DE8
:101F1800302E382E302F7372632F74797065732FBB
:101F2800757569642E727300E50904005F0000008E
:101F38003B0400001300000072110400620000005E
:101F48004B0200004800000072110400620000000B
:101F5800400200004E000000DA17040021000000D3
:101F68009D000000330000007211040062000000B0
:101F7800F701000005000000EE0404005D00000009
:101F8800BD01000036000000EE0404005D00000002
:101F98007902000018000000EE0404005D00000053
:101FA800790200001E000000EE0404005D0000003D
:101FB8007A0200002E000000EE0404005D0000001C
:101FC8008202000015000000EE0404005D0000001D
:101FD8008F0200001C000000EE0404005D000000F9
:101FE8008F02000022000000EE0404005D000000E3
:101FF8009002000032000000EE0404005D000000C2
:102008009302000019000000EE0404005D000000C7
:10201800A002000018000000EE0404005D000000AB
:10202800A00200001E000000EE0404005D00000095
:10203800A10200002E000000EE0404005D00000074
:102048001C02000016000000EE0404005D00000001
:102058002E0200001A000000EE0404005D000000DB
:10206800510200001A000000EE0404005D000000A8
:102078001802000026000000EE0404005D000000C5
:10208800D802000015000000EE0404005D00000006
:10209800D902000015000000EE0404005D000000F5
:1020A800DA02000015000000EE0404005D000000E4
:1020B800DB02000015000000EE0404005D000000D3
:1020C800F802000020000000EE0404005D0000009B
:1020D800F80200002F000000EE0404005D0000007C
:1020E8003B01000029000000EE0404005D00000030
:1020F8004A0100004C000000EE0404005D000000EE
:102108005901000036000000EE0404005D000000E4
:102118007601000036000000EE0404005D000000B7
:102128007901000016000000EE0404005D000000C4
:102138006401000039000000EE0404005D000000A6
:102148001F0100002F000000EE0404005D000000E5
:102158009901000026000000EE0404005D00000064
:102168009901000035000000EE0404005D00000045
:102178008A0100003A000000EE0404005D0000003F
:10218800A801000025000000000000002000000059
:10219800080000000340000035FB01004B40000030
:1021A80003400000034000000340000039400000E5
:1021B800F5FA010071FA0100234000000E11040035
:1021C80063000000850100004E0000000E110400AD
:1021D800630000008E0100001D0000000E110400C5
:1021E800630000008E010000320000000E110400A0
:1021F800630000005B010000230000000E110400D2
:10220800630000004C0100002F0000000E110400C4
:10221800630000004D0100001D0000000E110400C5
:1022280063000000480100004F0000000E11040088
:1022380063000000DC000000200000000000000037
:102248002000000004000000FD3F00006F3802007D
:1022580045400000FD3F0000FD3F0000FD3F00003D
:102268003F400000BF370200693602001B400000F3
:1022780055080400610000004D0100000D00000039
:1022880055080400610000009101000009000000E9
:10229800616C6C6F635F656E64706F696E745F69A3
:1022A8006E206661696C6564550804006100000071
:1022B800E20100000E000000616C6C6F635F656EE8
:1022C80064706F696E745F6F7574206661696C65A0
:1022D80064000000550804006100000005020000C9
:1022E8000E000000481A04005F000000A200000071
:1022F80027000000621B04006C000000250000009D
:10230800340000003D1C0400650000007801000056
:102318004B0000003D1C0400650000007E01000029
:10232800370000003D1C0400650000009801000013
:102338002C0000003D1C0400650000006E00000039
:102348001F000000F3810100A01000000800000039
:1023580035F0000029F20000D1EE0000C1EE0000C7
:10236800C5F10000B9F10000FDF100005DEF0000CB
:102378003DEF00000D430000914300007943000049
:102388003D1C040065000000B800000027000000A4
:102398003D1C040065000000B30000002700000099
:1023A8003D1C040065000000C2000000270000007A
:1023B8003D1C040065000000BD000000270000006F
:1023C8008A10040065000000650200004B00000050
:1023D8008A10040065000000B80200004B000000ED
:1023E8008A100400650000005B0200003100000054
:1023F8008A100400650000004E0200003A00000048
:102408008A100400650000006B0100000500000050
:102418008A100400650000008D010000050000001E
:10242800F61804006A000000850000002300000080
:10243800F61804006A000000850000003A00000059
:10244800F61804006A000000D00000002600000012
:10245800F61804006A000000DA00000024000000FA
:10246800F61804006A0000008D0000001400000047
:10247800F61804006A000000490300002600000066
:10248800F61804006A0000005D0300002800000040
:10249800F61804006A0000009304000024000000FD
:1024A800F61804006A000000970400002D000000E0
:1024B800F61804006A0000009C0400002E000000CA
:1024C800F61804006A000000F4020000280000006A
:1024D800F61804006A0000001A0300002A00000031
:1024E800F61804006A0000003C0300001C0000000D
:1024F800F61804006A000000420300001C000000F7
:10250800F61804006A0000003103000018000000FB
:10251800F61804006A00000071030000260000009D
:1025280002000100F61804006A00000075030000AC
:102538001C000000F61804006A0000008103000077
:1025480026000000000000000300000062746C65B3
:10255800060000004D70736C202020204F70656EBF
:10256800F61804006A000000430400002D00000073
:10257800F61804006A000000E70000002A000000C6
:10258800F61804006A000000820200002200000021
:1025980000000000F61804006A000000890200002C
:1025A80031000000F61804006A000000460200002E
:1025B80037000000F61804006A0000004702000017
:1025C80040000000F61804006A00000047020000FE
:1025D8004A000000F61804006A00000061020000CA
:1025E8002C000000F61804006A0000004B020000EE
:1025F80039000000F61804006A000000C40000005A
:1026080029000000F61804006A000000DE0400003B
:1026180027000000F61804006A000000DF0400002C
:1026280019000000F61804006A000000F304000016
:102638002D000000F61804006A000000DC04000009
:102648006D000000F61804006A000000060500008E
:1026580017000000F61804006A00000006050000D4
:10266800090000005B0F04006F000000DB0300009E
:10267800280000005B0F04006F000000E503000065
:102688000E0000005B0F04006F000000C70200008E
:10269800550000005B0F04006F000000C902000035
:1026A800280000005B0F04006F0000006C030000AE
:1026B8001D0000005B0F04006F00000071030000A4
:1026C8000E0000005B0F04006F00000072030000A2
:1026D8002D0000005B0F04006F00000025040000BF
:1026E800240000005B0F04006F00000026040000B7
:1026F8002D0000005B0F04006F00000017040000AD
:102708002E0000005B0F04006F000000180400009A
:102718002D0000005B0F04006F000000560300004E
:102728001D0000005B0F04006F0000005A0300004A
:10273800140000005B0F04006F0000005B03000042
:102748001D0000005B0F04006F000000380300004C
:10275800130000005B0F04006F0000003803000046
:10276800390000005B0F04006F0000003803000010
:102778001C0000005B0F04006F00000085030000D0
:10278800280000005B0F04006F000000AD0300008C
:10279800110000005B0F04006F000000C60300007A
:1027A800140000005B0F04006F000000C703000066
:1027B8001D0000005B0F04006F000000AE00000069
:1027C800220000005B0F04006F0000009E00000064
:1027D800140000005B0F04006F0000009E00000062
:1027E8001A0000005B0F04006F0000009F0000004B
:1027F8001B000000951404007E000000BA000000D1
:102808002F000000951404007E00000070000000F6
:102818000D00000003070400780000009E0000007F
:102828000E00000003070400780000007500000097
:102838000E00000003070400780000008400000078
:102848000D00000003070400780000008400000069
:10285800190000000307040078000000850000004C
:102868000D00000003070400780000008500000048
:102878002A00000003070400780000008D00000013
:102888000D00000003070400780000008D00000020
:102898001D0000000307040078000000B6000000D7
:1028A8000D0000000307040078000000C2000000CB
:1028B800050000000307040078000000C3000000C2
:1028C8000C0000000307040078000000C3000000AB
:1028D80013000000FC1704007B0000003A01000010
:1028E8002F000000FC1704007B0000006B010000B3
:1028F8002B000000FC1704007B0000009201000080
:102908003C000000FC1704007B0000005803000096
:1029180019000000FC1704007B00000061030000A0
:1029280036000000851504005E0000003804000031
:1029380012000000851504005E0000004F0400002E
:1029480012000000331D04006D0000007F0200002B
:1029580030000000331D04006D0000005402000028
:1029680024000000331D04006D0000006002000018
:1029780030000000331D04006D000000A1020000BB
:1029880029000000331D04006D000000DD01000077
:1029980030000000331D04006D0000008A000000B4
:1029A80026000000331D04006D0000008A000000AE
:1029B8003D000000331D04006D000000F30200001C
:1029C80029000000331D04006D00000017010000FD
:1029D80056000000331D04006D00000019010000BE
:1029E80034000000331D04006D0000001A010000CF
:1029F80020000000331D04006D0000000C010000E1
:102A080027000000331D04006D0000009402000040
:102A180024000000331D04006D0000009702000030
:102A280029000000331D04006D0000001A02000098
:102A380024000000331D04006D0000001D0200008A
:102A480030000000331D04006D000000D5000000B8
:102A580027000000331D04006D0000008B010000FA
:102A680024000000331D04006D00000090010000E8
:102A780030000000331D04006D0000007A010000E2
:102A880018000000331D04006D0000008E000000D7
:102A98002A000000331D04006D000000150400002A
:102AA8003E000000331D04006D00000024040000F7
:102AB80016000000331D04006D000000DF03000055
:102AC80005000000331D04006D0000003303000002
:102AD80056000000331D04006D000000AE03000026
:102AE8002D000000331D04006D0000009C00000054
:102AF8002D000000331D04006D000000820100005D
:102B08001C000000331D04006D000000BD00000023
:102B180043000000331D04006D000000CE020000D9
:102B280045000000331D04006D0000008F02000006
:102B380064000000331D04006D0000008C020000DA
:102B480026000000331D04006D000000DC020000B8
:102B580049000000331D04006D0000000001000062
:102B680027000000331D04006D00000093040000DE
:102B780030000000331D04006D00000094040000C4
:102B88001C000000E50904005F0000007A06000050
:102B980034000000E50904005F0000001D07000084
:102BA80065000000E50904005F0000005005000012
:102BB80047000000E50904005F0000000E06000061
:102BC80034000000E50904005F000000180500005B
:102BD8004B000000E50904005F0000003805000014
:102BE8003D000000E50904005F000000F205000058
:102BF80034000000E50904005F000000A0050000A3
:102C08003C000000E50904005F0000002D060000FC
:102C18002E000000E50904005F0000009607000090
:102C28000D000000E50904005F00000096070000A1
:102C380019000000E50904005F0000008C0700008F
:102C480075000000E50904005F000000C3060000ED
:102C58002D000000E50904005F0000009704000053
:102C680055000000E50904005F000000A50400000D
:102C780033000000E50904005F000000A80400001C
:102C88001B000000E50904005F000000A207000027
:102C980044000000E50904005F000000A7070000E9
:102CA80019000000E50904005F000000A807000003
:102CB80022000000E50904005F000000A9070000E9
:102CC8003E000000E50904005F00000081040000E8
:102CD80058000000E50904005F0000000604000039
:102CE80037000000071E04005F00000025050000F3
:102CF800050000000500040006000000071E04008F
:102D08005F000000BE0300002A000000071E040048
:102D18005F000000CD01000005000000071E040050
:102D28005F0000001D0400002D000000071E0400C5
:102D38005F0000008B02000005000000071E040071
:102D48005F000000930100004A000000071E040015
:102D58005F000000B702000034000000071E0400F6
:102D68005F000000AF0100006A000000071E0400B9
:102D78005F000000E701000005000000071E0400D6
:102D88005F000000BF0100002D000000071E0400C6
:102D98005F0000003D02000005000000071E04005F
:102DA8005F000000910400002D000000071E0400D1
:102DB8005F0000008002000005000000071E0400FC
:102DC8005F0000003D04000077000000071E0400BB
:102DD8005F0000004A05000005000000071E04000F
:102DE8005F0000006F05000038000000071E0400A7
:102DF8005F0000006B0600003C000000071E040096
:102E08005F0000001008000047000000071E0400D3
:102E18005F000000640800001A000000071E04009C
:102E28005F0000005D0800005B000000071E040052
:102E38005F000000BF06000005000000071E040038
:102E48005F000000C806000017000000071E04000D
:102E58005F0000008E0700002D000000D51104005F
:102E68005F0000009C00000021000000D511040054
:102E78005F00000066000000050000003F0D040030
:102E88006400000025000000210000003F0D040040
:102E980064000000250000004B0000004C05040001
:102EA80061000000460000002A000000671E0400C0
:102EB800620000009500000005000000671E040085
:102EC800620000001D000000050000007C070400EF
:102ED8006200000024000000240000007C070400B9
:102EE80062000000290000002B0000007C0704009D
:102EF800620000003A000000230000003D1C0400AE
:102F080065000000FD0000001B0000003D1C0400DF
:102F180065000000160100001B0000003D1C0400B5
:102F2800650000000F0100001B0000003D1C0400AC
:102F380065000000DE0000001B0000003D1C0400CE
:102F480065000000F80000001F000000E50904000B
:102F58005F0000007704000054000000E509040049
:102F68005F0000006304000065000000060904001B
:102F780073000000A20000005300000006090400CE
:102F8800730000009F0000003A000000851904004B
:102F9800630000004200000063000000851904007F
:102FA80063000000460000002800000085190400A6
:102FB800630000008B0000004A000000851904002F
:102FC8006300000090000000240000009403040047
:102FD8006400000011010000560000009403040082
:102FE80064000000CD0000002C00000094030400E1
:102FF80064000000C40000006100000094030400A5
:1030080064000000DD0000001C00000094030400C0
:103018006400000066000000310000009403040012
:1030280064000000300100002D000000940304003B
:10303800640000004D0000004B00000094030400F1
:1030480064000000AD0000002D000000940304009F
:1030580064000000B10000001100000094030400A7
:1030680064000000390000004600000094030400DA
:1030780064000000FC000000550000004D61702055
:10308800636F6E666967206D75737420626520636F
:103098006F72726563740000600E040064000000C3
:1030A8002300000017000000600E04006400000008
:1030B800BF0000002D000000600E04006400000046
:1030C800CC0000002C000000600E0400640000002A
:1030D800D00000002D000000600E04006400000015
:1030E800D00000003D0000004588010008010000F4
:1030F80008000000198E0100600E04006400000042
:103108009201000026000000600E04006400000028
:103118009C0300005B000000600E040064000000D7
:103128005803000026000000600E04006400000040
:10313800B301000026000000600E040064000000D7
:10314800E301000039000000600E04006400000084
:103158000102000025000000600E04006400000069
:10316800DB00000050000000A11D04006500000005
:10317800AF00000064000000A11D0400650000000D
:103188003A00000030000000A11D040065000000A6
:10319800450000002B000000A11D04006500000090
:1031A8008100000031000000A11D0400650000003E
:1031B8009B0000002C000000A11D04006500000019
:1031C8009200000041000000A11D040065000000FD
:1031D800700200003D000000A11D04006500000011
:1031E8007C0200003D000000A11D040065000000F5
:1031F8006101000026000000A11D04006500000018
:10320800110100002E000000A11D0400650000004F
:103218002301000026000000A11D04006500000035
:103228004A01000013000000A11D04006500000011
:103238004A01000027000000A11D040065000000ED
:10324800F30100002F000000A11D0400650000002C
:103258004B0200003B000000A11D040065000000B7
:103268004E0200002D0000005665633A3A66726F00
:103278006D5F69746572206F766572666C6F770032
:10328800150604005E000000B30500001E000000E3
:103298005C1304001F000000CB0100002E0000009A
:1032A8007C13040020000000250000001D00000021
:1032B800E415040023000000610100003D00000047
:1032C800E415040023000000250100005000000060
:1032D800E4150400230000009F00000038000000EF
:1032E8005C1304001F000000D301000078000000F8
:1032F80057494E55534200000000000001000000ED
:103308000100000011480200CB960100D19601008F
:10331800FD4702001F480200C59601003340000027
:103328002B400000094000001340000078180400FA
:103338001F0000006C0000002200000000000000D8
:103348000100000001000000693D000079F3010060
:1033580081F3010089F30100713D0000793D00000F
:10336800A40D040020000000210000004600000019
:10337800A31C04002A0000004500000050000000C3
:10338800A31C04002A000000620000003C000000AA
:10339800A31C04002A0000004D0000003B000000B0
:1033A800A31C04002A000000570000003C00000095
:1033B8007406040022000000090300001E0000003B
:1033C8007406040022000000E90200006700000003
:1033D8007406040022000000480100005D0000009F
:1033E8007406040022000000620100005000000082
:1033F8007406040022000000740100006900000047
:1034080074060400220000006C0100004600000061
:103418007406040022000000AE0100001500000040
:1034280074060400220000001C0100004600000091
:1034380074060400220000002301000014000000AC
:103448007406040022000000CB0100000700000001
:103458007406040022000000FB0000005C0000006D
:103468007406040022000000580200004E0000000C
:103478007406040022000000A902000054000000A5
:10348800DF0704001F0000003300000039000000BF
:103498006119040023000000470100001D0000001E
:1034A80061190400230000008F010000480000009B
:1034B80061190400230000008701000009000000D2
:1034C80061190400230000007D0100005F00000076
:1034D8006119040023000000540000004F000000A0
:1034E80061190400230000004800000040000000AB
:1034F80061190400230000003A0000006700000082
:103508006368756E6B2073697A65206D75737420B6
:103518006265206E6F6E2D7A65726F000000000084
:10352800000000000100000079E201000000000036
:10353800000000000100000051E30100000000004D
:103548000000000001000000C92B0200000000007C
:103558000400000004000000714E02004F75744F13
:1035680066426F756E6473556E616C69676E6564EB
:10357800CF1B04000D0000004800000001000000FF
:10358800CF1B04000D0000006400000025000000AF
:10359800426173746172644B424368617279626418
:1035A80069732055534220446F6E676C65000000B4
:1035B8007211040062000000A30100000A0000006C
:1035C8007211040062000000B40100000A0000004B
:1035D8007211040062000000700100004200000047
:1035E8007211040062000000BD000000200000000D
:1035F8007211040062000000E400000021000000D5
:10360800351204005D000000E50000003B000000EA
:10361800351204005D000000BF0000001500000026
:10362800456E64706F696E74416C6C6F634572723D
:103638006F72446F6E676C653A3A72756E2063619B
:103648006C6C656420747769636500007406040017
:1036580022000000A6000000310000007669616CBD
:103668003A66363463326233633B726D6B3A302E9E
:10367800392E30526561644572726F72F010040021
:103688001D000000140000004B000000A40D040001
:10369800200000004300000028000000A40D0400E2
:1036A800200000003E0000004C000000A40D0400B3
:1036B8002000000058000000490000001A1504000E
:1036C8006A0000009FA00000110000001A15040005
:1036D8006A00000026A10000110000001A1504006D
:1036E8006A000000489D00000D0000001A15040043
:1036F8006A000000539D00000D0000003010040017
:1037080059000000A9040000050000003010040062
:1037180059000000B9040000260000003010040021
:1037280059000000B80400007600000030100400C2
:1037380059000000BE04000005000000301004001D
:1037480059000000C104000005000000301004000A
:1037580059000000C20400000500000030100400F9
:1037680059000000990300005600000030100400C2
:103778005900000028050000050000003010040072
:103788005900000023050000050000003010040067
:103798005900000003050000050000003010040077
:1037A800590000000005000005000000301004006A
:1037B800590000001A050000050000003010040040
:1037C800590000001D05000005000000301004002D
:1037D8005900000002050000050000003010040038
:1037E8005900000001050000050000003010040029
:1037F800590000001B0500000500000030100400FF
:10380800590000003E0500000500000030100400CB
:10381800590000001E0500000500000030100400DB
:10382800590000000F0500000500000030100400DA
:1038380059000000290500000500000030100400B0
:103848005900000032050000050000003010040097
:103858005900000020050000050000003010040099
:10386800590000002A05000005000000301004007F
:103878005900000034050000050000003010040065
:103888005900000030050000050000003010040059
:10389800590000001F05000005000000301004005A
:1038A8005900000021050000050000003010040048
:1038B8005900000031050000050000003010040028
:1038C8005900000035050000050000003010040014
:1038D80059000000DE040000050000007211040019
:1038E80062000000D30200003700000072110400DB
:1038F80062000000630200002A0000007211040048
:1039080062000000C90200002000000072110400DB
:1039180062000000CE0200002000000072110400C6
:1039280062000000A7020000640000007211040099
:1039380062000000850200006D0000007818040095
:103948001F0000007D0000005C0000000660FF0909
:1039580061A1010962150026FF0075089520810202
:10396800096315009102C000150604005E000000FE
:10397800280600003C000000301004005900000038
:10398800E903000065000000301004005900000041
:10399800FF030000780000000000000004000000A1
:1039A80004000000917D0100721104006200000013
:1039B800D801000026000000D61C04005C000000AE
:1039C800CD0200004E000000D61C04005C00000080
:1039D800D10200005500000005010906A1010507F4
:1039E80019E029E7150025017501950881021500E0
:1039F80026FF007508950181030508190129052589
:103A08000175019505910295039103050719002990
:103A1800DD26FF00750895068100C005010902A191
:103A2800010901A1008502050919012908150025C8
:103A38000175019508810205010930170180FFFF12
:103A480026FF7F75109501810609318106093881A5
:103A580006050C0A38028106C0C0050C0901A1013F
:103A68008503050C19002A1405150027FFFF00001F
:103A78008100C005010980A1018504190129B71534
:103A88000126FF0075088100C0000000D61C040054
:103A98005C000000EA0000005D000000D61C040085
:103AA8005C0000002F01000051000000D61C04003B
:103AB8005C0000004A0100005700000041160400A5
:103AC8005D0000002F0000001C00000041160400EB
:103AD8005D0000003F0000001C00000041160400CB
:103AE8005D0000004F0000001C00000041160400AB
:103AF8005D0000005F0000001C000000411604008B
:103B08005D0000001F0000001C000000D61C04001F
:103B18005C000000C0020000580000009F1604006E
:103B28005E000000230000001E000000B70804002B
:103B38004E000000E6050000250000009312040076
:103B48006C000000630000001400000093120400E1
:103B58006C000000630000001B0000000600060067
:103B680010001000010010000A00100007001000EB
:103B780001004000100001000200000004000000E5
:103B88001000000000000100020002000200020014
:103B98000200020002000200020000000000000013
:103BA8000100000002000000020000000200000006
:103BB80002000000020000000200000002000000F5
:103BC8000200000002000000008182838F000000D4
:103BD80080000000810000008200000083000000D7
:103BE80084000000850000008600000087000000B7
:103BF80088000000890000008A0000008B00000097
:103C08008C0000008D0000008E0000008F00000076
:103C18009000000091000000920000009300000056
:103C28009400000095000000960000009700000036
:103C380098000000990000009A0000009B00000016
:103C48009C0000009D0000009E0000009F000000F6
:103C5800A0000000A1000000A2000000A3000000D6
:103C6800A4000000A5000000A6000000A7000000B6
:103C7800A8000000A9000000AA000000AB00000096
:103C8800AC000000AD000000AE000000AF00000076
:103C9800B0000000B1000000B2000000B300000056
:103CA800B4000000B5000000B6000000B700000036
:103CB800B8000000B9000000BA000000BB00000016
:103CC800BC000000BD000000BE000000BF000000F6
:103CD800C0000000C1000000C20000000000000099
:103CE80000000000000000000000000000000000CC
:103CF80000000000000000000000000000000000BC
:103D080000000000C3000000C4000000C50000005F
:103D1800C6000000C7000000C8000000C90000007D
:103D2800CA000000CB000000CC000000CD0000005D
:103D3800CE000000CF000000D0000000D10000003D
:103D4800D2000000D3000000D4000000D50000001D
:103D5800D6000000D7000000D8000000D9000000FD
:103D6800DA000000DB000000DC000000DD000000DD
:103D7800000000000000000000000000000000003B
:103D8800000000000000000000000000000000002B
:103D9800000000000000000000000000000000001B
:103DA800000000000000000000000000000000000B
:103DB80000000000000000000000000000000000FB
:103DC80000000000000000000000000000000000EB
:103DD80000000000010000000200000003000000D5
:103DE80004000000050000000600000007000000B5
:103DF80008000000090000000A0000000B00000095
:103E08000C0000000D0000000E0000000F00000074
:103E18001000000011000000120000001300000054
:103E28001400000015000000160000001700000034
:103E380018000000190000001A0000001B00000014
:103E48001C0000001D0000001E0000001F000000F4
:103E580020000000210000002200000023000000D4
:103E680024000000250000002600000027000000B4
:103E780028000000290000002A0000002B00000094
:103E88002C0000002D0000002E0000002F00000074
:103E98003000000031000000320000003300000054
:103EA8003400000035000000360000003700000034
:103EB80038000000390000003A0000003B00000014
:103EC8003C0000003D0000003E0000003F000000F4
:103ED80040000000410000004200000043000000D4
:103EE80044000000450000004600000047000000B4
:103EF80048000000490000004A0000004B00000094
:103F08004C0000004D0000004E0000004F00000073
:103F18005000000051000000520000005300000053
:103F28005400000055000000560000005700000033
:103F380058000000590000005A0000005B00000013
:103F48005C0000005D0000005E0000005F000000F3
:103F580060000000610000006200000063000000D3
:103F680064000000650000006600000067000000B3
:103F780068000000690000006A0000006B00000093
:103F88006C0000006D0000006E0000006F00000073
:103F98007000000071000000720000007300000053
:103FA8007400000075000000760000007700000033
:103FB80078000000790000007A0000007B00000013
:103FC8007C0000007D0000007E0000007F000000F3
:103FD800B80A040061000000140500000900000090
:103FE800B80A040061000000890400001200000003
:103FF800B80A040061000000890400003D000000C8
:10400800B80A04006100000038010000290000001F
:10401800B80A040061000000480100002D000000FB
:10402800B80A0400610000004D0100002D000000E6
:10403800B80A0400610000005301000029000000D4
:10404800B80A040061000000B80300000500000081
:10405800B80A040061000000B90300000500000070
:10406800B80A040061000000BA030000050000005F
:10407800B80A040061000000BB030000050000004E
:10408800B80A04006100000053000000220000008C
:10409800B80A0400610000004A000000280000007F
:1040A800B80A0400610000004B000000280000006E
:1040B800B80A0400610000004C000000280000005D
:1040C800B80A040061000000310000001D00000073
:1040D800B80A04006100000032000000220000005D
:1040E800B80A040061000000370000002E0000003C
:1040F800B80A040061000000380000002E0000002B
:10410800B80A040061000000390000002E00000019
:10411800B80A0400610000003A0000002E00000008
:10412800B80A040061000000350000002E000000FD
:10413800B80A040061000000240500000500000022
:10414800B80A040061000000C20400000500000075
:10415800B80A040061000000C30400000500000064
:10416800B80A040061000000C40400000500000053
:10417800B80A040061000000C50400000500000042
:10418800B80A040061000000C60400000500000031
:10419800B80A040061000000C70400000500000020
:1041A800B80A040061000000C8040000050000000F
:1041B800B80A040061000000C904000005000000FE
:1041C800B80A0400610000000F0300000E000000A0
:1041D800B80A040061000000100300000E0000008F
:1041E800B80A040061000000110300000E0000007E
:1041F800B80A040061000000120300000E0000006D
:10420800B80A040061000000130300000E0000005B
:10421800B80A040061000000140300000E0000004A
:10422800B80A040061000000150300000E00000039
:10423800B80A040061000000160300000E00000028
:10424800A81A04005B000000B10000000100000093
:10425800C802040059000000A30000002500000067
:10426800C802040059000000B50000002100000049
:10427800330C04005A0000006B0000002500000009
:10428800330C04005A0000006F00000020000000FA
:104298008E0C04005B000000A50100000100000076
:1042A8002C0A28280A290000000000000C00000041
:1042B80004000000032002006B210200B721020065
:1042C80063616C6C656420604F7074696F6E3A3A14
:1042D800756E77726170282960206F6E206120608A
:1042E8004E6F6E65602076616C75653D3D3030308F
:1042F8003130323033303430353036303730383092
:10430800393130313131323133313431353136317F
:104318003731383139323032313232323332343265
:10432800353236323732383239333033313332334B
:104338003333343335333633373338333934303431
:104348003134323433343434353436343734383421
:10435800393530353135323533353435353536350F
:1043680037353835393630363136323633363436F5
:1043780035363636373638363937303731373237DB
:1043880033373437353736373737383739383038C1
:1043980031383238333834383538363837383838B1
:1043A800393930393139323933393439353936399F
:1043B8003739383939617474656D707420746F20B9
:1043C80063616C63756C61746520746865207265DF
:1043D8006D61696E64657220776974682061206414
:1043E800697669736F72206F66207A65726F606193
:1043F80073796E6320666E6020726573756D65648F
:1044080020616674657220636F6D706C6574696F86
:104418006E70616E69636B6564206174203A0A503E
:104428006173736B657920656E7472792063616E50
:1044380063656C6564206F72206661696C6564529F
:10444800656643656C6C20616C7265616479206D8A
:10445800757461626C7920626F72726F77656443FC
:104468006F6D6D616E6420616E642F6F7220706174
:1044780072616D6574657220696E76616C696452EB
:10448800656643656C6C20616C7265616479206255
:104498006F72726F776564FF000000000000000013
:1044A80001000000192802007D27020001280200EF
:1044B8006578706C696369742070616E6963000067
:1044C80034040400570000008101000005000000CA
:1044D8006465666D74206C6F676765722074616BC4
:1044E800656E207265656E7472616E746C79000019
:1044F800001304005B000000AD0000000D00000088
:104508006465666D742072656C65617365206F758E
:1045180074206F6620636F6E7465787400130400EE
:104528005B000000E20000000D000000DD1B04003D
:104538005F000000290000001F000000712B02002E
:10454800812B0200812B0200B12B02004275737986
:10455800202D20546F6F206D616E7920696E737401
:10456800616E636573206F66207468697320746177
:10457800736B2061726520616C7265616479207269
:10458800756E6E696E672E20436865636B2074686C
:10459800652060706F6F6C5F73697A656020617405
:1045A80074726962757465206F662074686520741A
:1045B80061736B2EAE050400660000004801000020
:1045C8002E000000AE050400660000004A0100004D
:1045D8002A000000E91904005E0000002C01000018
:1045E8001F000000454E4554444F574E00000050F0
:1045F80000030050020900000000000000600040B5
:1046080006000000454E4F54434F4E4E8C040400A4
:1046180061000000F600000011000000617373657E
:104628007274696F6E206661696C65643A206E20E9
:104638003C2033327573697A656173736572746986
:104648006F6E206661696C65643A206E203C203884
:104658007573697A650000001A1504006A00000085
:10466800EE3600000D0000001A1504006A00000074
:10467800AF9D00000D0000001A1504006A0000003C
:10468800D29E00000D000000AE0504006600000088
:10469800AC010000330000006F766572666C6F77BE
:1046A800207768656E20616464696E67206475723E
:1046B8006174696F6E20746F20696E7374616E74B3
:1046C800FE16040062000000BF0000000E0000009B
:1046D800CB0F040064000000D80000001F00000099
:1046E800CB0F0400640000009700000011000000D8
:1046F800CB0F0400640000009700000018000000C1
:10470800CB0F0400640000007200000009000000E4
:10471800CB0F0400640000007300000009000000D3
:10472800CB0F0400640000007700000011000000B7
:10473800CB0F040064000000770000003400000084
:10474800CB0F040064000000780000001100000096
:10475800CB0F040064000000780000004300000054
:10476800CB0F040064000000030100001B000000E0
:10477800CB0F0400640000005F000000160000007A
:10478800CB0F040064000000950100001B0000002E
:10479800CB0F040064000000A10100000900000024
:1047A800CB0F040064000000A20100000900000013
:1047B800CB0F040064000000A30100000900000002
:1047C800CB0F040064000000A601000018000000E0
:1047D800CB0F040064000000A60100002E000000BA
:1047E80000000000CB0F040064000000B0010000CE
:1047F80018000000CB0F040064000000B0010000A6
:104808001F000000280304006B00000025000000C2
:104818001F000000280304006B00000018000000BF
:104828001F000000720B04005E000000F80000008A
:1048380008000000720B04005E000000F800000091
:1048480018000000720B04005E000000A4000000C5
:1048580010000000720B04005E000000A4000000BD
:104868001D000000720B04005E00000048000000FC
:1048780026000000720B04005E0000009C0000008F
:1048880024000000720B04005E000000B10000006C
:1048980028000000720B04005E000000B90100004F
:1048A8000C000000720B04005E000000B90100005B
:1048B80024000000720B04005E000000BB01000031
:1048C8000D000000720B04005E000000BB01000038
:1048D800290000000E1104006300000052020000CD
:1048E8003B0000000E110400630000005D020000A0
:1048F800210000000E11040063000000680200009F
:104908001D0000000E110400630000006B0200008F
:104918001D000000455045524D454E4F454E5445EB
:10492800494F454E4F4D454D4541434345534546F7
:1049380041554C5445494E56414C45414741494ED5
:104948004550524F544F54595045454E4F50524F71
:10495800544F4F50544550524F544F4E4F5355504B
:10496800504F525445534F434B544E4F535550504C
:104978004F5254454F504E4F545355505045414651
:104988004E4F535550504F52544541444452494E4E
:10499800555345454E4554554E5245414348454368
:1049A8004F4E4E5245534554454953434F4E4E453D
:1049B80054494D45444F5554454E4F42554653452D
:1049C800484F5354444F574E45494E50524F475203
:1049D8004553534543414E43454C4544454E4F4B43
:1049E8004559454B455945585049524544454B450D
:1049F800595245564F4B4544454B455952454A45F2
:104A080043544544D61C04005C000000DF0000004D
:104A18000F000000D61C04005C000000D301000059
:104A2800230000007A090400690000002800000043
:104A38000B00000030100400590000008303000040
:104A4800560000003010040059000000D203000096
:104A5800390000000000000004000000040000000D
:104A6800D9400200981804005D0000005C000000B6
:104A780040000000981804005D0000005C00000081
:104A88004F000000981804005D0000005C00000062
:104A98001A0000006053746174696343656C6C604C
:104AA80020697320616C72656164792066756C6C2D
:104AB8002C2069742063616E277420626520696EFA
:104AC800697469616C697A65642074776963652EB5
:104AD800041B04005D000000540000000D000000ED
:104AE8003D1C040065000000CB0000001B00000016
:104AF800570A040060000000500000001F0000007A
:104B08003D1C04006500000067010000280000004B
:104B18003D1C0400650000005E0000001F0000004E
:104B2800331D04006D000000860000002300000013
:104B3800331D04006D0000008600000032000000F4
:104B48007669616C3A66363463326233633A0000E0
:104B580053656375726974792052657175657374EC
:104B6800000000000000000000000000000000003D
:104B780030313233343536373839616263646566CB
:104B880050616972696E6720526573706F6E7365E4
:104B9800000000000100000001000000E5410200E3
:104BA8004D6178696D756D5375627363726962657D
:104BB8007273526561636865644D6178696D756D7E
:104BC8005075626C69736865727352656163686574
:104BD800640C4661696C656420746F20637265615A
:104BE8007465207375627363726962657220666F9B
:104BF80072204C6564496E64696361746F724576AE
:104C0800656E742E2054686520277375627327209B
:104C18006C696D697420686173206265656E2065D2
:104C2800786365656465642E20496E637265617397
:104C3800652027737562732720666F722074686910
:104C480073206576656E7420696E206B6579626F76
:104C58006172642E746F6D6C205B6576656E745D31
:104C680020286F7220235B6576656E7428737562E1
:104C780073203D204E295D20666F72206375737422
:104C88006F6D206576656E7473292E00EA0C04003A
:104C98002300000025000000010000006173736517
:104CA8007274696F6E206661696C65643A20696E1A
:104CB800646578203C2073656C662E6C656E2829C7
:104CC800150604005E0000009A03000009000000B9
:104CD800D413040072000000A10000003B00000093
:104CE800D413040072000000A50000002300000097
:104CF800696E7465726E616C206572726F723A20AB
:104D0800656E746572656420756E7265616368614D
:104D1800626C6520636F64653A205765206E65761E
:104D28006572206F7574726967687420636C6F733D
:104D38006520612066756C6C79206F70656E2070D7
:104D480061676500D413040072000000A900000028
:104D580019000000696E7465726E616C206572726C
:104D68006F723A20656E746572656420756E72653F
:104D780061636861626C6520636F64653A204361B2
:104D88006E2774207061727469616C6C79206F7021
:104D9800656E206120636C6F736564207061676560
:104DA800D4130400720000008E00000019000000F7
:104DB800D413040072000000D00000003600000088
:104DC800D413040072000000C40000003A00000080
:104DD800A11D040065000000CA01000028000000B1
:104DE800436C6F7365645061727469616C4F706570
:104DF8006E0102030405060708090000481A0400AA
:104E08005F000000A400000018000000481A040019
:104E18005F000000A400000020000000481A040001
:104E28005F000000AE00000014000000481A0400F3
:104E38005F000000AE0000001A000000481A0400DD
:104E48005F0000009D00000018000000481A0400E0
:104E58005F0000009D0000001F000000481A0400C9
:104E68005F0000009D00000025000000481A0400B3
:104E78005F000000BC00000014000000731704006D
:104E880066000000350000000900000073170400E8
:104E9800660000005A000000230000007317040099
:104EA8006600000053000000230000005B0F0400B0
:104EB8006F0000008E0400000E0000005B0F04006D
:104EC8006F000000C10200000E0000005B0F04002C
:104ED8006F00000002030000140000005B0F0400D4
:104EE8006F000000D1030000240000005B0F0400E5
:104EF8006F000000AE020000140000005B0F040009
:104F08006F00000008030000240000005B0F04008D
:104F18006F0000000F030000220000005B0F040078
:104F28006F00000022030000140000005B0F040063
:104F38006F000000B7020000200000005B0F0400B3
:104F48006F00000015030000240000005B0F040040
:104F58006F000000DD020000140000005B0F040079
:104F68006F000000A6020000240000005B0F040090
:104F78006F0000002C03000014000000C50D0400A1
:104F8800720000007E00000010000000C50D040043
:104F9800720000007E00000017000000C50D04002C
:104FA800720000007F00000010000000C50D040022
:104FB800720000007F00000017000000C50D04000B
:104FC80072000000FC01000021000000C50D040073
:104FD80072000000FD01000021000000C50D040062
:104FE80072000000FD0100000B000000C50D040068
:104FF80072000000AF0100000E000000C50D0400A3
:1050080072000000AF01000015000000C50D04008B
:1050180072000000B00100001500000095140400A3
:105028007E00000031020000190000009514040001
:105038007E0000003B02000027000000C50E0400AF
:105048005E0000009E0300001F000000C50E040063
:105058005E0000009E03000036000000C50E04003C
:105068005E0000009F03000024000000C50E04003D
:105078005E0000002203000025000000C50E0400A9
:105088005E000000220300003C000000C50E040082
:105098005E0000002303000023000000C50E04008A
:1050A8005E000000230300003A000000C50E040063
:1050B8005E0000002803000027000000C50E040061
:1050C8005E0000003503000025000000C50E040046
:1050D8005E000000350300003C000000C50E04001F
:1050E8005E0000003603000023000000C50E040027
:1050F8005E000000360300003A000000C50E040000
:105108005E000000480300001F000000C50E0400F8
:105118005E0000004803000036000000C50E0400D1
:105128005E0000004D0300001F000000C50E0400D3
:105138005E0000004D03000036000000C50E0400AC
:105148005E0000004E03000024000000C50E0400AD
:105158005E000000530300001C000000C50E0400A0
:105168005E0000005303000033000000C50E040079
:105178005E0000005703000025000000C50E040073
:105188005E000000570300003C000000C50E04004C
:105198005E0000005803000023000000C50E040054
:1051A8005E000000580300003A000000C50E04002D
:1051B8005E0000005903000021000000C50E040035
:1051C8005E0000005903000038000000C50E04000E
:1051D8005E0000005A03000029000000C50E04000C
:1051E8005E0000006403000025000000C50E0400F6
:1051F8005E000000640300003C000000C50E0400CF
:105208005E0000006503000023000000C50E0400D6
:105218005E000000650300003A000000C50E0400AF
:105228005E0000006D0300001F000000C50E0400B2
:105238005E0000006D03000036000000C50E04008B
:105248005E0000006E0300001F000000C50E040091
:105258005E0000006E03000036000000C50E04006A
:105268005E0000007203000024000000C50E040068
:105278005E000000760300001D000000C50E04005B
:105288005E0000007B0300001F000000C50E040044
:105298005E0000007B03000036000000C50E04001D
:1052A8005E0000007C0300001F000000C50E040023
:1052B8005E0000007C030000360000006E6F742062
:1052C800696D706C656D656E74656400C50E04006B
:1052D8005E000000DD02000012000000C50E0400A0
:1052E8005E0000001903000012000000071E040001
:1052F8005F000000F200000023000000071E040009
:105308005F000000F500000014000000071E040004
:105318005F000000FA00000023000000071E0400E0
:105328005F0000000201000014000000970604005E
:105338006B0000002F000000090000009706040021
:105348006B000000360000000E000000CA1E0400BA
:10535800650000005700000028000000CA1E040075
:10536800650000005800000028000000CA1E040064
:105378006500000059000000290000004C050400E9
:1053880061000000840000001D0000004C050400BE
:10539800610000008E000000210000004C050400A0
:1053A800610000009D000000130000004C0504008F
:1053B800610000003B000000270000004C050400CD
:1053C8006100000030000000160000004C050400D9
:1053D8006100000030000000380000004C050400A7
:1053E8006100000072000000170000004C05040076
:1053F800610000005100000027000000FF070400C2
:1054080055000000520000000C000000FF070400D7
:10541800550000005200000012000000FF070400C1
:105428005500000053000000120000006D69642060
:105438003E206C656E000000471404004D0000001B
:10544800F20300001C000000471404004D00000097
:10545800F30300001C000000471404004D00000086
:10546800F703000020000000471404004D0000006E
:10547800F70300002B00000063616C6C656420601A
:10548800526573756C743A3A756E77726170282933
:1054980060206F6E20616E206045727260207661B8
:1054A8006C756500000000000800000004000000A2
:1054B80065680200351204005D000000E500000088
:1054C80054000000C50E04005E000000A1000000AA
:1054D8001A000000C50E04005E0000009A000000DB
:1054E8000900000053697A654572726F7200000006
:1054F800D10B0400610000004302000037000000E7
:10550800150604005E000000460400000D000000BF
:10551800537563636573734F75742D6F662D626180
:105528006E642064617461206E6F742061766169B5
:105538006C61626C6541757468656E7469636174E9
:10554800696F6E20726571756972656D656E7473C9
:10555800206E6F74206D6574436F6E6669726D207E
:1055680076616C756520646F6573206E6F74206D4D
:105578006174636844657669636520646F206E6F43
:105588007420737570706F72742070616972696EBF
:1055980067456E6372797074696F6E206B657920E8
:1055A80073697A65206973206E6F74206C6F6E67FB
:1055B80020656E6F756768536563757269747920C5
:1055C8006D616E616765722070726F746F636F6C66
:1055D80020636F6D6D616E64206E6F7420737570DB
:1055E800706F7274656450616972696E6720666174
:1055F800696C65642064756520746F20616E207520
:105608006E73706563696669656420726561736F3E
:105618006E50616972696E67206661696C656420A5
:1056280064756520746F20726570656174656420A7
:10563800617474656D7074734448206B6579206378
:105648006865636B2076616C756520646F6573208F
:105658006E6F74206D617463684E756D65726963F1
:1056680020636F6D70617269736F6E2076616C75FF
:10567800657320646F206E6F74206D617463685069
:10568800616972696E6720696E2070726F676573F1
:1056980073206F7665722042522F4544524C696ED2
:1056A8006B206B65792067656E65726174696F6ED2
:1056B800206661696C656444657669636520726516
:1056C8006A65637465642064697374726962757469
:1056D8006564206B65794465766963652069732024
:1056E8006E6F7420726561647920746F20706566CE
:1056F8006F726D2070616972696E67506169726955
:105708006E67205265717565737450616972696E50
:105718006720436F6E6669726D50616972696E6762
:105728002052616E646F6D50616972696E672046C0
:1057380061696C6564456E6372797074696F6E2017
:10574800496E666F726D6174696F6E43656E7472CF
:10575800616C204964656E74696669636174696F18
:105768006E4964656E7469747920496E666F726DEE
:105778006174696F6E4964656E74697479204164F7
:10578800647265737320496E666F726D6174696FB8
:105798006E5369676E696E6720496E666F726D61D8
:1057A80074696F6E50616972696E67205075626CBA
:1057B8006963204B657950616972696E6720444856
:1057C800204B657920436865636B4B65797072651A
:1057D8007373204E6F74696669636174696F6E00D4
:1057E8000F000000100000000F0000000E00000075
:1057F8000E00000016000000160000001400000053
:105808001C0000001300000010000000120000003F
:10581800140000001500000003570400884B040022
:1058280012570400215704002F5704003D57040065
:1058380053570400695704007D5704009957040022
:10584800584B0400AC570400BE570400D25704005C
:10585800000102020202020202020200000000002D
:105868000100000002000000020000000200000029
:105878000200000002000000020000000200000018
:105888000200000002000000060000000B000000FB
:1058980004000000E84D0400EE4D040064250400F7
:1058A80007000000200000001E0000002300000088
:1058B8001C0000001D000000260000002F00000052
:1058C8002B0000002700000020000000210000003D
:1058D800260000001E0000001A0000001F00000043
:1058E8002500000018550400274404001F55040033
:1058F8003D550400605504007C550400995504008A
:10590800BF550400EE55040019560400674404000E
:10591800405604006156040087560400A55604004A
:10592800BF560400DE560400E4090400000000002D
:10593800F94D040000000000FA4D0400FB4D04007E
:10594800FC4D0400FD4D0400FE4D0400FF4D040015
:10595800004E0400014E0400020000000400000094
:105968001000000000000000000203010003010015
:105978000000000003010003E0440867C9A7D852EB
:105988009DA268EFDC3BE3006173DB4B48283D0FC9
:105998004D30C59121C8225225FC73DF44296DEA98
:1059A8001BC85502550F4CA0A888E4EF97DCAC291A
:1059B800DE60A5808F152EBE73E6132BEE1185FCD5
:1059C80024ED03D1EE8DC5FFB8997EEA3A52221034
:1059D800178AFC4A39EA438F0B3DF3C5BC2D4E8F1D
:1059E8008116AAD0FA99C03BF19DFF79417BBBFF94
:1059F800C4578BD59DE00D18A5CDD18B52074356C2
:105A0800A5ED058E7F570718E99668959B699C094F
:105A1800B5EFF0F13D09D6831C0697ED7EF15AEFFC
:105A28003C4C0D03B877B93539942249A275FA81EF
:105A38005DD3B6A07020A2F5F11CF87465534C81B3
:105A48005B062001F7AF0BE3212613155612AE8033
:105A58008807A836CBB8D216CA0BC5EC9746D133FF
:105A680021DDAE17B0DFA91966F7C3EDC7BC3F52F9
:105A7800FD5ACFB2DDE64D9C6D9F0DCFE6A90553CB
:105A880021B0A9812F173958CF87C675DDA4A7CCB7
:105A98002FE24B843E9BD536E9531A11627ECECA5B
:105AA800A1F363F0D443C891DA12A80DF0E577BFEB
:105AB80076317F439CAF640E7D5107CFBB68D5DB41
:105AC800B93068BAA2FB1A2FA6C2C4E67C80B61504
:105AD800EF6A96E4BCEAC791E6B6B2D61BEA6D71E6
:105AE8004B5BF819D1438C242A5E314A60FDDC16E1
:105AF8000B3D2BC703D3FD15D5DFB742F4F90BE4F3
:105B08002A4F932DF38936670BF5A630B4BE14835C
:105B18004EC66E97BCF27AD1F1DDE71E4F6CF639AE
:105B28003C37EA688BE1687F86B1D053F2C1665191
:105B3800148FE57B01A6DD957430914256E35A0D2A
:105B4800B142A548271B49552A7310B365A69C4640
:105B5800C14C1A5F521D59293F984FB86B5B6FE7CC
:105B6800E1845F9F41EF7EBE89A1BA8096D400127E
:105B78002C33EF181F557663F5544E7CC0CBE5B92E
:105B8800340E41E1171A3AC5254445EC3091193EC7
:105B98002E9000177EC929B0B6236478116EE62DC1
:105BA800BE951AB414C92D2683B65104BD6A765120
:105BB800B16FBB85345FAD5579CB66901C4F4F07ED
:105BC8004EB9C830D61BB31AB37542D72F013F6DF3
:105BD80040CEDC9DB1D014A20A0565D174DFAE2495
:105BE8003EDCE5E0CE7EF195564422D9DA9CDA6AAD
:105BF800EA0ED62DD1B2AD1F9BFB0CE29130D8A393
:105C0800CBE076BA75C979AE6E8A85C888A5F2A543
:105C180068314A87F4A597E896F0487D40EFC1F6C9
:105C28002C135BC36B519C1FFD79C453910F04E186
:105C38004367F09D1F880E06510EA95272ADE00908
:105C4800960AC538A36EE6B77077997D05AD32AB75
:105C5800CB715644E2FFEA0C99CC375D3C75BEDF48
:105C6800D5A2FEE0CC68D095B67CD74DDACD371EEC
:105C780088065355BBA4C588F144770C33F0133418
:105C8800026781BC895CC023ACB592119AEE2223CD
:105C9800BB803137A036160C0702DEBDD4F3E20F05
:105CA800D87835C23A091A0EAD8E880CD1F0E506BF
:105CB80060B6A252A585A29C643992CE9569E7DAAE
:105CC80093794CA33A4996CCE7D973EA44519BD1CE
:105CD800346E1E3163C2A50443A4A2D92BB3B57D8B
:105CE8000C96FD2C33BD5437150F430A98CC5B0C2A
:105CF8007445A9D91F205156FE1804FC2189DDEBF3
:105D08003600E234395B013753A303DF8FCD4FCF21
:105D180016AB2CF1E1E62DDC14DF71D01ACC179C00
:105D280030554163A3E6C5D71EFBF368601630B54E
:105D380001932618C90BF7B50F1AEC79FDAE8D2D16
:105D4800979CB3CEFDD6BC3B951AF658FC5F57F529
:105D580020B4F7ADC486D9DBB79EF3151488AA81A1
:105D68006C978DB9F5FCE26E7D712FCF5D47655458
:105D7800D0BB6068C4D3248E01000000000000007E
:105D880000000000FFFFFFFFFFFFFFFFFFFFFFFF17
:105D9800FEFFFFFF00000000252627000102030385
:105DA8002804000090420000BE1100004C010000D1
:105DB800E80B00008604000001020303010203034C
:105DC80001010002070001020401000100000101B5
:105DD80000000100010000010001000000000000B7
:105DE800020B000001000B0002000A000500090078
:105DF8000A000800140007001E0006003200050013
:105E08004B0004006400030096000200FA00010041
:105E1800F40100000102030302030001F401FA0087
:105E2800960064004B0032001E0014000A000500B2
:105E3800020001000C0802170D0101020909010105
:105E48000602091818030101090983838503020161
:105E5800230202240910040405050B0B040B2B1B59
:105E68001B159A9A1C021D16130501490D150508E4
:105E7800061B1B0F01010000FEFEFEFEFEFEFEFEDD
:105E8800FEFEFEFEFEFEFEFEFEFEFEFEFE16FEFE12
:105E9800FEFEFEFEFEFEFEFEFEFE1F1FFE26FEFEB0
:105EA800FEFEFEFEFEFEFEFEFEFEFEFEFEFEFEFE0A
:105EB8003E3EFEFEFEFE3B3B60009006BE022C010D
:105EC800D012CE0528049042BE1164005006AE02DE
:105ED8007205DA43081300010202A301B103BF05EA
:105EE800EF024906A309C505F50B251201020303B4
:105EF8000102030301020401020303002804904283
:105F0800BE117205DA4308132C00D002CE010440FA
:105F1800100028049042BE112C00D002CE01B4001B
:105F2800500BEE0364005006AE02B400500BEE03B3
:105F38000102030328049042BE1128049042BE11B6
:105F480001020303000102020100000010110040D9
:105F58000000000000000000000000000000000039
:105F68000406080A0C0E10121416181C1E202224EF
:105F780026282A2C2E30323436383A3C3E404244C9
:105F880046484A4C4E021A50000000002800000003
:105F9800180000005001000050010000000000003F
:105FA800141E0000301100003C730000B45F0000B4
:105FB800B80BD0076C396C3900000000701700006E
:105FC800A00F00003C2800003C2800000000DC0571
:105FD800E803D417000000000000000000000000E3
:105FE80000000000141E00003011000060EA0000EC
:105FF80060EA000000002CA6E0A120A820A800006C
:10600800000000000000000000003408E803280A2F
:10601800280A00000000000000000000E3A3C300FD
:1060280001020005040008080000D8ECF0F4F8FCB0
:106038000002030405060708000000000000000035
:106048000000000000000000000000000101010144
:106058000202020203030303040404040505050500
:106068000606060809000000000000000000000005
:10607800000000000000000000010101010202020E
:1060880002030303030404040405050505060607C3
:1060980008090A0B0C0D00100200FA0000000000AD
:1060A800647261676F6F6E2F6C6962732F736368B8
:1060B80065642F7372632F73636865645F68616CCE
:0860C8005F7274632E63000097
:1060D0006465666D74000000534547474552205281
:1060E0005454000000000000010000000000000007
:1060F0000800002050A8002000040000000000005C
:106100000000000001000000FFFFFFFFFFFFFFFF96
:10611000000000000000000000000000000000007F
:10612000000000000000000011000000000000005E
:10613000000000000000000000000000000000005F
:10614000000000000000000000000000000000004F
:10615000000000000000000000000000000000003F
:10616000000000000000000000000000000000002F
:10617000000000000000000000000000000000001F
:10618000000000000000000000000000000000000F
:1061900000000000000000000000000000000000FF
:1061A00000000000000000000000000000000000EF
:1061B00000000000000000000000000000000000DF
:1061C00000000000000000000000000000000000CF
:1061D00000000000000000000000000000000000BF
:1061E00000000000000000000000000000000000AF
:1061F000000000000000000000000000000000009F
:10620000000000000000000000000000000000008E
:10621000000000000000000000000000000000007E
:10622000000000000000000000000000000000006E
:10623000000000000100000000000000000000005D
:10624000000000000000000000000000000000004E
:10625000000000000000000000000000000000003E
:10626000000000000000000000000000000000002E
:10627000000000000000000000000000000000001E
:10628000000000000000000000000000000000000E
:1062900000000000000000000000000000000000FE
:1062A00000000000000000000000000000000000EE
:1062B00000000000000000000000000000000000DE
:1062C00000000000000000000000000000000000CE
:1062D00000000000000000000000000000000000BE
:1062E00000000000000000000000000000000000AE
:1062F000000000000000000000000000000000009E
:10630000000000000000000000000000000000008D
:10631000000000000000000000000000000000007D
:10632000000000000000000000000000000000006D
:10633000010000000000000000000000000000005C
:10634000000000000000000000000000000000004D
:10635000000000000000000000000000000000003D
:10636000000000000000000000000000000000002D
:10637000000000000000000000000000000000001D
:10638000000000000000000000000000000000000D
:1063900000000000000000000000000000000000FD
:1063A00000000000000000000000000000000000ED
:1063B00000000000000000000000000000000000DD
:1063C00000000000000000000000000000000000CD
:1063D00000000000000000000000000000000000BD
:1063E00000000000000000000000000000000000AD
:1063F000000000000000000000000000000000009D
:10640000000000000000000000000000000000008C
:10641000000000000000000000000000000000007C
:10642000000000000000000000000000010000006B
:10643000000000000000000000000000000000005C
:10644000000000000000000000000000000000004C
:10645000000000000000000000000000000000003C
:10646000000000000000000000000000000000002C
:10647000000000000000000000000000000000001C
:10648000000000000000000000000000000000000C
:1064900000000000000000000000000000000000FC
:1064A00000000000000000000000000000000000EC
:1064B00000000000000000000000000000000000DC
:1064C00000000000000000000000000000000000CC
:1064D00000000000000000000000000000000000BC
:1064E00000000000000000000000000000000000AC
:1064F000000000000000000000000000000000009C
:10650000000000000000000000000000000000008B
:10651000000000000000000000000000000000007B
:10652000000000000000000001000000000000006A
:10653000000000000000000000000000000000005B
:10654000000000000000000000000000000000004B
:10655000000000000000000000000000000000003B
:10656000000000000000000000000000000000002B
:10657000000000000000000000000000000000001B
:10658000000000000000000000000000000000000B
:1065900000000000000000000000000000000000FB
:1065A00000000000000000000000000000000000EB
:1065B00000000000000000000000000000000000DB
:1065C00000000000000000000000000000000000CB
:1065D00000000000000000000000000000000000BB
:1065E00000000000000000000000000000000000AB
:1065F000000000000000000000000000000000009B
:10660000000000000000000000000000000000008A
:10661000000000000000000000000000000000007A
:106620000000000001000000000000000000000069
:10663000000000000000000000000000000000005A
:10664000000000000000000000000000000000004A
:10665000000000000000000000000000000000003A
:10666000000000000000000000000000000000002A
:10667000000000000000000000000000000000001A
:10668000000000000000000000000000000000000A
:1066900000000000000000000000000000000000FA
:1066A00000000000000000000000000000000000EA
:1066B00000000000000000000000000000000000DA
:1066C00000000000000000000000000000000000CA
:1066D00000000000000000000000000000000000BA
:1066E00000000000000000000000000000000000AA
:1066F000000000000000000000000000000000009A
:106700000000000000000000000000000000000089
:106710000000000000000000000000000000000079
:106720000100000000000000000000000000000068
:106730000000000000000000000000000000000059
:106740000000000000000000000000000000000049
:106750000000000000000000000000000000000039
:106760000000000000000000000000000000000029
:106770000000000000000000000000000000000019
:106780000000000000000000000000000000000009
:1067900000000000000000000000000000000000F9
:1067A00000000000000000000000000000000000E9
:1067B00000000000000000000000000000000000D9
:1067C00000000000000000000000000000000000C9
:1067D00000000000000000000000000000000000B9
:1067E00000000000000000000000000000000000A9
:1067F0000000000000000000000000000000000099
:106800000000000000000000000000000000000088
:106810000000000000000000000000000100000077
:106820000000000000000000000000000000000068
:106830000000000000000000000000000000000058
:106840000000000000000000000000000000000048
:106850000000000000000000000000000000000038
:106860000000000000000000000000000000000028
:106870000000000000000000000000000000000018
:106880000000000000000000000000000000000008
:1068900000000000000000000000000000000000F8
:1068A00000000000000000000000000000000000E8
:1068B00000000000000000000000000000000000D8
:1068C00000000000000000000000000000000000C8
:1068D00000000000000000000000000000000000B8
:1068E00000000000000000000000000000000000A8
:1068F0000000000000000000000000000000000098
:106900000000000000000000000000000000000087
:106910000000000000000000010000000000000076
:106920000000000000000000000000000000000067
:106930000000000000000000000000000000000057
:106940000000000000000000000000000000000047
:106950000000000000000000000000000000000037
:106960000000000000000000000000000000000027
:106970000000000000000000000000000000000017
:106980000000000000000000000000000000000007
:1069900000000000000000000000000000000000F7
:1069A00000000000000000000000000000000000E7
:1069B00000000000000000000000000000000000D7
:1069C00000000000000000000000000000000000C7
:1069D00000000000000000000000000000000000B7
:1069E00000000000000000000000000000000000A7
:1069F0000000000000000000000000000000000097
:106A00000000000000000000000000000000000086
:106A10000000000001000000000000000000000075
:106A20000000000000000000000000000000000066
:106A30000000000000000000000000000000000056
:106A40000000000000000000000000000000000046
:106A50000000000000000000000000000000000036
:106A60000000000000000000000000000000000026
:106A70000000000000000000000000000000000016
:106A80000000000000000000000000000000000006
:106A900000000000000000000000000000000000F6
:106AA00000000000000000000000000000000000E6
:106AB00000000000000000000000000000000000D6
:106AC00000000000000000000000000000000000C6
:106AD00000000000000000000000000000000000B6
:106AE00000000000000000000000000000000000A6
:106AF0000000000000000000000000000000000096
:106B00000000000000000000000000000000000085
:106B10000100000000000000000000000000000074
:106B20000000000000000000000000000000000065
:106B30000000000000000000000000000000000055
:106B40000000000000000000000000000000000045
:106B50000000000000000000000000000000000035
:106B60000000000000000000000000000000000025
:106B70000000000000000000000000000000000015
:106B80000000000000000000000000000000000005
:106B900000000000000000000000000000000000F5
:106BA00000000000000000000000000000000000E5
:106BB00000000000000000000000000000000000D5
:106BC00000000000000000000000000000000000C5
:106BD00000000000000000000000000000000000B5
:106BE00000000000000000000000000000000000A5
:106BF0000000000000000000000000000000000095
:106C00000000000000000000000000000100000083
:106C10000000000000000000000000000000000074
:106C20000000000000000000000000000000000064
:106C30000000000000000000000000000000000054
:106C40000000000000000000000000000000000044
:106C50000000000000000000000000000000000034
:106C60000000000000000000000000000000000024
:106C70000000000000000000000000000000000014
:106C80000000000000000000000000000000000004
:106C900000000000000000000000000000000000F4
:106CA00000000000000000000000000000000000E4
:106CB00000000000000000000000000000000000D4
:106CC00000000000000000000000000000000000C4
:106CD00000000000000000000000000000000000B4
:106CE00000000000000000000000000000000000A4
:106CF0000000000000000000000000000000000094
:106D00000000000000000000010000000000000082
:106D10000000000000000000000000000000000073
:106D20000000000000000000000000000000000063
:106D30000000000000000000000000000000000053
:106D40000000000000000000000000000000000043
:106D50000000000000000000000000000000000033
:106D60000000000000000000000000000000000023
:106D70000000000000000000000000000000000013
:106D80000000000000000000000000000000000003
:106D900000000000000000000000000000000000F3
:106DA00000000000000000000000000000000000E3
:106DB00000000000000000000000000000000000D3
:106DC00000000000000000000000000000000000C3
:106DD00000000000000000000000000000000000B3
:106DE00000000000000000000000000000000000A3
:106DF0000000000000000000000000000000000093
:106E00000000000001000000000000000000000081
:106E10000000000000000000000000000000000072
:106E20000000000000000000000000000000000062
:106E30000000000000000000000000000000000052
:106E40000000000000000000000000000000000042
:106E50000000000000000000000000000000000032
:106E60000000000000000000000000000000000022
:106E70000000000000000000000000000000000012
:106E80000000000000000000000000000000000002
:106E900000000000000000000000000000000000F2
:106EA00000000000000000000000000000000000E2
:106EB00000000000000000000000000000000000D2
:106EC00000000000000000000000000000000000C2
:106ED00000000000000000000000000000000000B2
:106EE00000000000000000000000000000000000A2
:106EF0000000000000000000000000000000000092
:106F00000100000000000000000000000000000080
:106F10000000000000000000000000000000000071
:106F20000000000000000000000000000000000061
:106F30000000000000000000000000000000000051
:106F40000000000000000000000000000000000041
:106F50000000000000000000000000000000000031
:106F60000000000000000000000000000000000021
:106F70000000000000000000000000000000000011
:106F80000000000000000000000000000000000001
:106F900000000000000000000000000000000000F1
:106FA00000000000000000000000000000000000E1
:106FB00000000000000000000000000000000000D1
:106FC00000000000000000000000000000000000C1
:106FD00000000000000000000000000000000000B1
:106FE00000000000000000000000000000000000A1
:106FF0000000000000000000000000000100000090
:107000000000000000000000000000000000000080
:107010000000000000000000000000000000000070
:107020000000000000000000000000000000000060
:107030000000000000000000000000000000000050
:107040000000000000000000000000000000000040
:107050000000000000000000000000000000000030
:107060000000000000000000000000000000000020
:107070000000000000000000000000000000000010
:107080000000000000000000000000000000000000
:1070900000000000000000000000000000000000F0
:1070A00000000000000000000000000000000000E0
:1070B00000000000000000000000000000000000D0
:1070C00000000000000000000000000000000000C0
:1070D00000000000000000000000000000000000B0
:1070E00000000000000000000000000000000000A0
:1070F000000000000000000001000000000000008F
:10710000000000000000000000000000000000007F
:10711000000000000000000000000000000000006F
:10712000000000000000000000000000000000005F
:10713000000000000000000000000000000000004F
:10714000000000000000000000000000000000003F
:10715000000000000000000000000000000000002F
:10716000000000000000000000000000000000001F
:10717000000000000000000000000000000000000F
:1071800000000000000000000000000000000000FF
:1071900000000000000000000000000000000000EF
:1071A00000000000000000000000000000000000DF
:1071B00000000000000000000000000000000000CF
:1071C00000000000000000000000000000000000BF
:1071D00000000000000000000000000000000000AF
:1071E000000000000000000000000000000000009F
:1071F000000000000100000000000000000000008E
:10720000000000000000000000000000000000007E
:10721000000000000000000000000000000000006E
:10722000000000000000000000000000000000005E
:10723000000000000000000000000000000000004E
:10724000000000000000000000000000000000003E
:10725000000000000000000000000000000000002E
:10726000000000000000000000000000000000001E
:10727000000000000000000000000000000000000E
:1072800000000000000000000000000000000000FE
:1072900000000000000000000000000000000000EE
:1072A00000000000000000000000000000000000DE
:1072B00000000000000000000000000000000000CE
:1072C00000000000000000000000000000000000BE
:1072D00000000000000000000000000000000000AE
:1072E000000000000000000000000000000000009E
:1072F000010000000000000000000000000000008D
:10730000000000000000000000000000000000007D
:10731000000000000000000000000000000000006D
:10732000000000000000000000000000000000005D
:10733000000000000000000000000000000000004D
:10734000000000000000000000000000000000003D
:10735000000000000000000000000000000000002D
:10736000000000000000000000000000000000001D
:10737000000000000000000000000000000000000D
:1073800000000000000000000000000000000000FD
:1073900000000000000000000000000000000000ED
:1073A00000000000000000000000000000000000DD
:1073B00000000000000000000000000000000000CD
:1073C00000000000000000000000000000000000BD
:1073D00000000000000000000000000000000000AD
:1073E000000000000000000000000000010000009C
:1073F000000000000000000000000000000000008D
:10740000000000000000000000000000000000007C
:10741000000000000000000000000000000000006C
:10742000000000000000000000000000000000005C
:10743000000000000000000000000000000000004C
:10744000000000000000000000000000000000003C
:10745000000000000000000000000000000000002C
:10746000000000000000000000000000000000001C
:10747000000000000000000000000000000000000C
:1074800000000000000000000000000000000000FC
:1074900000000000000000000000000000000000EC
:1074A00000000000000000000000000000000000DC
:1074B00000000000000000000000000000000000CC
:1074C00000000000000000000000000000000000BC
:1074D00000000000000000000000000000000000AC
:1074E000000000000000000001000000000000009B
:1074F000000000000000000000000000000000008C
:10750000000000000000000000000000000000007B
:10751000000000000000000000000000000000006B
:10752000000000000000000000000000000000005B
:10753000000000000000000000000000000000004B
:10754000000000000000000000000000000000003B
:10755000000000000000000000000000000000002B
:10756000000000000000000000000000000000001B
:10757000000000000000000000000000000000000B
:1075800000000000000000000000000000000000FB
:1075900000000000000000000000000000000000EB
:1075A00000000000000000000000000000000000DB
:1075B00000000000000000000000000000000000CB
:1075C00000000000000000000000000000000000BB
:1075D00000000000000000000000000000000000AB
:1075E000000000000100000000000000000000009A
:1075F000000000000000000000000000000000008B
:10760000000000000000000000000000000000007A
:10761000000000000000000000000000000000006A
:10762000000000000000000000000000000000005A
:10763000000000000000000000000000000000004A
:10764000000000000000000000000000000000003A
:10765000000000000000000000000000000000002A
:10766000000000000000000000000000000000001A
:10767000000000000000000000000000000000000A
:1076800000000000000000000000000000000000FA
:1076900000000000000000000000000000000000EA
:1076A00000000000000000000000000000000000DA
:1076B00000000000000000000000000000000000CA
:1076C00000000000000000000000000000000000BA
:1076D00000000000000000000000000000000000AA
:1076E0000100000000000000000000000000000099
:1076F000000000000000000000000000000000008A
:107700000000000000000000000000000000000079
:107710000000000000000000000000000000000069
:107720000000000000000000000000000000000059
:107730000000000000000000000000000000000049
:107740000000000000000000000000000000000039
:107750000000000000000000000000000000000029
:107760000000000000000000000000000000000019
:107770000000000000000000000000000000000009
:1077800000000000000000000000000000000000F9
:1077900000000000000000000000000000000000E9
:1077A00000000000000000000000000000000000D9
:1077B00000000000000000000000000000000000C9
:1077C00000000000000000000000000000000000B9
:1077D00000000000000000000000000001000000A8
:1077E0000000000000000000000000000000000099
:1077F0000000000000000000000000000000000089
:107800000000000000000000000000000000000078
:107810000000000000000000000000000000000068
:107820000000000000000000000000000000000058
:107830000000000000000000000000000000000048
:107840000000000000000000000000000000000038
:107850000000000000000000000000000000000028
:107860000000000000000000000000000000000018
:107870000000000000000000000000000000000008
:1078800000000000000000000000000000000000F8
:1078900000000000000000000000000000000000E8
:1078A00000000000000000000000000000000000D8
:1078B00000000000000000000000000000000000C8
:1078C00000000000000000000000000000000000B8
:1078D00000000000000000000100000000000000A7
:1078E0000000000000000000000000000000000098
:1078F0000000000000000000000000000000000088
:107900000000000000000000000000000000000077
:107910000000000000000000000000000000000067
:107920000000000000000000000000000000000057
:107930000000000000000000000000000000000047
:107940000000000000000000000000000000000037
:107950000000000000000000000000000000000027
:107960000000000000000000000000000000000017
:107970000000000000000000000000000000000007
:1079800000000000000000000000000000000000F7
:1079900000000000000000000000000000000000E7
:1079A00000000000000000000000000000000000D7
:1079B00000000000000000000000000000000000C7
:1079C00000000000000000000000000000000000B7
:1079D00000000000010000000000000000000000A6
:1079E0000000000000000000000000000000000097
:1079F0000000000000000000000000000000000087
:107A00000000000000000000000000000000000076
:107A10000000000000000000000000000000000066
:107A20000000000000000000000000000000000056
:107A30000000000000000000000000000000000046
:107A40000000000000000000000000000000000036
:107A50000000000000000000000000000000000026
:107A60000000000000000000000000000000000016
:107A70000000000000000000000000000000000006
:107A800000000000000000000000000000000000F6
:107A900000000000000000000000000000000000E6
:107AA00000000000000000000000000000000000D6
:107AB00000000000000000000000000000000000C6
:107AC00000000000000000000000000000000000B6
:107AD00001000000000000000000000000000000A5
:107AE0000000000000000000000000000000000096
:107AF0000000000000000000000000000000000086
:107B00000000000000000000000000000000000075
:107B10000000000000000000000000000000000065
:107B20000000000000000000000000000000000055
:107B30000000000000000000000000000000000045
:107B40000000000000000000000000000000000035
:107B50000000000000000000000000000000000025
:107B60000000000000000000000000000000000015
:107B70000000000000000000000000000000000005
:107B800000000000000000000000000000000000F5
:107B900000000000000000000000000000000000E5
:107BA00000000000000000000000000000000000D5
:107BB00000000000000000000000000000000000C5
:107BC00000000000000000000000000001000000B4
:107BD00000000000000000000000000000000000A5
:107BE0000000000000000000000000000000000095
:107BF0000000000000000000000000000000000085
:107C00000000000000000000000000000000000074
:107C10000000000000000000000000000000000064
:107C20000000000000000000000000000000000054
:107C30000000000000000000000000000000000044
:107C40000000000000000000000000000000000034
:107C50000000000000000000000000000000000024
:107C60000000000000000000000000000000000014
:107C70000000000000000000000000000000000004
:107C800000000000000000000000000000000000F4
:107C900000000000000000000000000000000000E4
:107CA00000000000000000000000000000000000D4
:107CB00000000000000000000000000000000000C4
:107CC00000000000000000000100000000000000B3
:107CD00000000000000000000000000000000000A4
:107CE0000000000000000000000000000000000094
:107CF0000000000000000000000000000000000084
:107D00000000000000000000000000000000000073
:107D10000000000000000000000000000000000063
:107D20000000000000000000000000000000000053
:107D30000000000000000000000000000000000043
:107D40000000000000000000000000000000000033
:107D50000000000000000000000000000000000023
:107D60000000000000000000000000000000000013
:107D70000000000000000000000000000000000003
:107D800000000000000000000000000000000000F3
:107D900000000000000000000000000000000000E3
:107DA00000000000000000000000000000000000D3
:107DB00000000000000000000000000000000000C3
:107DC00000000000010000000000000000000000B2
:107DD00000000000000000000000000000000000A3
:107DE0000000000000000000000000000000000093
:107DF0000000000000000000000000000000000083
:107E00000000000000000000000000000000000072
:107E10000000000000000000000000000000000062
:107E20000000000000000000000000000000000052
:107E30000000000000000000000000000000000042
:107E40000000000000000000000000000000000032
:107E50000000000000000000000000000000000022
:107E60000000000000000000000000000000000012
:107E70000000000000000000000000000000000002
:107E800000000000000000000000000000000000F2
:107E900000000000000000000000000000000000E2
:107EA00000000000000000000000000000000000D2
:107EB00000000000000000000000000000000000C2
:107EC00001000000000000000000000000000000B1
:107ED00000000000000000000000000000000000A2
:107EE0000000000000000000000000000000000092
:107EF0000000000000000000000000000000000082
:107F00000000000000000000000000000000000071
:107F10000000000000000000000000000000000061
:107F20000000000000000000000000000000000051
:107F30000000000000000000000000000000000041
:107F40000000000000000000000000000000000031
:107F50000000000000000000000000000000000021
:107F60000000000000000000000000000000000011
:107F70000000000000000000000000000000000001
:107F800000000000000000000000000000000000F1
:107F900000000000000000000000000000000000E1
:107FA00000000000000000000000000000000000D1
:107FB00000000000000000000000000001000000C0
:107FC00000000000000000000000000000000000B1
:107FD00000000000000000000000000000000000A1
:107FE0000000000000000000000000000000000091
:107FF0000000000000000000000000000000000081
:108000000000000000000000000000000000000070
:108010000000000000000000000000000000000060
:108020000000000000000000000000000000000050
:108030000000000000000000000000000000000040
:108040000000000000000000000000000000000030
:108050000000000000000000000000000000000020
:108060000000000000000000000000000000000010
:108070000000000000000000000000000000000000
:1080800000000000000000000000000000000000F0
:1080900000000000000000000000000000000000E0
:1080A00000000000000000000000000000000000D0
:1080B00000000000000000000100000000000000BF
:1080C00000000000000000000000000000000000B0
:1080D00000000000000000000000000000000000A0
:1080E0000000000000000000000000000000000090
:1080F0000000000000000000000000000000000080
:10810000000000000000000000000000000000006F
:10811000000000000000000000000000000000005F
:10812000000000000000000000000000000000004F
:10813000000000000000000000000000000000003F
:10814000000000000000000000000000000000002F
:10815000000000000000000000000000000000001F
:10816000000000000000000000000000000000000F
:1081700000000000000000000000000000000000FF
:1081800000000000000000000000000000000000EF
:1081900000000000000000000000000000000000DF
:1081A00000000000000000000000000000000000CF
:1081B00000000000000200000000000000000000BD
:1081C00000000000000000000000000004000000AB
:1081D000000000000000000000000000000000009F
:1081E00000000000010100000000000030750000E8
:1081F000000000000000000000000000000000007F
:10820000FFFFFFFFFF1F00001F0000000000000035
:108210007FFE0000E40700001D4000000000000099
:108220000000000000000000FFFFFFFF1FFF1B0019
:10823000BAABBABA10101010A0354D00FF00000004
:10824000C4090000000000000080004000000000A1
:10825000000000000C0000000000000000FF7F0094
:10826000000000006318030000000000371803003E
:1082700000000000CF180300000000009918030060
:1082800000000000B118030000000000FF00000023
:0C8290003CEF03000100000080F0030040
:0400000300001101E7
:00000001FF
