:1010000008FC03200111000065040200DDBA0300A2
:10101000650402006504020065040200000000008F
:101020000000000000000000000000006504020055
:10103000650402000000000065040200650402006F
:1010400059110000C111000065040200650402008E
:1010500065040200650402003D090200451200001B
:1010600091120000650402006504020039120000BC
:1010700065040200CD110000650402006504020051
:1010800065040200150A02006504020065040200FE
:10109000AD11000065040200650402006504020051
:1010A0006504020065040200650402006504020094
:1010B000650402006504020000000000000000005A
:1010C0006504020065040200650402006504020074
:1010D0006504020065040200650402009D12000020
:1010E00065040200650402006504020000000000BF
:1010F000000000006504020000000000650402001A
:101100001FF0B3F90E480F490022814201D004C0FC
:10111000FBE70D480D490E4A814202D008CA08C0BB
:10112000FAE70C484FF47001026842EA01020260DB
:10113000BFF34F8FBFF36F8F1CF040FB00DE00004A
:10114000E0210020807B002008000020DC2100201E
:10115000C02E040088ED00E0B0B502AF35F0A6FF68
:10116000104C206828B1002020600F481C301FF070
:1011700015FE606850B10C4D0020606005F11C0048
:101180001FF00CFE05F114001FF008FEA06838B136
:101190000020A06004481430BDE8B0401FF0FEBD40
:1011A000B0BD00BF1C010040706A002080B56F46D2
:1011B0000248BDE880401FF0F1BD00BFCC5E0020BA
:1011C00080B56F46BDE8804037F002BBF0B503AF95
:1011D0004DF804BD154E0020306020F003FC144D86
:1011E0000446E86BF0B94FF0FF30E863A86C78B1C3
:1011F000E96C88420CD0D6F808140170D5E91201C8
:101200000130A864884204BF05F140001FF09AFD38
:10121000E86B0130E86320465DF804BBBDE8F040B0
:1012200020F016BC03481FF005F800BF00D10040B5
:10123000706A0020F40F040080B56F46BDE880405E
:1012400038F062B9D0B502AF0F4C206930B1102030
:10125000C4F808020D482C301FF0A0FD606830B1C2
:101260000220C4F8080209482C301FF097FD2068BE
:1012700040B10120C4F8080204482C30BDE8D04039
:101280001FF08CBDD0BD00BF00710040706A00200F
:1012900080B56F46BDE8804037F08EBAF0B503AF39
:1012A0002DE9800F3A4D286858B13A4C0120C5F815
:1012B000080204F11C001FF071FD04F124001FF06E
:1012C0006DFDE86D38B14FF40000C5F808023148F3
:1012D00024301FF063FDA86A38B14FF48060C5F870
:1012E00008022C4824301FF059FDA86D28B10020B9
:1012F000A86528481C301FF051FD286EE8B3002077
:101300002866D5F86CA32348C5F86CA3BFF35F8F9C
:1013100050E8031F41EA0A0140E80312002AF7D10E
:10132000DFF880804FF0000BDFF870900126BFF3EC
:101330005F8F5FEACB7020D13546072E1DD82E4631
:101340002AFA05F418BF0136E00707D0681E0828FE
:1013500015D209EBC00038301FF020FDE81FB0FAAD
:1013600080F04FEA501BE003E3D5681E082808D23E
:1013700008EBC0001FF012FDDBE724F0C2BF064AF5
:1013800000E0074A4FF0FF3008211EF0D1FA00BFFD
:1013900000710240706A00208CEE0300D86A0020C1
:1013A0009CEE0300CC5C002080B56F468A689301F8
:1013B00005D4520108D4BDE880401EF072BC00681C
:1013C000BDE880401EF0A3BF0068BDE880401FF06C
:1013D00023B8D0B502AF0446083019F066FD0128E5
:1013E00008D1D4E900021144B1FBF0F202FB101164
:1013F0000120D0BD0020D0BDB0B502AF24F056FD15
:10140000C0B2102805D120462946BDE8B0401CF0E6
:10141000EDB80220B0BDB0B502AF24F047FDC0B2B8
:10142000102805D1D5E90101884201D024F0D4BCAF
:101430000220B0BDB0B502AF24F038FDC0B2102814
:1014400005D120462946BDE8B0401CF0A3B90220D2
:10145000B0BDB0B502AF24F029FDC0B2102808D14C
:10146000284621461BF078FAC0B2102818BF022087
:10147000B0BD0220B0BDB0B502AF24F017FDC0B2C0
:10148000102805D1D5E90101884201D024F0A4BC7F
:101490000220B0BDE0B502AF4FF0FF300190002058
:1014A0000090684613F00AFEF0B503AF2DE9000F77
:1014B000ADF5C75D81B006AA00F5935A02F58A52D0
:1014C000894642F2E0212F92421843F2604100EB3C
:1014D000010B34909AF87E03CC4CCDF8C0A0329228
:1014E000CDE9359BDFE810F0060035068A1A970033
:1014F0007A0068000020CAF87A03DAF87003CAF8A4
:10150000180020F06FFADFF808A39AF80610C90750
:1015100040F0228601218AF8061020F099FABD4D8C
:10152000BD49BE4ED5F8A4030860D5F8A8034860AD
:10153000D5F8AC038860D5F8B003C860D5F8B4031B
:101540000861D5F8B8034861D5F8BC030862D5F83E
:10155000C0034862D5F8C4038862D5F8C803C862DE
:10156000D5F8CC030863D5F8D0034863D5F8D40385
:101570000864D5F8D8034864D5F8DC038864D5F846
:10158000E003C864D5F8E4030865D5F8A400A44CCA
:10159000DDF8D0B0C0F30720452856D9301D5A21B8
:1015A0004FF05A081FF014FBC0B2C4F84080B0FAE4
:1015B00080F04FEA50184AE0594651F8100F2A912E
:1015C000496880F003020A430AF57A722E922FD1FD
:1015D0004FF001080AF57A7001F059BF0AF5607002
:1015E0002E909AF8140B0AF6143638B3032840F0FC
:1015F000EE859AF8F6070AF2F6713191DFE810F0FD
:101600000600EA05FE190F0378032804DAF8EC97C0
:10161000DAF8F017B9E29AF884030AF5617600283F
:1016200000F05D82032800F062827E481EF09FFE7B
:10163000084300F0F683012000F0B1BFDAF8089B00
:10164000DAF80C1BDAF8100B8FE24FF0000805F502
:101650008D5012211FF0BCFA054630461221B146CA
:101660001FF0B6FAE9B231B1C0B2B0FA80F0400969
:1016700048EA000600E0012609F1080000210122E5
:101680001FF0AEFA054609F58070052107221FF00C
:10169000A7FA002E40F06385E9B2002900F05F85CB
:1016A000C0B2002800F05B850BF59350002100F2DA
:1016B0007A395D482160012221505C4962502158ED
:1016C0000029FCD05A4A012000214FF0FF33A066C8
:1016D0002066082906D054580431C4F82405C4F8FB
:1016E0002035F6E753494FF0000C534B4FF0010EF5
:1016F0004FF000480024082C15D00D192D7905F065
:101700001F02C5F340160EFA02F203EB8600C0F882
:101710008021581980F800C343F82620085908345E
:10172000C0F80483E7E745484FF40001444A816468
:101730004449C1F8042301228A600A600168002933
:10174000FCD1414E00203C4C4FF4003130742160FC
:1017500001218DF8E2004FF4FA70ADF8E0000220AC
:101760008DF8DE004FF48050ADF8DC003748603073
:10177000D0E84F2F002A40F0DC84C0E8421F002A46
:10178000F6D180254FF48010314ABFF35F8FF57496
:101790001421C4F8800137A838F0F6FA002800F1C7
:1017A000E084002001213070B072F071274884F885
:1017B0000053012538F019F9002800F1D484DAE843
:1017C0004F0F002840F0B584CAE8405F0028F6D1EA
:1017D0000BF59351BFF35F8F0AF1010040F2011244
:1017E000C86100201B49382800F0C2840C1838302A
:1017F00004F1180353E8005F25B943E80025002DE4
:10180000F8D12BE0BFF32F8FEDE700BF047300404A
:10181000706A00206000001020C500400412001013
:1018200018050040D0D80300ECFBFFFFF0FAFFFFE3
:10183000B0EB0300D0EB030000E100E00415014031
:10184000020008000010014001E400E0685C002094
:10185000A5170200D86A00205D5001005FF808005B
:10186000606204F1280013F01FFC0BF59350214631
:1018700080691FF03CF8F3480124F3490460C0F884
:1018800004434FF40050C1F8800108600AF13C01A4
:10189000EE4800F52E60CBE90010ED4826F096FEEC
:1018A000B0F1FF3F40F36D8426F0EEFF26F0F8FF25
:1018B00027F002F827F004F827F000F80DF5CF61C3
:1018C00002208DF8784620F00BF9002840F02F8494
:1018D00040F203300DF5CF61ADF87C064FF0FB1000
:1018E000CDF87806032020F0FBF8002840F01F8494
:1018F00000200021002226F0B1FE0446002800F15D
:101900005E8441F25920844280F03E840BF1080845
:10191000BFF35F8F5AE8040F002840F040844AE884
:1019200004B00028F6D101200028CDF8CC9000F0BA
:101930003B840DF5CF69C748CDF87806484628F0B6
:10194000CBF8B0F1FF3F40F3F283C348414626F0A5
:1019500059FFB0F1FF3F40F32A840BF59350022169
:1019600000254FF001080171BC490575058105602E
:101970008A4680F87D834FF4004008602F20DFF80E
:10198000E0B28DF878064846D847B64E4FF08070E2
:10199000706018208DF878060DF5CF60D8474FF4A9
:1019A00080000DF5CF64706016208DF87806204613
:1019B000D8474020CAF8000026208DF8F80B0DF615
:1019C000F830D847A848CDF8780602208DF8F80BF3
:1019D0000DF6F830DFF894A2D0471D208DF8F80BF3
:1019E0000DF6F830D04709208DF8F80B0DF6F830D9
:1019F000D04720208DF8F80B0DF6F830D0470B209B
:101A00008DF8F80B0DF6F830D04724208DF8F80B40
:101A10000DF6F830D047914A042D0BD019F8050087
:101A2000114624F005FE38BF311D013508FA00F0DB
:101A30000860F1E7349942F20302DDF8780601F517
:101A4000935A8B49CAF8200040F20110AAF87B0390
:101A500042F20B40AAF878038648CAF87403602063
:101A600088710120844908600220C1F8F00000203C
:101A7000C1F8F4001031DDF8D490ADF87C264FF4B5
:101A80000032CDF87826062818D022185379157917
:101A90000D60202B1ABF4B604FF480130023255C90
:101AA0000630967843EA05335578D27843EA022225
:101AB00042EA06422A438A601031E4E76F4C0AF595
:101AC000617661496E4860608020C1F880010860DD
:101AD00000203399CAE9E01001208AF87A036948A6
:101AE0000021215010202060012167482150D9F8A1
:101AF0000000D0E900125FF8E8022C301FF06CF90A
:101B000060482158002900F002814F4D4FF0000835
:101B100044F8008001244FF480768AF88443DAF890
:101B20001C90C5F88060BFF34F8FBFF36F8F1FF01D
:101B300003FC564890F84010012900F00783016823
:101B40000AF5607280F840400131016006204FF4D0
:101B500020212E608AF8148B0AF61436CAF8089BE6
:101B6000CAF80C1BCAF8100B2E920022CAF8001BF0
:101B7000CAF8040B0AF530610AF2F6708AF8F62703
:101B8000CAF8EC97CAF8F01731900020CAF8909480
:101B9000CAF89414AAF8F4070A79012A40F2D0820C
:101BA00008683396002808BF4FF4C020030540F0B2
:101BB000CA825446C4F8981400EB0231CAE9E00125
:101BC00013F0FEFC8346D4F898040D460DF5CF685B
:101BD0000179404616F040FC0120414684F8F507A3
:101BE00041F2FC60349C4FF40772261824F004FD87
:101BF00041F6241040F221112044CAF8B896CAF8E0
:101C0000BCB6CAF8C05639F0FCFCCAF8FC67002024
:101C1000DDF8D490339E8AF8D009CAF8F807D9F8CD
:101C2000002006A80AF5FF6400F58A50214616F048
:101C300087FE0DF5805090F85801112828D1032017
:101C4000C2E000BF04D0004000E100E020C5004039
:101C5000F51A020075BA01009D1A02000C08005026
:101C60007D790000080500502F18162659790000CC
:101C700001E400E0021D09200075004004730040EB
:101C8000FFFF3F000CFEFFFF08FDFFFF5800002094
:101C900006A80AF5627500F58A514FF48472284649
:101CA00039F086FB204618F02BFCDAF894044179D1
:101CB00051B9297841B9DAF88C13C84A914203D155
:101CC000807940F264418BE001200AF5FD62AAF8B8
:101CD000F40700208AF84808DAF8B806CAF8E807D6
:101CE000DAE9E001CAF8F827CAF8FC07CAF80018D0
:101CF000DDF8D0B041F65820D9F800100BEB000405
:101D000020461AF0C7FA042803D104205CE003201F
:101D10005DE0204618F007FC0020DAF8E8978AF822
:101D2000F407DAE9E00113F04BFC82460BF593501F
:101D300033960E46D0F898040DF5CF6801794046E9
:101D400016F08AFB0BF5935101204FF4077281F8CE
:101D5000F50741F2FC600BEB00054146284638F0E0
:101D6000D5FD0BF593500DF6F8322946C0F8B8961C
:101D70000BF59350DDF8D490C0F8BCA60BF5935A40
:101D80000020CAF8C0660DF5CF668DF8F80B9348B1
:101D9000CDF8FC0B304616F08DFB314620464FF453
:101DA0004272339E39F004FB41F658200BEB0004DD
:101DB000D9F800200DF6F830214616F08FFCDDF83A
:101DC000F80B092806D10520319908700420032159
:101DD000317008E2204618F073FB002040F2744195
:101DE0002E9D4FF4527268543498DAF89C4400F5F2
:101DF000B85139A838F08AFD4FF48070022CAAF847
:101E0000F507E3D095F8761405F58F6005293CD0E9
:101E1000DDF8D8B0042935D0032940D118F070FB83
:101E20003AE0594611F8200F2791002800F0588118
:101E3000032810D1584610F8381F2D901038DFE8CD
:101E400011F00500CC01DD150E0255010068D1E14D
:101E5000DDF8D0B0A8E7594611F8300F3391DFE82C
:101E600010F054041305CD15F00505009BF844004F
:101E7000002800F05681032840F00E85DBF83C6016
:101E800000F027BD18F04FFB03E018F019FBDDF858
:101E9000D8B0002085F87404002085F875045146F8
:101EA000012041F8244F4FF45272339181F8F00A27
:101EB00041F288203499084439A938F027FD0DF5FE
:101EC000CF6900200021302906D009EB010249F832
:101ED000010008315060F6E70DF22C4049463022EF
:101EE00039F089FBDAF8200000210022AAF87B13E0
:101EF000062A03D049F822100132F9E7349C41F256
:101F0000D45141F23463CAF89803E018625821446E
:101F1000E25030228988818041F2FC5020440DF249
:101F20002C4139F068FBCC462E999CE87D007DC1A0
:101F3000002000218AF8DA03CAE9F3008AF87A035C
:101F4000022903D029F811000131F9E700204FF4EC
:101F5000C021CBF8C005CBF8C4058BF8EA05ABF877
:101F6000E805CBF8D405CBF8D805CBF8DC05022082
:101F7000CBF8D0154FF4FA618AF8E40340F6F62066
:101F8000CAE9F7101649DDF87826164BCBF8E0259C
:101F9000CBF8E435D1F8FC00C007134809D1012281
:101FA0004FF4A02382600A600360104B4260CA5065
:101FB00024E0816801F00901012906D10168B1F529
:101FC000A02F04BF4168012918D00948A7F12102B8
:101FD000009012210748084B1EF07BF970E4072A95
:101FE000040301400100000104050140FCFCFFFF67
:101FF00008130400F4120400281304000BF5BE6E4D
:10200000DD4C0BF5B8613191C0F8FC4000204FF475
:1020100020348BF8F805CEE900400AF57773D74CE9
:102020008AF87D03D4F804A0D4F80090DDF8D080BD
:1020300008F5935108F59356C1F8700408F59351CB
:10204000C1F8740408F59351C1F8E80308F59351F9
:10205000C1F8EC0308F5935181F86C0408F593512D
:10206000C1F8683441F2D86308EB030B96E83E10E0
:102070008BE83E104AF4404108F5935ADDF8D8B099
:10208000ABF808103399CBF878123199CBF8E810F7
:102090002E99CBF80490CBF818105946DDF8D4905F
:1020A00001F8200F2791594641F8100FCBF89805F9
:1020B000CBF89C05CBE95800CBF814008BF8B80599
:1020C000CBF8B0E58BF880028BF8F000CBE9380054
:1020D0008BF80A00CBF800000AF57A702A912E904E
:1020E000DBF81800CBF81C0000F04ABC594611F888
:1020F000DC0FA1F1A006289188B1032870D15946C0
:1021000011F8D80FA1F194042C9170B129940328EF
:10211000349C2B9600F0A48199481EF028F9306871
:1021200023E1DBF8380000F0D0BB20686AE1044608
:1021300045E094487921944ABFF32F8F1CF086FD27
:10214000924800F02DBC924800F02ABC914800F063
:1021500027BC91481EF00BF9904800F021BC1EF0FE
:102160006DFD044602E0044637F09EFD8C4827E0F2
:102170008C48A7F1210200902B218B488B4B1EF03D
:10218000A8F800EAE0741AE089481EF00DFA20462B
:102190001EF0FCF91EF0F0FA6FF015040FE00020BD
:1021A000BFF32F8FFFF7C0BB824800F0F9BB044696
:1021B00026F058FB0020BFF35F8FCAF810007E485E
:1021C0001EF0F2F920461FF021FA00F0EDBB7B482B
:1021D0001EF0CDF87A481EF0CAF87A481EF0C7F80B
:1021E00079481EF0C4F88AF87E030DF5C75D01B08A
:1021F00023F02CBECBF82C00C16C0422CBF830109D
:10220000006DCBE91012CBF83400349943F2A040B2
:10221000084418F04AFE012840F098800329CBF8C2
:102220003C1011D8DBF82C00012208446749007EDD
:1022300001F5407124F0FCF93CBF40F20851C5F2B1
:10224000000102FA00F008600DF5CF60012224F0D1
:10225000CEF823F016FDCBE912128BF8500034991A
:1022600043F2A84023F0A9FD002840F0A982574876
:10227000594600254FF07D0982465548804651F861
:10228000300F3391C968814208BFDBF834501C20FD
:1022900000EBC50B052D3FD8369B08F10402D86A28
:1022A000411991F85410202938BF0AF10802126828
:1022B000DC6B042C80F0B98200EB4406204401F072
:1022C0001F0110F8250022FA01F101F001018142FD
:1022D00012D01EF019FCA0FB090201FB0921000B22
:1022E00040EA015001040AD036F80B1029B1401A17
:1022F00080B2132803D9CBE1002026F80B003698D2
:10230000C06A011911F8251011B1012180F85A1085
:1023100001350BF1080BBDE7DDF8D8B0DBF83C0068
:1023200003280DD8DBF82C100844007E24F080F937
:1023300038BF0AF10408012101FA00F0C8F80000D2
:102340003498DDF8D49000F5935A5EE7DBF82C0062
:1023500090F85A10002940F091815E46002146F81D
:102360003C0F324602F8A01F2892184A0021CBF8F1
:1023700040001830012339E03546526E60000010ED
:10238000A0D8030010D903004CD903003D00000081
:102390003E0000001A00000088D70300150000006E
:1023A0001100000098D703002422040060EB030012
:1023B0001B0000001C00000010000000C4EA030025
:1023C000D4EA0300A8D7030090D803000805005002
:1023D0000C080050445C1546202C04F01F0428BF54
:1023E00005F54075013103FA04F42C600429F1D19C
:1023F000DBF840005C4644F8440F0021224602F816
:10240000941F2C920DF6F83100220023062B03D0E6
:1024100041F823200133F9E754300022062A04D082
:10242000831841F822300132F8E70DF6F8300DF547
:10243000CF620021002329942B96242B07D010C8AB
:1024400042F8234002EB830406332175F5E7349C00
:1024500043F2A8400DF5CF619022204438F056FA9F
:1024600043F2B44004EB000E43F2A840002620449F
:1024700000243190902E00F083800EEB060AAAF122
:102480000C019AF80800D8B1032840F0D88131989F
:10249000D3461BF8042FAAF108013044CAB1032A1D
:1024A00040F0D0815446AAF1040914F8012F002A03
:1024B0005DD0032A40F0E4811EF8068033912BE0C2
:1024C000D346086851460BF8044F41F8080D339184
:1024D00004E0021D00F1100B08683392D1464EF85B
:1024E00006400AF1010449F8040DD8490278A1F523
:1024F0000271202A02F01F0238BF4FF0A0410225CE
:1025000001EB8201D1F8002765F31142C1F80027E1
:1025100090F800800EF80680B8F1300F80F08A81C4
:1025200035997546CA48096800EBC800D1E9001220
:102530001EF052FCC54808F01F01B8F1200FA0F5AD
:10254000027038BF4FF0A04000EB8100D0F80007C8
:1025500010F4403F50D0032018362070AE468BF860
:10256000000000248AF80800DDF8D8B082E700F106
:10257000080200F10D04D9F8000091463391B4E748
:102580002C9903200870289908700420349901F5CB
:10259000935A2D99087003202799087000202D90D8
:1025A000DBE93801084318BF01202C9040F0048279
:1025B0009BF8F000002800F0BB80032840F0BD80AD
:1025C0009BF81C010BF1F8090BF58E76002800F042
:1025D000CD80032840F05C819BF800010BF58078EA
:1025E000DFE810F0070062010C1275021D0468029A
:1025F000C002D9F8000043E2AAF10C000C301EF032
:102600003FFB01264846267017F024FF33988BF8CD
:10261000006017F02AFF31988AF8086018F049F92D
:10262000DDF8D8B029988BF8D86018F076FADBF886
:1026300040000021349B874A1830DDF8D49003F520
:10264000935A824D04290BD0435C1446202B03F08F
:102650001F0338BF2C1D013106FA03F32360F1E795
:102660002899012008702B9991F8A000032804BF35
:1026700001F1080018F051FADBF82C00002180F875
:102680005A10DBF82C00C0E91311DBF82C00B3E57D
:10269000002026F80B00DDF8D8B0DBF82C1001EB99
:1026A00085010A5D82F001020A55DBF82C10DBF887
:1026B0003C20C1E913250121DBF82C2082F85A10B7
:1026C000DBF83C20032A0DD8DBF82C301A44127EAC
:1026D000202A02F01F0238BF0AF1040801FA02F2B0
:1026E000C8F80020DBF82C20DDF8D49002EB85023E
:1026F000125D8BF83000200440EA05608BF838103A
:102700001044CBF8280023F08BFF01208BF8310018
:10271000DBF82800CBF834000BF1380020F03CFA4D
:102720009BF83800012800F08181DBF83C00BFE015
:10273000DBF8E800CBF8EC0092E19BF806010BF522
:102740008374DDF8D490349DDFE810F0DC029E0045
:1027500058110500130043F27850D9F800102844AE
:102760001EF054FC00282DD0032021E1DBF81801D5
:102770007FE143F268502B942B189BF81A010BF55C
:102780008D720BF59078DFE810F0E4028B003911C0
:1027900005001F009BF832010BF5997129913193C7
:1027A0003392349CDFE810F0150370002A11730394
:1027B00005009BF85A01A0B3032800F0A3836BE047
:1027C0000320E6E6349DA6E25846319390F82701AF
:1027D0000BF2271B3392DFE810F0050057001111B0
:1027E00066040900369CB4F82401C4E2369C94F8CF
:1027F000360180B103284FD1369A0021B2F82C015E
:10280000A2F82C11012840F02684B2F82E51D2F8FB
:10281000300100F06FBCB4F83451D4F8280100F056
:1028200062BCDBF83401349D60E30B4A204604218E
:102830001DF07EF8094A404630211DF079F808481D
:102840001DF095FD07481DF092FD00BF08050050E2
:102850000C5D00200C080050B8D703005410040091
:1028600000D90300F0D80300E0D80300E8E9030032
:1028700060F30300B0D8030078D7030048E90300F1
:102880005FF81C001DF073FD5FF820001DF06FFD68
:102890005FF824001DF06BFD5FF828001DF067FD58
:1028A0005FF82C001DF063FD5FF830001DF05FFD48
:1028B000CBF82C00002034998BF844008BF83100C1
:1028C00043F28C400844CBF83800DBF83460CBE9A5
:1028D0000F6002208BF83C00F0B2022800F0BB83AE
:1028E000DBF84000DF4D00682968C90541F0DD8252
:1028F000DD4918F077FAD0F8EC200C4602211AB323
:10290000017C41B1D9F80010C830D1E9001205F0BE
:1029100089FB314618E0D0E90213A84600EBC30555
:10292000C5E905625A1CB2F1100318BF1346C36013
:10293000994204BF0121017423F0C4FCE0E8251290
:102940001FF033FB0221454623F007FCC8B20228E2
:102950001FD10124DBF82C008BF844402968C905FD
:1029600041F0A382C14918F03DFAD0F8F020013AB5
:10297000C0F8F02023F0C8FAABF83040DBF81C00B8
:102980005A46002142F8280F02F8101F2D92FFF737
:1029900031BC0320CBF83C108BF84400042058E0F5
:1029A0001DF00EFE1DF034FE1DF0E6FE1DF030FEA3
:1029B000207004208BF8F000DBE9580150EA010890
:1029C00018BF4FF0010840F015859BF880120720D2
:1029D000DDF8D490DFE811F00800121012100D009D
:1029E0001B00460410000C05DBF87802CBF87C02D3
:1029F000D9E3DBF88842D9E39BF8E0020BF53875A0
:102A000040B1032800F0E68499481DF0B0FC349CE6
:102A100000F066BCDBF8880200F0D2BC0DF5CF6098
:102A200020F0BAF89DF87806012816D10DF5CF6090
:102A3000212223F0DCFC23F024F9CBE910128BF8DF
:102A40004800349943F2A04023F0B7F90028E5D0BC
:102A500003203399087004209EE5DDF87C0627E703
:102A60000021CBF818018BF81C110BF1F8090BF5BC
:102A70008E760021CBF8F8008BF800110BF58078EA
:102A8000CBF8FC00D0E90612114318D00168C90741
:102A90001CBF90F82710002940F0B581D0E904232D
:102AA0000DF5CF601EF0F0F923F0EBF8CBE9421200
:102AB0008BF8100123F0FAFAC0B10520B9E100212A
:102AC0008BF80C1100F122012830CBE9410123F0F1
:102AD000F5FA002840F0AA819BF80C0118F05DF986
:102AE0001EF012F8DBF8FC20C2E90601DBF8FC005E
:102AF000D0E906541EF008F8421B71EB0402C0F046
:102B0000A681401B49F6BA13A1410022181A72EBA4
:102B100001003EBFDBF8FC00012180F8271023F004
:102B2000A6FE012847D191F82A00012804D0514877
:102B30001DF046FDDBF8FC1091F826000022222350
:102B400080F0010081F82600DBF8FC0090F82610E8
:102B50008BF80C2100F12802002918BF202318440B
:102B6000CBE9412023F0AAFA002840F061819BF8CC
:102B70000C0118F012F9DBF8FC00418C028C511AA0
:102B800009B2002948BF494209B296290ADD00214D
:102B900080F827101DF0B8FFDBF8FC20C2E9060121
:102BA000DBF8FC00002180F82A10DBF8FC0080F83C
:102BB000291023F05CFE91F826302222002B18BF4A
:102BC0002022002840F04A8191F8240060B191F859
:102BD0002A00002840F0458101208E5A81F82A0001
:102BE000022423F0C6FC66E0002091F82530CDF8E1
:102BF000F80BADF8FC0B0220ADF8020C0120032B02
:102C0000CDF8FE0B26D82BB3032B0DF6F83E08BFEC
:102C10000223002447F6FF7C4FF0010AA34239D07B
:102C2000DBF8FC6096F82A00002840F00B818D5EEE
:102C3000A5F58040002D00B209D44000032C00F01F
:102C4000FD802EF82400013486F82AA0E6E78CEAFD
:102C5000E030F3E708481DF0B3FC23F08AFCDBF812
:102C6000FC000FE704ED00E024E6030034E6030077
:102C700014E70300340000003200000088E903007C
:102C800078E903001700000058E9030098E9030001
:102C900068E9030023F0EBFD002840F0E58091F89F
:102CA00028B00120DDF8FC5B0024DDF800ACBDF8A5
:102CB000F86B81F82900012088F8000099F80800D5
:102CC000062812BF032899F8140018F066F8369900
:102CD0000020DDF8D490C1F8FC50349D81F8FB4011
:102CE00001F58374C1F800A105F5935A81F804B188
:102CF0008B4681F8060181F8FA000120A1F8F860FE
:102D000081F81C0143F26A5043F258512844294487
:102D10000E2238F070FC2B94002443F26A508BF89A
:102D20000741291806A800F58A560E2223F09FF8BD
:102D30000BF20710CBF8080143F26C5028442CCE5C
:102D40002CC00BF58D720BF5847331888BF81A410A
:102D500001809BF80F11BBF80C01022933923193CB
:102D60001CD10021ABF824018BF827110BF59078CA
:102D70005C460BF2271BA4F82801012084F82601E9
:102D800004F596701FF0D6FF94F82C01012800F08E
:102D90007A81D4F83001C4F8200198E1ABF824011D
:102DA0000BF590789BF80E01349C8BF8260143F2CA
:102DB000705020448BF8271143F288510CC82144ED
:102DC0000CC10022008808800BF599708BF8322125
:102DD0002990012043F294518BF8330143F284503F
:102DE000204421441CC81CC1008808800BF5A27037
:102DF0001FF0F8FE9BF84401012838D0DBF84801A9
:102E0000CBF8200159E0D0E902230DF5CF601EF088
:102E10003BF822F036FFCBE942128BF8100123F089
:102E200045F900283FF462AE042002E0032000E0F0
:102E3000062088F8000003203070BBE55FF8C4214D
:102E400023F044F95FF8C82101211CF071FD5FF8FF
:102E5000CC011DF0A9FB1EF02BF8A5E55FF8D821E9
:102E6000F2E75FF8D821EFE75FF8DC21ECE70DF639
:102E7000F830212223F0BBFA349CDDF8FC2B9DF8BE
:102E8000000CDDF8F81BCBE954128BF8580143F223
:102E9000B050D9F8001020441EF0B8F8002840F0D7
:102EA0009E800DF6F8301FF09DFE9DF8F80B01286E
:102EB000DDD0DDF8FC0BC8F8000000240BF59A709B
:102EC0008BF833410DF5CF6168C801F1140268C277
:102ED0000088349D108043F2985028442222CBF879
:102EE000348138F088FB8BF85A414046CBF83801E2
:102EF00043F2AC50284443F29C5129441CC81CC1E5
:102F0000008808809BF83F5102208BF83F01022D7A
:102F100000F0A180349943F29C505C460DF6F839DC
:102F200001EB000BBBF80000ADF85C049BF802005D
:102F30008DF85E0443F2A050084449460CC80CC109
:102F400000880880D4F83801D44900680968C905A8
:102F500040F0AB875FF8F01217F044FF8A46D0F8D4
:102F6000FC1039B3027CE2BBC268BDF85C6402EBC2
:102F7000820300EB83039E829DF85E64DD7503F19E
:102F800018059E75B9E8500050C55962511CB1F141
:102F9000080218BF0A46B9F8001029808168C2608B
:102FA000914204BF0121017423F08CF9E0E82D1255
:102FB0001FF03AF8DAF800000124DDF8D8B023F069
:102FC00089FADBF820018BF85A4117F0A5FB40463F
:102FD000ABF8324117F016FA23F022FB3EE0032053
:102FE00035E09DF85E140DF5B6568DF86A15D830AB
:102FF000BDF85C14ADF868153146B9E80C000CC199
:10300000B9F800200A8035990968D1E9001205F065
:1030100009F8DAF80000349B23F05CFA9DF86A05A1
:1030200003F5935A8BF80200BDF86805ABF8000071
:1030300043F2A050DDF8D8B018448BF83F5106CECB
:1030400006C03188018003208BF85A010420299999
:1030500008700320A1E092481CF05AFC339901202B
:1030600008703198817C1830042904D0032904D1D8
:1030700017F0C8F901E017F0DFF90120ABF80601FD
:10308000DBF8EC00ECE40DF5CF60212223F0AFF982
:10309000DDF87C26369B9DF88006DDF87816C3E9BE
:1030A0004E1283F84001349943F2985022F085FE85
:1030B000002857D10DF5CF601FF03CFE9DF8780633
:1030C0000128E0D0DDF87C06C8F80000369C00201E
:1030D000B4F8285184F8260184F836014046C4F833
:1030E0002881A4F8345129040131C4E94B1000218E
:1030F000A4F82C11694900680968C90540F0D58613
:103100005FF89C1417F06EFE0C46C16BB1B1027CE7
:1031100052BBD0E9022300EBC306B161591C8B1EE0
:10312000B58218BF0B46C3609A4204BF01210174E7
:1031300023F0C8F8E0E809121EF018FF2068DDF857
:10314000D8B00130206001208BF83601DBF8200177
:1031500017F06EFB4FF48070ABF82601404617F075
:103160006BF97BE7032013E0D9F800103030D1E988
:10317000001204F029FF20683699013020600120F8
:10318000A1F82C01032081F836010420A1F82E516A
:103190008BF800000420DDF8D8B033992B9C087020
:1031A0000420FFF705BC3F4CCBF888423B48006841
:1031B000C00540F07A862068002841F017844FF05F
:1031C000FF3000212060207C012804D104F58C60B0
:1031D0001DF0B8FD217CD4E90202904201D1C9075B
:1031E0000ED000212174411C00EB00100A1F18BFF3
:1031F0000A46A26004EB001010F8185F032D09D1F5
:10320000D9F80000D0E9001204F58B601DF0A7FD8D
:10321000032506E0411C0DF6F83040F20F1238F09D
:10322000EAF922F09AFF032D00F0C0800DF6F83481
:103230000BF2691040F20F128BF86851214638F0FA
:10324000DAF98DB30020012D40F0B2808BF86404D0
:103250009BF869018BF88802DBF87C02DBF86A11C5
:10326000CBE9A310349943F2EC60D9F800200DF5B6
:10327000CF650C182846214615F062FB9DF878664C
:10328000112E00F08C80691C0DF5AD6023F0E6F87E
:10329000204617F035F99BF8889261E004ED00E0D4
:1032A000E8D7030008660020E11D0DF5B6544FF481
:1032B000847222F00CFEDBF87C120DF5CF65BBF8B2
:1032C00069012246ABF88802284615F0F3F8349CD1
:1032D00043F2F06029464FF44272204438F068F817
:1032E00043F2F0600444D9F80020A7F1A800214679
:1032F00015F0F4F957F8A85C092D52D0204657E98B
:10330000299A17F0DDF8082D0BD106A840F2071214
:1033100000F58A50411C0DF58C6038F06CF90F26D1
:103320000DE00DF58050102680F8586106A800F5D4
:103330008A50011D043081E8200615F027F89BF81B
:1033400088020128349800F5935A25D10DF5AD6017
:103350000DF58C6140F207129BF8899237F0D6FA8E
:10336000C1480068C00540F0A085C0480DF5AD61BA
:1033700040F20712057A0672D0E9006480F80090E6
:10338000093038F038F9DDF8D490122D7FF40BAF06
:1033900071682046884706E7DDF8D49003E70520EA
:1033A00026E03499042001F5935A21E003201FE020
:1033B0008BF8E0020BF53875DBF87C02CBF888025D
:1033C0000023D0E988128BF8DC3200F507700BF58A
:1033D000237307C3349943F2EC600C18D9F800103A
:1033E000204618F057FF04281FD10320287006201C
:1033F0008BF88002DDE92C100840DBF89C1508EA08
:103400000008DBF8980550EA010918BF4FF00109E0
:1034100033D1974D0BF5B464964E9BF8B80500BBBD
:10342000DBF8B005CBF8B40506E0204617F07BF8D2
:10343000012028701FF0FCF8007A00F0070005EB6F
:103440008000C0F8FC62DBF8B405D0E900230DF57C
:10345000CF601DF019FD22F014FCC4E900128BF8B6
:10346000A8053598016820461DF0D0FD10B9DBF89D
:10347000B405E1E703208BF8B80508EA0900012844
:1034800000F07C80DDF8D4904FF000082E98D0E951
:10349000000150EA010518BF012540F0BD80CDF8BC
:1034A000C4800AF57C789AF86C04339580B19AF858
:1034B0001804042814D0032820D19AF864040028A2
:1034C00040D003286CD1DAF85C24DAF8601470E09C
:1034D00000208AF81804DAF86804CAF810040FE02B
:1034E0009AF828040AF58569DFE810F005005A000B
:1034F000880A3F002F00DAF82444E8E0DAF81004E4
:10350000CAF8140458480068C00540F0CE845A48F0
:103510001EF0C4FC594C606C98BB0120D4E90256E3
:10352000606422F01AFE0DF5CF601EF07DFC0DF5F3
:10353000CF620AF58063CAE9FC5607CACAF8F843A5
:1035400007C31BE1DAF820041EE19AF83004C00733
:1035500029D1DAF82C440AF586659AF83104002856
:1035600040F0C98000200121CEE09AF83204C00763
:103570001CD1BAF83024DAF82C44D6E02A980EF0A0
:10358000EBFC20680DF5CF623D4BB7210130206088
:1035900000208DF878063B4800903B481CF099FECF
:1035A0003A481CF0E4FE3A481CF0E1FE39481CF0B1
:1035B000DEFE06A8CDF8F81B00F58A533648CDF894
:1035C00084060DF6F830CDF88006002433480DF55A
:1035D000CF651A600026CDF87C06CDF87836102C21
:1035E0000DD02919285949680A6949469047C1B23E
:1035F00008340329F3D0022952D10126EFE7F0075E
:1036000000F02283DDF8C4800320339D8AF86C0427
:103610008AF818048AF86404DAF87004DAF8741482
:1036200050EA010318BF012341F02C869BF80A00E1
:10363000CDF8C480002833952E9300F0BD80329AD7
:10364000032840F00C8392F8CB0502F5B66ADFE858
:1036500010F005000A03D509B002A102D2F8B8158E
:10366000D2F8C05524E200BF04ED00E0A000002025
:10367000040301403546526E5C12040030630020A2
:1036800018130400C41504000C150400F8D7030037
:10369000B8E90300A8E903001CD8030008D8030018
:1036A000B0D00121DAF814448AF8641400218AF8B1
:1036B0002814C1075E490AF585691CBF40F2011153
:1036C000CFF6FF710840CAF82004CAF824449AF8DB
:1036D0002004C00723D09AF821040AF58665012149
:1036E000CAF82C4410F001004FEA0020CAF8300458
:1036F0004FF0000008D0207A002102281CBF627A17
:10370000014601F001000021D2B240EA022040EA65
:10371000014120461EF02CFF012028702AE0BAF853
:103720002224CAF82C44CAF83024267A022E08D162
:10373000D4E900011EF0D4FEC0B23E4941EA0021A6
:103740000FE0A57A85B1D4E9000194F809A01EF034
:10375000C7FEC0B20EB1824506D0000240EA054065
:10376000411C20461EF004FF3499012001F5935AB4
:103770008AF8320489F80000DDF8D4900020CAF8F5
:1037800020848AF864044046002101228AF85814F3
:103790008AF83C140AF58861CAF84024CAF824243F
:1037A0000AF22442CAF828041030CAF85C24CAF885
:1037B0006014CAF84404FCE6349941F2D86001EB85
:1037C000000CDBF800008B460DF58C612D902C91E0
:1037D0009CE87D007DC143F264400BEB00015BF887
:1037E00000000DF5CF648988CDF87006201DADF876
:1037F00074164FF45E7137F004FF41F674500026E2
:10380000584421464FF45F72CAF8106B37F07EF8C7
:10381000094D0AF531602B90B6F5B06F20D0A01994
:1038200029464FF4B07237F071F806F5B076F3E739
:103830000100FFFF0100020028E20300706A00207F
:1038400030D803007100000080EA0300A0EA030002
:1038500004EB0300D8E9030024EB03000CE40300AD
:10386000329C42F2EC2058440DF5CF614FF4B06227
:103870004FF00008A14649F8088F37F047F80DF5DA
:103880008050C4E90088CAF8988E0DF6F83BCAF853
:10389000908E202180F85C8506A800F58A54584651
:1038A000C4E9FE88C4F8008437F0ABFE0DF5B655C8
:1038B0005946284621F004F80DF5AD6629463046F4
:1038C00021F04CF804F52E70314621F065F80BF12B
:1038D000090029464FF49C7237F08DFE04F52670DE
:1038E000314622F03EFC0DF58051022040F241129B
:1038F000C4E90A8881F8AE020DF580505946C4E942
:103900000C8880F8788104F25710C4F81880C4F845
:10391000108037F070FE0DF58051032001232B9AA3
:1039200081F858040DF580500AF56961C4E9002357
:1039300080F870840A20C4E902100BF107002146C8
:103940004FF4AB62C4F8F882C4F8D083C4F8C883DB
:10395000C4E9C488C4F80883C4F8F483C4F8EC83C9
:10396000C4F8E483C4E9F688C4F85085C4F84885EF
:10397000C4F87785C4F87385C4F86F85C4F86B857F
:1039800037F039FE349841F2F164594640F25F5203
:103990000519349E22F0B5FA04202821CAF8F4094A
:1039A00041F658403044CAF8F09937F0B1FD41F67D
:1039B00095400DF5B651304413228AF8348ACAF87E
:1039C0002C8ACAF8248A37F016FE03200121CAF88F
:1039D000B80A4FF0E170CAF8A00A02208AF88C0AEF
:1039E0008AF8740A8AF85C0A41F648503044DDF8D7
:1039F000C890CAF8E41A1521CAF8BC8ACAF8E09A35
:103A0000CAF8D88ACAF8A48ACAF8A88ACAF8AC8AB6
:103A1000CAF8B08A8AF89C8ACAF8908ACAF8948A46
:103A2000CAF8848ACAF8788ACAF87C8ACAF86C8A82
:103A3000CAF8608ACAF8648ACAF8548ACAF8488AF6
:103A4000CAF84C8A37F064FDDDF870060121305168
:103A5000CDF87806BDF874068DF87E16ADF87C06B4
:103A6000DDF87B068AF890140DF5CF61C5F80300E8
:103A700006F5B850CAF8008B1FF020FFDDF8B0C083
:103A800042F6740030449CE87E007EC009F5B265C1
:103A90000AF592602D9909F5B66A4A4689F8CB85F0
:103AA000C9F8C055C9F8B81589F8AC85C9F89005AA
:103AB0000020C2F8BC150026144614F03DFA29680F
:103AC000281DC4F8B0050122C4F8B415297F2A774F
:103AD000012900F0C080C4F8DC0504F5E369C4F8EE
:103AE000D4052246C4F8CC050B20296884F8186751
:103AF00004F5BD66C4F81007C4F8E015C4F8D8157D
:103B0000C4F8D015DDF8D8B0DDF8C480339D0021AD
:103B1000C2F8140782F8F11502F21471C2F8EC151C
:103B200002F2F1540120C2F8F41582F8F0055FF8B2
:103B3000F4025030C2F8F805359909681FF078F89A
:103B400028B3329B5FF8A428C3F8E805017C013153
:103B500001740020D3F8F41583F8F005D3F8E805D4
:103B60000968007C83F8F9050120C3F80827C3F829
:103B7000FA1583F8F805349942F6D80008443599C7
:103B80001FF0FCF8002800F09680042000E00320DD
:103B9000329A95E002F5BA602690D2F8D005D2F8B4
:103BA000D415084321D03499012501F5935A01F029
:103BB00057BB92F8180702F5BD6602F5E36988B1B4
:103BC000032854D192F8F10502F2F154DFE810F025
:103BD000070057001607340006003100CBE7D2F883
:103BE000EC159FE7D2F8100791E702F5C461279121
:103BF000349992F8200601F5935ADFE810F0050099
:103C00003C00FF060A004E0AD2F8F0C5DDF8D0905D
:103C1000CEE002F6B410249092F8B40902F5C56122
:103C200068B1032828912ED1D2F8A809D0F80090C5
:103C30000EE1D2F8F4152EE0D2F8F8057CE7D2F8C0
:103C400000E9D2F804C9D4E05FF80C04A1215FF8C0
:103C5000C4251AF0FBFF5FF81404FEF7A1BE5FF85D
:103C600018041CF084FB5FF81C041CF080FB5FF858
:103C700020041CF07CFB5FF824041CF078FB5FF848
:103C800028041CF074FB5FF82C041CF070FB5FF838
:103C90002416C0F8F415359802680DF5CF601EF0B3
:103CA000EFFF9DF88056112D07D031689DF87806FA
:103CB000097C88420DD03298E9E7DDE932250520FC
:103CC00003212E9B89F800102070DDF8C0A001F0C0
:103CD000D4BA329CDDF88586DDF881B6D4F8E805E3
:103CE0001EF038FF4FF48070A4F8F005707A011FC1
:103CF000022904D230681EF02DFF329A02E02246DB
:103D0000032801D10020307201200B2D89F800001A
:103D100010D15FEACB700DD0012082F8C4054FEAC4
:103D20001840A2F8C9054FEA1B4040EA0840C2F813
:103D3000C50502E0002082F8C405DDF8D09042F607
:103D4000AC000DF5AD6E904609EB000C72469CE898
:103D50007B004FF0000C7BC242F6B8014944C8F822
:103D6000D0C5C8F8D4C59EE87D007DC142F6A40048
:103D7000484442F69C01C8F8380E08F5C460C8F8FB
:103D8000B8C9C8F8BCC9494488F847CE88F820C6E5
:103D90004FF0010CC8F83CAE09F5935A279008F58E
:103DA000BA60C8F8341EC8F8F0C52690DDF8D8B05F
:103DB00042F6B80109EB010842F6D40109EB010E05
:103DC00098E87700734677C3DA480068C0056CD17D
:103DD0005FF898050121329A0172002082F8B40937
:103DE00002F6B410C2F800E902F5C561C2F804C9D0
:103DF0002490329B002082F83A0603F51169329B29
:103E000082F8410982F8C2080EF10800C2F82C06B7
:103E100002F60810C3F8A4992891C2F8081902F60E
:103E20000C11C2F898E7C2F89CC7329A329B02F68E
:103E3000A412C3F8A829329AC2F8B0090EF11000F2
:103E4000C2F83C0902F5F360C2F8AC19C2F80C09DB
:103E500099F83100DFE810F007002C00D2051200BD
:103E60001C0090002500002089F83000D9F82C00B3
:103E7000C9F8280022F09FFAC9F83400359909F1F1
:103E8000340018F0EBFA002840F0F580032008E138
:103E90004E4616F83C0F28B103280CD1D9F83850FB
:103EA00010E0ADE0D9F8340008E0A348FEF778BD93
:103EB000A2481CF05CFAA2481CF059FA00F57E7585
:103EC000C9F838502868002840F090854FF0FF303E
:103ED00000212860287B012804D105F5AC701CF076
:103EE00031FF297BD5E90102904201D1C90718D0E1
:103EF00000212973411C00EB8000B1F1100218BFB2
:103F00000A466A6005EB8001486950B101F1100C66
:103F10000DF6F8325CF8081B2D919CE81A001AC2C5
:103F200007E0359822F043FA05F5A8701CF017FF5A
:103F300000202968013129600121002808BF0321E0
:103F4000317000F0AD800DF6F8310DF5B65291E804
:103F50007000134670C3C9F8000009F1040092E82C
:103F60001A001AC0002089F844002D98A9F84000D2
:103F7000D9F82800C9F8340009F1340A0DF5CF6BDF
:103F8000359A584651460AF083F9DDF8780602283A
:103F90007CD00120594689F8300009F1100C91E8D5
:103FA0007D008CE87D00D9F81000012817D199F820
:103FB000141041F008001C28349800F5935A53D08F
:103FC00000202B9189F830000BF10C009DF87D86C4
:103FD000BDF87EB6DDF880A621F0D6FF0EE10BF12C
:103FE0000400514690E87C007CC1D9E9020118F038
:103FF00091FD0022C9F868A089F86D20C9E9140173
:10400000359809F148040DF6F8352146026828462E
:104010000DF008F89DF8F86B232E39D005F1080053
:10402000DDF8FCABBDF8FABB9DF8F98B06A990E86A
:104030002C0001F58A5120462CC116F0B8FCA6F1DF
:1040400014000E2800F2CC80012101FA00F044F2A5
:104050000111084200F0C480D9F83800B9F83C20BA
:1040600021F097FE22F0DCFA22F024FADDF8D8B035
:10407000002089F83000D9F8280000214E46406819
:1040800006F83C1F083046F8080C17E7052000E04A
:1040900006203499329A01F5935ADDF8D8B001E040
:1040A0000420329A89F831000DF5CF64D2F8AC09BA
:1040B0001546DDF8D490016820464A460AF052F9C8
:1040C0009DF87806232840F07D80D5F8B0090023BC
:1040D000D0F8008008F108001A9098F81200CDF886
:1040E000BC800022DFE810F01A003E028A04DA00E9
:1040F000D100960513010B011B01B00096002301AE
:10410000FC0041010208B8004A012C016601A10F20
:10411000BF0050016E0FEC0E9E00B409D8F80400E9
:104120004146C8F80000006841F8140F0A7249605F
:10413000BAE000BF04ED00E02500000014E5030034
:10414000D8E10300C0EF030060F0030050EF03006C
:1041500080F0030090F00300F0EE0300C4E40300DD
:1041600000EF030030EF030010EF030090EF0300B7
:1041700020EF030044E5030048E1030078DC03007E
:10418000F0EF0300B0EF0300E0EF030044E40300AE
:1041900054E4030000F0030030F00300F8E00300F3
:1041A00008E10300DCDA0300ECDA030064E4030056
:1041B000FCDA03003F000000A4E4030054E5030020
:1041C000881B04002B9004F10800DDF87CA6BDF8E4
:1041D0007A569DF879B621F0D7FE2C4600F0CCBE79
:1041E0002B9605A82F9C00F5B55094E80E000EC044
:1041F000D9F83800B9F83C2021F0CBFD22F05AF96B
:104200004FF480705C46A9F83000C346DDF8D490C6
:1042100000F0B2BE22F014FA00F084855FF8DC00F2
:104220001CF0A5F8414611F8580F2B91DFE810F06B
:1042300005009E01E603EA00D400D8E91450259059
:1042400022F066FB01F0C1B922F0FAF900F04085D6
:104250005FF80C011CF08BF80020D8F85050179034
:1042600000201690A6E14446002114F8280F16916C
:1042700021F0DCFDDFE810F005005E01C2035D0EF9
:10428000DC0022F0DEFA01F046BE98F82800C007F4
:1042900000F0D4835FF84C011CF069F822F0D0F9EB
:1042A00040F04C81D8F814000168002940F03E81AC
:1042B0000221017124F080F90121002888F81C10E6
:1042C00040F04B8608F134042021202622F0FCFA2D
:1042D0000820C8E90546C8F81C0022F0A1F992E3BD
:1042E000444614F81C0FA4F10806DFE810F005009E
:1042F00023018703A105AE00306800F093BD22F0D2
:104300009FF940F01F81D8F8180000F0C4BC22F0DB
:1043100097F940F01B81D8F8180000F0AFBC22F0EC
:104320008FF940F01781D8F8180000F0C0BC98F859
:104330002400C00740F01281D8F8204000F04EBDA4
:10434000424612F8320FA2F11E03CDE92A32DFE80D
:1043500010F0050011015503A3008500D8E90540C0
:10436000159022F0D5FA01F095B998F82000C00711
:1043700000F0E9855FF828021BF0F9FF0020179094
:104380000020169001F003B84446002114F81E0FD7
:10439000169121F04BFDDFE810F00500CD00310350
:1043A000D90E9D000021D8F8180016910021179110
:1043B00001F0C2BE4446002114F81C0F169121F0F2
:1043C00035FDDFE810F00500B7001B0393089300EC
:1043D00022F037FA01F084B84546002115F8A40F01
:1043E000169121F023FDDFE810F00500D900090344
:1043F000860C89000020D8F8649016900020179051
:1044000001F066BC4646002116F88C0F169121F08B
:104410000DFDDFE810F005008F00F3020D0D7F00A9
:104420000020D8F8604016900020179001F0EEBCF4
:1044300098F83400C00740F0A1800021D8E90B04AF
:1044400016910021179101F085BD98F82800C0074A
:1044500000F0F8845FF804031BF089FF21F059FF96
:1044600021F0E4FCDFE810F005009600CA02CA095A
:10447000200AD8E915154446159100211691D8E96E
:104480000E6098F85E20B8F85C8000211791299999
:10449000A1F1270901F06FB921F03BFF21F0C6FC23
:1044A000DFE810F005007800AC02C60A170BD8E967
:1044B00015191591B8F85C10129100211691D8E9E0
:1044C0000E3098F85E50002117912999A1F1270A22
:1044D00001F069BA98F82C00C00753D10021D8E93F
:1044E000090416910021179101F03FBE98F82800A9
:1044F000C0074BD122F00CFA01F006B898F8B000D2
:10450000C0074FD122F0A4F9D8F8AC0000211791D0
:1045100001F002BC98F89800C00747D122F098F942
:10452000D8F894000021179101F093BC5FF8D803EC
:104530001BF080FE5FF8DC031BF019FF5FF8E0035F
:104540001BF015FF5FF8E4031BF011FF5FF8E803B1
:104550001BF00DFF5FF8EC031BF009FF5FF8F003A1
:104560001BF005FF5FF8F4031BF001FF5FF8F80391
:104570001BF0FDFE5FF8FC031BF0F9FE5FF8000482
:104580001BF0F5FE5FF804041BF0F1FE5FF8080471
:104590001BF0EDFE5FF80C041BF0E9FE5FF8100461
:1045A0001BF0E5FE5FF814041BF0E1FE5FF8180451
:1045B0001BF0DDFE5FF81C1405F5787016F0F7FBB4
:1045C0000C46359910300E68D6E900121CF0C7FB76
:1045D00020685FF8343401302060D5E902120DF50F
:1045E000CF6016F03DFCDDF87C264FF45E70DDF800
:1045F00078164FF0FF3308F1180425945043A1F5C5
:104600005E7108F158022B92F8B101F55E7291F8D3
:10461000D4160133A0F55E7001291146F4D1D5E915
:1046200002C04FF006092C932D9092F85D0319906B
:10463000DDF88006B2F85823239201684FEA122E63
:104640001B9E0139016000F05BBEDDF8800621F0A1
:1046500009FED8F854505FF8B41405F5AD6B584610
:1046600016F0A5FB8846D6E9001230301CF077FB27
:10467000D5F860150DF5CF60D5F864255FF8D8340E
:10468000159016F000FCDDF87C164FF4B070DDF8E4
:10469000782641434FF0FF300C32C1B1134602F58A
:1046A000B07613F80C290130A1F5B071042A324616
:1046B000F3D91988002900F09581D5F864152C915B
:1046C0005988D5F860C5DDF880360A0A04E04FF055
:1046D000000BDDF8803600221D684FF007091B9E95
:1046E000013D1D60D8F800300133C8F80030BBF13F
:1046F000000F0BD0CDF8B4C0DC461990964623913C
:10470000DDF8D8B0DDF8BC8000F0FABD2B98359EFE
:1047100004683168656805F5BA6A50460DF0CEF850
:10472000DDF8BC80C0B2022822D105F5B769316836
:1047300048460DF0C3F8C0B202281BD105F5BD688C
:10474000316840460DF0BAF8C0B2052102282D911B
:1047500032D1606809F0D0F9B0B3606809F0D8FCD4
:1047600007212D9180B3DDF844E0DDF86CA028E04E
:10477000032100E00421DDF844E0DDF86CA02D9178
:1047800023900DF5B650DDF870C0A7F1D0014FF0C1
:10479000080990E87C0000207CC156462C900F98B8
:1047A00014903498CDF864A0CDF844E000F5935A05
:1047B000DDF8D8B000F0A4BDDDF844E0DDF86CA071
:1047C0002390DDF8BC80DCE750460DF09FF810B375
:1047D00048460DF09BF8F0B140460DF097F8D0B187
:1047E0005FF8381605F5C46016F0FCFA884635996E
:1047F00005462030096821F016FCD5E90030032178
:1048000000222D93C5E9001283F00301084340F014
:10481000D58021F0F5FA2F98D0F82880D8F8000339
:10482000002840F0E3804FF0FF300021C8F800037B
:1048300098F81003012805D108F572701CF082FA6F
:1048400098F81013D8E9C202904201D1C90711D0DB
:10485000002188F81013411CC0EBC000CA1E18BF0D
:104860000A46C8F8082308EBC000B0F81893B9F15D
:10487000050F09D1359821F09AFD08F570701CF0EC
:104880006EFA4FF0050926E000F5467E0DF5CF6281
:104890000EF1140C9EF8130001909EF81200079080
:1048A000DEF804000390DEF808000490DEF80C0047
:1048B0000590BEF802000290BEF810509CE85B0024
:1048C0005BC20EF12800A7F1480190E85C00280ABD
:1048D0005CC106951690D8F800030130C8F80003B3
:1048E000B9F1050F31D13598016825981CF08EFB80
:1048F00000284AD10DF6F83CA7F1D001B9F10B0F11
:104900009CE85D005DC1A7F15800A7F1E00190E8C7
:104910005C005CC108981490099810900C982C9039
:104920000B982D900D9823900E9819900A981C9032
:104930003498DDF85CE0DDF8D8B000F5935ADDF886
:10494000BC8040F0DF8401F063BC159D0DF6F830AB
:10495000B9F1060F95E85E005EC0A7F15801A7F116
:10496000480090E85C005CC10198089002980990AA
:1049700003980A9004980B9005980C9006980D9057
:104980001698179007980E90B4D12F9890F8381079
:10499000349B0420DDE9355B03F5935ADDF8BC80D8
:1049A0001B9EDFE811F005002C002B009104330C56
:1049B000D8F83000C8F8340000F074BC287A0DF53F
:1049C000B6512390E87A0F9005F10C0095F809E0B4
:1049D00095F80AA090E87C007CC1714621F010FA9D
:1049E0008E46EEE65FF838081AF092FF5FF83C0852
:1049F0001BF0DAFD1EF09EFCFDF7D6BFFEDE5FF871
:104A000048081BF0B4FC08F11405002E63D0D8F858
:104A10001C10D8F81400B14228BF3146721A43184E
:104A20000028C8E9053256D0C8E90B010021D8F8A2
:104A30000000006888F82810C8E9080506A80024C6
:104A400000F58A50C0F8D846C0F8DC46A7F1D0007F
:104A500028F03DFA002840F08E800DF5CF60A7F1D8
:104A6000D00108221AF02CF8DDF88006002800F0AA
:104A70007F83DDF88406002840F07C83DDF878062B
:104A8000DDF87C16CDF8F80B0DF6F830CDF8FC1BF0
:104A90000DF5B65121F022FB06A80CC900F5BF5058
:104AA0000CC008230A8889780280817006A800F566
:104AB0008A515FF8F828D1F8A006D1F8A41647E982
:104AC0001201D8E90B010092A7F148021DF0E2F8AB
:104AD000D8F8186097E7D8F8000008F134010DF60F
:104AE000F8382022446821F0AFFC5FF82C1904F15B
:104AF000180016F077F90DF5CF6406468946414651
:104B000020461FF0DDFE06F5A47821464FF49C7286
:104B100021F05FFE0DF5CF64414620461FF01EFFD9
:104B200006F520782146202221F08EFC0DF5CF6479
:104B30004146DDF8BC8020461FF02EFF06F52870A8
:104B40002146402236F057FD21F0A6F921F074FDF0
:104B50000168CA072BD04268090A0126130A27F800
:104B6000F63C41EA026106AADDF8D49002F58A54C7
:104B7000C4F8AE1621E00002CDF8FF4BCDF8FB0BD8
:104B80000DF6F8300DF5B65121F0A8FA06A80CC9BB
:104B900000F5BF500CC00A8889780280817006A891
:104BA00000F58A51D1F8A306D1F8A726CDE2DDF8A9
:104BB000D49006A9002601F58A5400F110010DF5E4
:104BC000CF6007F8FB6C1EF08DFE9DF87816A7F1FC
:104BD000FB000DF5CF62002918BF1046D0F8012068
:104BE000B0F8050027F8F00C51EA0600C4F8B42626
:104BF00034D037F8F00CA88006A800F58A50D0F819
:104C0000B4062860D8F800000068C8E9070500204D
:104C100088F8240008F11C010DF5CF6016F050FF54
:104C20009DF87806032801D105200EE3DDF878060B
:104C3000C1B2022940F0878221F0FEFC08F05CFF3F
:104C400060B1D8F8000044681BF05EFFD8F800207F
:104C500021F0E8FAC4F81806C4F81C16E94848F22E
:104C60009C01C8F82400404640F8201F0022D8F8D4
:104C70000010096888F81C20C8E9051023F0ACFF73
:104C800001210022002888F81C1040F066814FF0B6
:104C9000007121F024F923F0B1FF01210022012845
:104CA00088F81C1000F25981D74921F018F923F037
:104CB000AFFF01210022002888F81C1040F04D8130
:104CC000D8F800004146006841F8140F0A724960A4
:104CD00000208DF8F80B0DF6F83028F08DF858BB51
:104CE0000DF5CF600DF6F831012219F043FE9DF865
:104CF0007806DDF87C16002900F04982DDF8801680
:104D00000024002940F0368288F80E00012088F83F
:104D10001C0008F11401D8F80000006888F81C4055
:104D2000C8E9050100208DF87A06ADF878060DF582
:104D3000CF6028F0D3F820B12C90012088F81C0017
:104D40000CE1BDF87806012188F81C1008F1140464
:104D5000C1B200023FFA80F01A9A40EA01209DF8A1
:104D60007A56000AA949A2F80700D8F8000055723F
:104D7000466806F5787016F01AF885610868A44B45
:104D800001300860D6E902120DF5CF6016F039F84F
:104D9000DDF87C264FF45E71DDF878065143349AD5
:104DA00002F5935A31B1C0F84053A1F55E7100F598
:104DB0005E70F7E7DDF8800621F01DF9FF21012084
:104DC000A8F81410D8F80010C8F81700002088F8C8
:104DD0001600096888F82400C8E90714204627F05F
:104DE000F1FF0120B8F80F5088F82400D8F800002F
:104DF00098F8116044681CF0F5FD94F86C1631B910
:104E00000121C4F86456C4F8686684F86C161CF076
:104E10001FFED8F80000464646F8140F002134461D
:104E200004F8081FC8F8180021F0C5FAC8F82000D7
:104E300008F1200021F09EF9D0B1D8F81800002127
:104E400021F09FFB0DF580510020A1F8C40606A9B2
:104E500001F58A51C1F868050DF5B65028F048F8FB
:104E600050B12C90012088F81C0088F8280075E0CB
:104E7000032020700C20E8E10DF5CF600DF5B65150
:104E8000062219F091FD9DF87846DDF8800600288D
:104E900000F07081DDF88406002840F06E819DF8F6
:104EA0007D060122DDF87916000288F8282088F8AE
:104EB0001C2044EA0122CDF8F82B40EA1160ADF83D
:104EC000FC0BDDF8FB0B1A9AA8F80910010C88F806
:104ED00008405171A2F80300908811680843D8F87F
:104EE000000014D041680A788AB91A9A00208DF817
:104EF0007E069088ADF87C061068CDF8780601F142
:104F000010000DF5CF611EF0D9FCD8F80000406804
:104F1000D0F81426D0F81016D30BC80B01F00041BE
:104F200040EA42406FF3DF328918C8E90A0340F0D3
:104F30002681A8F814000021D8F80000006888F83D
:104F40002010C8E90606D8F81C0027F099FF0121B7
:104F5000002888F8201000F0AA802C9000202B90C8
:104F600000202D90012088F81200A7F1640021F0A4
:104F70000BF8259CDDE92CBA349E42F6F030304423
:104F800015F0FCFCDDF8A080404615F01DFD329DBB
:104F90000120DDF8ACC085F8B40942F6F400C5F88C
:104FA00010A63044A5F80E4685F80DB685F80CC657
:104FB00005A901F5B55191E81C00294605F20C65DB
:104FC0001CC098F88C0303280AD1289C04F53A7079
:104FD00015F0D4FC204615F0F7FC329995F800C086
:104FE000DDF8D8B006F5935ABCF1220F1ED12798F0
:104FF00001252699DDF8C48005700020C1E9005024
:105000002DE100BF00800020571A0300A8E0030034
:10501000B8E003003C0000004501000064E5030027
:105020002300000040000000081B040001F2246877
:10503000894695E85E0040465EC05FF828001BF098
:10504000B3FA5FF82C001BF071FA99F824062128B6
:1050500006D121F053FA289800681CF0D7FA03E033
:1050600021F004F921F08CF8DDF8D4901BF084FBDA
:105070000DF5CF6040F6CD4221F0B9F9DDF8C480DE
:10508000329B9DF88006DDF87816DDF87C26C3F8A3
:105090003816C3F83C2683F84006349942F61810B7
:1050A00020F08BFE002861D027990420D5E021F064
:1050B000C3FA08F021FD00210028179140D0D8F84C
:1050C00000005FF8A81021F0BFFA03220023C0E916
:1050D000002320F019FFD8F80000C8F8A000349889
:1050E000C8E9063300F5935A88F8C03008F118046F
:1050F0000DF5CF65D9F800202846214608F00CFDB3
:105100009DF87816232901D10E209EE0DDF87C263B
:1051100005F108062D92A7F1EC0ABDF87A26204683
:1051200025920C469DF8792651462C9296E82C0043
:105130002CC115F087FC222C2B9411D10020179044
:105140000020169026E0DDF87C26010A2D9210F052
:10515000010041EA02612C9118BF21202B9001E748
:105160009AE80E00A7F164000EC0FBE61DF060FA9D
:105170009DF878465FF8580160E00024FAE75FF890
:105180005C011BF011FA1EF085F9FDF70DBC00F073
:105190000104EFE7D8F800605FF87411746804F157
:1051A000180015F04BFEC14690F83E8104F1100B3B
:1051B00005468A46B8F1020F2AD11BF0A5FC21F062
:1051C00031F9DAF800202546013ACAF800202C9A75
:1051D000B8F1020F18BF11462D9A18BF1046C9E941
:1051E00006010020C9F828B089F83800C84689F8B7
:1051F0002000D9F80000C9F830003498DDF8D8B0A4
:1052000000F5935AC9E91444C9F85860FFF7D2B9B8
:1052100005F120010DF5CF601EF004FB9DF8780626
:10522000222802D1D5E9480103E01BF06DFC21F0F2
:10523000F9F8DDF8BC90CDE92C10BEE71BF0B4F90D
:1052400020461DF0E5FFFDF7AFBB2799249A88F8AB
:10525000120003201070DDF8C48008700025349916
:1052600042F698400C18494620460CF0A7FE05B1BE
:1052700090B9DDE9322504212E9B032082F8CB155D
:105280008BF80A0008EA05001840012802D0052022
:10529000FCF7A9BF0CF088FE26980CF071FE2046A2
:1052A0000CF05AFE1BF030FC0246D8F8340040687F
:1052B000D0F81836D0F81C46D21AA1410ED20020E0
:1052C000C8E9103488F84800296808F140001BF04C
:1052D0009DFE0028E6D0032000F098BF08F018FFDC
:1052E000002800F092870120DDF860E0DDF870C052
:1052F0004FF00A0988F8380029982D902A982C90A8
:10530000CDE91B6CA7F1D001A7F1A80C91E87900B9
:105310006246A7F1B80179C2A7F1E0000A4690E819
:1053200078000320B9F1050F78C288BFA9F1060003
:1053300082B2CDF860E0DFE812F005008C01B70022
:10534000F4007E00149888F83F00239888F83C0009
:105350001C981A99C8F83000002088F83DE088F8B9
:105360002200B8F83C00199A2D9BDDF8B0B0A1F8E6
:105370001700D8F8000088F83E20C8F83430C8F884
:1053800038B04A76C8F818002993DDF8D4900DF5A6
:10539000CF6408F114014A46204608F0E7FE9DF864
:1053A0007866232ECDE92AB600F0838604F1080141
:1053B0000DF6F830DDF87CE6BDF87AC602469DF8B9
:1053C00079A691E83800A6F114010E2938C206D852
:1053D000012202FA01F144F20112114207D12B9984
:1053E000002940F01A87BAF1020F40F0168708F141
:1053F0003004DFF8AC3E0DF5CF6098F83E5016CC87
:1054000015F0FFFCDDF87C168C4280F01F87DDF87C
:1054100078064FF45E7104FB010090F85C130129DB
:1054200002BF80F85D53022180F85C13DDF880062E
:1054300020F0E1FDAEE60020DDF8D49088F82000F1
:10544000D8F80000DDE91623C8F8140020F05CFF4E
:10545000CDE916230DF5CF65D9F8002008F1140920
:105460002846494608F0C6F99DF87846232C00F0F6
:105470002286DDF87C1605F108002D91A7F1700653
:10548000BDF87AB69DF879A6314690E82C004846DA
:105490002CC115F0B7FA222C3FF47CAECDF894B0B5
:1054A000CDE92B4A00F0AFBD2D9B03210020D3F1A5
:1054B00002022C9A904138BFD91EDDF8D490DFE863
:1054C00011F00500AB051A056205F404D8F80000D8
:1054D00000214446C8F8140004F81C1FDDE92C65BF
:1054E000C8F8180020F067FFC8F8200008F1200075
:1054F00020F040FE002800F0CE85D8F818000021EA
:10550000CDE9295621F03DF827F0A4FE012088F8C6
:10551000280088F81C0021F08FF800F5BA6000F030
:1055200039BE0DF58052149882F86B010DF580524A
:10553000199882F86A010DF580500DF5805280F8B7
:1055400069E1239882F868010DF580521098A2F85D
:105550005A0106A800F58A5E1C98DDF8B4B0CEF8B2
:1055600004000DF58050DDF8B0A0A0F858910EF1C0
:105570001400CEF808B0CEF80CA09CE87C007CC0EB
:105580000EF1280091E83C000DF6F8313CC00DF515
:10559000CF640220B9F1050FADF8F80B18BF7146C2
:1055A0002046382236F027F8D8F8006021462598A2
:1055B0003822756836F01FF80020083588F8580042
:1055C0002596C8E91456CDE929BA1A994046D8E972
:1055D0000CB2D1E90696D1E90848418B008B2D9198
:1055E000DDF8ACA0DFE810F005004B03A5035A047A
:1055F000110321F03DF8002800F0508400F5107CE4
:105600000DF5B65EA9469CE87501734683E8750101
:105610000868DDF8BC800138086008F1A0039EE846
:105620007610184680E876100DF6F8304C46D9E929
:1056300002121FF007F9DDF8D4909DF8210C022822
:1056400040F0C9832D992046052207F087FD00F020
:1056500025BC1498444688F8CF00239888F8CC00DD
:10566000DDE92C10199D88F8CE50C8E931010020E1
:10567000D8F800101591C8F81810414601F8320FFB
:105680001C9888F8CDE044F8C00F48F8144F2B91CF
:10569000CDF8A880D4E901120DF5CF60DFF8E03B2A
:1056A00015F0F1FBA07BDDF87C1629948142199559
:1056B00040F2C285DDF878164FF4B07210FB02108C
:1056C0000121047BA14011F0590F04BF417B1391CC
:1056D000B0F854A1B0F84CB1B0F80290B0F8008026
:1056E000DDF880062F9D20F0BDFD25F81C8F1221CE
:1056F000281D2590A5F8029035F00AFF052C00F032
:105700002781062C40F05A82299EDFF87C1B3068E6
:1057100015F04DFB90F838200123012A98BF1A4656
:10572000541C80F8384008682F9C01300860B6F897
:105730000C802888ADF87836ADF87A86012804BF49
:10574000E08B804540F084852546259E25F834AFC2
:1057500012201599A946C5E9081549F8046F0021DA
:105760002B4685F82A2003F82B1FA5F82880A8606F
:10577000A5F802B029930621052304F8401F002153
:10578000A246C4E903014AF8086F211DE380E74BF4
:105790005046C4F8023062700CF06EF8C0B20228B5
:1057A00063D1504621460CF067F8C0B202285CD1A4
:1057B0002F980426D0E91330191A042956D3DAF8A1
:1057C0000020041DDFF8C81A20F00DFECDF8780681
:1057D0000DF5CF60CDF87C162946042202F01AF9A7
:1057E000002843D12F990020CDF8949081F87000C3
:1057F000A1F86C808846159808660C6508F1600869
:105800000DF5CF6A359A5046414608F041FDDDF866
:105810007856022D00F048840AF10C06A7F1D00456
:10582000DDF880E6BDF87EB623469DF87C969DF8AF
:105830007DC696E8070007C3E8071CD094E80E0071
:105840000DF6F8300EC001202999B9F1230F087028
:1058500000F02D844E46CDF878B0F346CDF884C0E4
:10586000DDF8BC80DDF8949064E0061DDDF8BC80B6
:10587000DDF888B05BE02F9D05F16800C5F864E0B5
:10588000A5F862B085F861C085F8609094E80E00D4
:105890000EC0514605F1480090E81C0050461CC15E
:1058A0001FF0D6FE20F03EFD359808F174090DF585
:1058B000CF664946026830460BF0B4FB9DF8784647
:1058C000232C00F0ED8306F108000DF5B655DDF848
:1058D0007C86BDF87AA629469DF879B690E84C00FA
:1058E00048464CC115F063F8222C0BD1DDF8BC8082
:1058F000D8F86400B8F8682020F04BFADDF888B0DA
:10590000222612E095E80E000DF6F83026460EC06D
:105910002F9C606EB4F8682020F03BFA4046CDF82A
:1059200084B0CDF878A0A0468346DDF894902999FC
:1059300001200870484615F0DCF81E990DF6F83085
:10594000DDF88490222ECDF888B040F0118137E147
:105950000120ADF87806B8F1000F29988089ADF8DC
:105960007A0600F077844946484540F07384DDF8B4
:10597000BC801220139D259BC146129129F834BF8B
:10598000A9F802A0CA46A9F828104A4615994AF86B
:10599000043FC9E90819002102F82B1F89F82A5091
:1059A000C9F8080029920721444604F8401F002145
:1059B00005226570254645F8083FC4E90301211D0D
:1059C000E2802846594AC4F802200BF055FFC0B2C5
:1059D000022863D1284621460BF04EFFC0B20228B0
:1059E0005CD1D8E913300426191A0429C0F0B38019
:1059F0002A68041DDFF8981820F0F5FCCDF8780629
:105A00000DF5CF60CDF87C164946042202F002F86D
:105A1000002840F0A0800020CDF894A088F8700005
:105A20001298A8F86C001598C8F86000C8F85040A3
:105A300008F160080DF5CF69359A4846414608F0EF
:105A400027FCDDF87856022D00F02C8309F10C06B6
:105A5000A7F1D004DDF880E6BDF87EB623469DF8B8
:105A60007CA69DF87DC696E8070007C3E80717D017
:105A700094E80E00A7F148000EC001202999BAF160
:105A8000230F087000F01C835646CDF874B0CDE9A2
:105A90001FCEDDF8BC80DDF894A05FE0061D5AE063
:105AA0002F9D05F16800C5F864E0A5F862B085F89F
:105AB00061C085F860A094E80E000EC0494605F16B
:105AC000480090E81C0048461CC11FF0C1FD20F0B2
:105AD00029FC359808F1740A0DF5CF655146026826
:105AE00028460BF09FFA9DF87846232C00F0E582BB
:105AF00005F108000DF5B655DDF87C86BDF87A96FF
:105B000029469DF879B690E84C0050464CC114F0F7
:105B10004EFF222C0CD1DDF8BC80D8F86400B8F818
:105B2000682020F036F9222613E000BF04000800A8
:105B300095E80E00A7F1480026460EC02F9C606E27
:105B4000B4F8682020F025F9CDE91FB8A046CDF8BB
:105B50007490DDF894A0299901200870504614F043
:105B6000C8FF1D99A7F14800DDE91F9B222E27D011
:105B70002591A7F1340490E82C0021462CC135462C
:105B800001262B9806702A9814F08EFFA5F11400B8
:105B90002B950E2805D806FA00F044F201110842B0
:105BA00014D12B9818B95FFA89F002280ED0CDE9EC
:105BB0002C9BA7F1640094E80E0028E2DDF8BC807D
:105BC0002B99012008702A9814F06EFFD8E9311241
:105BD0000DF5CF60DFF8C03698F8CE401FF008FD15
:105BE000DDF87C16A14240F22383DDF878064FF4FD
:105BF000B072DDF8801614FB02000022027320F060
:105C000083F920F081FBFFF7C5BA2598DFF85C1611
:105C1000CDF8ACA0924620F017FD4246A8460D46AE
:105C2000CDF8B0A0C0F81CA09246C0E90442002301
:105C3000D0E90012C0F818B081F00301C0E9029663
:105C400011434360B1FA81F1490940F8201B1BF070
:105C500079F828682D9A01302860D8E9000107F00A
:105C60005BFA002862D000F51272C0E9909682E8D3
:105C7000100C2C9AC0F8542220F046F956E020F07F
:105C8000F7FC002800F00A810A684346DDF8BC8072
:105C900090F86E03013A0A60002888F8600040F02E
:105CA000FD80002045461A9905F8A40F2D9A25F885
:105CB0003C2C4A46DDF89490C1F86600C1F86200B9
:105CC00045F8409C25F8320CC1E91B26C1E91D436B
:105CD00008F1880008F168011C22C8F8849035F0AA
:105CE0008AFCD9F80400DDE9359B00F26460C8F84D
:105CF000A80020F095FC08F1A80020F03BFA00284D
:105D000000F0BF81D8F884000168002088F8B00056
:105D100008F18800C8E92A1027F050FB012100286B
:105D200088F8B01088F8A41040F0A681DDF8ACA087
:105D3000B4E005F11008DFF838152E46404615F09E
:105D40007DF8044690F83E010D4602283FD004F14C
:105D500020010DF5B6501DF065FD0DF5805090F851
:105D6000C006222806A800F58A5930D1D4F834118B
:105D7000D4F8310147F8251C47F8280C2868DFF8CB
:105D8000F43401382860D6E900120DF5B65015F04C
:105D900038F8D9F86C154FF45E70D9F86845A7F15A
:105DA000280501FB00F6002E00F0088294F85C0341
:105DB000042807D104F5107029461FF077FC00284D
:105DC00040F0F98104F55E74A6F55E76EBE728688D
:105DD00001382860F6E11A9C4646DDF8F80BDDF83C
:105DE000FC1BDDF8002CDDF8043CC4F86200002048
:105DF00006F88C0F2D98C4F86E30C4F86A20C4F8E9
:105E00006610259C26F8240C46F82C4C08F17A00E4
:105E100008F168011222C8F8644035F0ECFB6068B4
:105E2000DDF8D8B000F26460C8F8900020F0F8FB0C
:105E300008F1900020F09EF9002800F01F81D8F8AA
:105E400064000168002088F8980008F17A00C8E929
:105E5000241006A901F58A54002127F8481CA7F14F
:105E6000480127F07EFC002840F04D81A7F1D000CA
:105E7000A7F14801022218F0EBFDD4F8DC06002857
:105E800000F0DF81DDF8ACA0D4F8E006002840F097
:105E9000D681012088F88C0088F898000120DDF870
:105EA000BC808AF80000FFF775B90020DDE91623F1
:105EB00088F82000D8F80000C8F8140020F024FA70
:105EC000CDE9162308F114040DF5CF65D9F80020AB
:105ED0002146284607F08EFC9DF878B6BBF1230FCB
:105EE00000F00A8120F0FCFCA7F17C0620F045FAC6
:105EF00014F088FD7FE0D8F800002399C90700F06E
:105F000014810021444604F8281F44F8140C44F876
:105F10000C1C24F8081CD8F81C10C8F82210B8F87B
:105F20002010C8F81800A8F8261020F044FAC8F885
:105F30002C0008F12C0020F01DF9002800F0CF8083
:105F4000D8F8180008F122040021006888F83410FD
:105F5000C8E90B04012101261BF0AAFDC0B258B903
:105F6000204627F05BF938B90121012088F8281074
:105F7000239088F8341007E12C9088F8286088F87E
:105F80003460FEF7EBBF149808F1240188F8230071
:105F9000199888F82200239888F82000DDE92CA0C1
:105FA00088F821E0D8F800E0C8E9060A9CE87C00FF
:105FB0007CC10021DDE9162388F8C010C8F8A0E0F4
:105FC000CDE9290ACDE9162308F118040DF5CF65AE
:105FD000D9F800202146284607F09EFD9DF878B6A6
:105FE000BBF1230F55D020F07BFCA7F1880620F0F1
:105FF000C4F914F027FDBBF1220F3FF4CBA8CDF874
:10600000B4A0CDE92BB9A7F1640096E80E000EC04C
:10601000DDF8D490FEF7A6BFDDE916230020A8F82E
:106020001D00D8F80000C8F818000DF5CF6408F17D
:106030001401CDE916234A46204608F0DBF89DF806
:1060400078C6BCF1230F4FD004F10801A7F19400EA
:10605000DDF87CE6BCF1220FBDF87AA602469DF879
:10606000796691E8380038C258D120F0E5FA00F599
:10607000B7600BF058FCC4E52C904AE00320307068
:1060800002E00320287004202B9908701820FFF7E5
:10609000DCB8162031E0032020701220FFF7D5B8BD
:1060A000042002E0032009E003202999087004205D
:1060B00007E0102019E019201FE00420299908703A
:1060C00003202B9B3499DDE9359B01F5935A187019
:1060D00027991120249ADDF8BC80FFF7B8B8032077
:1060E00020701420FFF7B1B813203499DDF8D8B030
:1060F00001F5935AFFF7A9B817203499DDF8D8B005
:1061000001F5935A85E02C90012088F88C0088F8DE
:1061100098002B9901200870FEF720BFCDF8B4E05D
:10612000CDF894A0CDE92BC67BE00021444624F8AD
:106130001E1FA17044F8060CB8F81F10C8F8140010
:10614000A8F81C1020F037F9C8F8240008F1240042
:1061500020F010F850B3D8F8140008F11C04002106
:10616000006888F82C10C8E9090420F067FBC0B269
:10617000A0B9204627F05CF880B9012088F81E00FD
:1061800088F82C000020239020F0BEF820F054FA6C
:1061900000F5BD600BF0C7FBFEF7FCBF2C900120A3
:1061A00088F81E0088F82C00FEF7D8BE0320207067
:1061B0001520FFF74AB8012084F87303D9F8700559
:1061C0001FF019FF2C49404614F00CFE0C4690F8C5
:1061D0003E11022916D090F8202090F8E8100229EC
:1061E00003D10E210C2A04D908E0013A12210E2A0B
:1061F00004D8192280F8201080F8242000F5387087
:106200001AF0A0FD1FF0A9FF48E6042088F8380026
:106210000F20DDF8D490FFF718B8CDE92CAECDF8FB
:1062200094C090E81C00A7F164011CC1FEF79ABE5F
:106230001A4A204619F07CFB124A19F079FB002417
:1062400001E017F8D04C0D48FEF7F8BF154AF0E70B
:106250000E4800E00F481AF0A7F90DF5CF6015F0D1
:10626000AFFA284615F0ACFAFCF79EBB38E1030004
:10627000181B040028E10300381B04002200000062
:1062800048DC030058DC030068DC03006700000002
:10629000C4E503006600000088DC030098DC03000E
:1062A00008E2030018E20300DCB504AF04466846C8
:1062B00016F0BCFA1FF085FF04D19DF80100607054
:1062C000012002E00198606000202070DCBDF0B584
:1062D00003AF2DE9C00704460620CDE9001068464B
:1062E00000F0D7F8C0F30725C1B2022901D101207F
:1062F0003DE0C0074FD0684600F0CBF8C0F307265A
:10630000C1B2022902D10120354630E0C00742D097
:10631000684600F0BEF8C0F30728C1B2022902D1D6
:106320000120454623E0C00735D0684600F0B1F8AB
:10633000C0F30729C1B2022902D101204D4616E05F
:10634000C00728D0684600F0A4F8C0F3072AC1B2FD
:10635000022902D10120554609E0C0071BD068463A
:1063600000F097F81FF0FFFF07D10120154601212B
:1063700025542170BDE80C07F0BDC0070BD0657037
:1063800000210620154684F805A084F8049084F8BE
:106390000380A670ECE701200E25E8E7416871B1A3
:1063A00080B56F4620F0C5FA15F09CFCC1B21529E6
:1063B000BDE8804004BF00F47F40163070471520D0
:1063C0007047416859B3F0B503AF4DF804BD82B0D2
:1063D000046801394160684620F05AFA1FF0F1FE66
:1063E00008D0019D012D52D8684620F051FA1FF0C7
:1063F000E8FE17D19DF801004FF00071C0B20843CC
:1064000001F04071B1F1007F02B05DF804BBBDE85E
:10641000F04004BF4FF4403161F31F2070474FF04C
:1064200000707047019E042E31D8204616F0D4F932
:10643000C10703D04FF60171084005E0C0F30041E9
:10644000494281EA504000040122014662F30F01F3
:106450004FF4702202EA0022C00718BF911C01F01D
:106460000300022818BF01F07F4001F47F021044AE
:106470004FEA1040C0D0C90709D0ADF800008DF830
:106480000260BDF80110090241EA0561B6E70E207D
:10649000B2E7416869B180B56F4620F04AFA15F05D
:1064A000D5FAC0074FF0010018BF0220BDE88040B8
:1064B00000E0002040EA01207047416899B1F0B542
:1064C00003AF4DF8048D82B020F033FA0321CDE9FB
:1064D00000016846FFF7DDFF0546C0B2022804D17F
:1064E000A8B2040A11E000207047E8071CBF019E13
:1064F000002E09D0DDF80080404615F0A7FA0C46C2
:10650000C00702D1012E05D10E24E0B200020230F4
:106510001FF0BABF404615F099FAC00701D00C46EB
:10652000F3E7E0B2090641EA004005F47F41084480
:106530000130EDE7DCB504AF0446486870B10138BE
:1065400048600968A7F10F0015F0EAFC17F80F1C66
:1065500017F80E0C1B2904D11C2109E01B20207008
:10656000DCBD17F8092CA27157F80D2CC4F80220D5
:1065700060702170DCBDF0B503AF2DE9800F80465F
:10658000486878B3D1F8009000264FF0FF3400251A
:106590004FF0000B01384860092C1AD0484615F01E
:1065A00055FA8A46C00716D10AF07F00002132460C
:1065B00035F00BF805434BEA010B073601344FFA6F
:1065C0008AF00028E8D4092C10D15FFA8AF002285A
:1065D0000CD34FF0050A00200221C8E9001088F80A
:1065E00008A009E00020C8E9000005E00020012122
:1065F000C8E90010C8E9025B1FF083BE416871B1B1
:1066000080B56F4620F095F91CF028FCC007BDE866
:10661000804012BF012001F00101002070470020DE
:10662000022170474168A9B180B56F4620F081F919
:1066300016F0D2F8C1070C4918BF4FF60171084097
:106640000106BDE8804008D04FF4702101EA002027
:10665000022106E00020002103E04FF6FF7188438D
:1066600001210843704700BF0000FFFFF0B503AFF2
:106670004DF804BD82B00C46014600208AB28DF868
:106680000600ADF8040001A9032809D0D3090A5473
:1066900009D0D2B242F080020A5401301A46F3E720
:1066A000032501AA06E0094B01A9032201F048F9DC
:1066B00002460D461FF04DFE01D9022004E01FF0F6
:1066C00086FB7019606010201FF04FBBE0F20300E2
:1066D000F0B503AF2DE9F80FE8460D4606464046F3
:1066E00013219B46914634F08CFFD7F808A0002078
:1066F00013281BD0F1094FEAD91241EA4561ED098F
:1067000042EA4B6245EA496541EA020345EADB1485
:10671000234308F800600CD046F0800308F80030EE
:106720004FEADB1B01300E469146E1E713246A462F
:1067300006E00D4B6946132201F002F902460C46B1
:10674000DAE90150401B844201D9022008E01146D9
:106750002846224634F04FFF2819CAF804001020BA
:1067600005B01FF079BC00BF10F30300F0B503AF14
:106770004DF804BDD1E901320024062C08D01D19C2
:10678000954207D0065D013405F8016B4D60F4E7D2
:10679000102000E002201FF016BC824221BF0B181F
:1067A000111A1846704780B56F46114619F071F8F6
:1067B000D0E901239A4204BF02207047B0B502AF6E
:1067C0000C78154605F8014B9D4245600BD04C787E
:1067D0005470941C9C42446005D089789170D11CFF
:1067E00041601020B0BD0220B0BDD4D4F0B503AFDD
:1067F0004DF804BD84B004460020ADF80C00CDE98E
:10680000010001A90A280DD0D5090A5445EA4365BB
:1068100055EAD31609D042F080020A54DB09013050
:106820002A46EFE70A2501AA06E00A4B01A90A2237
:1068300001F086F802460D461FF08BFD01D90220BB
:1068400004E01FF0C4FA70196060102004B01FF05B
:10685000BABB00BF00F30300F0B503AF2DE9000F92
:10686000ADF5137D054691F8A40093460E4618B386
:10687000032840F00F87B14619F8A00FA9F17C0852
:10688000002849D0032840F00887334613F8440F06
:10689000DFE810F00500060715074F004D00CDF8A2
:1068A0005480169596F845A0D6E90B01D6E90F85D8
:1068B000CDF848B0CB468DE10DF5DC79D6E9008402
:1068C00011214846B46034F09CFE207809F1110291
:1068D0003792CDE935991496DFE800F00592767A83
:1068E00058A5AA8EB068A27800206178012A8DF898
:1068F000B8018DF8B91140F02D81012021798DF872
:10690000BA01E0788DF8BB1109F104018DF8BC01E2
:1069100009F10500369189E0CDE9158596F8A1A029
:10692000D6E92585D6F89C00CDF848B045E113930B
:1069300067E2B2461AF8900F002800F0ED800328B5
:1069400040F0B186344614F8880F002800F0DD814D
:10695000032840F0AB863146139311F8860F0B9154
:10696000002800F0E0810328169540F0A286354605
:10697000CDF8548015F87E0F0A94002800F0C982E3
:10698000032840F09986706E00F0E0BC04200121DD
:106990001FF03AFF072905D0625C013009F8012099
:1069A0000131F7E7494416953690DCE009201FF0E5
:1069B0002BFF36906078022840F0B580002109F165
:1069C00002008DF8B91131E0627835A8022138E073
:1069D0000320A1788DF8B8016078E27823798DF8EA
:1069E000BB1109F104018DF8B9318DF8BA21369146
:1069F00035A91BF0A2FA26E0627835A807211AE033
:106A00000120CDF848B08DF8B80109F10201A07B52
:106A10004FF0000B8DF8B901A01C1590DDE9360A86
:106A2000169520AE4EE005201FF0EEFE36900EE0EB
:106A3000627835A806211BF06FFA04E0627835A869
:106A400008211BF058FA0646C0B210284DD1DDF8D7
:106A5000D4C0BCF1000F08D0CC4508D0DFF8840CBE
:106A600019F0AEFD86A903204DE002263DE0169503
:106A700036997AE04B700BF1040BB2F9003000222A
:106A80008DF882205C00ADF8802084EAE3338C1C12
:106A9000032A0AD0C3F3C811551CB35431B143F0D3
:106AA0008003B3542A460B46F2E70325AAEB040100
:106AB0008D4217D8204631462A4634F09CFD601995
:106AC00052460146BBF10C0F00F069828A421FBF9B
:106AD000159A5A449378D4781EBF0D4605F8014B99
:106AE000AA45C7D136900226169DDFF8140C19F07E
:106AF0005BFD30461BF0DEF919F03EFE03208DF8F9
:106B00001802002064A9087001209DF818129DF851
:106B10009021149E00F006BDCDE91585B6F88C8055
:106B2000F56C139390E00121E2781695C0078DF87B
:106B3000B9118DF8BA2103BF00208DF8BB0109F10E
:106B400004018DF8BB111EBFA0788DF8BC0109F1BE
:106B5000050108E08DF8BA0109F10501B4F8030058
:106B60001695ADF8BB010DF5DC7CCDF848B04EAA0A
:106B7000B9E87100A1EB0C0113464FF0010A71C393
:106B8000DDF850C099F8000018706046E14640F802
:106B90000C1F0CF1100178CA78C1664612780A7091
:106BA0004FF4807158F81E5B29F8A01FA9F17C01F1
:106BB000159149E9038549F8040CCB461BF082FC8A
:106BC0000022334603F8442F83F801A043E90285ED
:106BD00043E90601C6E90901B146C6F83480BAF1B5
:106BE000000FD5E9024611D09A46B8F80430D6F81D
:106BF00020C02A46CDE900016EA82146E0479DF855
:106C0000B801212859D1D9F834805346B8F800008A
:106C100000284BD0B8F802802046C9F838502946E1
:106C20001393B36942469847002865D00020CA46AE
:106C30000AF8900F4E46D946DDF848B05AF85C0C79
:106C40002AF8048C4AE91205A6F88E8006F1500253
:106C5000D5E9020123C242460B6B29469847C0077B
:106C600000F09280B06D11910179006801F03FFA57
:106C7000002845D0B06D03791FF099FB6EA801F094
:106C80004EFADDF854809DF8B801212803D19DF813
:106C9000B901002873D10020344604F8880F169DEE
:106CA00054F8301C44F82C1C139B2FE04E4614253E
:106CB000D946DDF8548000F001BC0146BDF8C90199
:106CC000ADF85C004E469DF8CB01D9468DF85E00CC
:106CD000534670980D460D906F980C909DF8C80122
:106CE0000E9071980F90BDF8BA0110909DF8B901FF
:106CF0001190DDF85480E1E34E462125D946ADE000
:106D00000222DDF85480139B3BE0F16D1393334670
:106D100008680A79002103F8861F0B9303F8022CF8
:106D200043F8060C03E096F88420D6F8800086F835
:106D3000852030661FF0ABF990F85C231695042A85
:106D400006D190F85F23002A00F08C80212200E019
:106D50001C220868139B013808600B990120212A26
:106D60002070087040F09B831393D6E91403B6F8A3
:106D70008E20B16D1B6B9847C00703D01191022282
:106D8000139B97E3CDF85480D6E90D23012086F8B4
:106D900090004FF00008D6E909019288CDE9700112
:106DA0000920ADF8BE21ADF8BC818DF8B801196895
:106DB0001A794EA86EAB06F08BFC9DF83851212D48
:106DC00035D1BDF849019DF84B11ADF8D400ADF8AF
:106DD000B801A6F85900B06B8DF8D610DDE94F3533
:106DE0008DF8BA1186F85B1006F1480186F88C80A0
:106DF00029C1DDE915859DF84821519C86F8582068
:106E0000746506F148045946204601F08FF940B1F7
:106E1000139B042003211870022089F800102870A9
:106E200089E32046169513F068FD212518E0BDF88A
:106E30004901ADF85C009DF84B018DF85E0050985B
:106E40000D904F980C909DF848010E9051980F901E
:106E5000BDF83A0110909DF839011190DDF8548089
:106E6000139B2BE390F867230A94D2071FBFB0F857
:106E70006C33ADF83C31D0F868334E93B0F85432EF
:106E8000002AADF8BC31D0F85032CDF854806E9362
:106E90004EAC6EAB18BF234690F8565208681A687D
:106EA000A0F10100B3F804800860109218BF01251A
:106EB000306EDFF83418103013F0C0FF0C4690F835
:106EC0003E11CDE90858022925D1206801382060FB
:106ED000D6F8608096F88540D8E900126EA823465F
:106EE00006F0E6F89DF8B8019DF8B91121282FD1D8
:106EF000002940F00D82D8E9000122461BF0DCF8A1
:106F0000054690F85F0300284DD008200325119016
:106F1000F6E1F06E0EE2D0F831111FFA88F3109A04
:106F20005140B0F835215A401143CED190F8371175
:106F30006940C907C9D100F120016EA81CF072FC9C
:106F400021689DF8B801013921602228C0D1DFE114
:106F50009DF8C8C10246DDE96F43DDF8C4E1BDF824
:106F6000BA51BDF8C901ADF814029DF8CB011191D9
:106F70008DF816020B990120CDE90C43222ADDF889
:106F80005480139B0A9C08709DF816028DF86200CD
:106F9000BDF81402ADF8600000F0F7817DE2369094
:106FA000DDF848B0DFE5CDE905A108F11000DFF814
:106FB0003C1713F017FF04910446D8E9021219A8F0
:106FC000DFF82C3713F01DFF199811901A980F90C5
:106FD000204695F86EA31DF050FD68B1B5F8580332
:106FE00095F860130394012915D1B5F86513D5F808
:106FF000613301F5803218E094F83E0129460238E9
:1070000018BF04F1200002F0CDFA2121002808BFAA
:107010001521079169E1039B9968CA0700F0DD809B
:10702000DA68090A41EA0263120AADF87420120C08
:107030008DF8762008F5427C95F8672305F5107EDB
:107040001C93012A1496CDF838A009D101228DF89D
:107050007E20B5F86C23ADF87C20D5F8682305E0D8
:10706000D5F85022D5F85332CDF87B30DDF80CA09E
:107070001E920AF528722C920AF520720F9923911C
:107080001199CDE92AC2ADF8C000DAE900029AF8F8
:10709000E83222911195CDE92D85CDE9200220A875
:1070A0009EE87610103080E876100AF108002F90E4
:1070B0000E98D8B300204FF47021CDE900106EA8CF
:1070C0001CA91EAA1DF020FE86A80A2102F0B0FE0F
:1070D0009DF81802212840F08380BDF82902ADF800
:1070E000B0019DF82B028DF8B2019DF82812899805
:1070F000CDF848B0DDE987B68A46804602F0FEF951
:10710000CDE90E0111989DF8014290F8705386A8C0
:1071100020A90AF0ABFE9DF8411205F108000229F2
:1071200040F09480032C40F0958095E040F6661086
:107130004FF0C0710DF5DC7ACDE90010CDF848B004
:107140001CA91EAA50461DF0DFFD9DF801020C216E
:10715000032808BF0821119A92F8700392F871234E
:1071600001448DF80212012A04BF01218DF800129A
:1071700058B19DF804029DF8051240F003008DF807
:10718000040241F003018DF8051286AC20A92046C7
:107190000AF01CFEBDF82902ADF8AC019DF82B02E7
:1071A0008DF8AE011FF0E7FA0E9089989DF841E244
:1071B000BDF81A820F90BEF1030F9DF818020790D8
:1071C0009DF81902119020D1BDF8AC01ADF8140260
:1071D0009DF8AE018DF8160252E20520079019E7DE
:1071E0000790BDF82902DDE987439DF828C2DDF844
:1071F00024E2BDF81A82ADF814029DF82B028DF836
:1072000016029DF8190211906EE004F114050DF5B7
:10721000C87CBEF1020F57CD634657C3287818705B
:10722000DDF842026C90BDF84602ADF8B40140F0C2
:10723000888186A86EA920AA05F05CFC9DF818122A
:107240000791212940F00A820120A5E19DF8401212
:10725000022901D105F10C000F99002900F03082BC
:107260000E99CDE964B68DF89CA10870BDF8B00107
:10727000ADF89D019DF8B201CDF898818DF89F0180
:1072800086A820A964AA0AF055FC9DF81812079157
:10729000212914D14EA86EAD07304E22294634F074
:1072A000AAF99DF8064205F14F014BAD09221EF0E7
:1072B00028FE0020022C079040F08B8112E0BDF8E0
:1072C0002902ADF814029DF82B028DF816029DF8E4
:1072D0001902DDE987439DF828C2DDF824E2BDF8F4
:1072E0001A821190DDF848B0149EDDE9042A1B983B
:1072F000016801310160DDE9061510680130106098
:1073000008682A4601380860212D45467FF432AED0
:107310000020354605F87E0F099825F80A0C0898D4
:1073200005F8080C55F81E0C1099083045F8120C99
:1073300045F80E1C316F324642F8771F52F8041C94
:10734000C2F8031042F8130C42F80F2CEA49083037
:1073500013F048FD8846DBF80010044600F538704D
:107360001EF061FE94F83E01022814D101201C2277
:10737000139BD8F800100131C8F80010222A287099
:107380002BD10B9903200A9C08700320169D8AF8C4
:10739000000020703EE5B16EB4F835018A880B68B4
:1073A0005040D4F831215A4010434FF01A024FF0A8
:1073B0000100DDD194F8373189795940139BC90711
:1073C000D7D104F120016EA81CF02CFA9DF8B80169
:1073D000222802462DD10320CAE7DDF85480114649
:1073E0000A9C212A9DF83A018DF86200BDF8380107
:1073F000ADF8600016D01A2919D1306E654696F89E
:107400008530D0E90012CDF83CE06EA805F050FEC2
:107410009DF8B8019DF8B911212822D1139BDDF800
:107420003CE0A1B30B990120207008709CE4109DF2
:1074300093E4BDF8C901ADF838019DF8CB018DF892
:107440003A0170989DF8C8C1DDF8C4E10D906F98BD
:10745000BDF8BA110C90012010919DF8B91111914D
:1074600086E70246BDF8C901ADF860009DF8CB0182
:107470008DF862006F980C90709811919DF8C8C1BA
:107480000D90DDF8C4E1BDF8BA51139B02E0AC46A3
:10749000109D1A220B9901200870012020709DF880
:1074A00062008DF85E00BDF860001095CDE90ECE4B
:1074B000ADF85C00012015468AF800000124404622
:1074C0001C7013F0DAFA404689F8004013F0C7FA4E
:1074D000212D02D1F368002023E00C986F900E98C4
:1074E0008DF8C8010F9871901098ADF8BA011198F5
:1074F0008DF8B901BDF85C00ADF8C9019DF85E00DA
:107500008DF8CB010D9870907C488DF8B85119F02A
:107510004BF86EA81BF0BCFD19F02EF904210120D8
:107520000122169DC9B2D2B2120442EA01210844D6
:10753000C5E90003012186F8A4100DF5137D1EF0A6
:1075400085BC0C986F900E988DF8C8010F987190BB
:1075500011988DF8B90107988DF8B801BDF8AC0104
:10756000ADF8C9019DF8AE018DF8CB010D98709072
:107570000AF11400ADF8BA81BCE83E003EC09CF8A8
:10758000001001706C98CDF8E201BDF8B401ADF8BF
:10759000E6010D208DF8E1E1079019F0B5FA4FF4FE
:1075A000702200234FF0000819F05AFCCDE97A014F
:1075B0004EA8073051464E2234F01DF89DF8064281
:1075C0004BAD0AF14F0109221EF09BFC022C1FD18A
:1075D00056E035AE4EA955221FF00EF80DF1C80841
:1075E00006CD404606C055222978039D0170022031
:1075F000314685F8E800002085F8200005F1E90013
:1076000033F0F9FF85F83E4105F23F1041461CE09A
:1076100035AE4EA955221EF0EFFF0DF1C80A06CD7A
:10762000504606C055222978039D017031460798BF
:1076300085F8200005F1E90085F8E88033F0DBFFEC
:1076400005F23F10514685F83E41092233F0D3FF41
:10765000149E2120DDF848B00790DBE4BDF8290234
:10766000ADF814029DF82B028DF816021FF083F876
:10767000BDF81A820E9089980F909DF8190211900A
:10768000149EDDF848B0DDE90C43DDE9042ADDE9AC
:107690000ECE2CE6124818F06AFE104818F067FE6D
:1076A0000D4818F064FE0B4818F061FE084818F009
:1076B0005EFE064818F05BFE034818F058FEFEDE3A
:1076C0000C4A1EF0F8FA00BF78DD030058E1030011
:1076D000BCD9030004E60300F4E5030014E603004C
:1076E000D8D7030036000000681B040088DE0300C2
:1076F00098DE0300F8DE030088DD030029000000A7
:1077000037000000D0B502AF0468206830B1207E99
:1077100030B1032808D00F4818F029FE0320D0BD4F
:10772000002020756068A060096804F1080000F07E
:1077300019FAC1B201200122022908BF03222276D0
:1077400001D10220D0BD00222260C90718BF40F23B
:107750000110D0BD80D80300F0B503AF2DE9FE0FB6
:1077600088460168086868B1087E029160B1032804
:1077700017D10A4612F8140F019278B1032813D1D9
:107780000E6915E00320BFE000200A4602F8140F3E
:10779000019252F8106C42F80C6C00E08E68CE60DA
:1077A00005E0614818F0E3FD5E4818F0E0FD0E6169
:1077B0005E49B0680968C90540F0A9805D4913F0C9
:1077C00011FB0546D0E90032007C8A46D6E9009BD1
:1077D000022130B9D5E90241A142A1EB040138BF31
:1077E00002315B1A62F10002B9EB03047BEB020485
:1077F00009D2DAF8000002990130C6E90032CAF86D
:107800000000CE68D3E7A9EB0304A14211D9D5E962
:10781000022105F11403914208BF00281AD003EB9E
:10782000C200914291BFC2F102028A1A00210423D0
:1078300014E0D8F80000D0E9001205F1240000F0AF
:10784000C3FBDAF8000001991EF044FE0320087023
:10785000012049E0002204200423002103EBC101A0
:10786000039000EBC20005930691049000944CB184
:1078700003ACDDF800801EF0C8FE00284CD0B8F143
:107880000108F8D103A815F013F9002844D0416885
:10789000009A01394160114302D0B0F8008015E030
:1078A000D5E90201884202D1297CC90737D00021DD
:1078B0002974411C8A1E18BF0A4605F11401AA60EA
:1078C00031F8308005F130001AF050FB19F1010059
:1078D0004BF10001C6E90001DAF8000001991EF041
:1078E000F9FD012008700020C1074FF0010118BF09
:1078F0000321029A117618BF0120C00711BF022090
:10790000002010604FEA084007B01EF0A5BB0848F1
:1079100018F056FE18F07CFE084817F0F9FF0648EC
:1079200017F0F6FF6CD9030080D8030004ED00E0E7
:107930002500000054E603008CD903007CD9030025
:10794000D0B502AF044690423FBF621C08461146C4
:10795000D0BD1EF0DAFDD4D480B56F46007806495C
:107960001EF066FE38BF4FF0A04141EA80000421BE
:10797000C0F8001780BD00BF0003005080B56F46FF
:10798000007806491EF054FE38BF4FF0A04141EA8E
:1079900080000321C0F8001780BD00BF0003005025
:1079A000F0B503AF4DF804BD0446007A154D20B183
:1079B00003280FD0144818F0DAFC144A60681060ED
:1079C000012050600022C5F804210222C5F80423DA
:1079D000286068600E48D1E900122C3019F0FCF9DB
:1079E000D5F8046136B10020C5F8040112F056FD47
:1079F000012000E003202072B6FA86F040091EF054
:107A0000E2BA00BF00700040C0D803002C760040EE
:107A1000706A0020F0B503AF4DF8048D82B046685F
:107A2000144696420FD3D0F80080054609480A460E
:107A300000902146404623461AF02CF9301B08EBF3
:107A40000401C5E900100020A64238BF01201EF045
:107A50001BBD00BFAC110400F0B503AF2DE9FE0F54
:107A60000091017B019019B1032904D1846806E0DB
:107A70000468446002E0354818F079FC84603449B9
:107A8000A0680968C9055CD1334913F0ABF9064613
:107A9000F0E8029B8846D4E9005A14F02CFD1EF051
:107AA00094FD06D2C4E900121EF0AAF901984468B8
:107AB000E4E7D146A5EB010B06F1080A584510D9B9
:107AC00002A8514614F063FD02A8594613F0F8F9D4
:107AD00088B31EF0A9FD51EA0B010DD0D0F800B01B
:107AE00018E00098D0E9001206F1940000F0C6FA00
:107AF0004FF0020B032013E002A8514614F06DFD75
:107B00009DF80800022819D006F1C800DDF808B079
:107B10001AF08AFA681C49F10001C4E90001012049
:107B2000D8F800100131C8F80010019908735846C0
:107B300007B01EF091BA0A4817F0EAFE074817F09E
:107B4000E7FE044818F03CFD18F062FD6CD9030014
:107B500004ED00E02500000054E603008CD903008A
:107B60007CD90300F0B503AF2DE9000F89B0019176
:107B7000017B039019B1032904D1866806E00668E9
:107B8000466002E04F4818F0F2FB86604E49B0684C
:107B90000968C90540F08C804D4913F023F98046EF
:107BA000F0E8029B0C46D6E9005A049014F076FCEB
:107BB0001EF00BFD07D22068C6E9001201302060DC
:107BC00003984668E1E7049AC34602946C1AA042FF
:107BD00014D9D1460DF1140A1146A846504615464F
:107BE00014F0E3FC5046214613F06AF9002859D0FE
:107BF0001EF01AFD214332D004783AE001980BF1CF
:107C0000280A5E46D0E900585346DBF82400C1003C
:107C100049B11A46083954680833A04504BF1268B0
:107C20009542F5D130E002280BD100247462022C79
:107C300007D006EBC400D0E90A1049688847013430
:107C4000F5E7296840468847726A012A1BD84AF836
:107C500032000AEBC2004160501C706214E02846FA
:107C600014F0D2FCC4B2022C1FD00BF138001AF071
:107C70007DF918F1010049F10001C6E9000104F0A5
:107C80000100012102E0C0B902200321DDF80890C3
:107C9000D9F800200132C9F80020039A117309B005
:107CA0001EF0DAB90D4817F033FE0B4817F030FE1E
:107CB000064818F085FC18F0ABFC1EF0B0FD054836
:107CC000F7E700BF6CD9030004ED00E025000000D9
:107CD00054E60300160000008CD903007CD9030091
:107CE000F0B503AF4DF804BD0446006880BB1EF03C
:107CF00068FC207B012805D104F58C7019F022F86E
:107D0000207B00E00020D4E901158D4206D1C00798
:107D100004D100210426042000250AE004F1100605
:107D20008D4206EB011091BFC1F11001691A0025C7
:107D3000042612F02BFB3046294612F027FB0020C8
:107D40002073C4E901001EF008FA5DF804BBF0BD21
:107D5000044818F029FC1BF0EDFA18F00DFD18F09E
:107D600057FC00BF3F000000F0B503AF4DF8048D95
:107D70008046086870BB0D464FF0FF3101CA29608C
:107D8000297B39B1D0B192E8580008F1040158C1FB
:107D900000211AE0A96805EB0113186103F1140032
:107DA00092E8580058C0481CB0F1100118BF0146B5
:107DB0006868A960884204BF0120287305F58870AF
:107DC00018F0C0FF2868411C00202960C8F8000096
:107DD0001EF099B9044818F0E7FB1BF0ABFA18F055
:107DE000CBFC18F015FC00BF3F000000F0B503AF5E
:107DF0004DF8048D8046086880BB4FF0FF3012F8C4
:107E0000016B08600D46087C48B1102E1AD008F1AD
:107E1000010011463F2233F0EEFB002019E0EC6830
:107E200011463F2205EB84100676193033F0E3FB50
:107E3000601C811E18BF0146A868E960884204BF23
:107E40000120287405F1980018F07CFF286810269E
:107E50000130286088F800601EF055B9044818F019
:107E6000A3FB1BF067FA18F087FC18F0D1FB00BFEA
:107E70003F000000F0B503AF4DF8048D86B0944686
:107E80000091884669460A1D9CE87840114681E8C1
:107E90007840D8F8001071B94FF0FF310023C8F8CE
:107EA000001008F1040100F051F81DF0A9FF06B020
:107EB0005DF8048BF0BD044818F076FB1BF03AFA2D
:107EC00018F05AFC18F0A4FB3F000000F0B503AF17
:107ED0004DF8048D8046086868BB4FF0FF300D46B2
:107EE0000860087B38B192E85A0008F104005AC0D3
:107EF000002101201AE0D5F808C092E8590005EBEE
:107F00000C11103159C10CF10100B0F1100118BF72
:107F100001466868A960884204BF0120287305F5FE
:107F2000887018F00FFF2868411C00202960C8F8ED
:107F300000001EF0E8B8044818F036FB1BF0FAF910
:107F400018F01AFC18F064FB3F000000F0B503AF16
:107F50002DE9000B8146087AB0B155685DB3D2F8BF
:107F6000008002F108063BB11868D0E9003201F543
:107F7000AA70194618F0F3FE96E80E0009F1080001
:107F80000EC0C9F800801BE0D1F804C092E871402F
:107F90000CEB8C0301EB83030C3383E871400CF191
:107FA0000100B0F1100218BF024608684A60904212
:107FB00004BF0120087201F5A67018F0C3FE002569
:107FC000C9F804501EF0D0B8F0B503AF4DF8048DD9
:107FD0000E46014610C980461546E00030B11EF03D
:107FE00077F9FBD112689642F8D117E0012C04D141
:107FF000404619F0BBFFD8F8004031682846884752
:108000003CB158B11EF00BFC054818F0D9FA18F035
:10801000FFFA0122C8F80810C8E900201EF073B862
:1080200016000000F0B503AF2DE9000B1EF0DBF8E1
:1080300030B11EF04DF9FBD112689642F8D111E033
:10804000B9F1040F04D1404619F0EEFFD8F80090C2
:10805000316828468847B9F1030F02D81EF0A7F807
:1080600000E008B91EF080B81EF0D9FB024818F0F5
:10807000A7FA18F0CDFA00BF16000000F0B503AF64
:108080002DE9000B1EF0AFF830B11EF021F9FBD145
:1080900012689642F8D111E0B9F1060F04D14046BA
:1080A00019F083FFD8F80090316828468847B9F165
:1080B000050F02D81EF07BF800E008B91EF054B896
:1080C0001EF0ADFB024818F07BFA18F0A1FA00BFD1
:1080D0001600000080B56F4619F0EEFF0A68B0F890
:1080E0005A03013A0A60002808BF172080BDB0B5C6
:1080F00002AF8CB00A4604461DF0C9FF0D46D4E914
:10810000021200F5107368461CF09CFB9DF82900D4
:10811000296800F00100013929600CB0B0BD80B5BC
:108120006F46BDE8804004F0C3BFD4D4F0B503AFC0
:108130002DE9000F97B0804690F84400894668B159
:10814000032840F09C8098F8410008F11405D0B154
:10815000032801953DD04B4818F009F9D8F80000E4
:1081600008F1040C08F11405D0F800B02946027992
:108170009CE8590059C1002088F8410088F8402047
:10818000C8F83CB003E098F84020D8F83CB001951E
:1081900028460DF1080A90E87800514678C1DBE9DD
:1081A000000119F089FFB0F8584310221EF086F83C
:1081B00006AE5146B01C33F01EFA0BF57E70C8F8BF
:1081C000240008F12A0031461222A8F8284033F092
:1081D00012FA4446002154F828EF62686160002AD0
:1081E0003FD008F130030DF1400C0CF10C0593E881
:1081F000430043C5D8F82460CDF85890CDE911E28A
:108200003068109690BB0DF12C0A4FF0FF300CF146
:108210000402311D306050464B46FFF797FE1EF0BA
:1082200043F80C9E56B1D8E90B0112F0E3F89AE836
:108230002F002FC4032488F8414009E0D8E90B013E
:1082400012F0D8F80198012488F8414012F082FB1E
:1082500088F84440002E18BF0126304617B01DF0A4
:10826000FBBE0B4818F0ACF918F0D2F9074818F02B
:108270009BF91BF05FF818F07FFA18F0C9F9024873
:1082800018F075F8A8E10300DCD903003F000000F6
:108290002700000080B56F4619F00EFF1EF00EF8A3
:1082A00080BDD4D4DFB506AF0A4B1EF04AFB01A84F
:1082B0001DF09EF90299E0B2814281BF019A0399B3
:1082C0004FF4B07310FB032084BF04B0D0BD024A4A
:1082D00017F02EFB7CDA03008CDA0300F0B503AF55
:1082E0004DF8048D0E464968403A044690B28142EA
:1082F00017D930681D46FFF7D5FF8846B0F85011F2
:10830000AAB28A4210D900F073FD0A4906F10800AA
:1083100012F04DFD30301EF09AF81DF056FF05208A
:1083200003E01220207003E0212020701DF068FD82
:108330001DF0E9BE38DC0300F0B503AF2DE9000FF6
:108340008BB004460220ADF80A0001208DF8080029
:108350001E462C4888468DF80920039007A81DF07A
:1083600011FB079DEDB3DDE9089BFB20D7F808A0C2
:10837000CDE904B00020069004A803A909F07CFA16
:10838000C0B202281CD104A802A909F075FAC0B233
:10839000022815D1DDE90530191A02290ED3049AF5
:1083A00019490091811C01911AF0B4FFCDE9070130
:1083B00007A831460222FFF72DFBB8B1042004E0E4
:1083C000C0074FF0040018BF0D200121207061701C
:1083D000284649460BB0BDE8000FBDE8F0401DF04F
:1083E00007BC162020700BB01DF030BD019851461F
:1083F0000A9007A880E8200A07AB2046424604F00E
:1084000064FDF0E706000500C4E50300F0B503AF26
:108410002DE9000FADB0D7F808800DF1600BDFF843
:1084200078691C460C924246CDE90A109AB158462A
:10843000194611F061FF1999002900F073841A9A06
:10844000BDF862008242C0F072843346FEF7A5F99F
:1084500003460A46EAE70A9808300990B8F1000F87
:1084600000F07D8458462146424611F045FF199997
:108470009DF86040002900F075841A9ABDF86230BA
:10848000DFF81C09009058469DF8615012F074FD09
:108490001A98DDE918A9DDF86C800D90A01F10284E
:1084A0004AD8DFE810F01100C500A600A600A6001B
:1084B000A600A600A600A600A600A600A60097009B
:1084C000B200F10031015300B9F1040F3AD3DFF8E3
:1084D000D4081DF037FC1B98A0BB1898DFF8DC38D7
:1084E00004881DF087FCDDE918104FF4B07250438A
:1084F00001F5A672002800F0EB811146A0F5B070DE
:108500000B8802F5B0729C42F4D1A1F5A67005214A
:1085100045730173183000F07FFC0998DFF8A0184C
:1085200012F045FC30301EF05EF81DF0BDFE1A98CA
:108530001DF061FD2120E8E1012C5AD1B9F1020FB3
:1085400080F03C8101208DF83800E4E1B9F1040F9E
:10855000C0F0E181DFF84C081DF0F4FB1B98002807
:1085600040F0D9811898DFF86038B0F8029006889A
:108570001DF040FCDDE918014FF4B07251430029B1
:1085800000F0E181027B032A06D1B0F85421B24207
:1085900004BF0288012A04D000F5B070A1F5B071C3
:1085A000EDE70C9B42889BB29342F5D1B0F85A118B
:1085B0004944CA0340F1098300F01AFC0998DFF826
:1085C0000C1812F0F4FB30301EF00DF81DF06CFEAC
:1085D000052030E1F8680C9AD0E9000104F07AFD3A
:1085E00038B10A6890F86E03013A0A60002800F07A
:1085F000ED800C992A46DFF8A4371EF061F89DF84B
:108600006060212E40F0858190E1B9F1020FC0F049
:10861000EB80DFF890071DF0E4FB022312F0ACFCC6
:108620001B98002840F0E08021208DF838007DE183
:10863000B9F1040FC0F0D880DFF868071DF082FBA5
:108640001B98002840F0D0801898DFF868374688DB
:108650001DF0D0FBDDE918404FF4B07100FB01F5CF
:10866000002D00F07081DFF8501704F10C0013F0BA
:1086700009FB20B1B4F84C01864200F0598104F5A1
:10868000B074A5F5B075EBE7B9F10A0FC0F04381FE
:10869000DFF810071DF0A5FB0A2312F06DFC1B98F4
:1086A000002840F038811898018907914188089185
:1086B000B0F80690848806880998DFF8241712F02D
:1086C00076FB32468246501E0E46FE2800F2BA80E5
:1086D000500902F01F015AF82000C840C00700F0FE
:1086E000B180F868CDE90524D0E900010C9A04F0C6
:1086F00013FD0024002800F0098290F874231DF077
:1087000003FC13A8212103E2B9F10A0FC0F0038191
:10871000DFF890061DF065FB0A2312F02DFC189877
:10872000B0F80890B9F10C0F00F0F5801B99002902
:1087300040F0F180018807918188B0F806A0408858
:1087400006900A980891D0E900125846DFF8803662
:108750001CF04EFFDDE918204FF4B071484311467C
:108760000346002B44D00C7B012C05D14C7BA54249
:1087700004BF0C88012C04D001F5B071A3F5B073CF
:10878000EFE70C9E4C88B6B2A642F5D1B9F1000FC6
:1087900000F02A820420A1F80E9008730998DFF8EF
:1087A000341612F004FB28300C4618F0CBFA20687F
:1087B000ADF83A900130206011203CE0DFF8E4058C
:1087C0001DF00FFB022312F0D7FBAFE0B9F1080F49
:1087D0000AD3DFF8D0051DF004FB082312F0CCFB10
:1087E0001B98002800F0B3800120ADF8380092E01B
:1087F00002F10C01002498B10A78012A04BF31F873
:108800000C2C012A04D0A0F5B07001F5B071F2E78C
:108810000C9B31F80A2C9BB2934208BF0C70F2E714
:108820000998DFF8B81512F0C2FA28301DF0DBFE07
:108830001DF03AFD14201A998DF838000A680132AB
:108840000A6064E002200024ADF8B0000A20ADF810
:10885000A200152031688DF8A000DF480131299071
:1088600058463160CDE92A448DF8A1501DF08AF8B0
:10887000DDF86090B9F1000F46D0DDE919A6FB20C4
:108880001594CDE9136013AC29A91EF023F8C0B2EA
:1088900002282AD128A91EF01DF8C0B2022824D12E
:1088A000DDE91430191A0A2910D3139A00F10A04C9
:1088B000DFF8F8141DF097FDCDE918012AA95846F4
:1088C0000A22FFF7A7F8002800F0A681042011E093
:1088D0001A982A46DFF8EC341DF08DFBF8680090FA
:1088E0000EA80C99FFF728FD11E0C0074FF0040017
:1088F00018BF0D2001218DF838008DF83910484639
:1089000051461DF075F902E016208DF838009DF8EB
:108910003860012E0AD10C992A46DFF880341DF008
:10892000CFFE9DF86040212C40F023820D9C95E500
:1089300000204FF48031C4E9011020802073C4E985
:108940005300C4E955001A981DF055FBEEE718983E
:108950000021A24E43F609520468D0F8049043F671
:108960000850A3B20593E3FB06011DF006FC089036
:108970008A46220C43F6085000210692E2FB0601CB
:1089800043F609521DF0F9FB954B06460C464FEA9B
:10899000194243F608500021E2FB030143F6095255
:1089A0000023CDF81C9032F083FE089A9646B21A46
:1089B00074EB0A023FD202208DF8A150ADF8A2005C
:1089C00013208DF8A0008748299013A81CF0DAFF27
:1089D000DDF84C90B9F1000F00F0ED80DDE914A650
:1089E000FB20CDE92A6000202C902AAC29A91DF09B
:1089F00071FFC0B202287DD128A91DF06BFFC0B263
:108A0000022877D1DDE92B30191A022911D3E74961
:108A10002A9A0091811C08911AF07CFCCDE913017F
:108A200013ACE34902222046FEF7F4FF002800F0D1
:108A30006D81042662E0069AB2F5486FBBD8059AAC
:108A4000062AB8D3079A92B293087C2BB3D8079B17
:108A5000B3F5202FAFD3B4462646D34B079C9C4298
:108A6000A9D843F60953D146ACFB03A4079606FBED
:108A70000344022606EB42064FEA5A2343EAC45354
:108A8000640AA3FB06A3CDF818A004FB063A43F63C
:108A90000953A0FB034601FB0366640A069B44EAF4
:108AA000C6541C1B7AEB5623079EBFF484AF22905A
:108AB00007208DF860000BF11803F8680024C3E963
:108AC0000044C3E902440C9BADF890202391D0E907
:108AD0000012CDF870C0CDF868E01D96CDF86C900E
:108AE0008DF89A40ADF89830CDF800B013A804F096
:108AF0008FFA1BE70426C00718BF0D260120514638
:108B00008DF8610048461DF073F802E718A822218D
:108B10008DF84C101C218DF860100178042021295B
:108B20007FF492AED1073FF48FAE0A98AD4BD0E9F7
:108B300000125846CDF808A01CF05AFDDDE91820B7
:108B40004FF4B07100FB01FA049211465046A8B1EF
:108B50000A88012A0DD10C9A4B8892B2934208D10F
:108B6000B1F85421089B9A4203D10A7B002A40F0B5
:108B7000CB8001F5B071A0F5B070E8E7049C0396D6
:108B800004F5AE76CDF804904FF00009BAF1000F6D
:108B900013D0954904F10C0013F074F810B130783B
:108BA000002844D004F5B074AAF5B07A06F5B07682
:108BB00009F10109EAE71626ABE604200024039E2A
:108BC0001A990A6801320A603EE6A0F85A1110307C
:108BD00018F0B8F81EE000BF0E00050000C4090040
:108BE00000204E00060005000798A1F854010698E1
:108BF000A1F858010898A1F8560103200873A1F8BC
:108C00005AA10998744912F0D2F828301DF0EBFCF3
:108C10001DF04AFB21200EE6CDE91A645B46CDE942
:108C2000189A0EA8F9680C9A04F04FF96FE64FF401
:108C3000B070049909FB001ADAF81800002840F017
:108C4000A1804FF0FF30CAF818009AF824000128DC
:108C500006D10AF5987018F075F89AF8240000E02B
:108C60000020DAE907168E4206D1C00704D10021A0
:108C70000424042000260AE00AF128048E4204EBB2
:108C8000011091BFC1F11001711A0026042411F0E6
:108C9000F7FB2046314611F0F3FB00208AF8240050
:108CA000CAE90700DAF818000130CAF818000AF516
:108CB0009C7008F0D4FA0898AAF8540109F1400011
:108CC000AAF84C010120AAF800000798AAF85A0156
:108CD0000598AAF84E010C98AAF802000698AAF87E
:108CE00058010198AAF8560102208AF80D508AF816
:108CF0000C001A981DF07FF90298203018F022F825
:108D000003991DF001F911E60A2059E70898234656
:108D1000F9680C9ACDE915605846CDE9139A04F02C
:108D2000D4F86CE40B999DF8600048701CE0F8687A
:108D30009DF86120009018AC184B0C992046FFF765
:108D4000FBFA9DF86050212D01D1052008E00B9E13
:108D5000611C1322701C32F04EFC357006E021209D
:108D60000B9902E00B994C70012008702DB01DF09A
:108D70006DB80B9D0BF101011322681C32F03BFC16
:108D80002C70F3E7194817F00FFC1AF0D3FA17F01C
:108D9000F3FC17F03DFC00BFC8DB03002812040001
:108DA000D8DB030040FB0300FFFF800CC4E5030099
:108DB0006EDB030080DB0300A0DB03005CDB030051
:108DC00070DB03006CDB0300BCDA0300CCDA0300C9
:108DD0001CDB03003CDB03002CDB03004CDB03004B
:108DE0000CDB0300B8DB030090DB03003F00000056
:108DF000D0B502AF074904460C3012F043FF38B13A
:108E00000620207304F11800BDE8D04000F004B83B
:108E1000D0BD00BF94DB030080B56F468AB0014629
:108E20000020069001A806AAFFF750F80198012833
:108E30001CBF0AB080BDDDE902010AB0BDE8804078
:108E400011F0D8BAF0B503AF2DE9800F14460A46E9
:108E50002349834610461E4611F0F0FF80460D461A
:108E60006FF05F0ABAF1000F16D00AF1600A2146CE
:108E700008EB0A0948461BF015FC0028F2D009F15E
:108E8000200031461AF06EFC30B10246B8680C463C
:108E900088420CD9072000E00A208BF8010001204D
:108EA0008BF800002868013828601DF02ABA0D4BA5
:108EB00011462246FDF771FC3A690C460E460A4BF4
:108EC0008A42F968804638BF164630461AF018FACA
:108ED000064A23461CF061FFCBF804600020DFE760
:108EE000D8DC0300E8DC0300F8DC030008DD030045
:108EF000F0B503AF2DE9E00F0D463F499A46914684
:108F000011F070FF04468B466FF05F08B8F1000F58
:108F100023D008F16008294604EB080630461BF010
:108F2000C1FB0028F2D00FFA89F0002815D406F111
:108F30002005494628461AF0B7FB01280DD12846DE
:108F400089461AF0E1FB284649461AF03FFBBE6805
:108F500086420DD901200D2101E001200A21DBF814
:108F600000200132CBF8002003B0BDE8000FF0BDB7
:108F7000284649461AF0FEFA204B82190146284637
:108F80001AF086FB1E4A1DF096FB284649461AF049
:108F90001DFBB1B2884226D328461AF0D3FA894580
:108FA00026D200EB890090F90100002819D5284647
:108FB00049461AF045FB144A014628461AF02CFB94
:108FC000124B02460C461146022022461AF098F92E
:108FD0000F4A02230092A7F11E0227F81E6C18F018
:108FE00059FE0020BBE70B4817F0EAFA17F010FB18
:108FF000044A484616F09CFC18DD0300C81904001A
:10900000D81904007819040088190400981904007C
:10901000A819040068000000F0B503AF4DF8048DF6
:109020000446002088600D460846012198461646F1
:109030001CF02AFAC0B2022818D1284631461CF08A
:1090400023FAC0B2022811D1284641461AF034FA58
:10905000C0B202280AD1B96828461CF035FAC0B25D
:10906000022803D1A8686060002001E06070012040
:1090700020701DF048B8F0B503AF2DE9000F8BB09C
:109080003C691E4688468246D2E900011546237E89
:10909000324600F0C7F8C00705D001208AF8011059
:1090A0008AF800001CE0CDF80C80D7E90598D7F8C5
:1090B0000CB02078032816D1BC683346D5E90012DD
:1090C00004AD284618F0E6FFCDE900B92A46CDF8F0
:1090D00008802346039800F55E715046FFF7B2FE04
:1090E0000BB01CF0B3BEC7F80880504621465A4664
:1090F0004B460BB0BDE8000FBDE8F0401CF06ABB6A
:10910000F0B503AF2DE9000F89B0BD6899460C4654
:109110008346D1E9000116466B7E00F0A5F8C00732
:1091200001D001201AE0D7E9038A2878032810D15A
:10913000D4E9001202AC3346204618F0ABFF0BF521
:109140005E7021464A464346CDF800A0FFF7D0FEA8
:1091500004E02846414652461CF0C6FB09B0BDE873
:10916000000FF0BDF0B503AF2DE9000F8DB01D4627
:10917000BB68E8460C460646114640462A4618F0AB
:1091800089FF274904F55E7011F02CFE0DF1180BD4
:10919000824689461721584632F0BAF96025514671
:1091A000B5B10C46084641461BF07CFA58BB204638
:1091B000594612F021FB603D04F160010028EFD018
:1091C0000120B446207698E86F006FC466461CE024
:1091D0000AF11801B3466020C8B18C4601F1600362
:1091E0001CF81819603800291946F5D101208CF8AF
:1091F0001800604698E87E007EC00CF120001AF04E
:10920000DFFA212004E001202076212001E01D204A
:109210005E4630701CF040FE0DB01CF017BE00BF63
:1092200028DD0300D0B502AF86B01C4613460A46BF
:10923000014601A8FEF773FF9DF8040021280BD119
:10924000E2B29DF8053001200221DFE802F00302BE
:1092500009073BB1002001E00121012006B0D0BD8B
:10926000022BF7D20521F9E7D0B502AF86B01C4634
:1092700013460A46014601A8FEF751FF9DF8040077
:1092800021280BD1E2B29DF8053001200321DFE84F
:1092900002F0030209073BB1002001E00121012097
:1092A00006B0D0BD022BF7D20521F9E7F0B503AF28
:1092B0002DE9000794B002AD8846814648211DF093
:1092C000EAF8D8F80C404826304B2946482C38BFDD
:1092D0002646304648221AF013F80546D8F808000A
:1092E0008A46214613F016FC8E424BD80346284886
:1092F00000901A4628465146334618F0CBFC022C03
:1093000009D22B4817F050F9304617F03FF917F003
:1093100033FA0A2017E09DF80800451EECB20E2C27
:1093200010D21C48711E30F8140081421BD109F183
:10933000010002A9482232F05EF9C9F84C6089F8B0
:10934000005008E0072089F80500032089F8040090
:109350000E2089F80000D8E900011CF049FC14B087
:10936000BDE80007F0BD0C4817F01EF90B480C4D86
:10937000A8470C48A8470C480C491DF043F80020AA
:10938000A847C4E70B4B0A461DF0BBF838DE0300C4
:1093900058DE030070F303004C0000000D000000D5
:1093A0002D05020057010000D02504009825040077
:1093B0004D00000048DE0300F0B503AF2DE9000FBB
:1093C0009BB01C788046212C15D047481D46164678
:1093D0008A4693F801B017F0E7F8444817F0A6F86A
:1093E000284619F063FE032C18BF4FF0080B17F046
:1093F000C3F9192C05D1212088F800001BB01CF0FE
:1094000025BDB6F8584315A81CF0BCFA15980028DD
:109410004AD0A7F143000094C51C15A90C221CF0EA
:1094200070FDA7F152002946C61C0C221CF01FFD3E
:1094300018AD31460C221CF064FD02A82946042216
:1094400000F070F89DF80800DDE903549DF81890CD
:109450002128059E29D13046494600F04FF80029C1
:109460003ED080F800B051462148CDE90254049620
:1094700030F81900053080B2059002AB009A4046E2
:1094800003F023FD98F800002128B4D008AD98E837
:109490005E0028465EC0174817F086F8284619F087
:1094A000F7FD17F069F9A9E716209DF80B1088F869
:1094B0000310BDF809109DF81B20A8F80110BDF895
:1094C0001910ADF804108DF8062088F81090C8E93E
:1094D0000154C8F80C60A8F8111088F813208BE725
:1094E000054A1CF0E8FB00BF4500000049010000F0
:1094F00070F303004A00000078DE0300E0B502AF1D
:10950000024606480090C8B20549FB2331F8100016
:10951000053081B2052019F0FDFE8CBDA8DE0300E8
:1095200070F30300F0B503AF4DF8048D82B08C6882
:109530009046184B0E46054602202146FB2219F0A4
:10954000DFFE154B5FFA88F233F812200223013256
:10955000ADF80420114A009201AA18F09BFB0620E6
:10956000A7F1120227F8120C02210D4802230090E5
:10957000A01C18F08FFB08F10100207196E80E0086
:10958000281D0EC02120287085F8108002B05DF8DB
:10959000048BF0BDB8DE030070F30300C8DE0300E7
:1095A000D8DE030091F8673301F51472012B12BF66
:1095B00091F8561202F58C720121A0B1D0B502AF1C
:1095C0009388B0F8154112686340D0F811416240A9
:1095D0001A4390F817315940C90718BF0020002AD4
:1095E00018BF0020D0BD00207047D4D4F0B503AF21
:1095F0004DF8048DADF5587D044610BA039018BAA5
:1096000002908846B86800BA0190F86800BA0090E5
:10961000386900BA0790786900BA0690B86900BA4C
:109620000590F86900BA0490786A0C90386A0B903B
:1096300004A80A90684609901F4871901F487090CE
:109640001F486F901F486E900DAE6EA9304613F004
:10965000DFF96EAD414620221CF053FC304629460E
:10966000202212F091FA0020CDE9D600CDE9D400F5
:10967000D4AD3046294613F00BFA6EAE294630467B
:1096800013F0C6F909AD204632460023294600F002
:109690001BF8D0A829463246012300F015F8D0ABBC
:1096A0001CF0FCFDC4E90432C4E906100DF5587D38
:1096B0005DF8048BF0BD00BF5A6083BE60370BDBE2
:1096C000AAF5A5386C888391F0B503AF2DE9F007B2
:1096D000DFF890900E4680461546104669460122F6
:1096E0008DF800304FF0010AC8471F492846042270
:1096F000C84731686C4620461CF00AFC28462146C3
:109700001022C84771686C4620461CF001FC2846B0
:1097100021461022C847B1686C461DF0DEF8284685
:1097200021460722C847F1686C461DF0D6F8284646
:1097300021460722C847694628460222ADF800A004
:10974000C84700206C46CDE902002146CDE9000063
:10975000284613F09DF9404621461CF0D9FBBDE890
:109760000F07F0BD89BB010098DB0300F0B503AF24
:109770004DF804BDADF5487D044610BA699018BA9D
:109780006890B86800BA6790F86800BA669001AD52
:1097900066A9284613F03CF939692846114E202263
:1097A000B047796928462022B047B86901228DF870
:1097B000980166A92846B04766AE29464FF4C272A2
:1097C0001CF01AFF62A8314612F08EF862AB1CF052
:1097D00065FDC4E90032C4E902100DF5487D5DF86D
:1097E00004BBF0BD89BB0100B0B502AFADF5487D4B
:1097F00000BA699008BA689010BA679018BA669073
:1098000001AC66A9204613F003F9B9682046104D53
:109810002022A847F96820462022A8471CF019FBFF
:1098200066A92046A84766AD21464FF4C272284675
:1098300031F06CF862A8294612F056F8659805498F
:1098400000BAB0FBF1F202FB11000DF5487DB0BD8E
:1098500089BB010040420F00F0B503AF2DE9FF07BF
:10986000DFF8949000260D468046EA46CDE9026670
:10987000CDE900660F2E1ED8D5F80041402C07D345
:109880002846002113F052F9D5F80041412C2AD284
:109890003046514610224B4619F0C7FE02460B4691
:1098A00005EB8400C4F1400118F0C0F92044C5F86C
:1098B00000010E44DEE704A89AE81E001EC004ABB7
:1098C0001CF03BFB1FBFA8E80F0008B0BDE8000775
:1098D000F0BD084816F068FE04A81AF02FFE16F036
:1098E0004BFF16F095FE054B20464021402215F017
:1098F000D0FF00BF630000007C220400C0EE030024
:10990000F0B503AF4DF8048DADF5487D01AD80464F
:109910001E461446284613F07BF820BA699030BAE8
:109920006890B8681022274E00BA6790F86800BAAD
:10993000669066A92846B0471CF08BFA66A92846AF
:10994000B047386A102200BA6990786A00BA689005
:10995000B86A00BA6790F86A00BA669066A92846A5
:10996000B047386B0322ADF89801000C8DF89A01CE
:1099700066A92846B04766AC796B1CF0AEFF284656
:1099800021460722B04766ACB96B1CF0A6FF2846FB
:1099900021460722B04766AC29464FF4C2721CF03C
:1099A00096FF62A8214611F09FFF62AB1CF076FC87
:1099B000C8E90032C8E902100DF5487D5DF8048B56
:1099C000F0BD00BF89BB0100F0B503AF4DF8048DB9
:1099D0009AB01CF08FFF0CAE304600F07BFA9DF879
:1099E000300021281FD1A7F15A00311D851C1CF021
:1099F000DCF903A82946861C1CF059F911AD314643
:109A00001CF0D3F91CF084FE207821280ED00DF133
:109A100054081CF01CFB074816F0C6FD1CF0B0FBF8
:109A200016F0AAFE02E040F6032020801AB01CF0D7
:109A30006ABB00BF57000000F0B503AF2DE9000F6F
:109A4000CDB0FE68D7F80880CDE91D2056F870AF7C
:109A5000D8F84400C346CDF8AB00C1465BF8410FCF
:109A6000D6F808E02A90D8F83D0012931691726853
:109A7000F568D6F810C07369B169F469CDF8CB0008
:109A800059F83A0F2192CDF870E01B95CDF868C0D7
:109A9000199320911F94329032A88DE812045446F5
:109AA0000DF1F80ACDE9032E624605952AA9CDE904
:109AB0000610A6F130015046FFF798FD22A89AE85B
:109AC0002E002EC0429811904398109044980F9009
:109AD00045980E90306A1890706A179008F14E0001
:109AE000D6E90AA51AF0E9FF20F07F40CDE90A0B7C
:109AF000209800901F98CDE90104219803901C98AC
:109B0000CDE908A5049005461B98CDF854B0059002
:109B10008346189806901798CDF84C90CDF8309061
:109B20001494079026A822A91A9A199B9146984640
:109B3000FFF7E6FE1D98102804D126A8169911F00B
:109B4000CBFE30B11E990F20087040F6033088809C
:109B500090E0D6E90C40D7F808A01D90B06B1890A3
:109B60000AF14800F66B1AF0A8FF20F07F400A9037
:109B700013980B9015980C90209804901F981899A2
:109B8000CDE905041D98CDE90816CDE9005BCDE9C6
:109B9000029807902AA822A9149A219BFFF7B0FEE9
:109BA000DDE92C01DDE92A23CDE900013EAC2046A8
:109BB00000F036FA9DF8F850212D48D10DF1C80972
:109BC000211D09F103051CF0F0F82EAE29461CF00A
:109BD0006EF8129C0DF1F80832464046214607F017
:109BE000A9FF9DF8F850212D3CD19AF838000223A6
:109BF0009AF84A100DF1F8089AF85020022801F05E
:109C0000030008BF012302F0030180F0010081F08E
:109C1000010108430F990091B0FA80F00E994009B4
:109C2000CDE901132146DDE910320390404607F0EB
:109C3000B9FF9DF82161022E1FD198E86E004846B9
:109C40006EC01E9E99E83E00301D3EC008E0611CBB
:109C500032AC1CF09AF81E9E21461CF015F93571A5
:109C60000F2006E01E9E08F101011CF00DF90F20E7
:109C7000357130704DB01CF0E9B832AC3EA92922E4
:109C80001CF025F9BDF826012146ADF83001292246
:109C9000DDF822014B903EAD1CF033F950462946C9
:109CA000292231F0A8FC4B981E99CAF82A00BDF869
:109CB0003001AAF82E000A208AF829600870D9E736
:109CC000102B40F09B80F0B503AF2DE9000F9DB045
:109CD00009908846F868137800F16006D2F8010010
:109CE000D2F80540D2F8095043EA002C39692B021A
:109CF00043EA1463240244EA1060D47BB2F80D20D6
:109D0000C6E900C042EA0442120242EA1562C6E90C
:109D1000023218A8FFF7A0FD06F1300A189806F1E4
:109D20001003F66B1A9A08F07F041999DDF86CB0ED
:109D3000069283E80708A4F1400207913146089093
:109D40009AE820065046CDF8148031F01BFB80467F
:109D500028464946224631F015FBC4F140028146AF
:109D600050463146D7F80CA031F02FFC0AF1200103
:109D700003910699402CCDE901BA009138BF49EA18
:109D800000082A48002C08BFA84660F35F08CDF8F9
:109D900010800AA8DDE90732FFF7E8FCDDE90C01D5
:109DA000DDE90A23CDE9000118AC204600F06AF88D
:109DB0009DF86050212D27D10FA8211DC61C10220F
:109DC000D7F808801CF053F814AD31461BF0EDFFB6
:109DD00018AC41462A46204607F0ACFE9DF860507C
:109DE000212D18D1099C5146B02204F1080031F010
:109DF000DFFA059860600620207013E00F210170E3
:109E000040F6032181807047611C0FAC1BF0BDFF41
:109E1000099E214601E0099E611C1CF035F80F20C7
:109E2000357130701DB01CF011B800BFC0FFFF7F4E
:109E3000F0B503AF4DF8048D8EB0054608A88846EE
:109E40001BF0A0FD0898C0B1A7F1370008A9C61CF7
:109E50000C221CF00CF8A7F146003146C41C0C2261
:109E60001CF035F80BAE21460C221CF000F82846F9
:109E700031464246FFF756FB01E0162028700EB02F
:109E80001CF041B9F0B503AF2DE9000F89B00446CD
:109E900004A8022199469046FFF7CAFF9DF810508A
:109EA000212D10D11BF02FFFFA6810230792BA68FA
:109EB0000692074ACDE90489009204AA17F0EAFE47
:109EC0001CF03FFB01E01BF000FF25701BF071BF91
:109ED00008DF0300F0B503AF2DE9000F89B0044699
:109EE00004A8032199469046FFF7A2FF9DF8105061
:109EF000212D10D11BF007FFFA6810230792BA68D2
:109F00000692074ACDE90489009204AA17F0C2FE1E
:109F10001CF017FB01E01BF0D8FE25701BF049BFB9
:109F200018DF0300F0B503AF2DE9000F99B003AEC1
:109F3000044620220D461BF09AFF05F120010BADCF
:109F400020221BF0DEFF304611F008F8284611F001
:109F500005F814A80B21FFF76BFF9DF850A0BAF18C
:109F6000210F39D19DF86080DDF85C90BDF861006B
:109F70009DF86310DDE915B2ADF84C00A4F81100AE
:109F800048468DF84E10E17441460292FFF7B6FA4A
:109F90001F4B05460E4620202946324619F0B0F9DF
:109FA0001C4A2023009203AA17F074FE1A4840218D
:109FB000009020202A46334619F0ACF9174A202396
:109FC00000920BAA17F066FE029884F81080C4F87D
:109FD00004B0C4E9020915E09DF85300E070BDF833
:109FE00051009DF86310DDE91556A4F80100BDF895
:109FF0006100179A9DF86030ADF84C008DF84E1056
:10A000001CF0D7FA84F800A019B01BF01FBF00BFE6
:10A0100028DF030038DF030048DF030058DF0300B8
:10A02000F0B503AF2DE9000F89B0044604A80C2158
:10A030009B469246FFF7FCFE9DF81080B8F1210F79
:10A0400031D19DF82060DDF81C90BDF821009DF80D
:10A050002310059A0292069AADF80C00A4F811009C
:10A0600048468DF80E10E17431460192FFF746FA2A
:10A070000246F868194B0D4607901146B8682A4603
:10A0800006901020CDE904AB19F03AF9144A1023D8
:10A09000009204AA17F0FEFD0298606001982674F1
:10A0A000C4E9020915E09DF81300E070BDF8110045
:10A0B0009DF82310DDE90556A4F80100BDF8210044
:10A0C000079A9DF82030ADF80C008DF80E101CF0AA
:10A0D00070FA84F800801BF06CBE00BF68DF0300DC
:10A0E00078DF0300F0B503AF2DE9FE0F044602A8A8
:10A0F00088460721FFF79CFE9DF80850212D1ED1B0
:10A100009DF81860DDF81490BDF819009DF81B103B
:10A11000ADF80400A4F8110048468DF80610E1746B
:10A120003146DDE903ABFFF7E9F9154A10231BF0CF
:10A1300034FE2674C4E901ABC4F80C901CE09DF811
:10A140000B00E070BDF809009DF81B10DDE903620B
:10A15000A4F80100BDF81900DDF814C09DF818300E
:10A16000ADF804008DF806102374C4E90162C4F848
:10A170000CC0A4F81100E174257007B01BF066BE96
:10A1800088DF0300F0B503AF2DE9FF07044603A8FD
:10A190000D460821FFF74CFE9DF80C00212832D116
:10A1A0009DF81C80069EBDF81D00ADF804004146D8
:10A1B0009DF81F008DF806003046DDE9049AFFF790
:10A1C0009DF9002940D00246A8790B46002818BF07
:10A1D0000120107007211E480090012019F09AF804
:10A1E0001C4A06231CF042F9212084F810802070BC
:10A1F000BDF80400A4F811009DF80600C4E9019A16
:10A20000E660E0741DE09DF80F10E170BDF80D10E0
:10A210009DF81F20DDE90463A4F80110BDF81D10AE
:10A22000DDF818C09DF81C50ADF808108DF80A2014
:10A230002574C4E90163C4F80CC0A4F81110E274D9
:10A24000207008B01BF093BF034A1BF034FD00BF21
:10A25000A8DF0300B8DF030098DF0300F0B503AF09
:10A260004DF8048D92B00DF104080D4606461146D6
:10A27000404644221C4630F049FBB868294600900D
:10A2800030464246234600F005F812B05DF8048BD4
:10A29000F0BDD4D4F0B503AF2DE9000FADF69C1D91
:10A2A000179001F1D00018930DF581651690D6A88E
:10A2B00091F8C86000F160040DF5AD6A01F178080D
:10A2C00093468946022E199154D11AAE4946C822A6
:10A2D000304631F06DF815209DF8681089F80400BB
:10A2E0000E2089F800000C299BF8000000F2D583AD
:10A2F000DFE811F00D00EE015A013A01DC001C010B
:10A30000A902D3036303B803D303A303B40005284E
:10A3100004BF9BF80C10002901F01E80DDF864A03A
:10A320001CF0AAFADFE810F00600B103B103B10394
:10A330007308C0039BF80100DDF860B0002801F04D
:10A34000C2800DF5FF645946204607F03FFD9DF899
:10A350002158032D41F0F4860DF5CE6C94E86E0083
:10A3600060466EC0614660A891E87C0004307CC005
:10A3700002F052B960A849461CF041F915209DF839
:10A38000801189F80400122089F800000F299BF839
:10A39000000000F27D86DFE811F010005504A603EE
:10A3A00052058F057B0621047504D4047B067406D0
:10A3B000F8057B067B0690032E04052804BF9BF856
:10A3C0000C200A2A40F06486DBF80800002802F01E
:10A3D0009382DDF864A00C22DBF804100DF5FF6811
:10A3E0009AF81901032808BF0822DDF860B0DBF8ED
:10A3F000383093F8700393F8713302448AF81A21C5
:10A400000C7813B101218AF8181158B19AF81C017F
:10A410009AF81D1140F003008AF81C0141F0030175
:10A420008AF81D111AA8594607F020FD9DF89100E1
:10A43000022807D0600741F1F8829DF890000228B9
:10A4400001F0F3820DF5CE641CF00DF99DF8705605
:10A45000212D41F02382012401F027BA052804BFF1
:10A460009BF80C20082A40F00483DBF80820DDF874
:10A4700064A0002A02F03E82DBF804000478022C7B
:10A4800081F04080062A42F2278250F8011F0DF524
:10A49000FF68CAF811118188DDF860B01CF059F826
:10A4A00000F0B2871BF047FF00F0AEBF052804BFE5
:10A4B0009BF80C10022900F038870AF190041CF078
:10A4C000DBF9DDF864A0DFE810F0A207E002E002AB
:10A4D0000600A207EF020DF5AD680AF118019022FF
:10A4E0001CF077F9711C0DF5FF6611221BF0BFFC03
:10A4F0000025DBF80400C4E90005C4E904059DF863
:10A50000F807C4E90255C007C4E9065501F0FD8308
:10A51000DDF860B0721CB8680021CDE900B81023E6
:10A52000029060A8FFF7CCFB01F045BC052804BFF2
:10A530009BF80C20022A40F09C82DDF864A00DF507
:10A54000FF68B0220AF108011CF043F9DBE901239E
:10A55000DDF860B0B8681B99CDE900B8029060A83A
:10A56000FFF7AEFB02F05BB8DDF864A01CF084F9E5
:10A57000DFE810F04D07060043088B024D07250861
:10A580009DF86900002801F0A08106F118001699D5
:10A590001022CDE9001060A8DDF860B0B11C5B4668
:10A5A000FFF74AFA02F03BB8052804BF9BF80C20DD
:10A5B000032A40F05E82DDF864A0AAA870220AF1A6
:10A5C000080130F0F5FE0AF198010DF5C360202274
:10A5D000D8E90049D8E9025631F00DF81BF084FEA5
:10A5E00040F0CC87DBF804000DF5FF6822464B46AF
:10A5F000D0F809101591D0F8051014910178139135
:10A60000C17B12911899D0F801A0B0F80D001190FB
:10A610004046CDE90056FFF7D7F99DF8F8B7BBF1F2
:10A62000210F41F06181DDE911210DF5CE6000F1CE
:10A63000700B42EA0148AAA9702230F0B9FE149AC0
:10A640001599100240EA1A631398CBE9004940EAD1
:10A650000A2A080240EA12624FEA082040EA11681A
:10A660000BF10800CBE905320DF5C361CBF81C8076
:10A670000DF5CE6B80E860040BF19000149220225F
:10A68000129330F0B8FF12990BF12000149A434650
:10A69000CDE9000B5046CDE90249CDE90456FFF75C
:10A6A000A3F8DDF864A09AF80811022941F0368376
:10A6B0000DF5FF640DF5CE61E01D1BF08AFC09204D
:10A6C00021468DF8800160A81BF000FF01F071BBEE
:10A6D000052804BF9BF80C200B2A40F0CA810DF519
:10A6E000C369DBE9011248461AF0F2F9DDF860B0FF
:10A6F0002022DBF82C109AAC1BF0E9FBDBF83010C1
:10A70000AAAE40221BF0B3FB0DF5FF6821464A4676
:10A71000334640461AF020FA9DF8F807C00700F0CB
:10A7200033879DF8FB0708F106018DF856011222C8
:10A73000BDF8F9079DF8FC579DF8FDA7ADF8540149
:10A7400050A830F058FF08F118004DA90DF5CE6B58
:10A750000CC80CC100780870AAA95846FFF7E2FBA4
:10A760009DF87006212841F0CA800DF5CB600BF1F1
:10A770000401841C1BF015FB56A82146861C1BF007
:10A7800096FA5CAC31461BF00CFB92AE189922464F
:10A79000304607F0CFF99DF84892B9F1210F41F00A
:10A7A000E3820DF5CE60AAA900F1600958461BF0BE
:10A7B000D8FC0BF120060DF5C36120221BF057FBDE
:10A7C000BDF854011222ADF8B0069DF856018DF87F
:10A7D000B2060BF145008DF8B4A68DF8B35650A91A
:10A7E00030F009FF0BF157004DA9092230F003FFAB
:10A7F0004846502130F08CFEDDF864A09AF808013C
:10A80000023838BF0220C0B2022801F09485B9682E
:10A81000032841F0B485DDF860B00F200DF5FF6826
:10A820001BF087FE92AC1BF0EDFE9DF84862212ED6
:10A8300041F0AA8608F107000DF5CE611BF0C9FBB7
:10A8400007204146F0E0052804BF9BF80C20032AAE
:10A8500040F00F81DDF864A0D6A81BF06EFA1BF063
:10A8600043FD40F09C86DBF804001B9ED4E90E8972
:10A87000D0F8011006F07F0B0278109642EA012210
:10A8800022621592D0F80930D0F805201D0245EA61
:10A890001265120242EA1161A5626162CBF14002C7
:10A8A0001491C17BB0F80D00139540EA0140494670
:10A8B000000240EA136AD4E90C50C4F82CA01190AD
:10A8C000404630F082FE11995A461290284630F0E8
:10A8D00059FDABF1400206464046494630F052FD74
:10A8E000BBF1400F129938BF46EA0100BBF1000FDF
:10A8F00008BF2846E249D6AA139B61F35F0002F124
:10A900002001CDE9003ACDE90212DDE914320490CC
:10A910000DF5C360FEF72AFFDDF81C66DDF824564E
:10A92000D4E900BA8AEA0601D4E9028989EA050075
:10A93000DDF818C60843DDF820368BEA0C0288EAF9
:10A9400003011143084340F0E087D4E90601D4E94C
:10A9500004230DF5FF64CDE900012046FFF7BAFAA4
:10A960009DF8F857DDF864A0212D41F014820DF513
:10A97000CE60211DC61C1BF09AF9AAAC31461BF013
:10A9800010FADDF860B00DF5FF66224630465946F4
:10A9900007F0D0F89DF8F8470DF5FF68212C41F03D
:10A9A000C583109C132C41F0F285F01DD6A91BF035
:10A9B00010FB0920314601F027BA052804BF9BF897
:10A9C0000C20032A55D1DDF864A00DF581601BF041
:10A9D000B4F91BF089FC40F0EB85DBF8040005F1CD
:10A9E000700404F110051BF089FB0EC5B968E06125
:10A9F0002046FEF731FFDDF860B0D4E90201D4E96A
:10AA000000230DF5FF64CDE9000159462046FEF70D
:10AA1000DBFF1BF08AFF40F09287E01D0DF581619E
:10AA20001BF0D7FA092021468DF8800160A801307B
:10AA3000B72230F0E0FD01F0BEB9052804BF9BF855
:10AA40000C20072A15D1DDF864A01BF04DFC40F066
:10AA5000DF859AF8F900022801D01BF0A8FA0C2033
:10AA600001F0A5B9052804BF9BF80C200C2A00F0C2
:10AA7000F484DDF864A00DF5FF68DFE810F0B3049E
:10AA8000060006000600C804150060A81AA91BF0FD
:10AA9000B6FDDDF860B001F0C2BDDDF864A00DF5D3
:10AAA000FF68052840F094849BF80C00042800F00F
:10AAB00026840D28E9D000F0AABC052804BF9BF825
:10AAC0000C20072A40F0E4821BF00EFC40F0318697
:10AAD000DDF864A09AF8F900022801D01BF067FAAB
:10AAE0000F2000F031BE052804BF9BF80C200B2A74
:10AAF00040F0CE8260A80DF51279011D20221BF0D6
:10AB000088FEDDF864A09AAC40220AF124052046B4
:10AB1000294630F070FD0DF5C366DBE901123046C1
:10AB200019F0D6FF0DF5CE68494632462346404619
:10AB30001AF012F89DF87006C00700F000869DF824
:10AB400073062E468DF8AA0008F10601BDF87106BD
:10AB50001222ADF8A800BDF874461AAD05F1450003
:10AB600030F049FD05F1570008F11801092230F0D5
:10AB700042FD05F120000DF5C3611BF0F2FA2846F5
:10AB800031461BF0EEFA05F160005021ADF8AB4004
:10AB900030F0BEFC9AF80801811E38BF0221DDF8B2
:10ABA00060B0C9B2022901F01980032941F0348054
:10ABB0000DF5CE641BF0C8FB0DF5CB660F201BF026
:10ABC00008FC9DF85856212D41F09480E01D1AA9EB
:10ABD0001BF0FFF909200DF5FF6866E19BF80C10EA
:10ABE0000DF5FF68052808BF022900F01A84052822
:10ABF00000F05482ACE2052804BF9BF80C20082A20
:10AC000040F04682DBF80820002A01F07786DBF866
:10AC100004000DF5FF68DDF864A00478022C80F0D4
:10AC20009E85DDF860B0062A41F2588650F8011F73
:10AC3000CAF8111181881BF08CFC00F041831BF0D5
:10AC40007AFB3DE30DF5FF68052840F045839BF84E
:10AC50000C100A2900F07D85012940F01F820DF1BA
:10AC60006808DBE90112404618F0FCFA9DF868001C
:10AC7000022840F06E860A20DDE918BA01F0D3B848
:10AC8000C0FFFF7F052804BF9BF80C20022A40F07C
:10AC9000FF81DDF864A00DF5CE6060220AF10801A5
:10ACA00030F086FBD8E900460AF18801D8E902595C
:10ACB0001AA8302230F09FFC1BF016FB40F0DB831B
:10ACC000DBF804000DF5C3686199224615913346FF
:10ACD00041681491816813911899D0F800B0C06848
:10ACE00012904046CDE9005901F054FE9DF818A697
:10ACF000BAF1210F40F036860DF5FF680DF5CE61F3
:10AD000008F108006022AA4608F1680530F050FBFF
:10AD1000149805F10C01686030221398A86012980D
:10AD2000C5F800B081E8510408F18800C5F81C900E
:10AD30001AA930F060FC1598CDF8FC07082000F047
:10AD400009BD052804BF9BF80C20032A40F0A08110
:10AD5000DDF864A00DF581601AF0EFFF1BF0C4FA76
:10AD600040F0FB8460356198D5E90E8600F07F09DC
:10AD7000696BA9F140022C6B149131461390404647
:10AD8000DBF804A0159430F0FDFA149983462046B0
:10AD90004A4630F0F7FAC9F14002044640463146CF
:10ADA00030F013FCDAF80410DAF80C80DAF8083026
:10ADB000DAF800208A460DF5816103912031029175
:10ADC0001493B9F1400FCDE9003838BF44EA000BC5
:10ADD0001598B9F1000F08BF8346D24853469146F3
:10ADE00060F35F0B0DF5CE60CDF810B0FEF7BEFC42
:10ADF000D5E902E3DDF87C26DDF87466D5E900C10B
:10AE00005A40DDF878067140DDF87046114380EA5B
:10AE10000E0084EA0C021043084340F0B385C5E9F4
:10AE2000089A1399DDE918BA14981329C5E90A0894
:10AE300041F0D6800DF5FF600DF581639FE0052898
:10AE400004BF9BF80C20022A40F02281DDF864A0A8
:10AE5000AAA81AF072FFDBF808000DF5FF681028A9
:10AE600040F08684AAA800F16004DBF804001BF01F
:10AE700045F984E80E00B968E06004F11000FEF7BF
:10AE8000EBFCDDF860B0D4E90601D4E904230DF54C
:10AE9000CE641BF0F3FA9DF87056212D40F0FE842D
:10AEA000E01DAAA91BF095F804208DF8F80708F119
:10AEB0000100214600F0BDBE052804BF9BF80C2010
:10AEC000032A40F0E580DDF864A0D6ADB0220AF197
:10AED0000801284630F06CFA1BF006FA40F0CB82ED
:10AEE000DBF8040005F120011591D0F80080D0F8BE
:10AEF0000490D0F808B0D0F80CA0002004900DF514
:10AF0000C36042464B46CDE900BACDE90215FEF7D3
:10AF10002DFCD4E902E3DDF82426DDF81C66D4E933
:10AF200000C15A40DDF820067140DDF81856114383
:10AF300080EA0E008CEA05021043084340F02B859E
:10AF400004F1100304F1200080E8000B0FCBC4F8DB
:10AF50002CA0D6AC0094159C01ADCDF814A085E8CA
:10AF6000100BFEF741FCDDF864A09AF808110229E5
:10AF700041F05280D6AB0DF5FF60DDF860B0169A57
:10AF8000594601F0B5FE00F055BF052804BF9BF8F7
:10AF90000C200C2A7CD1199C0DF5CE6000F1100517
:10AFA0000DF5CE6004F10801502230F001FADBE922
:10AFB000010105F1340B0D90286912906869119018
:10AFC000A8691090E8690F90286A1390686A149035
:10AFD000286B0E9004F58F709BE8400C1591D5E915
:10AFE0000A8919F06AFDD4F8142120F07F40D4F8C2
:10AFF0001111CDF81B26CDF81816D4F80D21D4F870
:10B000000A11CDF86B201A910DF5C361DDE9132308
:10B01000CDE90A010DF5CE611298029011980390C6
:10B02000109804900F9805900E98CDE906060DF53E
:10B03000CB60CDE908AB0DF1680BCDF830B0CDE9B0
:10B040000089FEF75DFC1598102807D10D980DF5C5
:10B05000CB6110F041FC002800F0A9844FF00B09EF
:10B060000325DDE918BA0DF5FF6892A908F106007D
:10B07000122230F0C0FA8DF8FD978DF8FC5700F0E1
:10B0800092BC052804BF9BF80C20032A00F0F9812C
:10B0900005280BD19BF80C100DF5FF68042926D06C
:10B0A000DDE918BA0D2900F01C8121E105390DF503
:10B0B000FF68082900F21081DFE811F009004A005A
:10B0C0000E010E01A1000E010E01F3000B0101287B
:10B0D00000F04882DDE918BA022840F009811BF02F
:10B0E0002CFC40F60340ADF8FC0700F0A5BEDDF8EF
:10B0F00064A0DBF80800002801F0F883DBF8040006
:10B10000032100788DF8FC1713218DF8F817411EE4
:10B11000102928BF08208DF8FD07DDF860B000F089
:10B120008BBE00BFC0FFFF7F08ED03004F00000093
:10B13000430000004B00000059450200381904008C
:10B140005C000000460000005000000041000000CC
:10B15000032840F0C18019980DF5AD6890220AF1DE
:10B16000600500F118011BF034FBDBF8041000202F
:10B17000DDF860B00DF5CE6AC5E90C104246C5E9B0
:10B1800010100021C5E90E005B46C5E91200B86841
:10B19000009050469DF8816101F022FD9DF87046B7
:10B1A000212C40F0D2810DF5FF68F00700F080837C
:10B1B00060A80DF5CE64023001684268836885E8B6
:10B1C0000E00C068D5E90423E860D5E90601CDE9A1
:10B1D00000012046594601F0DDFB9DF87056DDF870
:10B1E00064A0212D40F05A8308F108000DF5AD61EF
:10B1F0001BF03FF80020CDF8FC070820D4E304281A
:10B200006AD119980DF59765B02200F1080128461A
:10B2100030F0CEF8DBF809000BF121041590202264
:10B22000DBF80D002146DBF80190DBF805A0149057
:10B230001AAE1AF01CFE5FF81011204610F04CFBFD
:10B2400040B95FF81C1106F1100010F045FB002812
:10B2500000F00384DDE91A8629461D9D0DF5CE64B4
:10B2600000202031DDF870B042460490204633467D
:10B27000CDE900B5CDE90211FEF778FA1AA800F180
:10B280001001204610F028FB002800F0EA8313206C
:10B29000DDF864A08DF8F80740F20340ADF8FC0734
:10B2A00054E2C8B99BF80100002800F0BA82DDF82A
:10B2B00064A0DDF860B09AF82301800700F186846D
:10B2C0009AF822110DF5FF605A4601F09BFB00F041
:10B2D000B3BD002800F03281DDE918BA0138022838
:10B2E00006D20DF5FF6060A91BF089F900F0A4BD3E
:10B2F0001BF023FB15208DF8FC0700F09DBDDBF84B
:10B300000800002801F0F482DBF804000321007833
:10B310008DF884110F218DF88011411E102928BF4E
:10B3200008208DF88501FFF7B4BBDBF808000DF5A8
:10B33000FF68102840F0D180DBF8041060ACA01C3E
:10B340001AF0E6FDDDF864A008F106001BF0E5F94F
:10B350001AF011FE0420C6E018990DF5FF60DBE934
:10B36000018B06F083FDDDF864A09DF8210802281A
:10B370001CD00D200DF5FF698DF8F8070DF5CE6492
:10B3800018984B46816A826B1BF03CF99DF8700659
:10B3900021280BD094E86E0048466EC05FF8740216
:10B3A00015F002F91BF022F915F0E6F90DF5FF6929
:10B3B00041465A46484617F055FF9DF8F847022C7B
:10B3C00040F09580DDF860B00DF5FF680A20ECE1F3
:10B3D000072908BF042800F01F81421E032AFFF43A
:10B3E00054ABA0B90A2912D19BF80100DDF860B076
:10B3F000002868D09AF81D01800700F1C0819AF8F2
:10B400002201800700F180830D2001F006B90F2092
:10B41000DDF860B08DF8800115208DF8840101F011
:10B42000FEB81AF061FF40F08080DBF8041008F1EC
:10B4300002001AF06DFDDDF864A00DF5CE64A01DCC
:10B440001BF06BF9012021468DF8F90708F1120075
:10B45000B62230F0D0F806206DE006F10800169B09
:10B46000DBE90112CDE9003060A8DDF860B05B4691
:10B47000FEF7E2FA8FE01BF060FA05208DF8FC077A
:10B4800064E1DDF864A00DF5CE601AF056FCDBF83F
:10B4900008000DF5FF68102840F06A81DBF8040011
:10B4A000DDF860B01AF02AFECDF8FC060DF5DE607E
:10B4B0000EC00DF5CE630DF5FF60169A594601F0EA
:10B4C00017FC00F0B9BC5FF8980315F079F80F206D
:10B4D0008DF8800140F6037096E00520DDF864A049
:10B4E0008DF884010F20DDF860B001F096B89DF86A
:10B4F000FA570DF5FF68DDF860B0280700F14F81BD
:10B50000032052E15FF8D40315F04EF8204613F003
:10B51000A3F815F031F90520DDF860B08DF884014D
:10B520000F200DF5FF6801F078B80520DDF864A064
:10B530008DF8FC071320DDF860B035E29BF80100C0
:10B54000002800F07981112004E10DF5FF680AF16F
:10B55000010108F105001AF04DFF8DF8FC478DF848
:10B56000F857CEE260A8DDF860B0169A00F1080343
:10B570000DF5FF60594601F0BBFBC2E240F6032027
:10B58000ADF8840100F012BC40F60330ADF8840140
:10B590000F208DF88001DDF864A000F00CBC0F20B6
:10B5A0008DF8800140F60320ADF8840100F001BC65
:10B5B0000F208DF8800105208DF88401F9E39DF8B6
:10B5C000690000287FF470AA9BF80C000C287FF417
:10B5D0006BAA1AF089FE40F0B085DBF8041060AC6D
:10B5E000A01C1AF095FC08F106000AF118011AF0E7
:10B5F000F0FC1AF0C0FC032075E70F20DDF860B006
:10B600008DF8800140F60340ADF8840101F007B8E1
:10B6100005208DF88401C9E30AF108010DF5976052
:10B620001AF027FE0BF121060DF52A78202240465C
:10B6300031462FF0E0FFDBF805005FF81415149099
:10B64000DBF8090015903046DBF80140DBF80D50BF
:10B650009AF81E9119F04FFB40B95FF8341508F1C4
:10B66000100019F048FB002800F0A983CDE91195DE
:10B670000DF5CE661394AAAB0DF5C3690FCB1090F0
:10B680001AF0EDFC0F914946CDF8180630460E929F
:10B690000D9312F00DFE0DF5FF64002531464FF4B9
:10B6A000B8722046CDF8DC57CDF8D857CDF8D4572E
:10B6B000CDF8D057CDF86859CDF86C59CDF8705900
:10B6C000CDF874592FF022F90DF5CE6621464FF4CE
:10B6D000C0721AF091FF0DF597605FF8A48500F134
:10B6E0002004304620228DF8F0572146C0473046CE
:10B6F00021462022C0470DF5FF64304601228DF817
:10B70000F8572146C047204631464FF4C2722FF009
:10B71000FDF89DF878B904F5B8715FF8E0351022AE
:10B72000584617F082FF002946D000F8015B013926
:10B73000F9E70520DDF864A08DF8FC0703E040F68A
:10B740000330ADF8FC0713208DF8F807DDF860B082
:10B7500070E301208DF8F80711E1052015E15FF88D
:10B76000200614F021FF204612F076FF15F004F8B1
:10B770001320DDF860B08DF8F8070520BBE5DBF895
:10B780003C4004F108030FCB41EA030540EA0206FE
:10B79000354300F052820DF5CB650FC556E29DF89A
:10B7A000FB67102E80F0B38106208DF88501032001
:10B7B0008DF8840100F030BFA7F13C06002520463B
:10B7C00047F83C5C31468DF8785947E90E5547F803
:10B7D000305C18F023FFA7F12C08314640460BF0EF
:10B7E00055FB04F5B076102D09D06019013590F89D
:10B7F000601190F87021514080F86011F3E7BBF1BF
:10B80000100F40F0AE81DDF860B00020139CDDE940
:10B810001195102800F0BD8118F800101AF02FFCC7
:10B82000F7E75FF8E00614F0CBFE1BF086F840F671
:10B830000370ADF8FC07A2E0DDF860B00DF5CE684E
:10B840000DF168090D208DF870064346DBF82810CD
:10B850004846DBF8382006F012FADDF864A09DF8BF
:10B86000680021280BD099E83E0040463EC05FF8B2
:10B87000280714F099FE1AF083FC14F07DFF0DF5F3
:10B88000FF68F00700F0A4810DF5CE641AF0EBFE1E
:10B890009DF87056212D01D1012085E008F10500A9
:10B8A000611C1AF0ABFD8DF8FC578DF8F847C3E228
:10B8B00008F108000DF5AD611AF0DBFC0020DDF8A1
:10B8C00064A0CDF8FC0707206EE008F107000AF13C
:10B8D00018011AF07EFB092041468DF8800160A80E
:10B8E0001AF0F4FDFFF7D5B860A808F101011AF0CD
:10B8F000CFFA0F208DF884B18DF880011CE00A206A
:10B900004FF003098DF849023AE25FF8C0071C4680
:10B910001595654614F048FE5846514642464B463A
:10B9200017F0D6FC159B28463146224617F0D0FC6E
:10B9300014F022FF1AF015FEDDF864A039E260A8C9
:10B94000611C1AF0A5FA8DF884510F208DF8800142
:10B9500031E29DF86A10DDE918BA0A0700F15D824C
:10B96000032060E20DF5FF6208F10101501D132470
:10B9700090461AF0A9FA8DF8FCA78DF8F847DDE992
:10B9800018BA59E2DDF864A003200421DDF860B0A4
:10B990008DF8FD174AE2DDE918BA0DF5FF6840F6AB
:10B9A0000340ADF8FC0713208DF8F80744E2DDF8FA
:10B9B00064A002269AF81A119AF820419AF8080110
:10B9C00001F0030104F0030481F00101022808BF23
:10B9D0000126D5E9002384F00104D5E902052143BD
:10B9E0005C46B1FA81F18DE8610058464909DDF8FD
:10B9F00060B00391594606F0D5F89DF86850A0460E
:10BA00009DF86990A11C9DF891609AAC12221AF0E1
:10BA10005EFA022E40F0208392A84ECC212D4EC01B
:10BA2000218801807FF41FAB4EE30DF5CE645946AB
:10BA3000204606F0CBF99DF89956032D40F0488337
:10BA40000DF5C36C94E86D0061466DC108F104000A
:10BA50009CE83E003EC0132427E7DDE91A86DDE9B5
:10BA60001CB50DF59760159900F17004199890F8C0
:10BA70001E01002802BF014682468146149A08BF73
:10BA8000024604F1280080E806010DF5CE60B96891
:10BA9000C4E9089AC4E90D6BE563FDF7DDFEDDF846
:10BAA0007436DDF87C16DDF87806DDF87026DDF8F2
:10BAB00060B0C4E90023C4E902010DF5CE641AF0B8
:10BAC000DDFC9DF87056212D10D1E01D0DF597611C
:10BAD0001AF07FFA0A200DF5FF688DF8F80708F1D3
:10BAE00001002146B7222FF086FD0AE00DF5FF6820
:10BAF000611C08F105001AF081FC8DF8FC578DF8E7
:10BB0000F847DDF864A097E10B2000F086BDBDF892
:10BB1000FCA79DF8F9875FEA8A7041BF199991F8EF
:10BB20001C0140F0020081F81C015FEA8A5040F1DC
:10BB30008884DBF83C30D3E902E1D3E9042341EA0D
:10BB4000030C4EEA020050EA0C0000F06384CDF8CA
:10BB5000F8E7CDF8FC17CDF80028CDF8043800F050
:10BB600062BC16F80B00A7F12C0180F0800006F8EB
:10BB70000B0048460BF08AF9DDF860B00020102871
:10BB800004D019F800101AF07AFAF8E7139CDDE9EE
:10BB900011950DF5FF60314618F040FD0FCE1AF0FB
:10BBA0005EFACDF81806AAA800F110010DF5C360E1
:10BBB00019F0A1F80DF1340EDDF840C000289EE820
:10BBC000044100F002811AF0CCFCF4E00E20EBE618
:10BBD000DFF8500D14F0F4FC1020E5E6002800F02A
:10BBE000CD820DF5CE641AF0AFFB0DF5CB660A20C1
:10BBF0001AF0EFFB9DF85856212D7BD1A01D1AA9F4
:10BC00001AF0E7F906200DF5FF68ADF8F80708F11E
:10BC100012002146B6220DE008F107001AA91AF019
:10BC2000D8F90DF5FF6203208DF8F8074146501C46
:10BC30009046B7222FF0DFFCFEE00020CDF864062E
:10BC4000CDF86006CDF85C06CDF858060DF5FF6618
:10BC50000DF5CB613046FEF745FA1AF066FE3CD191
:10BC6000AAA81AF0EDFA92AE41461AF020F80DF5A6
:10BC7000FF691AF02FFD1AF058FE40F04C82206840
:10BC8000C10700F056836168000A0DF5FF660A0ED1
:10BC90008DF85E210A0A40EA01605690ADF85C21F9
:10BCA00056A93046FEF76EFA1AF03FFE40F089843E
:10BCB000311D40461AF02CF99AAE414619F0F7FFB3
:10BCC0000DF5FF6459461AF08AFB1AF02EFE40F07B
:10BCD000A2850DF5FF68FFF792BB711CAAAE132277
:10BCE0001AF0C5F81ECE0DF5C3601EC01AF0B7FDE0
:10BCF00000F074BC0DF5FF68711C08F105001AF026
:10BD0000E3F813208DF8FC574EE660A80DF5AD6101
:10BD100008301AF0AEFA6195052048E0DDF860B011
:10BD200009218DF8F8170DF5FF64CDF8FC07DBF855
:10BD300028102346DBF838209AAE304605F09FFFE6
:10BD40009DF868520DF5FF68212D40F0EB81A01D94
:10BD50000DF5CE611AF03DF903202146ADF88001C2
:10BD600060A81230B62254E096E83E0040463EC03D
:10BD7000DFF8D40B14F018FC1AF002FA14F0FCFCF3
:10BD8000DDF864A060A892A9053001311AF09CF892
:10BD90008DF884910AE0611C0DF5CE6419F0F5FF71
:10BDA00060A821461AF074F88DF884510F208DF8A0
:10BDB0008001DDF860B00DF5FF6800F030BCDDE912
:10BDC000AACEDDE9AC82DDF860B00DF59760159B79
:10BDD000903019F0010108BF0B46149E02BF0E46B9
:10BDE0000C460D46C0E9068200F108010DF5FF681A
:10BDF000C0E9004608F1070081E828500DF5976179
:10BE00001AF0E7F8082041468DF8800160A801305B
:10BE1000B7222FF0F0FB00F002BC9DF86B200F2A38
:10BE200000F21B8206208DF8FD0703208DF8FC0729
:10BE30001AF083FD0DF5FF689DF8F80713280CD163
:10BE400008F104000DF5CE6C0CF1040190E87C00C3
:10BE500012207CC18DF870061AE00DF5FF690DF512
:10BE6000CE60C82249462FF0A3FA9DF870060DF562
:10BE7000CE6C12280CD0112840F09C809AF8F980E2
:10BE8000B8F1020F25D1DFF8B00A14F099FB8FE06A
:10BE900008F104000CF104010FF01EFBDBF8281080
:10BEA0000DF5AD64DBF838200C208DF8F80720463E
:10BEB000434605F0E4FE1AF0ABFB7BD01AF0C7F85E
:10BEC000DFF8780A14F070FB1AF05AF914F054FCF9
:10BED00070E09AF81A0100F00300012802BF9AF8F6
:10BEE000200100F00300012806D09AF8F8C00DF1F7
:10BEF000680B4FF002082AE00DF5AD661AF0C2FBA0
:10BF00001AF086FB0BD096E83E0048463EC0DFF8AC
:10BF1000200A14F049FB1AF069FB14F02DFC169866
:10BF20000DF1680BDDF864A05C4601680AF1E00CD5
:10BF300015914168139181681491D0F80CE09CE848
:10BF40006F006FC4DDE9132115989AF8F8C0CDF899
:10BF50000CE809F1180ECDF80428CDF800088DF88A
:10BF6000F9C7CDF808189BE87B008EE87B000B2012
:10BF70000DF5AD668DF8F8074B4618988DF82988B1
:10BF80008DF828C8816A826B304605F078FE1AF079
:10BF90003FFB0BD096E83E0048463EC0DFF89409D0
:10BFA00014F002FB1AF022FB14F0E6FBDDF864A0AB
:10BFB0000DF5FF680DF5CE6150461AF020FB1AAC66
:10BFC0005146204617F04DFC21208DF8F8079DF8CA
:10BFD0006800222818BFA046179D98E81F008AE332
:10BFE0004C1C0DF5CE66B8680DF5816200903046A8
:10BFF00021465B4600F0F4FD9DF870560DF5FF6894
:10C00000212D40F08A8108F108000DF581611AF0B8
:10C0100030F9CDF8FC4756E4DDF860B009218DF821
:10C0200070160DF5CE64CDF87406DBF828102346A3
:10C03000DBF838201AAE304605F021FE9DF8685036
:10C040000DF5FF68212D40F06D81E01DD6A919F096
:10C05000C0FF0520FEF729BF08F1140C15960DF559
:10C06000C368BCE84F00C646AEE84F009CF800002D
:10C070008EF80000BDF89600ADF85C01DDF8920086
:10C0800056901AA94DCC8C46ACE84D00122220885F
:10C09000ACF800000AF1D2008AF8D1908AF8D050AA
:10C0A0002FF0A9FAB8E83E000AF1E4003EC0159965
:10C0B0008AF8F91098F8001001705698CAF8FA003A
:10C0C000BDF85C01AAF8FE000C200DF5FF686BE4DA
:10C0D0000DF5C3600DF5CE6129222FF08CFADDF845
:10C0E0009A06022D9A90BDF89E06ADF86C0200F0FB
:10C0F000FA8316980DF5C36129222FF07CFA9A98DD
:10C100000D24CAF8FA00BDF86C028AF8F950AAF8B2
:10C11000FE00FFF7CABB09F101010DF5C36019F07C
:10C12000D3FE59E260A8711C053071E260A8711C51
:10C1300019F0AEFE8DF884416EE20520FFF7D0B90C
:10C140000DF5CE640DF5FF61292219F0C0FEDDF872
:10C150002208214650902922BDF82608ADF8440156
:10C1600016982FF048FA5098CAF8FA00BDF8440122
:10C170008AF8F950AAF8FE00FFF73CB91AA8D7F8D8
:10C1800008909030159010301490F94840F2FF1B41
:10C190004FF0FF38824648460FF0BBFB0446484646
:10C1A0000E460FF0B6FBF34D0023A0FB0502E1FBAA
:10C1B0000523A4FB0541A6FB056576184FF0000199
:10C1C000454152F1000253F1000024EA0B0341F112
:10C1D0000001BAEB030378EB060378EB050378EB79
:10C1E0000202D8D3149B0022DDF860B00DF5CB66B7
:10C1F00083E80700DA60159BCDF8740683E8070032
:10C2000008213046DA600DF5CE638DF870161AF00D
:10C210009BF805F034FD9DF85856212D40F0C08163
:10C22000B8680DF5CE6400901AAA204600215B463E
:10C23000002600F0D5FC9DF870560DF5FF68DDF87E
:10C2400064A0212D40F0CD8208F108001AA91AF04F
:10C2500010F8CDF8FC67FFF736BB8AF820110AF515
:10C260008F718AF81E010AF58C70BDF86C309DF84C
:10C270006940AAF822318AF821218AF81F4118F072
:10C2800079FD8AF809112022DBF82C108AF80801C0
:10C290000DF5C3602FF0AFF90DF5CE66DBF8301069
:10C2A000402219F0E4FD9AAC31462046FDF73AFEF3
:10C2B0009DF86802212840F07E810DF5CB60211D9C
:10C2C000861C19F0F4FC56A83146841C19F069FD4F
:10C2D00050AE214619F0EBFC92AC59461AF07FF8AB
:10C2E0009DF84892B9F1210F40F0808208F10300D7
:10C2F0000DF5C36119F035FF0DF5FF640DF5CE6145
:10C3000004F1240040222FF076F9022041468DF8F6
:10C31000F807601CA04623228CE408F10500711C7C
:10C32000FFF7BFBA08F10500711C19F0CDFDFEF74B
:10C33000A4BE052550E1B9689AF80901002800F06B
:10C340004682DDF860B00A200DF5FF681AF0F1F8BA
:10C3500092AC1AF057F99DF84862212E40F01481F2
:10C3600008F106000DF5CE6119F033FE04204146B8
:10C37000ADF8800160A81230B622FEF75ABB09F171
:10C380001000FDF769FAD9E906010024D9E9042370
:10C390008DE80308CDE9036492A8FDF7E7F9DDE92C
:10C3A0009401DDE99223C9E90023C9E90201CDE93D
:10C3B000000192AC2046FDF765FD9DF84862212EF4
:10C3C00040F0F88156A8211DC61C19F070FC0DF52F
:10C3D000B879314610221AF01CFADDF860B00DF57C
:10C3E000CB6A4A465046594605F0A4FB9DF858666C
:10C3F000212E40F0128208F107000DF5CE6119F0F0
:10C40000E8FD022041468DF8800160A81AF05EF830
:10C41000FFF7C1B80020CDF80408CDF80008CDF82A
:10C42000FC07CDF8F807DFF800150DF5FF600FF0F9
:10C4300053FA30B1199991F81D0140F0020081F8CA
:10C440001D0119980C21A0F822A1824680F81E41F6
:10C450000AF58C7480F8216180F8205180F81F81E2
:10C4600090F81901032808BF0821DBF8380090F87C
:10C47000702390F8713388188AF81A010AF58F70C2
:10C480000BB101212170214618F074FC8AF80801D3
:10C490000DF5CE608AF809110121FDF7C9FC9DF860
:10C4A00070560DF5FF68212D3FD1BDF881069DF82E
:10C4B00080B6DDF87C66ADF868029DF883065946C3
:10C4C0008DF86A02DDF8780615903046DDF874566E
:10C4D000FDF714F819F0A2FF20461A4616F0E7FE01
:10C4E000C0B2022848D18DF87CB60DF52A7815988F
:10C4F0000DF5CE62DDF860B0CDF87406BDF86802C7
:10C50000ADF87D0659469DF86A028DF87F064046D3
:10C51000CDF87866CDF8705605F00CFB9DF8A85262
:10C52000212D64D10120FFF711BA9DF880269DF8D6
:10C5300073068DF8B822DDF87C268DF8AB02BDF8C5
:10C540007106AD92DDF878269DF88316ADF8A90244
:10C55000BDF88106AC92DDF87426ADF818068DF8AA
:10C560001A16AB928DF8BB12ADF8B9024CE000BFC1
:10C57000FFC5FCFF40420F001599284619F038FB13
:10C580000525DDF860B03FE060A8611C56E160A8B9
:10C59000D6A9083019F06DFE601C619005203CE0C2
:10C5A0000DF5FF68711C08F1050019F08DFCDDF830
:10C5B00064A0FFF7A6BB0A204FF003098DF84902DB
:10C5C0001DE1711CAAAE132219F051FC1ECE0DF50F
:10C5D000C3601EC01AF043F90DF5FF688DF8845151
:10C5E00060A805300DF5C36119F06EFC14E098E801
:10C5F0005E0048465EC0D84813F0D6FF19F0F6FF3B
:10C6000014F0BAF80DF5FF6860A8AAA90530013149
:10C6100019F05AFC8DF884510F208DF880019DF897
:10C6200080010F280AD160A808F10401043090E8C5
:10C630007C000E207CC18DF8F80723E00DF5C07951
:10C640000DF5FF60C82249462EF0B2FE9DF8F807AE
:10C650000E2817D00D2837D19AF8F980B8F1020FBB
:10C6600032D09AF81A0100F00300012802BF9AF8AC
:10C67000200100F00300012842D09AF8F8C04FF0E2
:10C68000020865E00DF5CE6508F10401281D0EF0E5
:10C6900023FFDBF828100DF5AD64DBF838200C2003
:10C6A0008DF8700620462B4605F0E9FA19F0B0FF28
:10C6B0000AD00DF5CE6819F0CAFCAB4813F074FF30
:10C6C00019F05EFD14F058F80DF5FF61504619F0B1
:10C6D00096FF60AC5146204617F0B2F821200DF5C8
:10C6E000CE668DF870069DF88001222818BF264678
:10C6F000179D96E81F001FC50DF69C1D19F0A6BBDF
:10C700000DF5AD6619F0BEFF19F082FF0DD00DF5E5
:10C71000CE6A96E83E0050463EC0914813F044FF72
:10C72000504616F0B5FC14F027F816984C46DDF884
:10C7300064A0D0E902BE01680AF1E00C15914168DD
:10C7400014919CE86F006FC4DDE914209AF8F8C0DA
:10C75000CDF87C260DF5CE6ACDF878060AF11801E1
:10C760008DF871C6CDF880B6CDF884E699E87D00E5
:10C770007DC10B200DF5AD648DF8700653461898F9
:10C780008DF8A1868DF8A0C6816A826B19F03AFFF8
:10C7900019F03EFF0BD094E86E0050466EC0714811
:10C7A00013F002FF504616F073FC13F0E5FFDDF8BE
:10C7B00064A089E7611C56AC19F0E7FA0DF5CB656A
:10C7C0002146681C19F080FBDDF860B034E0DDF82C
:10C7D00060B0DBF80000C8B3DBF804100DF5FF68AB
:10C7E00050E008F10500611CFFF789BA19F02FFC31
:10C7F000494813F0D9FE19F0C3FC13F0BDFF92A90C
:10C800000DF5FF6808F10500013119F0F7FD8DF80D
:10C81000FC97FFF74AB8611C7FE49AE83E00404667
:10C820003EC04C4813F0C0FE19F0AAFC13F0A4FF60
:10C83000DDF864A00DF5CB6560A8691C19F028FB34
:10C840000DF5FF680F208DF88461E6E6D1F8000150
:10C850000DF5FF682F4C3E4D402808D3BE680021DF
:10C86000304610F063F9D6F80001402849D2B96883
:10C87000421C51F82000C1F80021A0FB0401A8428D
:10C880001046E9D809F14000002509F13002CDF841
:10C89000FC17C0E900150DF5FF63C0E9025508203B
:10C8A000C2E90015C2E902558DF8F80719F04CFDF0
:10C8B00092AC19F0A7FE9DF8486260A8212E06D11F
:10C8C00008300DF5CE6119F0D4FC619566E60530AF
:10C8D000611C19F0F9FAB5E7194B00E00B4B012088
:10C8E000072112F0D6FF0D4813F012F80F4A06E0A8
:10C8F0001A4A04E0134A02E0094A00E0044A19F027
:10C90000DAF9124A402113F013F800BF08E00300DF
:10C91000F8DF030040420F0059000000E8DF030089
:10C92000D8DF03004700000008ED0300C8DF030064
:10C930005B000000520000005D0000005400000099
:10C94000681C0400581C040058000000D0EE0300CE
:10C950007F3DF1FF550000004E000000E8DE0300BF
:10C960005A0000005100000053000000D0B502AF93
:10C9700092B0BC688DF8102005228DF80420CDE916
:10C9800002343A69FB68009201AAFDF783FC12B0F9
:10C99000D0BDD4D4F0B503AF4DF8048D9AB019F0E2
:10C9A000A9FF0CAE3046FDF795FA9DF8300021281E
:10C9B0001FD1A7F15A00311D851C19F0F6F903A803
:10C9C0002946861C19F073F911AD314619F0EDF9BD
:10C9D00019F09EFE207821280ED00DF1540819F090
:10C9E00036FB074813F0E0FD19F0CAFB13F0C4FE54
:10C9F00002E040F6032020801AB019F084BB00BF8B
:10CA000056000000F0B503AF2DE9000F9FB082463D
:10CA1000880703D411208AF8000066E0D56B93469E
:10CA200005F108030FCB19F02DFC11BF8DE80F00A5
:10CA30000020CDE90200CDE9000016AE694630467F
:10CA4000FDF750FB9DF85840212C37D111A819F063
:10CA5000F7FB0AAE414619F02AF90DF1580919F011
:10CA600039FE9DF85840212C30D12868C1073FD0AD
:10CA70006968000A0A0E8DF83E200A0A40EA016041
:10CA8000ADF83C200E9016AE0EA93046FDF77AFBAD
:10CA90009DF85840212C11D1311D404619F038FA2B
:10CAA0001BAE414619F003F905A85946324605F078
:10CAB00041F89DF81440212CACD00CE011AD711C54
:10CAC000132219F01EFA05A8294602E005A809F16B
:10CAD000010119F09FF905A90AF10500013119F0CA
:10CAE00089FC8AF800508AF804401FB019F0AEB9EA
:10CAF0000524F0E7F0B503AF2DE9000F8BB0044635
:10CB000002A80D4600219046FDF792F99DF8080015
:10CB1000212834D19DF818B0059EBDF81900ADF854
:10CB2000040059469DF81B008DF806003046DDE9EB
:10CB3000039AFCF7E3FC02460B4605F14800114658
:10CB40001A4616F0B4FBC0B2022837D1BDF8040073
:10CB50004146ADF829009DF806008DF828B00996E9
:10CB6000CDE9079A8DF82B0002AD07AA284604F0FC
:10CB7000E1FF9DF80860212E2BD121201AE09DF8BD
:10CB80000B10E170BDF809109DF81B20DDE903C50D
:10CB9000A4F80110BDF81910059E9DF81830ADF8E5
:10CBA0001C108DF81E202374C4E901C5E660A4F8AA
:10CBB0001110E27420700BB019F048B905205146ED
:10CBC000207048460BB0BDE8000FBDE8F04019F0FA
:10CBD0000FB8601C691C19F077F92670EBE7D4D404
:10CBE000F0B503AF2DE9000F9FB00D46B96806936D
:10CBF00014460B901AA8FCF72FFE1A9804F1700641
:10CC00001C9A05F07F0504F1900B1B991D9B0FC624
:10CC10000892A5F140020A909BE8400E5046099107
:10CC2000594607932EF0AEFB8046304649462A46C9
:10CC30002EF0A8FBC5F140028146504659462EF021
:10CC4000C4FC04F12001402DCDE902410799019176
:10CC50000899009138BF49EA00082448002D08BF10
:10CC6000B04660F35F08CDF810800CA8DDE909320A
:10CC7000FCF77CFDDDE90E01DDE90C23CDE90001C7
:10CC80001AAC2046FDF7FEF89DF86850212D16D10C
:10CC9000DDF82C8011A8C51C211D19F086F816AEF0
:10CCA000294619F004F81AAC069919F098FB9DF87A
:10CCB0006850212D0FD1212088F8000012E0611C5E
:10CCC00011AC19F062F80B9E21461322701C2EF055
:10CCD00092FC357006E008F10100611C19F0F4F8CF
:10CCE00088F800501FB019F0B1B800BFC0FFFF7F37
:10CCF000F0B503AF2DE9000FB5B016461D4655F847
:10CD0000702FB04615900DF1A00CD6F83D00CDF86F
:10CD1000A30058F83A0FEC68D5F814E0289056F8BC
:10CD2000410F12916B68D5F808B02969D5F81890B1
:10CD3000D5F81CA02C90D6F8030013921493CDF8CC
:10CD40006CB01A941991CDF860E0CDF85C90CDF8F4
:10CD500058A0CDF8B3002CA8CDE900B4CDE9021E4F
:10CD600004A981E800160DF18009A5F130010790B2
:10CD70004846FCF73BFC1CA899E81E0005F1300B67
:10CD80001EC0249811902598109026980F902798EF
:10CD90000E90F01D9BE8100AD5F83CA017F08DFE10
:10CDA00020F07F40CDF820B0DDF84CB0CDE909A0EF
:10CDB0001B9800905A461A9801901998029018985A
:10CDC0000390179804901698CDE90B8605A981E881
:10CDD000110228A81CA9149B9946FCF791FDDDE9D6
:10CDE0002A01DDE92823CDE9000120AC2046FDF72A
:10CDF00017F99DF88060212E49D1DDF854802CA8C8
:10CE0000C61C211D18F053FF31AC314618F0C9FF84
:10CE10000DF1800A12992246504604F08BFE9DF8CF
:10CE20008040212C44D1464608F11804D5E90880F9
:10CE300010221290A86A0D900AF10700ED6A1CA951
:10CE40002EF0D9FB0B20514606F8010B172219F0E2
:10CE50000EF819982062189860621798A0621698C8
:10CE6000C4E90B08129860630D98C4E90E05119887
:10CE70002060109860600F98A0600E98C4E9030BC2
:10CE80001B98A0611A98C4F81490E0611AE0611C24
:10CE90002CAC13224FF0130819F019F8159D2146F8
:10CEA0001322681D2EF0A7FB2E7185F8008009E083
:10CEB00008F105000AF1010119F09CFA88F8005008
:10CEC00088F8044035B018F0C1BFF0B503AF4DF895
:10CED000048D8AB0ADF8142005AA93E8701080463E
:10CEE000101D01F57E7180E870106846FAF7C2FFE8
:10CEF000019820B1029918F07BFE162000E0212055
:10CF000088F800000AB019F0FEB8D4D4DFB506AF37
:10CF10000A4B19F016FD01A80DF073FF0299E0B25B
:10CF2000814281BF019A03994FF45E7310FB032085
:10CF300084BF04B0D0BD024A12F0FAFC68E00300DE
:10CF400078E00300BFB506AF1C46134B15460A46F2
:10CF5000014601A80DF055FF18F00BFFAAB2A9B1C8
:10CF600090F85C33032B12BF042BB0F85833934274
:10CF700002D018F0C1FFF2E7A1B2F7290C4628BF92
:10CF8000F724A0F85A43002908BF1724039819F082
:10CF900032F8204604B0B0BD88E00300B0B502AF5F
:10CFA00088B01D46194B044601A80DF059FF18F032
:10CFB000E0FEBA68ABB251B190F85C53022D03D9D0
:10CFC000B0F85853AB420ED018F096FFF3E7039831
:10CFD00019F048F914202070D2E9000108B0BDE82A
:10CFE000B04018F005BE00F5907104A8FAF7BCFE39
:10CFF000049820B1059918F0FBFD162000E02120CF
:10D000002070039819F02EF908B0B0BD98E0030025
:10D01000F0B503AF4DF804BD94B01D46234B044654
:10D0200001A80DF0EEFE18F0A4FEBA68ABB251B143
:10D0300090F85C53042D04BFB0F85853AB4211D0A4
:10D0400018F05AFFF3E7039818F0D5FF142092F870
:10D050003A102070107814B05DF804BBBDE8F040C1
:10D060000DF05ABE1178022909D102F1080600F527
:10D07000167C6ACEACE86A005188A0F8681200F508
:10D08000207104A8FAF7B2FE9DF81000102801D113
:10D09000212004E09DF84A100DF03EFE162020707D
:10D0A000039818F0A8FF14B018F090BFE8E0030050
:10D0B000D0B502AF044619F026FB90F85C23042A91
:10D0C00011BF1C2090F85F0360702120207019F0C0
:10D0D000F5F8D0BDDFB506AF0E4B19F032FC01A854
:10D0E0000DF0BEFE18F045FEA2B251B1B0F85833B3
:10D0F000934203D190F85C33022B07D818F0FCFE62
:10D10000F3E7039819F0AEF8002000E0039904B0AB
:10D11000D0BD00BF18E10300DFB506AF0E4B19F01C
:10D1200010FC01A80DF06DFE18F023FEA2B251B163
:10D13000B0F85833934203D190F85C33022B07D8F0
:10D1400018F0DAFEF3E7039818F055FF002000E02E
:10D15000039904B0D0BD00BF78E10300F0B503AF80
:10D160004DF8048D0E460546D0E900019046324642
:10D17000FFF7D2FFD0B10C4690F85C13042913D10D
:10D18000B0F85813B2B28A420ED1012180F85D8303
:10D1900080F85C1305F5767005490DF008FE103037
:10D1A00019F055F919F011F818F0D7FF18F0ABBFC6
:10D1B00088E1030090F85E13FF291EBF013180F85B
:10D1C0005E13704780B56F46024813F0F9F913F00B
:10D1D0001FFA00BF62000000F0B503AF2DE9000F99
:10D1E00093B082468868B0B3D1E904010FF092FC95
:10D1F00007AE19F010F806F1020B9DF81C809DF89F
:10D200001D9001AC5946162218F061FEB8F10E0FC0
:10D2100024D0204621467CC80DF1340CACE87C00BB
:10D2200016220088ACF8000058468DF81D908DF845
:10D230001C802EF0E0F9B8F10D0F16D08AF801909D
:10D2400016220AF8028B0DA950462EF0D4F913B01D
:10D25000BDE8000FF0BD0C4812F05AFB094813F06E
:10D26000A3F9484615F0F0FF05E0054813F09CF9D6
:10D2700007A80EF08DF913F07FFA13F0C9F900BF7B
:10D280006E00000074000000B8E30300FEB506AFB6
:10D2900001466846FFF7A0FF9DF80000B0F10A01C3
:10D2A00098BF002121B1012908D1BDF80C0003E08D
:10D2B000032803D1BDF8020006B080BD024813F078
:10D2C0007FF913F0A5F900BF6C000000F0B503AFC3
:10D2D0002DE9000FB1B00546886800248846002873
:10D2E0008C6053D0D8E9046B0A90B868D8F80C1059
:10D2F00000280895099153D0304659460FF00AFC92
:10D300002BAC19F08BF820461A4617F00BFE2D981F
:10D310000E3405900A222C98214606909DF8AD0007
:10D32000BDF8B8A0BDF8AE509DF8AC90079017A816
:10D330002EF061F9B9F10E0F00F0A08117A9204677
:10D340000A222EF058F90598B9F10D0F2D90069884
:10D350002C900798ADF8B8A0ADF8AE508DF8AD00A0
:10D360008DF8AC9000F0968101220020B9F10A0FEF
:10D37000A9F10B0188BF52FA81F0002800F0BF80AC
:10D38000012800F0C9804FF0000AC5E098F80410A9
:10D39000D8F800000EF08FFCAC60297128603AE1EB
:10D3A00030465946CDE906230FF0B4FB2BAE18F0FA
:10D3B00032FF0DF15C0BB11C16229DF8ACA0584653
:10D3C0009DF8AD902EF017F9BAF10E0F00F05B81C9
:10D3D000594611A87CC97CC016220988018059468B
:10D3E0008DF82D908DF82CA00BA802302EF003F9AB
:10D3F000BAF10D0F00F053818DF85D900BF1020032
:10D400008DF85CA011A9162216242EF0F4F82BA892
:10D4100018F0B8FADDF8ACA0BAF1000F68D02C987B
:10D420000DF1AC0B0590FB202D990422CDE91D10C8
:10D4300000201F90584604911DA94FF0040918F0D0
:10D44000E7F82B9E9DF8B040089D002E00F0B580B7
:10D450000BF105010DF1980B132258462EF0CBF875
:10D46000DDF89B100DF18C0922910BF10701269834
:10D470000C22CDF8850019F0CCF9D8F8000098F806
:10D4800004200290D0E900018DF884402096039298
:10D49000FAF720FE1FFA80FB484618F0E5F8864BA5
:10D4A00002460E468B4528BF8B46114658463246EB
:10D4B00015F026FFCDE900012BA817AB0699079CB4
:10D4C0004246A0479DF8AC00212840F08380DDE96A
:10D4D00009982C98012840F08E80DDE924212D98B0
:10D4E000521A824280F09A804FF48270A88080E0C5
:10D4F00008990020DDE9099808600C7187E0B9F10E
:10D500000A0F3FF640AF0120AA4600FA09F040F2A8
:10D510000C4108423FF437AF304659460FF0FAFA53
:10D52000002900F0C68098F80450D8F800600DF18A
:10D530005C080078ADF860A00DF12C0AF9682A4665
:10D540008DF85D0003208DF85E1031468DF85C008B
:10D550005046434600F0BCF89DF82C40212C1CD1CD
:10D5600011A80AF10401C41C18F01BFC0DF12C0ACF
:10D570002146102250462EF03EF8304629460EF045
:10D580009AFB054608F103000C46514618F0C0FC12
:10D59000089E414618F078FC0AE011AD0AF101013D
:10D5A000132218F0AEFC089E294618F06DFC0025E9
:10D5B000DDE909983471356029E0012068710020A7
:10D5C0002860E00718BF4FF00D0985F80490DDE9E9
:10D5D000099818E09DF8AF1005F10806E971BDF84B
:10D5E000AD10A5F805102CAC28711ECCDDE909980A
:10D5F0001EC6002006E0DDE902010EF05CFB002201
:10D600002971AA6028600599504618F0F1FA404641
:10D61000494618F0EDFA31B018F018BC0C1820A8E3
:10D62000214615F049FFC0B2022817D120A80421D5
:10D63000042615F041FFC0B2022818D122980444F4
:10D64000DDE902010EF037FB059AEA60049AC5F89D
:10D6500008A0C5E9042429712860D8E70121C00782
:10D6600069714FF0040018BF0D202871C1E7012136
:10D670006971C00718BF0D262E71BAE7134812F062
:10D6800093FF079803E00E4812F08EFF484615F00E
:10D69000DBFD0AE00C4812F087FF2BA803E00748E7
:10D6A00012F082FF0BA80DF073FF13F065F812F073
:10D6B000AFFF044A18F0FFFA98E303006F00000080
:10D6C00073000000A8E303006D000000720000007A
:10D6D000F0B503AF2DE9000F9BB0044615A898469E
:10D6E00091460E4618F04EF9159D002D64D01698FF
:10D6F0000DF1540B0690FB2017990422CDE9071079
:10D7000000200594042409905846CDE9036901914D
:10D7100007A917F07DFFDDF854A09DF85890BAF1E5
:10D72000000F57D0029510AC0BF1050118F02DFB3E
:10D73000DDF843100C2210980C91E11DCDF82D005E
:10D740000DAE18F094FB8DF82C900BF10400CDF881
:10D7500028A098E83E003EC059460D208DF85400A0
:10D76000304603F0E9FDC0B2022828D10398049A9C
:10D77000D0E90001FAF7AEFC0F9D80B2A84238BF95
:10D7800005460AA8294615F097FEC0B2022816D110
:10D790000AA8042115F090FEC0B202280FD1059A04
:10D7A0002120029910700C985160069928449160CC
:10D7B0000199C2E9031019E01620207016E001213A
:10D7C000059AC0074FF00400517018BF0D20029D4C
:10D7D000107007E00599012048705FEAC97018BF12
:10D7E0000D240C700699284618F002FA1BB018F0A8
:10D7F0002DBBD4D4F0B503AF2DE9F00B0546087B63
:10D800000C46DFE800F0036A6D0A320020686060B1
:10D81000406800F5C060206100E0206911460EF00C
:10D8200003FE78B3A0606068406800F071FCE0B36C
:10D830006068406800F1100102A816F053F89DF8E6
:10D840000800012831D104F11000BDF80D10ADF829
:10D85000041081806168DDF8092002600968009287
:10D86000002284F82020C4E9061004F1180102A85F
:10D870000EF026F99DF80800032807D12320287010
:10D88000042026E023202870032022E00298C1B261
:10D8900002290CD16068466813F036F9626818F006
:10D8A000C1FCC6F81806C6F81C16222608E0DDF8EA
:10D8B0000C90010A10F0010618BF212641EA096800
:10D8C000A0680CF081FD0120C5F8049085F8018066
:10D8D0002E702073BDE80F0BF0BD024812F047FD1B
:10D8E000FEDE00BF34E40300F0B503AF2DE9000F06
:10D8F000A9B08346C8B23C2828D0022821D000BB5A
:10D9000079490BF578709A4615460DF050FA0C4699
:10D91000DBE90212754B8046866905A80DF071FAA5
:10D92000DDE905214FF45E70414302F5577091B176
:10D9300002780AB98278AAB1A1F55E7100F55E702D
:10D94000F5E70BF5BA6003F0EEFFBFE00BF5CA6038
:10D9500017F02AFEBAE0079818F04DFB18F0FDFB0F
:10D960000020B4E0A0F557790496D9F88002002889
:10D9700040F0B0804FF0FF300394C9F8800299F86E
:10D980009002012806D109F5487013F0DBF999F8E7
:10D99000900200E00020F9680191D9E9A2148C42BC
:10D9A00006D1C00704D100210826082000240AE07F
:10D9B00009F526768C4206EB811091BFC1F1020178
:10D9C000611A00240826CDF808800DF0B0F9304621
:10D9D00021460DF0ACF9D9F880024FF0000889F823
:10D9E00090820130C9F8800209F55170C9E9A28816
:10D9F00003F035FC0498C9F84003032089F85C0360
:10DA0000DAF8031089F86F83A9F85A83A9F85853F4
:10DA1000CDF89B10DAF80000DBE90412CDE9248888
:10DA2000CDE92288269016A822AB16F00BFF9DF8B0
:10DA300081100DF1580E022908D00EF1100C0EA81D
:10DA400000F1080E9CE87B0072467BC2DAF80310F6
:10DA50000DF1200CDAF80000CDF86B106146CDE92D
:10DA60001888CDE916881A909EE87D00D7F808A09E
:10DA70007DC109F510709CE87E007EC009F5167026
:10DA8000DDF804C089F86EA39CE87E007EC00E22FB
:10DA900009F558703969A9F872832DF0ACFD029828
:10DAA000BAF1000F18BF083013F04CF9079818F0BE
:10DAB000A2FA039918F028FA0E490BF5B5600DF09B
:10DAC00076F902680132026018F01EFA012029B0CE
:10DAD00018F0C2BA064812F067FD15F02BFC12F0E0
:10DAE0004BFE12F095FD00BFC8E00300D8E0030034
:10DAF0003F00000074E40300F8B504AF00F110012A
:10DB0000684615F0C7FE9DE80F001943104308430F
:10DB100018BF012004B080BDF0B503AF2DE9000FA0
:10DB200095B0814691F8A80001F1400A8846154653
:10DB3000DFE810F00B00B101B7012F0079001B00E6
:10DB4000BE00EB000E0146017D0208F12000D8F86E
:10DB5000886041462022C8F88C602DF04CFD70682A
:10DB600000F5C060C8F8B00015E008F21D10009084
:10DB700098F81D01DFE810F00700920195010601F9
:10DB8000780103010D010AF17003D8F818510FCB89
:10DB900035E1D8F8B00029460EF046FC002850D0F8
:10DBA000C8F89000D8F88C00406800F5BA6003F01F
:10DBB000ADFE0028CDF8149041D0D8F88C00406814
:10DBC00000F5B76003F0A2FEC8B3D8F88C00406837
:10DBD00000F5BD6003F09AFE88B3D8F88C0008F118
:10DBE000B009406800F11001504615F053FE9AE864
:10DBF0002E0042EA050041EA030630430AF1100014
:10DC000011BF2EC00021C0E90011C0E90211D8F8EF
:10DC10008C10002088F8B0000968C8E92D19DDF8DB
:10DC2000149088F8BC0008F1B4010EA80DF070FF44
:10DC300018F073FC09D118F01DFC042051E22226D3
:10DC40003EE218F017FC03204BE20E98C1B2022905
:10DC500040F08A80D8F82000022800F09D8001283A
:10DC600040F0BE8008F1280C0AF120019CE87D00FC
:10DC70007DC10AF1200318F060F900F0AD8098F83A
:10DC80007640454605F8B04F05F8074C0AF13804D0
:10DC90000FC455F8780C55F8241CC5F8010035F868
:10DCA000740CA5F80500086800212974C5E902056F
:10DCB00008F1B8010EA80DF053FF18F02EFC03D1A7
:10DCC00018F0D8FB06200CE298F8A900454605F8A4
:10DCD000B00F1022A5F1380155F8400CC5F801002D
:10DCE00035F83C0CA5F80500E81D2DF084FC05F185
:10DCF0001700A5F1600118F00BF955F8240C00216C
:10DD0000006885F83010C5E90A0508F1D8010EA8A9
:10DD10000DF012FF18F001FC03D118F0ABFB072047
:10DD2000DFE198F8A900414601F8BC0F0120C87155
:10DD300051F84C0C51F8302CC1F8010031F8480C66
:10DD4000A1F805001068002201F8042C41E9030144
:10DD500008F1B0010EA80DF0C7FE18F0DEFB3BD1B4
:10DD600018F088FB0820BCE10F9D010A10F00106A5
:10DD7000CDF8149018BF212641EA0569A0E1CDF83D
:10DD800014900AE198F82801C00745D0DC4812F049
:10DD9000EEFACDF8149022E198F83E00414601F8E1
:10DDA000B00F51F8780C51F8242CC1F8010031F86B
:10DDB000740CA1F80500106800220A74C1E9020180
:10DDC00008F1B8010EA80DF0CBFE18F0A6FB03D1A8
:10DDD00018F050FB092084E1222088F894001BE110
:10DDE00000200AF1700488F81D019AE80F00D8F8A5
:10DDF0008C500FC408F21D14C8F8185100940AF191
:10DE00008004C8F810510FC40021286888F8281130
:10DE100008F59071C8E948011FF04BF8012188F816
:10DE2000281108B10021EDE00AF18003CDF814902B
:10DE300018F083F80AF1900523D008F5907985E869
:10DE40000F00172148462DF063FB08F237102946D2
:10DE500018F05EF8D8F810010068C8E952090020EF
:10DE6000DDF8149088F8500108F5A4710EA80DF0A3
:10DE700063FE18F052FB01D104203AE1CDF8149072
:10DE800004E00020C5E90000C5E902004FF0000BE6
:10DE9000C8F814B106E09C4812F069FA994812F0EB
:10DEA00066FAFEDED8F81001984B4068D0E90412FB
:10DEB00006A80CF0D5FF06994FF0020C0A689345AE
:10DEC00019D20BEB4B0001EB001E0EF1180CDEF823
:10DED00008000490DEF80C000390DEF810000190BA
:10DEE000DEF814900EAA9CE87B007BC29EF831C03D
:10DEF0009EF83000029008990A68013A0A60BCF165
:10DF0000020F7CD0049808F1F00ECAF8A000039824
:10DF1000CAF8A4000198CAE92A090EAA92E87B006F
:10DF20008EE87B00029888F80801D8F81401DAE935
:10DF30002C3200F1010BDAE92E0142EA010488F8E3
:10DF400009C143EA0005C8F814B12C43AAD0CAF8A5
:10DF5000E730129BCAF8EB2098F80621CAF8EF00C8
:10DF600008F23710CAF8F31008F1D001C8F82131CF
:10DF7000BDF84C3088F8202188F81C211022A8F820
:10DF800025312DF038FBD8F8100108F590710068A4
:10DF9000C8E95201002088F8500108F5A47106A8CC
:10DFA0000DF0CAFD9DF81800022824D10120D8F8F0
:10DFB000101188F8330198F81C0188F82C01D8F862
:10DFC0000001C8F82D01B8F80401A8F8310108686B
:10DFD000002188F8281108F59671C8E9480108F56C
:10DFE000907106A80DF080FD9DF8180003287DD0E3
:10DFF000D8F814B156E7032801D1052077E0DDF801
:10E0000014902221002288F895000120C8F8982059
:10E0100088F8941088F81D010120414601F8B00FDE
:10E02000002251F8240C00680A73C1E901010DF1C6
:10E03000380B08F1B40158460DF06AFD18F06DFA7E
:10E0400003D118F017FA0A204BE00228CDF81490FB
:10E050000ED108F19C00D8F89850B8F896A098F81E
:10E06000946098F895900BA990E81C001CC127E0DB
:10E070009DF8391008F1940904910DF1180ADDF8A2
:10E080003CE099E83E0056463EC610F0010618BF37
:10E0900021269DF818C09DF81990BCF1220F18BFD9
:10E0A000D3460BF10801BBF802A0079D0BAA91E82B
:10E0B000190019C208BF754604980CBF8146664610
:10E0C000D8F890000CF080F905984560A0F802A0FF
:10E0D00080F8019006700BA9083091E81C001CC064
:10E0E000012088F8A80015B017F0B0BE0620DDF8B2
:10E0F00014900099087018F0BDF90520F1E700BFF1
:10E1000010F00300B4E4030094E40300981B04003F
:10E11000B0B502AF0446FFF7EFFC88B104F5BA6072
:10E1200003F0F4FB60B104F5B7600CF07BFE0B6804
:10E13000027C407C0133022A0B6004D0C00702D16C
:10E1400000252846B0BD04F5BD6003F0DFFB0025C7
:10E150000028F6D012F0D8FCD4F81826D4F81C36D3
:10E16000801A71EB030028BF0125EAE7B0B502AFC2
:10E170000546887B0C46DFE800F00331370D1C00B4
:10E180006068B4F80B102181617B2060A17218F0E7
:10E1900012F9206104F1100011460EF05FF9C0B1D0
:10E1A000206801680020207604F10800C4E904100A
:10E1B00003E0207EC00714D160691EF0B3FE012188
:10E1C0000022217600286A60687008BF22222A7027
:10E1D00002E0232003212870A173B0BD044812F08F
:10E1E000C6F8024812F0C3F8FEDE00BFE0EE0300FE
:10E1F000C4E40300F0B503AF4DF8048D0546487A3A
:10E200000C46DFE800F003393F0A19006068A17A84
:10E210002060217218F0CFF8E06004F10C00114684
:10E220000EF01CF900B3206804F108060021006814
:10E230002175C4E9030604E0207DC0071FD1D4E99D
:10E24000030600214FF0000813F032FCC0B218B9E9
:10E2500030461FF065FA68B1002168700120C5F8EA
:10E2600004802970207502E023202870032060724A
:10E2700017F049BF2221F0E7044812F078F802486D
:10E2800012F075F8FEDE00BF70EF0300C4E4030077
:10E29000F0B503AF2DE900070546087C0C46914612
:10E2A000DFE800F0035A5D0A1A002068A189606067
:10E2B000E18118F080F8606104F1140017F05AFF52
:10E2C00030B3A0600088A082B8B36068466804F1EB
:10E2D0000E00C4E9066001E0D4E90660B0F80080F1
:10E2E00056F8080F71684246FEF716FFA0B18A463D
:10E2F00090F86F13012912D1D9F8001000F51E70A3
:10E3000017F091FE0220286017F0E8FF042020E0BB
:10E310000220286003201CE0142001210FE00121CD
:10E3200080F86F1317F0DAFFD4E90101D1F804C0C7
:10E330000021A28AE389006801E01B200121C5E9D0
:10E3400000100120EA82AB82C5F810C0A5F80C804D
:10E35000AE60207417F00BBF014812F008F8FEDE23
:10E36000D4E40300F0B503AF2DE9000FADF5697DEE
:10E370008B4694A902313C91E2A990469BF82A2150
:10E3800001F1020E0BF59A7135914FF0000C4FF030
:10E39000000900240023CDF804B10026DFE812F0C4
:10E3A000060041004D001500A802DA123D90DBE99D
:10E3B0000040CDF8C480CDF8D0E0CBE902040020C5
:10E3C000329017F02BFD02F0E6BA9BF858110BF5CE
:10E3D000AC793D90CDF8C480CDF8D0E089B1032967
:10E3E00023D19BF854110BF5AA7A89B1032920D1C6
:10E3F0000020DBE952463290DBF8505117F00EFD59
:10E400002FE0002043912E902C9132912D9115E018
:10E410000020DBE94F463290DBF8445117F0FEFC58
:10E420001BE0DFF85C0D11F0A2FFDFF8580D11F0D2
:10E430009EFFDFF8540D11F09AFFFEDEDBE94B463C
:10E440004FF481750020CBE94F468BF854010BF552
:10E45000AA7ACBE94D65CBF84451CBE95246CBF8CB
:10E4600050516808802842F21F850020689068A9F2
:10E4700030461AF0F2FB012300280CD468980428D7
:10E480000CD0022842F012850120DBE94D128BF8F6
:10E490005401022681E00246439D5DE07AA83146A0
:10E4A0002A4610F029FB7B9900230425002952D02D
:10E4B0009DF8E8010E284ED19DF8E9217C9D9542FA
:10E4C000C2F0AE8294A810F055FA9599002940D078
:10E4D000969A00230425022A3DD3DFF8B00C0223CC
:10E4E000009094A810F07CF894980023068896B3C6
:10E4F000DDE9961294A810F03DFA9599002351B3E6
:10E5000042F28300864226D1969A022A23D3DFF86C
:10E510007C0C02239DF85062009094A810F060F8E3
:10E52000409A00239798B8B9949A0223D4E903102B
:10E530001288A281228923810123A6726FF022040E
:10E54000012A41F07E874968884701236FF0220243
:10E55000A2E700230425409A1BB112F1230000F02A
:10E560009783012040928AF800001BB1110A06200F
:10E570002E4657E0DBE94D12042D0DD194A810F082
:10E58000BBFA18F010F905D0969A9DF851329A42CC
:10E5900032D200242E4610E02E460024042A0CD34A
:10E5A000DFF8E80B0423009094A810F019F8949871
:10E5B000979A0568B2EB154F09D2E0076FF00B028E
:10E5C00018BF6FF015026FF07F4106202AE0DFF8D8
:10E5D000C00B2C0C96992346009094A810F000F8DC
:10E5E000959A944202F2F582949A64F30704429455
:10E5F0000320110AA84615E0DFF8980B009094A8B4
:10E600000FF0EEFF9DF857022E46BDF85512A046BA
:10E61000949A41EA00409DF8541241EA0020429049
:10E62000110A0520D2B2012342EA0125429A0328A9
:10E63000ABF81C808BF85831CBE90405CBF81820D7
:10E64000439600F07481052840F09E845FFA88F0BC
:10E65000052800F06F82082800F0AC81132800F034
:10E660000382302800F0A6813E2842F09281002AE1
:10E67000CDF8FC8002F024842B780124581E362823
:10E6800002F21F84DFE810F0370037003700370050
:10E6900037003700370037003700370037003700C2
:10E6A00037003700370037003700370037003700B2
:10E6B00037003700370037003700370037003700A2
:10E6C00037003700370037003700370037001D1498
:10E6D0001D141D141D1437001D141D141D141D14AC
:10E6E0001D141D141D141D14370037001D141D1496
:10E6F000370037003700691C013A112800F24784BF
:10E70000DDF8FC80DFE810F012000309A4084511D1
:10E7100060085C090F0945114511300A45112E08A2
:10E72000240A4511451145111B08D60994A810F07B
:10E7300021F918F03DF802F01384969A94A810F08D
:10E7400087F99599002902F0E283969ABDF8504224
:10E7500094A810F097F99DF85062022E02F0E5831C
:10E76000DDE9951294A810F005F995999DF85002ED
:10E770000029379002F0F183969A94A810F014F9CA
:10E7800096999DF850A2002902F0EB8317F087FAC2
:10E7900017F0E5FF94A810F05BF99599002902F0B5
:10E7A000B68317F039FF94A810F052F99599002913
:10E7B00002F0AD83BDF85002969A309094A810F004
:10E7C00047F99599002902F0A283969ABDF85082E4
:10E7D00094A810F021F99DF85002082802F0A583B2
:10E7E000969B68999DF8A421002BE2918DF88C23CB
:10E7F0008DF85422949142F0A483210A949A9DF8B2
:10E8000054328BF82D1100218BF82C4134468BF8B3
:10E810002EA18BF83C0137987A92CBF82F21BBF8C8
:10E820002C218BF833312F928BF83B018DF8A60108
:10E83000BBF83201EE4AADF8A401DBF82E01689076
:10E8400043F60850E9FB02018DF8EC312B958BF86B
:10E850003A51309D43F6095200238BF83D61ABF8E5
:10E86000388143F60856ABF83651ABF83491DBF8F3
:10E870000CA02CF01DFFCDE994010021DD4843F6EA
:10E8800009520023E8FB006130462CF011FFADF87F
:10E8900060520025CDE9960104F001028DF8EF5198
:10E8A0008DF8E851DAF804007AA9009294AACDE92B
:10E8B000012168AB2B992F9AFFF716F8002841F039
:10E8C000568335991420DDF8D0E0DDE9318C4876A7
:10E8D000BBF82C01A1F81700DBF80C00CBF84401C1
:10E8E0003D982E9EDDE92C43DDF80C918BF84E51BE
:10E8F000CDF80C910BF5A071CDE92C4342462E9634
:10E90000CDF8C8C0CDF8D0E03D9094A8CDF8C48033
:10E91000FFF72CFCDDF8FC809DF85002232842F024
:10E9200031803D9923200870042002F048B8DBF8BC
:10E930000C00D0F8049017F0A7FBCA46D9F80C10C9
:10E940005AF8083F82B21846FEF7E6FB94AC0A4636
:10E95000611C2223002820461FBF10680130106070
:10E960007AA81CBF411C21231C228DF8E8318DF8A8
:10E970005022132290F800B068A82CF03CFEBBF1A6
:10E98000210F12D117F080FB84B2C8F301300128A7
:10E9900052D0022840F0F580429A042A80F04C813F
:10E9A0004FF0010BADF88CB1EFE063A868A917F048
:10E9B00031FAE8E0DBF80C103028D1F8049009F1C6
:10E9C000080A00F01B81082841F0E387CDF8FC809D
:10E9D00094A829460FF0CEFF95999DF85062002922
:10E9E00000F06781969A94A810F032F89599002962
:10E9F00000F0AF83969A0020DDF8ECC0A2B10B784E
:10EA00000120022B10D8DFF884070123BDF85052F3
:10EA1000009094A80FF0E4FD94980078032841F04A
:10EA2000AF813E98DDF8ECC07349339A1140C2B211
:10EA3000114401F1407397E34046A346444610F069
:10EA40007FF817F03CF9002800F01D810E46D0F841
:10EA50004413002900F0758100F5517194A8429B80
:10EA60002A4602F007FC74E1002ACDF8FC8002F08F
:10EA7000228242982C78421EB2EB840FC2F01B8295
:10EA8000DFF81407691C009094A8A300D8460FF083
:10EA9000A7FD9798002842F00E82949D0DF5147BF7
:10EAA00005EB840A554500F0A0805846294604220B
:10EAB0000FF0CEFFA91C58460222959CBDF850626B
:10EAC0000FF0C6FF31040435002C08BF0121BDF84A
:10EAD00050020C0C959A0004002A08BF01204FEA4E
:10EAE00010490906DED1C007DCD1D8F80C00DFF8E8
:10EAF000AC364068D0E9021258460CF082F9DDE9E4
:10EB000094014FF45E72514381B190F85C23042A62
:10EB100012BF032AB0F85823A24202D017F0ECF932
:10EB2000F2E7D0F84013494417F04DFC969817F0DF
:10EB300062FAB7E794A829460FF01CFF3998959917
:10EB40009DF8504220F0FF05002900F09F80969A22
:10EB500094A80FF07DFF9599002900F0518117F0DE
:10EB60005BFD94A80FF006FF9DF8500295990029CF
:10EB700000F0488149EA0441969A41EA0063002086
:10EB800043E14FF0170B8DF88CB117F07DFA419DE2
:10EB90005FFA8BF0152818BF1C2818D117F074FAEB
:10EBA000E868DFF8FC354068D0E9021294A80CF060
:10EBB00057F9969817F056FBE868446817F064FA1E
:10EBC00004F1080281B210461322FEF7C7FAE86882
:10EBD000DFF8D01517F03DFD82680132826017F032
:10EBE00093F9DDF804B101F0D4BEC34601F0BFB91A
:10EBF00000C4090000204E0000FFFF0094A8294631
:10EC00000FF0B8FE17F0D4FD01F01982969A94A87F
:10EC10000FF01EFF9598002801F00F8296980124AE
:10EC2000BDF850C200283E98CDF8FC80664600F042
:10EC3000FA82002201F008BADFF850052946CDF823
:10EC4000FC800423009094A80CF096F99498DDE9D8
:10EC500096364588B0F800803F2D2FD8DFF848154C
:10EC60000020062800F02C840A5A0230AA42F8D16B
:10EC7000052D379308BF464500F0B68730964645C8
:10EC80002DD000F02ABC0220949064E02B19BAE049
:10EC9000319817F08CFBDFF8140512F09DF83D9ABF
:10ECA0000320232189F800008AF80000117001F088
:10ECB00086BEF04833990840304450E209F5AC6113
:10ECC00037933096464540F0FE8394AE2A4643463D
:10ECD0003046F9F703FB17F0FDF840F0778794A86A
:10ECE00016F050FE949E002E00F06D8795982F90A0
:10ECF0003F98DDF858B20FF023FF16F0E0FF002830
:10ED000001F06D812B912A462F994346CDF858B2D8
:10ED10000DF5147BCDF800B0CDE9946100F5517686
:10ED20007AA8314602F092FA9DF8E851212D41F07F
:10ED30009F8194A8379A309B314602F09BFA01F0EC
:10ED4000A1B920460FF0FCFE15208DF854020120D9
:10ED5000949017F0A9FA01207A901C208DF8EC010C
:10ED600068A894A97AAA0CF019F9DDE96B60A046AD
:10ED70006D9BBDF8A451689979B16793CDE9656041
:10ED8000BDF8A601AB46ADF88E01ADF88C515FFA27
:10ED90008BF021287FF4F9AE23E76A9C002C01F068
:10EDA0000280042D00F04084052D00F02884062DFB
:10EDB00040F09E848346404630930FF0C1FED9E96F
:10EDC00002120546DFF8E83357A80CF049F84FF473
:10EDD0005E70DDE957325043ADB23146002800F095
:10EDE000DC8793F85C23032A12BF042AB3F8582364
:10EDF000AA4200F0CD8703F55E73A0F55E70EDE7E3
:10EE00009DF850022B180120369A3A9D002A194687
:10EE1000389C1CBF21460025002808BF0C4642F044
:10EE20005480002A1146CDF8FC80CDE93935369260
:10EE300018BF0121084342F04680DBF80C001FFA9E
:10EE400084F9DC4BD0F804A0DAE9021268A80BF0D0
:10EE5000D8FF260E4FF45E7008BF1F26389414F4B6
:10EE60007F0F18BF1F26DDE968514843002800F0D6
:10EE70001481B5F85813494502D195F85C1321B9AE
:10EE800005F55E75A0F55E70F0E705F5517000249C
:10EE900085F85C4302F0E3F905F51C70DFF8188390
:10EEA00085F86F43C04705F51E70C0478DF8504286
:10EEB00005F520718DF851627AA894AAF8F796FFAB
:10EEC00017F0A6FA2846F8F70BFF05F59070F8F74B
:10EED00007FF05F54A70C04705F54C70A5F8754366
:10EEE000C04705F54E70C047B4490AF1180085F8CF
:10EEF000704385F85F430BF075FF884690F83E112C
:10EF0000022923D095F8671305F51472B0F835314E
:10EF1000D0F83161012990F837C112BF95F856E257
:10EF200002F58C724FF0010E11689BB2928871400D
:10EF30005A4011430AD18EEA0C01C90706D10221B9
:10EF400080F83E1100F5387011F0FCFED8F8000092
:10EF50009B4B0130C8F80000DAE9041294A80BF0CA
:10EF600050FF949E3796D6F800A046F82849A2454F
:10EF700063D03036284631460DF07FFA0134002840
:10EF8000F5D14FF001085BE0212401F05DB8DDF818
:10EF9000FC80352B00F03986372B41F0FA8494A899
:10EFA0000FF0E8FC17F0FFFB01F0EC87969A94A8AD
:10EFB0000FF04EFD9599002901F0A187969A012A3C
:10EFC00041F2DC8771480223BDF85052009094A8AA
:10EFD0000FF006FB9498DDE99612B0F8008094A833
:10EFE0000FF036FD9599002901F08987969ABDF8B2
:10EFF00050A294A80FF02CFD9599002901F07F876D
:10F00000969ABDF8506294A80FF022FD95990029B8
:10F0100001F0758717F000FB94A80FF019FD959883
:10F02000002801F06C879698002841F0A587002CF5
:10F0300000F0A487099500F09ABF4FF000085446ED
:10F04000AAEB040B04EB4400379C04EB001000F126
:10F050000806BBF1000F15D0284631460DF00DFA19
:10F0600050B1A8EB88003146302206EB00102CF09E
:10F07000C2FA03E000FFFF0008F10108ABF1010B49
:10F080003036E6E7AAEB080020609698DDF804B178
:10F0900016F0B1FF002085F874036A98494B16F00A
:10F0A000AAFFDBF80C0042683792D2F86015D2F85C
:10F0B000642594A816F09CFA4FF4B070DDE99451E1
:10F0C00001FB00F64FF0000B4FF4803A0024A642FB
:10F0D0001DD0285B012817D105EB0408B8F8020001
:10F0E000484511D108F11800F9F796FE08F59C7013
:10F0F00002F0B5F825F804B0C8E901AB88F80CB007
:10F10000C8E953BBC8E955BB04F5B074DFE796986E
:10F1100016F071FF37982C4900F5AD600BF047FEF3
:10F120000546203017F05FFA05F1280011F00AFEBD
:10F130003068DDF804B1013030602449DBF80C00A0
:10F1400017F087FA42680132426016F0DDFE00F0E7
:10F150000EBF1F48339908409DF85012084400F133
:10F1600040733E98DDF8ECC003F0FE41B1F1407F02
:10F1700000D039D103F001024FF040713EE000BFF2
:10F18000E4E40300BCF1030040EF030040FB030094
:10F190005803040030FB03007803040048E0030038
:10F1A00018E00300F4E403001CE40300D45E002034
:10F1B00068E1030058E00300450D020058DD03003C
:10F1C00068DD03009CDA0300ACDA030004E5030009
:10F1D00000FFFF0048000000E8DD0300F8DD030049
:10F1E000C8DD0300D8DD03001F99002200294FF07D
:10F1F000407108BFDAB208BF23F0FF010A430C0ECA
:10F20000032C00F000873393002C01F0FE414FF6F1
:10F21000FF7318BF0124B1F1407F08BF4FF601739F
:10F2200003EA0206150C3E902806CDF8ECC000F06B
:10F23000C3805FF8600011F0B7F928460FF01AFAA2
:10F2400011F09AFA17F06EFA0A4694AB3C9904460C
:10F250002220002C00F097805FF8841009F118003C
:10F260003092CDF8DCA00BF0BDFD2F918346D9E99B
:10F2700004124CA85FF89C300BF0C3FDDDE94C6034
:10F2800004F5107A09F54479CDE92A0656F8080BF9
:10F2900000EB400005015DB106F11000514615F08C
:10F2A00001FA303D30360028F5D0012084F8720391
:10F2B0009BF83E012146023818BF0BF12000FAF7F7
:10F2C00071F98046002850D098F8C800CDF8A49075
:10F2D000022806D098F800000D2804BF012084F809
:10F2E00072030020ADF8E801DBE900CE94A800F13C
:10F2F00010029AE86B0282E86B020BF52870414617
:10F30000A0900BF520709F902A9897902B9896903C
:10F310003798A1900BF10800299DCDE9A240B4F8DF
:10F320005803ADF890020BF5A4709E95CDE994CEEC
:10F33000009068A87AAA94ABFAF790FF94A8414687
:10F3400014F070FA9DF8500222280BD00BF538709B
:10F3500011F0F8FC03202946ADF850027AA894AACF
:10F3600014F036F89DF8890329904E9816F043FE64
:10F370002F9916F0C9FD309916F0C6FDE2AB34990D
:10F38000DDF804B121208DF888031C208DF850028F
:10F390000C22D1F802500631B3F802801C7846AE38
:10F3A00016F065FD212C00F0E285DFA896E80E003E
:10F3B0000EC0299A00F048BE17F0B4F9002879D0A1
:10F3C000CDE92A4180465FF8E81109F11800CDF82F
:10F3D000DCA00BF007FD2F910446D9E9041246A8E2
:10F3E0005FF800320BF00DFD94F83E014146DDE977
:10F3F00046A6023818BF04F12000FAF7D3F808F542
:10F40000107B0028CDF8C08000F0B480299009F569
:10F41000447CD4E90001B646CDE9271094AB03F152
:10F42000100223469BE8730282E8730203F52870FA
:10F430001C46A09003F52070CDE996AECDE99EC0A4
:10F44000279895902898949003F10800A390B8F815
:10F450005803DDF8DCA0ADF890020020DDF8A8909C
:10F460008DF8E80103F5A470CDF898C0CDF8888236
:10F47000CDF884A28DF8E9910090E2AE7AAA29999C
:10F4800094AB3046FAF7EAFE2999DDF804B19DF80D
:10F490008803212840F015840D7891F8C8000228CF
:10F4A00040F0FC83A5F10B020020022A40F2FE830B
:10F4B00000F002BC22208DF8E80194A800F045BDC0
:10F4C0004FF0170B8AE394AC2A4643462046F8F7E0
:10F4D00005FF16F0FFFC40F07C8394A816F052FA6A
:10F4E000949C002C00F06F833F98DDE995AB0FF002
:10F4F00027FB16F0E4FB002800F07A850E467AA977
:10F5000081E8100C00F5517B0DF5147A59462A4616
:10F51000504643460DF5F479CDF8009001F096FE83
:10F520009DF85002212840F0D08594A8379A309B4E
:10F53000594601F09FFEBDF85502ADF8E8019DF86F
:10F540005702DDE996B1DDF8FC808DF8EA01949868
:10F55000012840F089879DF8EA218DF8A221BDF8A5
:10F56000E821ADF8A0210A46DDE998359DF854025E
:10F5700000F086BF5AF8280900EB40000401002C77
:10F5800000F07B830AF140055946284615F08AF8B9
:10F59000303C0AF1300A0028F1D0DAF808000DF505
:10F5A000D07E2990DAE900897046DAF80CB095E847
:10F5B0005E1080E85E102A98002800F0A684CDF83E
:10F5C000C890F1469AF828E09AF829C0C246DDF8BA
:10F5D000C08088F85FE3E2A999E87D007DC1212021
:10F5E0005C468DF830015046329B4546DDF8A490CC
:10F5F0007246DDF804B17146DDF8DCA086E31946F9
:10F6000037960DF087FACDE9001A94AD09F5AC6193
:10F61000034628465A46F8F7F9FE16F05BFC40F020
:10F620009C83379900F085BF1946B3460646309350
:10F630000DF070FA02460B467AA811461A4615F0EC
:10F6400071FC9DF8E801042800F0B2830E2840F018
:10F65000E583309930460DF05DFA002901F0998478
:10F6600000784106594600F16487CDF8FC800DF51D
:10F6700062788DF88D0303208DF88C030D20894668
:10F68000002506218DF888034046ADF890538DF88B
:10F690008E1315F0FFFB4FF0040BADF84801FB2073
:10F6A000ADF84AB12F96CDE95E6060955EA852A98B
:10F6B00002F0E2F8C0B2022840F0C78694A9A6463C
:10F6C00098E87C10084680E87C105EA8744601F03B
:10F6D00033FEC0B2022840F0B886DDF8FC80254633
:10F6E000609C16F0D1FC2F996B94CDE969918CE365
:10F6F0003F2D40F23783D9F86415A5F140028346C7
:10F7000090B2814240F29084D9F860059A463796CB
:10F71000CDF8FC80F8F7C6FD804600207A9098F876
:10F720000C00032804BFB8F84C01854200F02D8777
:10F730000868DDF8FC8001300860379931E3DBF8B8
:10F740000C0002244268D2F87416D2F87806D2F877
:10F750007036C2F87046012B41F01B81496888471A
:10F7600001F017B90DF5147840460FF003F917F0C2
:10F770001FF800F0BE84969A94A80FF069F9959945
:10F78000002900F0B484969ABDF850A294A80FF016
:10F7900027F99DF85092B9F1000F00F0A584DDE93A
:10F7A000951294A80FF01CF99DF85002002800F063
:10F7B0009B84DDE9154200269699002900F03587E3
:10F7C00000202D9D00F09FBCDBF80C00D0F80480D9
:10F7D00094A80FF03DF99599002900F07E86969A3D
:10F7E000BDF8506294A80FF06BF99699002900F0CB
:10F7F0007486979ADDE9944594A80FF029F99598B5
:10F80000002800F06A8696980022002840F01B84A9
:10F81000BDF8500208F54471ADF8EC01204664F3E0
:10F820000700ADF8EA61ADF8E821CDF8EE01CDF8BA
:10F83000F25194A87AAA13F0CBFDDDF8FC80BDF854
:10F8400050020A94052801F0A4801624FFF79DBBFE
:10F8500094A80FF08FF816F0A6FF01F05D83969A3A
:10F8600094A80FF0F5F89599002901F0538316F04C
:10F87000D3FE94A80FF0ECF89599002901F04A8383
:10F88000969ABDF850A294A80FF0E2F89599002935
:10F8900001F04083969ABDF8505294A80FF0D8F822
:10F8A0009598002801F036839698002841F0478308
:10F8B0004CBBBDF850220021F24B43F6085043F6F2
:10F8C000085616F046FADBF80C200023DDF8FC8021
:10F8D000546843F60952CDE998010021EA48EAFB51
:10F8E000006130462BF0E4FECDE996010220ADF830
:10F8F00052524B468DF85002D4E9021294A800905F
:10F900007AA8FDF785FBCDF8309001F042B894A8B5
:10F910000FF030F89598002841F03B809DF8504258
:10F92000DA4801F0D4BA94A80FF092F8959900291A
:10F9300001F0D682969ABDF8508294A80FF088F80C
:10F940009599002901F0CC8216F066FE94A80FF07C
:10F950007FF89599002901F0C382969ABDF850521C
:10F9600094A80FF075F89599002901F0B982BDF8B7
:10F970005042969A94AE30460FF06AF89598002857
:10F9800001F0AE829698002841F0D782DBF80C1087
:10F990004346BDF85002ADF852924968ADF858029E
:10F9A0000420ADF85642ADF854528DF85002D1E91A
:10F9B000021200967AA8FDF72BFBCDF83480D6E230
:10F9C00094A80FF045F89599002901F08F8216F060
:10F9D00023FE94A80FF03CF89599002901F0868247
:10F9E000969ABDF8504294A80FF032F895990029E4
:10F9F00001F07C82969AD846BDF8505294A80FF038
:10FA000027F89599002901F07182969ABDF850B2B5
:10FA100094A80FF01DF89598002801F06782969839
:10FA20000026002841F06682BDF850220021954B47
:10FA300043F6085044EA054443F6085A16F089F99B
:10FA4000D8F80C20556843F60952CDE99E010720ED
:10FA50008DF85002200CCDE99A66CDE99C668DF8B0
:10FA60008A6240F2E2467043ADF880B2ADF8889207
:10FA7000C10DC3461AEB402041F1000116F07DFB99
:10FA8000CDE99801A0B2704343F60952C10D1AEBBB
:10FA9000402041F1000116F070FBCDE996014B4684
:10FAA000D5E9021294A800907AA8FDF7B1FACDF832
:10FAB0002C905CE294A80EF05DFF9599002901F06E
:10FAC0003182969A002A01F03F825FF840090123B3
:10FAD000009094A80EF084FD9498DDE996120578C4
:10FAE00094A80EF0B5FF95992E9C002901F01A827A
:10FAF000969A94A80EF03EFF9598002801F0128285
:10FB00009698002808BF2C461D9818BF00201D900D
:10FB100041F01C82DBF80C005D4B4668D6F85016AD
:10FB2000D6F8542694A815F063FDDDE9941002225E
:10FB300001314000C0B311F8013C012B05D10D7813
:10FB4000E3B29D4208BF01F8012C02310238F1E70F
:10FB500094A80EF00FFF9598002840F01A879DF8A2
:10FB600050424C4801F0B3B994A80EF003FF9599A8
:10FB70009DF85082002900F0FC85969A94A80EF01A
:10FB800067FF9599002900F00684969ABDF85042C7
:10FB900094A80EF077FF9DF85052022D40F03A8362
:10FBA0009DF8518200F0E5BD96982E9416F023FA48
:10FBB000394906F5CB600BF0FAF816F048FC16F060
:10FBC00004FB00F0E6BE4FF0160B07E063A8711CC3
:10FBD00001E063A8611C013016F076F98DF88CB154
:10FBE000DDF8FC80FEF7D1BFDDF8FC8016F04CFAA2
:10FBF000CDE9006A82B263A8379B09F5AC61F8F7DA
:10FC000005FC9DF88CB1FFF7C2B894A80EF0B2FEC7
:10FC1000149895999DF8509220F0FF04DDF84880E3
:10FC2000002900F0A881969A94A80EF011FF9599EA
:10FC3000002900F0B383969A4FF00008119BDDE98C
:10FC40000F46B2B108784FF00108022811D85FF8CA
:10FC5000C44A0123BDF850A2009494A80EF0C0FC41
:10FC600094980578032D40F0E584DDE91138DDE94D
:10FC70000F46149868F3070096E316F08CF9DDF848
:10FC8000A89036E000204E0000C409007600000075
:10FC9000681F04007E000000781F04000020112D62
:10FCA0000AD80122AA4012F4303F05D091F8F92079
:10FCB000022A18BF91F8F800002288F85F0388F83C
:10FCC00072237AA813F0AEFD9DF8E80122280BD02C
:10FCD00004F5387011F036F80320ADF8E80168A893
:10FCE0007AAA269913F074FB4CA896E83E003EC011
:10FCF000309DB9F1000F00F00A8195F85F134FF0C5
:10FD0000020C329ADDE92430DDE9224900293292E1
:10FD1000CDE92430CDE9224900F0F980CDE9960300
:10FD20008DF85112CDE9989494AAE2A902F1180E27
:10FD300091E879018EE87901309D32988DF8800242
:10FD40000E208DF881C205F520718DF850027AA839
:10FD5000F8F74CF816F05CFBD9E063A8691C16F0C4
:10FD600059F805E0404637960EF0EAFE4FF0210BB9
:10FD70008DF88CB13799204615F03AFFFFF707B898
:10FD800097991F9145EA064141EA0063FFF7E9B9F7
:10FD900093F87303002800F0DB8159980268013A58
:10FDA000026016F0A4FD21208DF88C01FEF719BF2A
:10FDB0004046BDF8EA510EF0C3FE16F01EFA0D21C2
:10FDC000ADF81E018DF818110020DF495291FB217A
:10FDD0008DF81C01CDE95E6160905EA852A901F02A
:10FDE0004BFDC0B2022840F011815EA846A901F087
:10FDF000A3FAC0B2022840F0098140462546609C23
:10FE00000EF09EFE6B94CDE969B6689594AD82B212
:10FE100068AB28465146FDF758F80BE39DF8EC1106
:10FE20000D2808BF002900F0F3820C2800F06F8332
:10FE30000D2840F08583092940F05584BDF8F00174
:10FE4000C00700F05084CDF8DCB00DF5987B0C2095
:10FE50002F968DF83001584615F01CF80421ADF8A6
:10FE60004801ADF84A1194A815F08CFD949D002D21
:10FE700000F07386DDE99561FB20CDE95E1000207E
:10FE80002A9160905EA852A901F0F6FCC0B2022847
:10FE900040F0B78594A82B94C446AE46B0469BE884
:10FEA0007E007EC0464675462B9C5EA894A9E0461F
:10FEB00001F042FAC0B2022840F0A3854046609C9F
:10FEC0000EF03EFE2A9982B26A9151466B94CDE9BA
:10FED000685694AE68AD30462B46FCF7F6FF15F039
:10FEE000F9FF40F0CE8716F0CFF8309983B26B91CE
:10FEF0002F996A91379969912B996891D9E90212E2
:10FF0000009594A8FDF74AF84DE716F044F8489894
:10FF10000DF598792F9A0DF514784B4616F06BF87D
:10FF2000106851460130106040462A46F9F744FAFD
:10FF30002B9915F0E9FF7AA899E87C0001467CC16D
:10FF40009DF8E811222908BF40461C2190F8019035
:10FF50008DF8501200F10801B0F802800C224568BB
:10FF6000047863AE15F083FF212C40F04D81DDF85D
:10FF7000FC8000F00EBD04EB090012E2BDF8502237
:10FF800043F60850714B0021379543F6085515F09C
:10FF9000E0FEDBF80C200023546843F60952CDE95B
:10FFA00098014FF47A400021E8FB005128462BF0DD
:10FFB0007FFBCDE996010620ADF85692ADF854626C
:10FFC000ADF852A28DF85002D4E9021294A8009024
:10FFD0007AA8379C2346FDF71BF80994C7E72F99A9
:10FFE00002209490304615F003FEDDF8FC804CE0D2
:10FFF000222051468DF8E80116F079FCDDF8FC80EE
:020000021000EC
:100000000DF5147954E202F001021CE00121C00751
:100010008DF88D1159464FF0040B204618BF4FF054
:100020000D0B8DF88CB1A7E64FF0120B31468DF811
:100030008CB116F05CFCFEF7A8BD9DF850523B98C1
:1000400020F0FF00421901243D994FEA1820C870A2
:10005000D0B240EA0820A1F801004D6001F108008B
:100060000C70DFA991E81C001CC0012000F0A7BCA7
:100070007AA90BF10500013115F026FF01208DF85A
:10008000545294902B9915F0F9FE01207A901C207F
:100090008DF8EC0168A894A97AAA0AF07FFFBDF850
:1000A000A451689828B16AAB0FCB64AC0FC4FEF7BB
:1000B00067BEA346DDE96A46DDE96C03002C7EF4E9
:1000C00070AE4FF0150BFEF75EBD9DF853128DF824
:1000D000A211BDF85112ADF8A011DDE99735DDE9A7
:1000E00095B2DDF8FC80CBE19DF8515201E09DF81E
:1000F00050521398DDE9154220F0FF0000EB050A8D
:1001000000202D9D5646002800F02587CDE9154298
:100110000DB12D9515E0F1B28DF8520241EA02239E
:10012000DBF80C1001208DF851428DF8500249681F
:10013000D1E90212CDF800807AA8FCF769FF00200F
:100140002D90CDF84CA012E70300040000204E00D3
:100150003098CDE95A413793CDE95CB093F86E03FE
:10016000CDF8FC8094AC5AA90028204600F0BA8152
:10017000F9F79CF89DF850220E2A00F0BA817AAE69
:10018000611C9046482215F072FEA79D68AC31466E
:10019000482216F09CFBDFF84C2E204629460AF038
:1001A000B2FECDE92A1037982F9600F5107CB0F8F2
:1001B0005813299131469CE87D007DC109F1180052
:1001C000DFF8241E0AF00EFE0D46D9E90412DFF80E
:1001D0001C3E83468DA80AF014FE5846DDE98D4684
:1001E00014F04BFCB8F1000FCDF8C08040F07684DD
:1001F000002800F07384379A92F86003012840F0D9
:10020000E48316F0F3FAEDE3DFA896E80E000EC0E3
:100210004A4619E7DDE9951294A80EF0ABFB9599D3
:100220009DF85062002900F07081969A94A80EF013
:10023000BBFB96999DF85092002900F0048215F0BE
:100240002EFD4C909DF8EC01979A8DF8340194A8FE
:100250000EF0AAFB96999DF850A2002900F0558255
:1002600015F01DFDE2909DF8EC01979A8DF88C0336
:1002700094A80EF099FB96999DF85002002900F081
:100280007782379015F00BFD16F069FA94A80EF0FE
:10029000DFFB959900297ED0BDF85002969A3090E8
:1002A00094A80EF0D5FB9599002974D0BDF85002A2
:1002B000969A2F9094A80EF0CBFB959900296AD0BE
:1002C000BDF85002969A2B9094A80EF0A5FB9DF8CD
:1002D000500208283FF464AC4C9946919DF83411C3
:1002E0008DF81C11E29963919DF88C138DF8901193
:1002F00068995E919DF8A411469A8DF87C119699A3
:1003000094929DF81C2100298DF85422639ACDE91E
:100310002696CDE928547A929DF89021DDE91B19A3
:10032000DDE91943DDE917C5DDE9206E8DF8EC2123
:100330005E9ACDF810A04FF0020ACDF8A8804FF0D9
:10034000000868929DF87C218DF8A42140F01B8262
:100350009DF854128DF88C139499E2917A994C91EE
:100360009DF8EC118DF834116899DDF8A480469160
:100370009DF8A4118DF81C114FEA1829DDE9261209
:10038000049B379CDDE92FE5DDE92A6CDDF8A0A0B0
:100390001E920E90F7E19DF85082EAE19DF850021E
:1003A0002044119BDDE90F4603258246032D00F012
:1003B000EE8514902C981193CDE90F4628BB5FFA77
:1003C0008AF040EA0323DBF80C0000212C9143F66D
:1003D00008528DF8525240689791E4498DF8514285
:1003E00001EA4621114443F60952B1FBF2F196911C
:1003F000310CADF8531205218DF85012D0E90212DC
:1004000094A800907AA8FCF703FECDF84880AEE5EA
:100410004046BDF8EE510EF093FB15F0EEFE15F0E0
:1004200033FE16F0B6F868AB009394AD83B228465D
:10043000FCF7B4FD15F04EFD3FF4B5AC63A8691CA4
:1004400045E0439D2246FEF787B80121C0078DF89D
:100450008D112046494618BF4FF00D0B15F0AFFF28
:10046000DDF8FC80FEF793BC584609F0C3FF152069
:10047000BBF1000F08BF2120DDE90753DDE9052BA3
:100480003168089301313160BDF8A0112228ADF820
:10049000E9119DF8A2117D938DF8EB11CDE9052BA3
:1004A000CDE97BB207957E958DF8E80108BFD1466E
:1004B0001C2013228DF8500219F801BB68A8494688
:1004C0002BF099F8BBF1210F03D063A868A915F0B0
:1004D000A1FC8DF88CB1FEF75ABC0A9916F059F9B7
:1004E0000A18B0E5F8F7E2FE9DF850620E2E40F0D3
:1004F000B6807AA8211DC51C142215F002FD63A840
:10050000294614222BF077F8D6E3B04631E115F0F6
:10051000BBFD15F0D4FB0D46594650B1012180F8C2
:10052000761300F54E7010F00DFC28685946013026
:10053000286021208DF88C0116F0D9F9FEF751BB07
:1005400015F0A2FD05463098CDE9684BDFF8BC3ABE
:10055000CDE96A60D9E9021263A80AF081FC4FF480
:100560005E70DDE963125043AAB200286DD091F8A5
:100570005C33022B04D9B1F858339A4200F0E18081
:1005800001F55E71A0F55E70EFE7B8F808005E4611
:100590004FF0160B002800F07A820138A8F8080006
:1005A000B8F90A0008F59C7B3091012190FA51F0CE
:1005B000A8F80A00D8F83801002800F03882304640
:1005C00051460CF0A7FA94AD02460B465946284610
:1005D00000F050FE9498002800F0C38205F1040C4E
:1005E00063A926469CE83D003DC14046F8F700FC63
:1005F000DFF81C1A09F5AD600AF0D9FB303015F0B0
:1006000026FF286830990130286015F07DFC379965
:1006100030469DF88CB115F0EBFADDF8FC80BBF1AB
:10062000210F7EF4B2AAFFF7BEBB4FEA1A2256464C
:100630004C4668E51498979A00F47F40012A66D8E2
:10064000DDF84880ADE6C84693E0659815F00AFEEF
:100650002046594615F0CCFA4FF0140B39E70DF54A
:10066000F478611C482215F0EFFEA79D68AC414666
:10067000482216F02CF9DFF87829204629460AF09E
:1006800042FCCDE92F10B646379800F5107CB0F843
:1006900058132B9141469CE87D007DC109F118005B
:1006A0007646DFF850190AF09DFB0D46D9E9041291
:1006B000DFF8443983468DA80AF0A3FBDDE98D40BD
:1006C0002A90584614F0D9F90A2E40F0AB8200283F
:1006D00000F0A882379A92F86003012840F058820F
:1006E00016F084F862E215F0CFFC15F052FF68AB0B
:1006F000009383B294A8FCF751FC9DF85002212886
:100700003FF451AB4FF0160BE3E6D04631E096993B
:100710000646009494A802230DF062FF979A62B1F6
:10072000949801239699B0F80080009494A80DF055
:1007300057FF979A012A00F22B83DDF84880304654
:100740002FE694A868AAF7F70FFB949D4FF0210BB2
:100750002DB19599284615F04BFA4FF0160B659878
:1007600015F080FD002D3FF41EABB2E600FEFF0148
:100770008046DDE91B194FF0020ADDE91943DDE986
:1007800017C5DDE9206E9DF88C03BAF1020F8DF8D4
:100790009001E29863904C981E9A5E909DF8340107
:1007A0008DF87C01469852909DF81C018DF84C0103
:1007B00000F0BE836398CBF82F0194905E987A90F6
:1007C0009DF87C018DF8EC01529868909DF84C01E1
:1007D0008DF8A4010E988BF848017A98CBF8350172
:1007E0009DF8EC018BF839016898CBF83B019DF836
:1007F000A4011B918BF82E119DF890118BF82D916F
:100800008BF82C818BF83F01BBF82C018BF833114E
:100810003790BBF832011A938BF83431EF4BADF8B7
:10082000A401DBF82E018BF847211E928DF8A6213A
:10083000AAB28DF854120021689043F60850E2FBEA
:10084000030143F609520023CDF8709019948BF8F8
:100850003A4100248BF849A120968BF84661664600
:10086000ABF844C1ABF842E1ABF84051189543F600
:100870000855DBF80C90CDF884E02AF019FFD84A2F
:100880000023CDE99401B0B200211796E0FB02519C
:1008900043F6095228462AF00BFF359ACDE9960116
:1008A0002198ADF860029088116808431FBF9088B6
:1008B000ADF8340110684C90114618BF012451F86E
:1008C000060FDDF8C4808A8810430AF001024FF059
:1008D00000001FBF8888ADF88C030868E29018BF3D
:1008E00001204C998DF8EF01E298CDF8E911BDF89F
:1008F00034117C90BDF88C038DF8E841ADF8ED1112
:10090000ADF8F401D9F804007AA9009294AACDE9CF
:10091000012168AB2099379AFCF7E6FF00287FF4A5
:1009200026AB35991420DDF8D0E0DDF8C8C081F899
:10093000250000208BF85A01BBF82C01A1F82300F8
:10094000DBF80C00CBF850013D982E9EDDE92C43DE
:10095000DDF80C91CDF80C910BF5A671CDE92C4387
:1009600042462E96CDF8C8C0CDF8D0E03D9094A870
:10097000CDF8C480FDF7FAFBDDF8FC809DF850024D
:10098000232818D0DBF80C00406800F5BA6000F0AE
:10099000CAFFDBF80C400BF128054FF4817115F00C
:1009A0007AFD206800218BF858110BF5AC79CBE962
:1009B0004B05FDF743BD3D992320087005208BF8BA
:1009C0002A010DF5697D15F041BADBF80800DDF864
:1009D000FC80C10700F0F980DBF80C10000A40EA47
:1009E0000160090A9090080C8DF84602A84692F81A
:1009F0006703ADF844120128289650D115F0E9FBA1
:100A00004FE001214FF0040BC0078DF88D112846EF
:100A1000314618BF4FF00D0B15F0D1FCFFF7AAB906
:100A2000DFF88435114600202A460EF032FF3046AA
:100A300051460CF06FF80246DFF8D80500900B46DF
:100A400094A811461A4602230AF096FA95980028AF
:100A500000F0A28201282B9400F0A08294980488D0
:100A6000B8F85201844240F2A9814046F8F7C0F933
:100A7000DFF8AC1509F5AD600AF099F9303015F0E2
:100A8000E6FC2B9C4FF0050B309915F09EFB15F002
:100A90003BFA3799204615F092FCFFF7A1B815F004
:100AA00091FE929000264FF470209BF8E832CDE939
:100AB000000694AD90A905F1D00092AA14F024F993
:100AC000022029468DF818030BF120004FF4947290
:100AD0008DF850622AF06CFC4546289E9BF83E013A
:100AE000023818BF0BF120003799F8F75BFD00289A
:100AF00000F0A780844690F8C800022840F0A1804A
:100B000009F544709E902998AE46ADF8900237984A
:100B1000CDE99646CDE9A1A00BF52870A0900BF584
:100B200020709F90DBE90002CDE9940294A8DDF8E3
:100B3000BC80103098E87E007EC075460BF108003E
:100B4000A3900BF5A4702A99009194A9CDE9011006
:100B500063A8309A61462B9BA5E04FF0160BFFF778
:100B600007B99698002800F05A8105F1080C7B9986
:100B70007AAAA6469CE8390039C20020744609F0DA
:100B800039FC309901257A9800283EF4D1AD2DE149
:100B90004346DBF80800DDF8FC80C10715D0DBF820
:100BA0000C10000A984640EA0160090A9090080C6F
:100BB0008DF8460292F8670329942C460128ADF877
:100BC00044120FD115F005FB0EE005208DF88C01C5
:100BD0006DE0DFF8DC3315F098FC00BF00C40900BD
:100BE00000204E0015F0EEFD929040F666104FF09A
:100BF000C0719BF8E832CDE9001094AD90A905F1E1
:100C0000D00092AA14F080F8002029468DF818032D
:100C10004FF494728DF850020BF120002AF0C8FBBB
:100C20002546299C9BF83E01023818BF0BF1200095
:100C30003799F8F7B7FC20B1844690F8C80002282D
:100C400003D115208DF88C012FE009F544709E909A
:100C50002A98C646CDE996402B98ADF89002379871
:100C6000CDE9A1A00BF52870A0900BF520709F9006
:100C7000DBE90002CDE9940294A82B962A469EE86F
:100C80007A01103080E87A010BF108001546A39034
:100C90000BF5A4702F99009194A9CDE9011063A8D8
:100CA0002B9A6146309BFBF761FEDDF8FC808F9844
:100CB00015F0A1F915F089FAD04909F118000AF0E8
:100CC00091F805460C4613F0D8FE18B105F53870BA
:100CD00010F038F89DF88CB1BBF1210F1CD195F8BC
:100CE0003E01022811D00FF00FFF4FF470220023B5
:100CF00010F0B6F8C5E948010320ADF850027AA813
:100D000009F5447194AA12F063FB15F026FA59987C
:100D100015F0A8FAFFF747B820680DF5C6785146D8
:100D2000013020607AAC379A43462046F8F744FBFE
:100D30009DF8E80121280CD00DF5147994E86E0097
:100D400048466EC0AE480FF02FFC15F04FFC0FF078
:100D500013FD08F101050DF5A4781322404629463C
:100D60002AF049FC8DF878B15EAE701C414615F052
:100D7000ABF8A4480FF018FC304612F089F90FF0D8
:100D8000FBFC599815F06EFA28464146FEF724BF41
:100D90009498022396990678009494A80DF020FC6C
:100DA000979800285FD05046DDF848804FF0000A41
:100DB0000325119BDDE90F46FFF7F8BAB11C304659
:100DC000F922B6F800902AF0D7FAAAF10200A6F8A4
:100DD000F990A0422FD17B990025CDE97C6037980E
:100DE0007B9000202B9C7A9409F004FB94A808F1D6
:100DF00018017AAAF7F76AF8949898B1DDE9950195
:100E000009F0F8FA30994FF0160B15F037F83799CA
:100E1000002D8DF88CB13DF4B8AEFFF70AB93099CA
:100E2000FEF786BC309915F029F83799002D7EF42D
:100E3000B8AFFEF7B8BF37990DF5147869912A4617
:100E40002B9923466A96689168A9CDE9001040461F
:100E5000594600F0DBF915F03DF81BD1309915F03B
:100E60000DF8FEF7A0BF949834464FEA1A23CDF848
:100E7000B090008848EA0046DDF848805046FFF709
:100E800095BA63A8711C14F0C5FF8DF88CB12B9C2A
:100E9000FEF770BF63A808F1010114F0BBFF3099A1
:100EA00015F032F8FEF79ABE3E4800E03F480FF0DA
:100EB00087FB0FF0ADFB3F480FF076FB002009E009
:100EC0000024474803E03A9C00E01C463A480FF0F3
:100ED0006BFB204612F09CF90FF04EFC0FF098FBD4
:100EE0000D9915F056FC0C183748F0E70B9915F0E2
:100EF00050FC0E1831480FF057FB3046EAE70998CE
:100F00009DF8501220F0FF0044182D48DFE79DF8AF
:100F100050A226E09DF850420C9820F0FF000444B7
:100F20002A48D4E79DF850020FE09DF851A218E03E
:100F300029480FF039FB4046CCE70024D4E70024D1
:100F4000EEE74FF0000A0CE000201D9021480FF062
:100F50002BFB1D98BEE71E48CDE7DDF8DCA000E0C6
:100F6000AA469DF834018DF8EC014C987A901B4804
:100F70000FF01AFB5046ADE70024C6E7099800F4CD
:100F80007F44C2E7099820F0FF000444BDE70D4804
:100F9000EEE71D4A14F08FFE204AFBE71E4A14F0CC
:100FA00035FF00BF1F000000BC110400200000003E
:100FB000680304008200000075000000810000004A
:100FC000790000007F0000007B0000007A00000034
:100FD00080000000770000007C0000007800000026
:100FE0007D00000008DE030018DE030028DE030099
:100FF00098DD0300A8DD0300B8DD030068DE030010
:10100000490000004400000024E40300F8E103006C
:1010100018DC0300E8DB030008DC0300F8DB030056
:1010200028DC0300F0B503AF2DE9000FC5B014466E
:1010300091F825208946CDE90140DFE802F003233D
:10104000291B13000021D9E9023289F82410D9F8AC
:101050002010C9F81010498A79B1C9E90532C9F8D8
:101060001C1016E099F84800C0070ED1D9F844408A
:1010700025685CE0D9F8280024E062483721624AFC
:101080000DF0E4FD5C480FF072F95A480FF06FF96B
:10109000FEDE002A7ED0D9F81C30D9F8141057484B
:1010A0009342009028BF134603A809F065FF03ABE5
:1010B0000FCBC9E90001D9F81000C9E905230430B4
:1010C000C9F82800D0F800A08688DAE90001324685
:1010D000FCF722F8002867D00D4690F85C1303292E
:1010E00060D3D0F84013002973D00139C0F8401301
:1010F00028684C46D046B346013028600120A9F844
:101100003060C9E90AA0D9F81000D9F80050018A66
:1011100044F8345F54F8302C626014F8102C41EA23
:1011200002312181006800212175C4E9030403A86C
:10113000FB21061D4FF0FB0A30462AF062FA626876
:1011400029462089CDE9436A40EA0240039043A83A
:10115000F6F760FC00BBBDF80E00FC2845D203A8E2
:1011600017F070FD0121B0F1FF3F89F848101DDD37
:10117000D9F82C0089F824100028014618BF012155
:10118000401AC9F82C0009F1280009F06BFBD9F8C6
:1011900018207EE7222010E001206FF00B0889F86C
:1011A000480005E015F011F81C2006E000EAE078A0
:1011B00009F1280009F056FB2120029A0121A2F82A
:1011C0000CB0C2E90181107089F8251045B014F007
:1011D0003DBE019900F51C7014F025FF02992320F3
:1011E0000870032114F0F1FFEEE705480FF0E8F96D
:1011F0000FF00EFAACF1030034E5030050F30300E6
:101200001E00000034EB030024E50300F0B503AF3B
:101210002DE9000BD7F8089080460D681DB115F038
:1012200049F9152010E0D1F804E00E4699E83100A4
:10123000D7F80CC031C600204B820A82C1F80CC01E
:10124000714609F0D7F8212014F0CBBEDCB504AF0D
:1012500000240194BC680094FFF7D8FFDCBD80B582
:101260006F46D0E90021002303601046BDE88040AE
:1012700009F0C0B8F0B503AF2DE9F80FD1F8009030
:1012800004460020B9F1000F08600AD00E464968F4
:10129000F0689A46B6F81280C518454506D905206B
:1012A00007E001202060142020713FE0FB2D0BD9C6
:1012B0000420012220712260484605B0BDE8000FDD
:1012C000BDE8F04014F094BC93460491318AFB23AE
:1012D000B2680291164900912946039212F01AF859
:1012E000144A534600925A4610F0D4FC454509D1A1
:1012F0000498E0600398C4E904080298A4F8068002
:10130000A0800FE00298049930820398C6E9020594
:101310000020C6F800904FF00009A6F81280716016
:1013200009F068F80020C4F80890206014F05EBD51
:10133000A4E50300B4E50300F0B503AF2DE9000F09
:101340009BB0D0E9014B824608460E46A4EB0B0544
:1013500013F0A0FD854201D2002071E23046DAF898
:10136000005013F097FDDFF804152A46009100EBBA
:101370000B015846234611F0CDFF32780D2A1CD1BF
:101380003279092A3BD115F0F1F93089012812A8E8
:1013900014BF1B211D2114F077F8C0B2022840F0C1
:1013A0004682718912A812F087F8C0B2022840F074
:1013B0003E82D6E9031212A8C2E1B2F10A044FF04C
:1013C000000398BF1C46002C33D0012C46D115F0E9
:1013D000CDF912A8522114F057F8C0B2022840F0FB
:1013E0002682B18912A812F067F8C0B2022840F034
:1013F0001E82D6E9011212A812F084F834E0CDE979
:10140000090100200B90DFE812F0090033015900B8
:10141000130131006901910130019E0109A80321E6
:1014200014F032F8C0B2022840F00182F18809A815
:10143000F7E112AC0A2A0BC400F21282DFE812F0C4
:101440000B008B01A501A801D801B901E10110022F
:1014500010021002880112A810217EE115F086F911
:1014600012A81E2114F010F8C0B2E0E109A8092169
:1014700014F00AF8C0B2022840F0D981746909A8B2
:10148000214614F001F8C0B2022840F0D08114F0D7
:10149000CEFD12A8414613F0A7FC9DF84800212874
:1014A00040F0C48114F0B0FEC0B2022840F0BF8109
:1014B00015F015F9C0B20228EBD0B8E109A8052152
:1014C00013F0E2FFC0B2022840F0B181347D09A8D8
:1014D000214613F0D9FFC0B2022840F0A88106F1DE
:1014E000080C8DF844400EA80DF124099CE82C004E
:1014F00001462CC1E1B21024012908BF0224DDE914
:101500000F12A31C891A9942C0F09081054611F070
:101510003FFF8046C00740F09C8112A82946224622
:1015200013F098FC1298002800F093811399022977
:1015300022D0042919D0102926D1C2680692C27A75
:1015400081880792827AADF8681001680192427A28
:1015500002925FFA81FC027A0392C2798079199132
:1015600001210590022004920CE0D0F800C0012077
:10157000CDF864C0012105E0B0F800C00121ADF84C
:1015800064C00020089002E0CDF866100021002918
:1015900000F05981069B4FEA18410C939DF860308A
:1015A0008DF83430079B8DF85430019B9DF868000E
:1015B0008DF85330029B8DF85230039B8DF84D000F
:1015C00008988DF85130049B8DF848000C989DF8D0
:1015D00069209DF865E09DF866409DF867508DF89C
:1015E0005030059BCDF8550048468DF84F308DF8AA
:1015F0004E208DF84C508DF84B408DF84AE08DF818
:1016000049C011F059FFC0B2022840F0108112A861
:1016100011F0A2FE14F002FF48461A4611F072FFC4
:10162000C0B2022840F003819DF844400EA861E753
:1016300009A8012113F028FFC0B2022840F0F7806A
:10164000717909A813F020FFC0B2022840F0EF80A2
:10165000318909A811F030FFC0B2022840F0E780BC
:10166000B17909A813F030FFDDE009A80D215FE092
:1016700009A8072113F008FFC0B2022840F0D78064
:1016800006F108000DF148080DF1240990E81C004E
:1016900041461CC1DDE91301401A0428C0F0C68090
:1016A000404611F075FE0546C00740F0BF80404639
:1016B00011F06EFE0446C00740F0B880290C484681
:1016C00011F0FAFEC0B2022840F0B180210C484669
:1016D00011F0F2FEC0B20228DCD0A8E009A8112166
:1016E00013F0D2FEC0B2022840F0A180746909A8AC
:1016F000214613F0C9FEC0B2022840F0988014F0D1
:1017000096FC12A8414613F06FFB9DF84800212873
:1017100040F08C8014F078FDC0B2022840F0878041
:1017200014F0DDFFC0B20228EBD080E009A80B2145
:1017300013F0AAFEC0B2022879D1D6E9021209A894
:1017400011F0E0FE6FE009A8132113F09DFE6AE09E
:1017500012A80C2157E012A8082113F095FEC0B280
:10176000022864D1718A12A811F0A6FEC0B2022824
:101770005DD1B18A12A811F09FFEC0B2022856D1E5
:10178000711C12A813F0C0FE4DE012A80A2131E02E
:1017900012A8122113F078FEC0B2022847D1718836
:1017A00012A811F089FEC0B2022840D1D6E9011278
:1017B00001E612A8062113F067FEC0B2022836D156
:1017C000718812A811F078FEC0B202282FD1B1881A
:1017D00012A811F071FEC0B2022828D1F18812A817
:1017E00011F06AFEC0B2022821D1D6E90212E2E568
:1017F00012A8022113F048FEC0B2022817D1718846
:101800000EE012A8042113F03FFEC0B202280ED150
:10181000718812A811F050FEC0B2022807D1B18819
:1018200012A811F049FEC0B2022800D102200228FD
:1018300006D1304613F02EFB5844CAF808000220A7
:101840001BB014F009BC0698CDF85D0007988DF820
:101850005C009DF860008DF8340017980C90E5E767
:1018600003480F21034A0EF05DF800BF3820040042
:10187000F81E0400181F0400F0B503AF4DF804BDB6
:1018800084B00446D0E901300D46191A04290CD35E
:101890002268061D084914F0EDFACDE9020102A8FC
:1018A00029460422F6F7B6F808B1002001E002202C
:1018B000A66004B014F087BBC4E50300F0B503AF25
:1018C0004DF804BD0C4609F0ADFA0E46D4E90012FD
:1018D000054608300FF043FA3268297C0132687CF3
:1018E0003260012918BF02205DF804BBF0BDB0B51D
:1018F00002AF0C4609F096FA0D46012144740174BA
:1019000008300FF01FFA14F060FCB0BD80B56F46D0
:1019100009F088FA007C0A680238B0FA80F00132D7
:1019200040090A6080BDB0B502AF09F07BFA0446F9
:1019300002202074204614F08AFD04F108000FF004
:1019400001FA14F042FCB0BDF0B503AF4DF804BD90
:1019500016460D46044613B1012084F818022046AD
:10196000294611F0EEFAF6B2C0B25EB1012E1DD1D9
:10197000DFE800F0936F6B0201202075C4E90005D9
:10198000206166E0DFE800F07C4B8E02607D00287D
:1019900040F076802046294611F009FB01286FD1DE
:1019A000E068814288BF0846E06069E0DFE800F057
:1019B000021F5D2214F086FDC00705D020690131A9
:1019C000814288BF08462061A068002872D0691C47
:1019D000B1FBF0F202FB1011204611F0E8FAC0074B
:1019E00043D0E068814238BF0846E0603DE0002017
:1019F00020753AE0206801282ED1607D002841D072
:101A0000A16800295CD0206962680244B2FBF1F34E
:101A100003FB11218D4204BF0130206125E02068C5
:101A2000002844D004F1080207CA013A0131002815
:101A3000C4E9031241D00021217561680131B1FB75
:101A4000F0F202FB101060601AE001202075C4E97A
:101A500000050020607513E04FF480700021A08223
:101A60000120C4E90005C4E90310022E08D11F2D8E
:101A70009FBF04EB85000021C0F89811C0F8181131
:101A800014F0A4BA14F01EFDC007EED02069013195
:101A9000814288BF08462061E7E70D4899210D4A39
:101AA0000DF0D4F80C48A7210C4A0DF0CFF80C48E3
:101AB0000DF02EFF04480EF050FC0A480EF04DFCCD
:101AC00002480EF04AFC00BF6C1804005C180400C9
:101AD000001804004C1804009C170400F0170400C0
:101AE0007C1704008C17040080B56F464FF480719A
:101AF00000F58C72818200210023C0E9031101608E
:101B000080F81812802B02D0D1500433FAE700F588
:101B1000CC7100220023802B02D0CA500433FAE794
:101B2000183000210F22B1F5807F08BF80BD4254DC
:101B30000831F8E7F0B503AF2DE900079CB08A46FD
:101B4000B1F840C08146496B92F80CE06B4692E8D0
:101B500061001C460DF13808624661C4104830F837
:101B60001E00053080B203904046FBF7AEF99DF8A9
:101B70003860212E09D10320DAF82810ADF838009A
:101B80000EAA684611F024FC05E009F1010008F1F5
:101B9000010114F099F989F800601CB014F0E7BA5B
:101BA00070F30300F0B503AF2DE9000FADB001F104
:101BB000100988469A4693464946039004AA91E83C
:101BC000794002F1100C41468CE87940F8680790A2
:101BD000B8687C693E690690CDE901ABCDE904BAED
:101BE0008DF839408DF838601EAD284600F070F849
:101BF0009DF878B0BBF1210F2AD1D8F828102A46D9
:101C0000B8F840C005F11808A346B24699E87940F3
:101C100088E87940F8682390B8682290019821906C
:101C20000298209001208DF8A9B08DF8A8A0ADF8F9
:101C30007AC0ADF8780010A811F0CAFBBDF84000DA
:101C4000052811D104A90398302229F0D4FC13E00F
:101C5000039C691C1322601C29F0CDFC022084F82F
:101C600000B084F8290007E0DDF80CA002208AF813
:101C7000290016208AF800002DB014F0E7B8F0B55E
:101C800003AF4DF804BD9EB00D4602F52071044629
:101C900068461A461E78F6F7A9F89DF80000102845
:101CA0000DD1A6F10B00012807D803206A46ADF834
:101CB000000010A8294611F08BFB212004E09DF8BC
:101CC0003A1009F029F8162020701EB014F07EB9E1
:101CD000F0B503AF2DE9000FA3B0059002F1100B92
:101CE000D1E902E0009101901068049050680390DF
:101CF000D2E9029A14A8CDF808B000F110089BE8C8
:101D00005B10454685E85B107546CDE9169AF146AD
:101D100003984FF0000A59F8084B15900498CB46E9
:101D2000149092F828008DF8780004EB440092F8A3
:101D30002910060104918DF8791009EB0011039127
:101D40005EB10BF11001404612F0ACFC98B9303E88
:101D50000AF1010A0BF1300BF2E7019884422FD20D
:101D600014A9039E292214F082F8049886F8290009
:101D7000601C286007E00AEB4A0014A9302209EB36
:101D8000001029F038FCDDF8089099E80F0019439D
:101D90001043084312D00098816AB0F840C014AADA
:101DA00099E8794002F1080888E879400420ADF804
:101DB0005000ADF852C006A811F00AFB212000E047
:101DC00016200599087023B014F040B8F0B503AFA1
:101DD0002DE9000FABB08246886B90F8720340B9D2
:101DE00002AE0D46304600F041F89DF83100022861
:101DF00003D102208AF8290035E0029906F1100B80
:101E0000019103990091DDE904891CA99BE85C50CC
:101E1000183181E85C5000998DF8A10001201F91D4
:101E20000199ADF870009DF830001E918DF8A0006A
:101E3000B5F84000A96ACDE92089ADF872000EA876
:101E40001CAA11F0C5FABDF8380005281FBF0320F1
:101E50008AF8290016208AF8000001BF02A950461E
:101E6000302229F0C8FB2BB013F0F0BFF0B503AF60
:101E70004DF8048D8D68804601F1100655F828094B
:101E800000EB400004014CB105F14000314612F076
:101E900009FC303C30350028F5D000E000254046F4
:101EA00029465DF8048BBDE8F04012F0BFBDD4D4E4
:101EB000F0B503AF2DE9800F90468A46814613B1F5
:101EC000012089F8180209F1180B00250024B4F547
:101ED000807F0CD00BEB040630780F2804D05046DE
:101EE000314609F0CFFC98B908340135EFE7B8F175
:101EF000000F27D0DAF8006009F12000C9E9446832
:101F0000F822594629F05BFBCBE9006814F0F9B9D7
:101F1000B8F1000F19D01F2DC6F80480F6D8002D97
:101F2000F4D00BEBC50109F12000012D06D1D1E958
:101F30000068DBE90012C0E90012E5E7D1E90068BA
:101F4000EA00DEE703480DF0E3FC01480DF0E0FC99
:101F500074E6030064E60300D0E9001281F0010199
:101F6000114304D100210222C0E90021FEDE80B528
:101F70006F4602480EF024FB0EF04AFB14000000EE
:101F8000D0E9001281F00101114301BF00210222BA
:101F9000C0E90021704780B56F4602480EF010FB83
:101FA0000EF036FB1400000080B56F4602480EF0BC
:101FB00007FB0EF02DFB00BF14000000F0B503AFCF
:101FC0002DE9000FADF6EC3D8B468246D0E90001CD
:101FD000084318BF012041F06A8221900AF5916000
:101FE00027900AF1080019909AF88F04CDF898A06C
:101FF000CDF890B0DFE810F00800EC02EC027301BD
:1020000089015901A501A40100200DF503618AF899
:102010008E040025CDF88404CDF880048DF83008B6
:102020004FF4C050ADF831080DF59060DFF8046B47
:102030008046B047DFF8002B04460DF503602146CB
:10204000032310F0A9F8DFF8F42A0DF50360214608
:1020500010F0F2F80DF50360214610F03DF941F65D
:1020600001000DF50361ADF8310840468DF8305898
:10207000B0474D200DF503648DF84008B148214666
:10208000CDF83C08B048CDF83808B048CDF8340851
:10209000AF48CDF830084046B04782460E2007F8DA
:1020A0004C0C46F2133027F84E0CAA4847F8520C55
:1020B000A94847F8560CA94847F85A0C4CF2023088
:1020C0001E91152127F85C0C14F0FEFB0DF1E00BBE
:1020D000A7F15C09A24B514658464A46009410F0BD
:1020E00049F938980FF0C0FF0DF2FC75ADF8EA0021
:1020F000BDF8E4000BF106011F902846182229F0D4
:102100007AFA4B2015218DF8B00043F21450ADF847
:10211000AE009448CDF8AA009348CDF8A6009348A5
:10212000CDF8A20049F60240ADF8A000484629F0DB
:1021300068FA8F4B2046CDF8009028AA514610F03F
:1021400019F9DDF830080FF08FFF04F1040CADF839
:102150003A0805F11801BCE87D007DC10DF5036466
:102160004FF45E72BCF8000008800DF5906114F029
:10217000AEFB5846422129F044FA20460FF042FEB9
:102180008046002458F8045B0BF104002091229053
:102190002395A54200F0F080013498F80000032850
:1021A00040F08080B8F80250B5F5007F00F2D3818E
:1021B00038AE200400F0C78120B2B0F1FF3F40F3F9
:1021C000C681DFF8542D30460221A34698F801401D
:1021D000BDF8E0A011F00AFB0AF1010227F85C2C1F
:1021E000DFF8382D022313F075FF002C18BF0235DD
:1021F0003046BDF8206116FA85F5E90300F18C81BF
:10220000DFF81C3D022104222594ADF8205111F085
:102210003FFADFF8102D022300924A4627F85C5C53
:102220000FF038FD9DF8E0005C469DF8E110239D1D
:10223000890241EA8003BDF8200118440430412896
:1022400030D222993C22DFF8E00C0090484611F091
:10225000D7FA57E917205C468108BAF1000F0FD072
:10226000AAF10100884280F0838112F8203002EB4D
:102270008000407860F30E23A0B2834280F0748126
:102280008A4580F06C8102EB8A00310A02F82A400C
:10229000C1702599867000292146364A18BF11431E
:1022A000090A417008F12C0873E70AF5916000F102
:1022B00008080AF59B601C909AF8D804DFE810F033
:1022C000070070018801D800070A980A7F09DAF828
:1022D000D0040021002600241D9101F09ABE9AF836
:1022E000A8040AF5916101F120090AF59268DFE876
:1022F00010F0050053016F01BE00C101DAF890240F
:10230000DAF8A004DAF8A41463E19AF8C0070AF531
:10231000F868002800F0AA80032840F039819AF874
:10232000A5060AF5B3690AF2A564DFE810F03503E3
:102330003D01510106006F03B300DAF8A8063AE345
:10234000ABE26AE218AAFBD5BF074BE59836350A1F
:1023500002469965450BBDE3372E8DC28B12E8A26C
:10236000021020004DE4CAFB3A97A0383B1C3D2ADE
:10237000020410000080FFFF2099DDF898A013F000
:102380009DFF9DF8E1909DF8E080BDF820114FEA97
:10239000892040EA88000844061D412E80F0EC8028
:1023A0000020A7F15C04ADF874043E22CDF870045F
:1023B00038A8811C13F08BFDDDF870042146CDF8A0
:1023C00054043E22BDF87404ADF8580428A829F03E
:1023D00012F90DF50360DDF83048DDF8345800F1EE
:1023E000080138A84FF45C7228F090FA0DF50360EC
:1023F0000DF2FC71322229F0FEF81F9EDDF890B03C
:10240000022E00F09080CAE906450AF1200038A9A2
:102410004FF45C7228F0CCFF0AF56470182129F0A3
:1024200077F800208AF8B9938AF8B0033E228AF838
:10243000AE03BDF85804AAF8AC03DDF85404CAF89A
:10244000A8030AF2BA308AF8B88328A929F0D3F889
:102450000AF2FA300DF503613222AAF8F86329F086
:10246000CAF81E98AAF82C04D24923E286E2D3E0E7
:102470000AF59C619AF8280523910AF5A561179140
:102480000AF5A669DFE800F00394A4180A00DAF858
:102490002005D9E2DAF8A81601F06FBD9AF8B80560
:1024A000CDF894800AF5B76828B3032800F0518767
:1024B000DFF8780A0DF05BFF9AF868050AF5AD635E
:1024C000D8B1032878D19AF84C050AF24C56C8B115
:1024D0000AF59C650328CDF8948071D19AF84A05D5
:1024E0000AF24A5498B103286ED1DAF84015DAF8A6
:1024F0003C050A78DBE200F00DBFD9F800100AF5C0
:102500009C65B2E2DAF838150AF59C65BAE29AF8E9
:102510004825DAF84405C2E2DFF8140A1E21DFF884
:10252000142A0DF0C3FEDFF8100A0DF5906200903A
:102530002B21DFF8080ADFF8083ACDF88454CDF8EB
:1025400080440DF0C6FEDFF8FC0901F00FBDDFF896
:10255000F80901F00BBDDFF8F40901F007BDDFF861
:10256000F02950460DF0E4F9DFF8E80901F0FEBC6F
:10257000DFF8E4290DF0DCF9DFF8E0090EF014F8DB
:1025800040200EF003F830460EF000F801F0DBBCFE
:10259000DFF8CC090DF0EBFEDFF8C8090DF0E7FE1F
:1025A000DFF8C4090DF0E3FEDFF8C0090DF0DFFE2F
:1025B000DFF8BC090DF0DBFEDFF8B8090DF0D7FE3F
:1025C000DFF8B4090DF0D3FEDFF8B0090DF0CFFE4F
:1025D000FEDE9AF8A934CAF89424DB07CAF89804F6
:1025E000CAF89C1435D0CAF8CC040120279C0022DC
:1025F0008AF8C7044FF4A023DAF8AA04CAF8C10481
:10260000BAF8AE04C4E90A328AF8C0248AF8E4248D
:10261000CAF8D014AAF8C5040AF5966A0DF503663F
:1026200014F067F89DF83048232C00F00082711CEC
:1026300038AE132213F01BFC504607F04EFF192C46
:102640002CD1DDF898A0DAF89424DAF89804DAF8B6
:102650009C14279D00234FF41604CAF8CC040220D2
:102660008AF8E434C5E90A43CAF8D0148AF8C124C8
:102670008AF8C0040AF5966A0DF5036614F039F875
:102680009DF83048232C00F0D481711C0DF590602A
:1026900013F01AFC504607F020FF05E02ECE0DF592
:1026A00090602EC014F0DBF80DF59060A7F15C0A85
:1026B0006CC851466CC10122269D038880788870C1
:1026C00005F269400B80514685F8A82485F88E24D0
:1026D000132285F8684428F08EFF192C6CD0222C28
:1026E00040F0AE80199C0AF1030113F05AFB01205F
:1026F00005F022FCDDF898A011220AF21A41DAF85E
:102700001604CAF83804BAF81204AAF83404BAF85D
:102710001404AAF836040AF23C40CAF830449AF885
:1027200011849AF82B94BAF8F863BAF8FA43DAF8F5
:10273000FC5328F060FF0AF256400AF5806111222E
:10274000CAF85254AAF85044AAF84E648AF84D9434
:1027500028F051FFDAF808008AF867849AF80C200C
:1027600013F095FC0B68D0F85022D0F85302013BCF
:102770000B60CDF83028279ACDF83308DDF8300803
:102780001060BDF83408908091881068DAF88024D1
:102790001378002B00F0E080D2F801308CB2B2F850
:1027A0000520434062401A4340F0D680DDE91E64B4
:1027B00001F01EBC04ED00E0DFF8C4070DF000FFDF
:1027C00001200FF07DFF404610F052F8DDF898A090
:1027D000D749DAF898040968C90541F08884DFF818
:1027E000A41708F0FFFA0446007C0E46012804BF37
:1027F00004F1C8000FF018FC04F108010DF50360A6
:1028000010F086F900202074C4E90200316801311B
:1028100031608AF8AC04CAF8A084DBF800100AF52D
:102820009460F5F719F9C0B2022800F0FD802798EE
:10283000DAF89824D0E9020107F08AFFBC4936E0B3
:10284000DDF898A000210AF58D608AF88E144146C3
:1028500090E87C00DFF830077CC1CAF8A4840DF052
:10286000A3FEDFF828070DF061FEDFF824170AF257
:10287000A4400DF0B3FE0DF07FFF0DF503604FF4A3
:10288000804213F0B4FDDDF834289DF83808DDF8F7
:102890003018C9E900128AF8B004DBF800100AF514
:1028A00095600EF0B3FBA249002840F0BA800020EA
:1028B0008AF88E040868C00541F01984DFF8D41640
:1028C0004868B0F5007F1AD04FF400724A60C1B278
:1028D000022914D013F057FC08BF034608BF01219A
:1028E000B2EB506F18BF1946C8B2022803D001F0EE
:1028F00001000FF02BFF4FF400700FF09DFE002041
:10290000002405F019FB00200FF0DAFEDAF880242D
:102910000AF59268DAF87C14DAF884041368D2F8BD
:102920000350CDF85434CDF85754DDF854340A68C8
:102930000AF11801CAF8A934279B8AF8A844DDF8DF
:10294000574403F12009CAF89024CAF8A004CAF831
:10295000A414CAF8AC443CE60B22279B8AF89024C6
:1029600000228AF8C02702040132090441EA10401B
:10297000C3F80920C3F80D000AF5F8680AF5B36931
:102980000AF592614FF48472484628F011FD0AF26C
:10299000A56400208AF8A506012049468AF8A40605
:1029A0000AF5D6604FF4847228F002FDDFF8E805DE
:1029B0005030CAF8A806DBF8001010F039F90028EA
:1029C0003FD0CAF8A0060DF59066017C4FF48472E2
:1029D0000131017400200AF5D6618AF8A406DAF8FC
:1029E000A006057C701D28F006FE4FF4807031466D
:1029F000AAF8A8060AF2AB6040F20D128AF8AA56AD
:102A000028F0F9FDDFF89405CAF8B8070AF5D56093
:102A1000594610F0B3F9002801F0AC82042001F00F
:102A200054BB072000F040BD062000F03DBD032050
:102A300000E0042089F800000320DDF898A000F0F1
:102A400033BD032001F041BB0AF59C650AF5A56181
:102A50001791CAF82405016800208AF868050AF56C
:102A6000AD63CAF830150AF5A6690020CAF85015FA
:102A70008AF864050AF24C568AF84C05CAF83415EF
:102A8000CAF8381508680AF24A540A790021CDF8C4
:102A900094808AF84A158AF84825CAF844050AF24B
:102AA00049518AF84925CAF83C05CAF84015D0E9C9
:102AB00000011A93CDE922450FF0FEFA8346D0F8C3
:102AC0008002002841F03A824FF0FF308846CBF870
:102AD000800200219BF89002012805D10BF5487077
:102AE0000EF030F99BF89012DBE9A2021B9690429F
:102AF000CDF8549001D1C9070FD000218BF8901266
:102B0000411C0BEB80108A1E18BF0A46CBF88822A6
:102B100090F89832D9B2102912D1249813F047FCBA
:102B20000BF546700EF01BF94FF0100E002636E044
:102B300004ED00E0F9200200B0EA030028120400CE
:102B400000F526750C2205F12C011C46B5F829006C
:102B5000ADF8700495F82B008DF87204E8690590C3
:102B6000A8690490E8681490A868169095F8280061
:102B70000B90686A1390286A189068691290286907
:102B8000209068680A9068780D900DF503606E8853
:102B900028F031FDA6463446360AAA6BEB6BDBF80B
:102BA000800201210130CBF88002D8F800005FFAE2
:102BB0008EFB0138C8F800000120BBF1100F08BFE0
:102BC0000321229D297017D103208AF84C059AF819
:102BD000640558B3032841F0BD819AF862050AF2F2
:102BE000625988B3032841F0B881DAF85815754660
:102BF000DAF854050A7834E01B99BBF1110FCDE9DE
:102C00000E43109208700DF590619DF872048DF8D6
:102C10006A04BDF87004ADF868040DF5036090E82F
:102C2000380038C1DDF8288068D1E1E0DAF85015C5
:102C30000AF2625908680A7900218AF862158AF84E
:102C40006025CAF85C0503E09AF86025DAF85C05AF
:102C500075460AF261518AF86125CAF85405CAF826
:102C6000581513F014FA04460068002841F06681F4
:102C70004FF0FF300E4620600021207B012804D158
:102C800004F58C700EF05EF8217BD4E901029042CD
:102C900001D1C90713D000212173411C04EB00109E
:102CA000B1F1100218BF0A46626050F8108FB8F1F7
:102CB000000F04D041681691D0E9023208E0249850
:102CC00013F075FB04F588700EF049F84FF000081A
:102CD0002068AE4601210130206030680138306044
:102CE0000120B8F1000F08BF032189F8001000F09F
:102CF0007C808AF864050026149320929DF86A046B
:102D00000DF1A00C8DF86E04BBF1100FBDF8680436
:102D10006146ADF86C040DF5906090E8380038C15C
:102D200039D1DAF834050179006808F0C4FF209A37
:102D3000CDF89424149ACDF89024169ACDF88004F6
:102D4000DAF83405CDF88C24CDF888848DF8841415
:102D50000DF59061D0E902450DF50360FAF73CFAF4
:102D60009DF83098B9F10A0398BF0023002B1894FE
:102D7000139543D0DDE924B6012B40F08380BDF8E4
:102D80003C280DF590612B6B20469847C00740F01A
:102D90006A80012376E0169BF1460A964FEA1842B4
:102DA000DDF810A0149C4FEA134E0021200C0023E4
:102DB000099000202290DFE81BF03301330110005E
:102DC000A800990013011E01FF002D01A200280197
:102DD00086009C001B018100A5004EEA0440039080
:102DE0004FF00209002022901AE103208AF86405BE
:102DF0001A990320DDF890B00870B5E2DDE924B639
:102E0000A9F10201022308293CD8DFE801F00522DC
:102E10003B3B3B3B3B070500EB6A1BE060482A4617
:102E2000DDF838180DF59068DDF834580840D66A9A
:102E30004042044640B135F8022B41461898B0474D
:102E4000C00704F10200F4D0002C18BF0124259E15
:102E500007E02B6BBDF832280DF5906120469847AE
:102E60000446E00702D00B9103230BE0B9F10A0FEF
:102E700007D0B9F1030F3FF48CAF0223B9F1020F71
:102E800000D10023DDF888044FF0080E2090DDF813
:102E90008C04129000201B90DDF88094DDF88414DF
:102EA000002022931A904FEA1942259642EA0148DF
:102EB000DDF894A40B0CDDF890C4C1E09DF86E041D
:102EC0004FF00F0903E09DF86E044FF00C098DF8E8
:102ED0007A04BDF86C04ADF8780438A89CE80E00BC
:102EE0000EC000214EEA0440039077E04FF0050940
:102EF00010E04EEA044003904FF00D098CE04FF0D3
:102F00000A0989E04FF0100981E04EEA044003907D
:102F10004FF0030974E000BF681A0400781A040037
:102F2000881A0400981A0400F81A040088E30300C1
:102F3000A81A0400C81A0400B4EA030024220400FA
:102F400050EB03005F000000610000005E00000025
:102F5000E81A040070000000D81A040060000000A5
:102F600014EB030090EA030000EA030024EB0300E3
:102F7000C8D70300C8E30300CCD9030098E10300DD
:102F80002D000000ACD90300280000000E00000056
:102F9000DCF1030034210020706A00200866002064
:102FA000FEFFFF7F2E0000000D000000CC0000009F
:102FB00035000000BD0000009DF86E044FF00409CC
:102FC0008DF87A04BDF86C04ADF8780438A89CE854
:102FD0000E000EC000214EEA04400390002316E0CC
:102FE0004EEA044003904FF00609CDF8888017E0C0
:102FF0004FF00E090BE04EEA044003904FF0070932
:103000001146CDF8888043460AE04FF00B090020B6
:10301000229005E04FF009091146CDF8888043461B
:103020000804CE461B9003F47F40D446DDF890B0F0
:10303000DDF85890DDF814A0099BDDF80C801A909B
:103040009DF87A540DF2FC748DF86654BDF87854EE
:10305000ADF8645438AE254696E8070007C5012050
:10306000C9EA0841269A279D82F86805180440EAB3
:103070001840C5F874A082F8E0E49246C5E918103B
:103080002098A8661298C5E91B0C22981B99C0B21B
:1030900008431A990843C2F8E4040E980A99C0B28A
:1030A00040EA0120A2F8E2040D9882F8E1040B98AE
:1030B00082F808051898C2F800051398C2F80405AC
:1030C000BDF86404A2F809059DF8660482F80B05B2
:1030D00002F20C5094E80E000EC0DDE90F10C5E9B5
:1030E00024015FFA8EF0082815D0002863D15FF81C
:1030F0004C010DF059FA5FF850010DF017FA0D9DD3
:10310000239C28065BD05FF85C010DF00FFA28467F
:103110000BF0B0FA57E00AF2BC540AF2E44128225C
:1031200012F0D5FEDAF8BC050AF5B869002800F0FF
:103130008C80159D012840F0AC804846FAF7A6F82F
:10314000DAF8241580B20989884240F094800DF5A0
:1031500003604946FAF740F89DF83008B0F10A01DB
:1031600098BF0021002900F0A483012940F0A48326
:10317000DDF834080DF59066DDF8381820940DF56B
:103180008E640144CDF87414CDF87004304613F009
:103190007FFB13F04DF940F092839DF881845FF836
:1031A000F0010DF001FA40460EF084FE0DF0E4FA55
:1031B000159D209C6CE0239DDDF89480F5E05FF880
:1031C0000C020DF0B3F900200DF0B0F90DF0D4FAB7
:1031D000CF480068C00540F08A875FF84812486809
:1031E000B0F5007F1AD04FF400724A60C1B20229D4
:1031F00014D012F0C8FF08BF034608BF0121B2EB8C
:10320000506F18BF1946C8B2022803D001F0010060
:103210000FF09CFA4FF400700FF00EFA20780521A1
:103220004FF00A0C4FF0000908284FF0000B2291D4
:1032300004D02398644607F05BFAA446179901204E
:103240004FF00008087011997BE10DF503604946C5
:10325000F9F7C2FF9DF83008B0F10A0198BF0021CC
:10326000159D61B1012913D0AA480DF09DF90DF00B
:103270001FFE00F068BE4846FAF708F808E00A2882
:10328000F2D8012101FA00F040F20C410842EBD0E3
:1032900020680AF2E456DFE800F0020202170DF59A
:1032A00003644946202212F012FEDDF84C08214644
:1032B000DDF848284369002000903046FAF706F808
:1032C000204607F0AEF916E00DF5036449462422C6
:1032D00012F0FDFDDDF84C080121DDF848284369B6
:1032E0009DF85008CDE9001030462146F9F7EEFF71
:1032F000204607F0ADF93068002853D02846314603
:10330000182228F05CF900200AF5A6698AF8B805A9
:103310000AF5B7684A460AF5A96C92E87B00E646CA
:103320008EE87B000AF5A7600AF5AC61024692E8D8
:103330007800002278C1DAF86015CAF8502539B350
:10334000CAF870C50AF2745190E8780078C18AF81A
:10335000B4250AF5AE6459462046F4F7E7FEA0B15D
:10336000032088F8000004208AF828059AF87806D7
:1033700028B3032840F0EB85DAF86836DAF86C26D3
:10338000DAF87016DAF8740646E0204607F0B5FA67
:103390000AF5A96007F0E9F801208AF8B80548465F
:1033A00007F074FADDF89480239D2878082802D06D
:1033B000284607F09DF9DAF82405FFF74CBB0AF51B
:1033C000C064002001218AF82006CAF810160AF508
:1033D000C2638AF83406CAF824168AF84806CAF87E
:1033E00038168AF86406CAF84C1617CCCAF81406C0
:1033F0000AF24C60CAF828160AF5C761CAF83C26DA
:103400000AF22462CAF86836CAF86C26CAF870163E
:10341000CAF87406CAF8504638900DF50365DFF80F
:10342000280D0DF59068CDF870340026CDF8FC27F6
:1034300000242891CDF84C0838A8CDF84808DFF8CA
:103440000C0DCDF8440828A8CDF84008DFF8000D91
:10345000CDF83C080DF2FC70CDF83808DFF8F40C1C
:10346000CDF834080DF58E60CDF83008202E12D03E
:10347000A819A9595A4640680369404698479DF8DB
:103480008394B9F1060F03D0B9F1070F01D012E010
:1034900001240836EAE7E00700F0808403208AF878
:1034A00078061C99087005208AF88F0421980DF67B
:1034B000EC3D12F0D1BD0120B9F1010F88BFA9F197
:1034C00002005FFA80FC9DF88D149DF88CA4DDF855
:1034D0008854DDF88434BDF881649DF88044DFE8C9
:1034E0000CF002240B1BDDE9065A1E0C08991C0A7D
:1034F0004FF0000C229318E0012020EA040600207F
:103500004FF0090C22900024DDE9065A0CE000BFC0
:1035100004ED00E083000000300A229434464FF0AE
:10352000090CDDE9065A0646089926984FF001086D
:103530002094AB46CDE91A3680F87886CDE9065A54
:103540000891239D119195F8480004280ED105F1AA
:103550005000644607F09AF91199A4462878082883
:1035600004D0284607F0C4F81199A446B8F1000F1A
:1035700037D027981A9AC0F80AB1C0F806212698C1
:103580001B9ADDE924B8A0F88B25209A80F88A25BB
:10359000229A80F896A5824680F89715DAF8D41416
:1035A00080F88D9580F8892580F888C500208AF8F4
:1035B00084050AF5B160CAF8E014CAF8E4040AF513
:1035C0009C640DF503605A462146F3F745F99DF8D2
:1035D0003008022800F06781204607F070FA00F0FA
:1035E0005ABDDDF89480ACF10300072800F25D813C
:1035F000DDF898A0DFE810F008004F05ED0081002D
:10360000B5007A004F0506011B98AAF8E20420983D
:103610008AF8E10422988AF8E004D0480068C005DE
:1036200040F065852398DFF8F06ADDF890B0046813
:1036300071688C4231D0C8B2746002282DD004F475
:103640007F40002300250222B0F5807F08BF254679
:1036500008BF0122B3EB546F18BF2A4601F47F451F
:10366000B5F5807F4FF002004FF0000504BF0D4616
:103670000120B3EB516F18BF2846C1B202291CBF0D
:10368000D2B2022A40F05782022903D000F0010092
:103690000FF05CF820460EF0CFFFB049DAF8D40402
:1036A0000968C90540F023850921279B8AF88C15F4
:1036B00000218AF888153188B278A3F805110AF23A
:1036C0008C5183F80721CAF8E404CAF8E8140AF216
:1036D000E4440DF503605A462146F3F7BDF89DF822
:1036E000300802287FF478AF0420DAE6229800F050
:1036F00001000EF0E5FF00F0CEBC98480068C00560
:1037000040F0F584DFF8584A2068002840F0018432
:1037100012F057FF207E012807D100202076206973
:103720000130811E18BF01462161D4F884100020A9
:1037300000294BD0D4E9040204EBC2031962229998
:103740001977511C8A1E18BF0A466261904204BF55
:103750000120207612F082FA04F12C000EF039FCE0
:1037600032E07E480068C00540F0C184DFF8E849D7
:103770002068002840F0CD8312F023FF94F8600009
:10378000012807D1002084F86000A06D002818BF30
:103790000130A065216D0020C1B1D4E91602002AD4
:1037A00004EBC2039966229983F8641018BF0132B2
:1037B000E265904204BF012084F8600012F04EFAE6
:1037C00004F110000EF0FBFB20680130206000F0D7
:1037D00062BC239A0020DDF890B0DFF84019C2F8EF
:1037E00010110B21C2F80D00C2F8090011721080EF
:1037F0000AF59C6059460FF0C1FA002800F04B848E
:1038000005204EE6DFF85C090CF0CEFEDFF8580923
:103810000CF08CFE2298C4B2042C03D104200CF0CE
:103820008EFE20980CF08BFE0CF0A6FF052C40F0CD
:10383000328427995046D0F8C804D1E90EBA4749D6
:103840000968C90540F05384DFF8201907F0CAFA67
:103850000646D0E90054806C06F1500988460138CC
:10386000B064484608F029FE12F012FD7AEB000021
:10387000C0F07C800DF5036A4946504608F06FFEA3
:1038800012F061FF06D0411E0DF5036007F018FB32
:10389000002848D012F050FF12F0B7FE002842D0A6
:1038A00012F0C2FEF8E70620FBE5DDF898A000F074
:1038B000F2BB03283FF45CACDFF8800856E33246E5
:1038C000DDF884644FF00E08092E3FF668AC4FF027
:1038D0000008DFE816F00A0051016A013401830193
:1038E0004F0293017A019C0144010226CDE928464A
:1038F00028A8F2F783FEC0074FF0000008D18846E1
:10390000CAB20E21022A1CBF299A002A40F0608206
:103910003318C8B2D9B203EB0020022940F0038269
:103920004FEA102815E20DF503640020D6E91412C1
:10393000891A18BF012196F858201143C9070FD0E2
:10394000316E69B9204649460EF01AFB9DF83008E1
:10395000032800F0BE800120E8E700BF04ED00E08E
:10396000C0071CBF06F13C000EF000FBD8F80000B9
:10397000D3490130C8F800002798D0E90ABA269840
:10398000D0F8B8040968C90540F0B183DFF8DC1746
:1039900007F028FA0646D0E90054D0F8FC0006F1FA
:1039A000080988460138C6F8FC00484608F094FD2E
:1039B00012F06EFC7AEB000038D30DF5036A49462D
:1039C000504608F0A7FD12F0BEFE05D0411E0DF5D1
:1039D000036007F086FA48B112F0AEFE204609F007
:1039E00080F818B1016901390161F7E70DF5036449
:1039F0000020D6E90212914202D1327CD2070FD0C8
:103A000001EB810106EB8101496A49B9204649462B
:103A10000EF0E9FA9DF8330802285AD00120E8E7B1
:103A2000C0071CBF06F1D8000EF0FEFAD8F800005F
:103A3000A3490130C8F800002798D0E906B92698B4
:103A4000D0F8A8040968C90540F05183DFF81C17B5
:103A500007F0C8F90646D0E90054406C06F1080AA0
:103A6000884601387064504608F018FD12F010FCCA
:103A700079EB000037D30DF503695146484608F04D
:103A800094FD12F060FE05D0411E0DF5036007F0B5
:103A900017FA58B10DF5906499E82E0020462EC013
:103AA00012F0B3FD10B112F0BFFDF9E70020D6E926
:103AB0000212914202D1327CD2070ED006EBC10134
:103AC000896951B9504608F09FFDC1B20120022911
:103AD000EDD1DFF89C060BF01BFFC0071CBF06F101
:103AE00038000EF043FAD8F80000259A0130C8F8E3
:103AF000000007CA06F02CFEDDF898A001208AF825
:103B0000D804DAF808009AF80C20D0E90001F4F79C
:103B1000C1FBDAE904010A69199990479AF80C1077
:103B2000DAF8080006F0AEFD0020DDF890B08AF863
:103B30008E04FEF799BC91427FF4A8ADAAE50DF57D
:103B400090600DF58E61CDF888900FF0B9F912F004
:103B50006FFC6CD19DF88114022000229AE00DF5D3
:103B600090600DF58E610FF0ABF912F061FC40F042
:103B7000A9809DF88184ECE00220CDE9384038A886
:103B8000F2F787FC12F05EFA214607D0C0074FF02B
:103B90000E011CBF3998002840F007810DF58F6099
:103BA0000A264FF000080170CEE00DF58E600FF090
:103BB00055F9DDF898A08846C0077FF4F0AA08F010
:103BC00001034FF000080226D4E012F0E6FA3FF4B9
:103BD000E6AA03784FF000080726CBE00DF58E61CA
:103BE00010461646F2F773FB12F022FC40F0A1805B
:103BF0009DF881040A268DF87804A5E012F0CDFA2C
:103C00003FF4CDAA03784FF000080626B2E00DF588
:103C10008E600FF023F9DDF898A08846C0077FF486
:103C2000BEAA08F001034FF000080826A2E0DDF864
:103C3000846402200E210022032E2BD8DDF870347C
:103C40000421DDF87454AB4224D00DF590600DF5DD
:103C50008E6113F8018BCDF870340FF031F912F04A
:103C6000E7FB3FF477AFDDF8845402200E210022F9
:103C7000022D0FD80DF58E600FF04AF9C0074FF0F6
:103C800000024FF0020001BF300640EA084201F096
:103C900001002946C9B242EA012141EA0003D8B233
:103CA000022807D14FEA1128DDF898A0DDF88890A6
:103CB000FFF775BACDF878344FF00008032659E0C5
:103CC00004ED00E0DDF88404DDF898A0002847D07A
:103CD0004FF00E0801287FF462AA0DF590600DF5F3
:103CE0008E610FF0EDF812F0A3FB3FF456AADDF859
:103CF0008464022E3FF653AA0DF58E600FF0C2F8D1
:103D000000F00102C1B2022980B2114608BF0321AE
:103D1000000A032940F0D180DDF898A08046DDF844
:103D200090B0FFF73CBA00264FF00008CDF87804B9
:103D300020E0701C042601790068CDF878049DF815
:103D400086048DF87C141A909DF878340A2E04D1DC
:103D50009846DDF898A0FFF722BA9DF86CA409E018
:103D600002238DF87A6443EA0020ADF878044FF01E
:103D70000008092620982293DDF8795406F042FCC9
:103D8000280AB4461B904FEA15692398C34620952C
:103D9000007808287FF44DAAFFF750BADFF8D40363
:103DA000A121DFF8D4230AF051FF38980321CDF880
:103DB00080040DF59060CDF88414F2F702FB0646FE
:103DC000000E032810D14FF4003060F31F2681E06D
:103DD000289C0DF5906012F05BFD12F029FB19D1C3
:103DE0009DF88114002093E5D5490228884600F00B
:103DF000B7800DF59060F2F7E4FA1A90000E0328F0
:103E00004AD11A9E4FF40030DDF890B060F31F26BF
:103E10001A965FE0DDF8842402B30E210020012A07
:103E20007FF476AD0220CDE9384038A8F2F731FBB7
:103E300012F008F921462AD0C0074FF00E011CBF2E
:103E40003998002823D038990DF5906008F0EEFCE1
:103E500012F0EEFA65D19DF8811418E00DF590602E
:103E6000CDF88464CDF88044F2F713FBC0F3072645
:103E7000C1B2022931460AD00E21C00707D00DF584
:103E80009060F2F706FB12F0DDF8214644D10226DD
:103E90000020DDF890B03BE5022861D00DF5906080
:103EA000F2F78FFA010E032910D14FF40031DDF83B
:103EB00090B061F31F2006460CE0DDF898A00229BF
:103EC000DDF890B03FF46BA913464AE7DDF890B0F7
:103ED000022949D006F07F434FF440313246B3F116
:103EE000007F61F31F2218BF3246160E032E01D148
:103EF000114653E60E21022E3FF450AEB3F1007886
:103F0000CDF8792418BF804601260DF26C40214679
:103F100049E692480CF08EF90E21C007B7D0002177
:103F200005E0DDF884640E21032EB0D20121F0B249
:103F300008F00106000440EA0460AAE77C480CF09F
:103F400033FB0FF0F7F90CF017FC0CF061FB7D4828
:103F50000CF00DFA78480CF00AFA76480CF007FAE3
:103F60004646DDF890B0B5E74646B3E70CF028FBCF
:103F70000CF04EFB6A49CAF8A816DBF800200DF5D4
:103F800003600EF07DFE9DF83858112D00F09C80E6
:103F9000DAF8A0069DF83018027C9142EAD10EF0C2
:103FA000D9FD4FF48070AAF8A40699F80D01011FFD
:103FB000022906D2D9F808010EF0CCFDDDE91E6415
:103FC00003E0DDE91E64032802D1002089F80C011A
:103FD0000120102D88F800000AD0DAF88024BAF801
:103FE0008C14DAF888341070A2F80510C2F8013089
:103FF000279900208AF8D8040AF5866001F108089C
:104000000AF59B61CAF8D00426F0FF0624F0FF04ED
:104010001C91CAF8D40440460EF02AFC0AF59460BC
:104020000DF002FF3A480068C00560D13D480DF030
:1040300091FF3D48D0F8041104295AD2279B013141
:104040000268D0E90245C3E90A45C0F80411511CD1
:10405000CAF8B80401602E481F940068C00546D114
:10406000324C3049204606F0BDFE826C0023052A02
:1040700005D8531C8364D0E9006023461D9011F0DD
:1040800043FF062A28D227981D990C95CAF8C834F0
:10409000C0E90E611E9600200AF594618AF8780640
:1040A0000AF596628AF828050AF59860CAF80C069F
:1040B000DAF8D404CAF80086CAF80426CAF8081642
:1040C000CAF82005FEF7C0BC05202070032088F840
:1040D00000000420FFF7E8B928480DF503620090BE
:1040E000BA212748274B8DF830680CF0F2F80948C0
:1040F0003CE701680DF50362224B01310160224863
:10410000B521009021488DF830480CF0E2F800BF4E
:1041100004ED00E0250000003421002008660020A6
:10412000A00000205C120400586000208063002082
:104130003F000000E8E10300ECD903006B00000041
:104140000E00000210EA03005CEA030048EA0300E4
:1041500034EA030020EA0300306200202C1204003D
:10416000A0620020380000003F01000044E6030088
:104170009CD9030030D8030070EA030090160400B5
:10418000D415040018130400FC14040044140400A3
:10419000F0B503AF2DE9FC070D7904460E682946FA
:1041A0003046F3F7A4FFD6E90012EA4680465046AF
:1041B0002B460DF06FFF134904F55E7006F012FEFA
:1041C000044689466FF05F06BEB160365146A519B8
:1041D000284610F067FA0028F6D0B8F1000F02D098
:1041E0000020287609E02846172127F091F90020C1
:1041F000287605F120000FF0E3FA11F04DFE06B02D
:1042000011F0B5BFA8DC0300F0B503AF2DE9FC0742
:1042100012F077FBEA4650460DF03CFF0D4904F5DD
:104220005E7006F00BFE054689466FF05F0676B1BC
:1042300012F05EF90028FAD012F029FA02460020A6
:1042400032B1022904BF108800F0010000E0002014
:1042500011F07ABEB8DC0300F0B503AF2DE9FC071E
:1042600012F04FFBEA4650460DF014FF0D4904F5DD
:104270005E7006F0E3FD054689466FF05F0676B195
:1042800012F036F90028FAD012F001FA02460020A6
:1042900032B1022904BF1088C0F3400000E00020C2
:1042A00011F052BEB8DC0300F0B503AF2DE90007F2
:1042B000804601F55E700E49924606F093FD044675
:1042C00089466FF05F0666B160365046A5192946EB
:1042D00010F0E8F90028F6D09AE85F005FC52120C9
:1042E00000E0142088F8000011F0D6FD11F03FBF67
:1042F000C8DC0300F0B503AF2DE9000F91B0044610
:10430000180427D008461E4692460D460DF07AFD49
:10431000884612F0CCFA22D2B1B22C22D7E9029B05
:1043200001FB0200A0F12801087803281CD1DAF86B
:1043300000009AF804300DF1280A12F0ADF90020BF
:1043400005F55E718DE8010A08A852463346F4F778
:1043500079FD10E022208DF80C000AA81FE0222031
:104360008DF80C000AA815E0CDF800B008A80022CE
:104370004B4611F02FFA099804909DF821109DF8F2
:1043800020008DF80D102121002818BF02218DF882
:104390000C1003A8D8F800100139C8F80010142137
:1043A0008DF8281090E86E006EC411B011F04EBD6B
:1043B000F0B503AF2DE9000F8DB0044618043BD0D3
:1043C00008461E4692460D4606F000FD894612F04C
:1043D0006EFA36D2B1B22C2201FB0200A0F1280BFA
:1043E00001209BF80080DFE808F006030203172095
:1043F0001BF8000028B9584611F08AF9F96888427C
:104400002ED1B8F1030F21D1DAF800009AF8043068
:104410000DF1180A12F040F9BB6805F55E70D7F887
:104420000C8051463246CDF80080F4F761FD212220
:10443000C00718BF022212E022208DF8040006A84F
:104440001FE022208DF8040006A815E0D7E9021825
:104450005846424611F048FAC00705D0022204E04F
:104460000622D7F80C8000E02122CDE902088DF861
:1044700005108DF8042001A8D9F800100131C9F801
:10448000001014218DF8181090E86E006EC40DB065
:1044900011F0DCBCDCB504AF13681279D3E900433A
:1044A00000922246F4F75EFEDCBDD4D4F0B503AF33
:1044B0002DE9000FA9B014461A788B46824699461A
:1044C000B2F10A004FF0000198BF084630B301284E
:1044D0001ED1B9F80C60DEB15846D9E9019806F052
:1044E00075FC0D46A6F1010C01688C450DD22279B0
:1044F000334621682C240CFB0400CDF808800430DE
:10450000CDE900095846F4F7FBFD11F05EFE0021ED
:1045100013E08AF8000029B011F098BCD7E90258DE
:10452000DFE812F00F00FB00AB01C3000B00E70156
:104530006F02E3015C03E8002003CAE901102120B7
:10454000E7E711F0F2FD00F25B83002B00F05783E8
:104550000E9322AE13A9022230460C9111F058F8A6
:10456000229D9DF88C80002D00F07184CDF83CA038
:10457000711D1CAE132209F1010911F078FCDDF860
:1045800073100C221C981891F11DCDF85D0019A82C
:1045900027F031F858468DF85C8016950DF032FC06
:1045A00000F11E0350F8048B109D4FF00A0A0B9186
:1045B000CDE922080E980793461E207909902068BD
:1045C0000124089001200A902C200D9406FB003451
:1045D000464580F09F832046494607F0BBF90136E7
:1045E00010B1B0B2854201D22C34F1E7CDF838A039
:1045F000249622A811F099F8824619A831460EF0A7
:104600005BFFC0B2022840F02D8419A851460EF07D
:1046100053FFC0B2022840F0258419A81A3C11F0BB
:1046200023F811F07EFF1CA8DDE90823F4F723FD31
:104630009DF8700001280A984FEAC07100F0368496
:104640001D98069BC1B1DDE91A128B1A8342C0F096
:1046500009840244DDE91C041B92030A43EA046A4C
:104660000123C0070A934FF00000079B06944FF008
:1046700001040E96A8D10EE0984240F03B84DDE99B
:104680001A100A1A9A42C0F0ED83069A079B024458
:10469000DDE90D0A1B92891A069A00240E9604324F
:1046A0000A94044691428FD236E3B9F80260002E94
:1046B00000F0A282D9E901100E911090584606F040
:1046C00085FB8946A6F1010C01688C4580F0A0822B
:1046D0002279334621682C240CFB0400043000901E
:1046E0000E980190109802905846F4F709FD00F0DA
:1046F000010E8FE2D9E9010100220129CDE92258FA
:10470000249200F03B84002900F03B8403880A20B7
:1047100000901CA822A9202264E211F006FD00F2FC
:104720006F82002B00F06B820E9322AD13A9022240
:1047300028460C9110F06CFF229E9DF88C80002E74
:1047400000F08583284609F101050DF17009411D2E
:104750001322CDF83CA012F05CF8DDF873100DF1D7
:10476000640A189109F107011C980C22CDF85D002C
:10477000504626F040FF58468DF85C8016960DF0A6
:1047800041FB02460E9852F81E8B4FF02C09461E34
:104790002079079020681446069001200D900A2089
:1047A000099001200B910A90089206FB09444645A6
:1047B00080F09982204629464FF02C0907F0CAF86C
:1047C000013618B11099B0B2814201D22C34EEE713
:1047D000504631460EF070FEC0B2022840F082838F
:1047E00050461A3C10F040FF11F09BFE22A8DDE974
:1047F0000623F4F740FC9DF8880001280A984FEA48
:10480000C07100F03B832398DDF83CA0089CD9B12F
:10481000DDE91A128B1A8342C0F063830244DDE99A
:1048200022040DF1640A1B92030A059443EA04630F
:10483000089CC00709934FF001034FF00000CDE939
:104840000D360A93B1D10EE0059B984240F06D837E
:10485000DDE91A100A1A9A42C0F04383C2181B926B
:104860000D980DF1640A891A059A0023CDE90D0609
:1048700002320A93914298D237E20020B9F80290AE
:10488000CDE91C580B211E901CAE304610F0FCFDEB
:1048900011F04EFA40F0DB82B9F1000FCDF83CA0E8
:1048A00000F0E08158460DF0ADFA11F0F4FF80F011
:1048B0004A821CA88A4610F0D7FE226823792C244D
:1048C0000AFB0454002504910434CDE90095CDE998
:1048D000024022A85946F4F7CEFB9DF88800012833
:1048E00040F086829DF889002EE211F04FFD1622DD
:1048F00077E1D9E90240B9F80420B9F802601090D4
:10490000B9F806009642CDE919581B918DF8881028
:10491000ADF8890000F2AE81002E00F0AA8119A83E
:104920000721154610F0B0FD11F002FA40F08F8219
:104930005846CDE90E4A0DF065FA0C91014651F842
:1049400004BB3446DFF850A6CDE91C1B2C2106FB26
:10495000010022AE0D94A0F12809601E584580F098
:104960000F82A0B21E94854247D309F11A00314646
:1049700006F0F0FF002840D099F80000DFE800F0D2
:1049800002050F3DD9E9010110E0B9F80210D9F88C
:1049900008208A42C0F0EE82D9F8040006E099F8B7
:1049A000021009F10300524610F0A7FE28B3109A36
:1049B000914222D10E99109A25F054FFE8B9DDE911
:1049C0001A01401A0428C0F0DB81B24619AE214614
:1049D00030460EF071FD11F0ABF940F0D3811CA808
:1049E00010F0A3FE014630460EF066FD5646DFF895
:1049F000A8A511F09DF940F0C581013409F12C09F9
:104A0000ABE7B9F804600020B9F80290CDE913587B
:104A10001590B14500F24681B9F1000F00F04081D8
:104A2000CDF83CA022AC13A902222046109110F030
:104A3000EFFD229D9DF88C80002D00F00682611D07
:104A40001CAC11F0A2F9DDF873100C221C9818911F
:104A5000E11DCDF85D0019A826F0CDFD8DF85C8034
:104A60000521169516A810F00FFD11F061F940F020
:104A7000EC815846A9F101040DF0C4F9D0F800B05A
:104A80004FF02C0C00255C4580F09F8123460134BB
:104A9000A2B29642F7D303FB0C0E0E9102219EF8B0
:104AA0001E20002A08BF01212B060C9004D0EBB277
:104AB0008B4240F02C8229460EF11F080DF1640A4A
:104AC000022A0D9109D0012A11D1D8F800504FF4D3
:104AD000805C1021E74AE64B21E0D8F80020102145
:104AE000D8F80430D8F808C0DEF82B5017E00020C2
:104AF000DFF89C34CDE924001022CDE9220022A960
:104B0000022002250EF0FCFBDFF88824022311F0BE
:104B100044F90DF1880C2946259D9CE80C1025953B
:104B200022A880E80C100D468B1CDDE91A12891AA8
:104B30009942C0F0B681504621460EF0BDFC11F0FE
:104B4000F7F840F0B08122A950462A460EF0DAFC70
:104B500011F0EEF840F0A7810E994FF02C0CDDE932
:104B60000C0590E7B9F804000D2110900020B9F869
:104B70000290CDE91C581E901CAE304610F084FC0B
:104B800011F0D6F840F06381B9F1000FCDF83CA0E8
:104B900000F09E8058460DF035F911F07CFE80F053
:104BA000D7801CA88A4610F05FFD226823792C2448
:104BB0000AFB0454109DCDE903010434CDF80090A4
:104BC0005946CDE9015422A8F4F755FA9DF888001A
:104BD000012840F015819DF88900BAE011F0D6FB5C
:104BE00018220023F4F718FA9DF8700010B19DF810
:104BF00071802CE11D98BDE04FF0020E0FE0002304
:104C000013A822A990E870000A46012070C251E062
:104C10004FF0020ED9F800200132C9F8002000221E
:104C2000CDE91C581E921CA8BEF1000F11D00DF149
:104C3000880C334690E86400BEF1020F644664C4F9
:104C400008BF0A211222009119A86146F4F7E4F97D
:104C500089E0132110F018FC11F06AF840F0F78099
:104C60001E9887E022A996E81C0008461CC00A226C
:104C700034E0002619A81CA990E838000A46012053
:104C800038C233460822009013A8F4F7C5F99DF8FE
:104C90004C00012802D19DF84D80D8E0149869E0BD
:104CA0004FF0000913A822A990E838000A46012015
:104CB00038C24B460822009011A8F4F7ADF99DF8D0
:104CC0004400012802D19DF84580C0E0129851E0CF
:104CD00022A996E81C0008461CC00C220A2000905D
:104CE00019A800233BE0DDE90D060B9A3346DDF8F9
:104CF0003CA0116801391160C00700F0268122A98B
:104D00000C9E084696E8340034C0082209980090AA
:104D10001CA867E7DDE90D060B9A116801391160DF
:104D2000C00700F0D28022A90C9D084695E81C001F
:104D30001CC010223346CDF800A01CA8F4F76CF973
:104D4000DDF83CA050E70A2011F0A5F90A2203E0A3
:104D50000A2011F0A0F90C22009019A84B46F4F794
:104D60005BF9DDF83CA09DF8640010B19DF865800A
:104D70006DE01A9800283FF4CAAB0121FFF7DDBBB4
:104D80004FF00208DDF830A00D9BDAF80000013882
:104D9000CAF80000DDF83CA019AEB8F1020F56D1F8
:104DA0001B980128E6D81CA996E83400084634C0B0
:104DB00006220A20009016A8F4F72EF99DF8580054
:104DC00001282ED19DF8598041E04FF0020811F0E2
:104DD00075FAB8F1020F38D116A8294610F054FB25
:104DE00010F0A6FF31D11B9802281CD9189914E0A5
:104DF000DDE91D212398521A824209D20420A3E73B
:104E0000DDE91D212398521A824201D20420A0E735
:104E1000D8F80020013AC8F800200844DDF83CA08A
:104E2000A8E71798A6E722A9109C084694E82C004A
:104E30002CC004220A2000901CA84B46F4F7ECF882
:104E40009DF87000C0B19DF87180DDF83CA0012094
:104E50008AF801005FEAC8704FF0040018BF0D2007
:104E6000FFF757BB0B994FF0040A11F027FA5AE7E6
:104E700080000080FB349B5F1D98CFE700294AD05B
:104E80000B9ADDE922010591116801391160C10712
:104E900059D00599000A3346DDF83CA040EA01608C
:104EA00026E04FF00208DDE90D5190E711B30B9AAF
:104EB000DDE91C010691116801391160C10704D0B8
:104EC0000699000A40EA016A2DE716A8112110F0A0
:104ED000DBFADDF83CA010F02BFFB8D10698011DDD
:104EE0003DE00E960B99DDE90E3A11F0E7F904204A
:104EF000099004E71B98011F814238BF08460B99AF
:104F00001B90DDF838A011F0D9F90D9808E74FF0A3
:104F100002080E995BE71B98811E814238BF084644
:104F20000B991B90DDF83CA006E01B98811E814286
:104F300038BF08460B991B9011F0C0F90D98C007B7
:104F400003D03346DBE6DDF83CA016A8092110F0BB
:104F50009BFA10F0EDFE7FF47AAF0598811C16A83D
:104F600010F092FA10F0E4FE7FF471AF18981B99DC
:104F70000844FFE6094B00200AF08BFC024A10F0BF
:104F800045FF024A10F097FE48DD030038DD0300BC
:104F9000D81F0400E81F04001821040008210400A1
:104FA000F0B503AF4DF804BD0D46110412D011F059
:104FB0007BFA0C4601688E420ED22C212A7906FB20
:104FC0000100037F2868D0E90001F4F72BF900F015
:104FD000010002E0022003E002202268013A226080
:104FE00011F025FC08BF012111F023B9F0B503AF82
:104FF0004DF804BD0D46110412D011F055FA0C46BF
:1050000001688E420ED22C212A7906FB0100437FD3
:105010002868D0E90001F4F727F900F0010002E068
:10502000022003E002202268013A226011F0FFFB17
:1050300008BF012111F0FDB8FEB506AF0649CDE964
:105040000010002104916946CDE90211283002A91F
:10505000ECF72AFA06B080BD5C0F0400D0B502AFB1
:10506000044690F8340018B90020A16AC4E90B1076
:105070000648224606490BF0AFFE25F08DF80320C6
:1050800084F8340084F83000D0BD00BFCC5E00202E
:105090005C0F040080B56F4641F2D052815010443D
:1050A0000021817380BDD4D480B56F460021017387
:1050B00001490131016080BD706A0020E0B502AF96
:1050C000DFF880C00446002543F6882040F2011234
:1050D00085422FD02B18654405F1180656E8001FAD
:1050E00021B946E800210029F8D103E0BFF32F8F52
:1050F0001D46EDE71448686205F128002146FFF7D8
:10510000C9FF204629460BF0F2FB0025BFF35F8F55
:1051100054E8000F44E800510029F9D1BFF35F8F34
:1051200030B1C669C5614576416A88473046F7E7C0
:1051300020BFEBE705487A1E00902B210448054B61
:105140000BF0C7F8E02100203950010088D7030098
:105150002422040060EB0300F0B503AF2DE9000743
:10516000804691F830000C46DFE800F0037C7F1F9A
:105170004F00D4E9005004F11009A560D5F82012C1
:1051800001EB003648462021E66026F03AFA384A1C
:105190004846012105F0D0FE0022C4E90F1684F82C
:1051A000442005F50772C4E90D2004F1340007F02E
:1051B00049FC002503284ED12646552116F8100F2C
:1051C0002C4A01EA5001401A332101EA900100F013
:1051D0003300084400EB101000F00F0005284FF0DA
:1051E000000038BF012086F824003046012156E92E
:1051F000029A05F0A1FE0AF6FF7209F5077386F818
:105200003850C6E90A30C6E90C1204F1380007F03C
:1052100019FC032816D1207C552194F8342001EA8A
:105220005001401A332101EA900100F03300084494
:1052300000EB101000F00F0132B10020042988BFEC
:10524000012004E0002506E0042902D902200825F7
:1052500001E000200225C8E90050012084F8300058
:1052600010F085BF01480BF082F8FEDEA4E60300D3
:1052700094E60300B4E60300F0B503AF4DF804BDB7
:1052800084B0054691F889000C4620B1032829D046
:1052900026480BF06CF8D4F88410002394F88A2088
:1052A000616184F88820D1E988122069511A38BFD9
:1052B00019460A0B0126012A88BF0E0BC4E90060BB
:1052C000C4E902362046ECF784F8C0074FF000002E
:1052D00020D084F8300004F188006269C4E9061027
:1052E000C4E9082104F1200101A800F09BF801990C
:1052F00009290BD0029808290ED1E169C0B20978BA
:105300008142DFD1A2690120082106E0092028603E
:10531000032006E0082100E0039AC5E900100120FF
:10532000AA6084F8890004B010F050BEC4E60300FF
:10533000F0B503AF2DE9F00B0546087C0C4690460E
:10534000DFE800F0036A6D0C3F00002084F82400C1
:10535000D4E90001C4E90501C4E9020104F114091A
:1053600001A8494600F05EF80198092803D10920F8
:10537000286003204CE09DF80860082837D1022EF1
:1053800089F8006031D10120012260750123D4E940
:105390000201FCF7D9FA04F174062021304626F008
:1053A00030F9D4E902010023D0F8202200F507707B
:1053B00084F87030042302EB0131C4E90606C4E925
:1053C000083104F118094146484606F0C5FF042893
:1053D00003D10920286004201AE006464846884682
:1053E00005F0ADF8032E0BD1667D08200AE09DF88C
:1053F0000B10BDF80920DDF80C8042EA014101E004
:1054000000200021F2B242EA012185E803010120D7
:105410002074BDE80F0BF0BD01480AF0A8FFFEDEC6
:10542000D4E60300F0B503AF2DE9000B8AB0814646
:10543000087C0C46DFE800F003777A211500D4E9F8
:1054400000652946C4E9026530460DF07AFD5FFA31
:1054500080F8B8F1030F48D10020C4E9056584F84D
:10546000440004F1140103A8FFF776FE039809280D
:105470000FD111F056FA042051E004F1180103A8ED
:10548000FFF76AFE0398092814D111F04AFA0320A5
:1054900045E09DF810800828DDF811100691059967
:1054A000CDF81B1025D1D4E9020142460023FCF7B8
:1054B0004BFA1CE09DF810800828DDF811100191CE
:1054C0000599CDF8071018D1204607F83D8C10F843
:1054D000141F41450BD01649049104F10C010391AE
:1054E000A7F13D0103AA05F075FD84F8148008209A
:1054F00009E00699DDF81B2002E00199DDF807209C
:10550000CDF823200891C9F800000898DDF8231091
:10551000C9F80500012089F80480C9F80810207432
:105520000AB010F021BE03480AF021FFFEDE00BFE2
:10553000A3FC0100F4E60300F0B503AF2DE900077A
:10554000804691F85C0092460D4620B1032818D0A1
:105550001A480AF00CFFD5E9004602223146012321
:105560002046FCF7F1F9D4F82002002185F8581004
:1055700004F5077100EB063000F580522A61C5E999
:10558000021005F108095146484606F083FE04283A
:1055900002D1032109200BE0064648460C4604F0E0
:1055A000C2FF0020C8E90164032E08BF08200121C2
:1055B00085F85C10C8F8000010F0D9BD24E703009E
:1055C00041EA0002120505D10A1A0023B3EB523F4B
:1055D00018BF704780B56F4602483521024A09F06E
:1055E00035FB00BF34E7030050E70300F0B503AF1D
:1055F0002DE9F80F054691F82C000C469246DFE89D
:1056000010F009003B0041001B008800B900EF00CA
:105610000B01350194E8070004F10C03019507C361
:10562000FCF762FAE068A3464BF8300F0021CDF892
:1056300000B00BF81C1F0EE0A34601951BF84C0FA1
:10564000ABF11C010091DFE800F0031A1D2B3E00B6
:10565000ABF11C00006860630022D0E98801C4E956
:105660000F22081A38BF1046010B0122012988BFFA
:10567000020B6264A26306E090480AF078FE8E484E
:105680000AF075FEFEDE04F13800EBF7A2FEC0075B
:105690002BD00020A16484F88000606BC4E9140161
:1056A00004F1500102A8FFF757FD0298022803D029
:1056B0000928E8D1032072E0A16C002084F8AC0036
:1056C000606BC4E9140104F1500502A85246294652
:1056D000FFF732FF029E092E60D02846DDE90398CD
:1056E00005F05DFA082ECED000E0082601208BF8E8
:1056F0000000009805F0B1FA019D082E40F0D3801B
:105700004FF48070A4F8B90000202064E068C4F869
:10571000B40004F1300102A8FFF7AEFD029E092E8D
:1057200003D1092028600420C2E0DDE90398082E97
:105730003CD10826C4F82080B9F1010FC4E90669FC
:105740002BD1E0680023C4F82480D0E988122063BC
:10575000501A84F8403038BF1846010B0122012945
:1057600088BF020B08F10100B0FBF2F101FB12004F
:105770006063A06204F1300102A8FFF753FE029EAD
:10578000092E03D109202860052091E09DF80C0026
:10579000082E10D102281CD1082684E0042001998B
:1057A0008BF8000009200860032081E0C4E9066945
:1057B000C4F8208077E09DF81310BDF8112042EA6C
:1057C0000141DDF80D2040EA0229080240EA126892
:1057D00069E0616A002084F88C00E068C4E90C018B
:1057E00004F1300B02A852465946FFF7A5FE029E6F
:1057F000092E03D109202860062059E05846DDE92A
:10580000039805F0CCF9082E4DD1616A002084F888
:105810004000E068C4E90C0104F1300802A85246D7
:105820004146FFF785FD029E092E03D1092028601D
:1058300007203DE09DF80C00009040460195DDF802
:105840000D509DF813B0BDF8119005F0FBF9082E2E
:1058500020D104F10C02002084F8900004F13006FD
:1058600007CAD4E9093527C6019D236404F1300B2A
:1058700002A85246594600F023F8029E092E03D191
:1058800009202860082013E05846DDE9039805F058
:10589000C6F908E0009949EA0B40000240EA1568A1
:1058A00041EA0529019DC5E900690120C5F8088084
:1058B00084F82C0010F09ABAE4E60300C0E7030075
:1058C000F0B503AF2DE9000F8FB000908A4691F834
:1058D00060009146CDF80890DFE810F0070037002F
:1058E0003A0048009500210050010AF10805DAE964
:1058F0000021CAE9052129CDCAE90703D2F82062AF
:1059000006EB05350435CAF82450D2F8202202EB04
:10591000033202F6FC730432CAE90A2319E09AF84A
:1059200060010AF174050AF5B07828B1032800F087
:10593000CB80AC480AF01BFD0AF17C0EDAE91D961B
:10594000DAF888C09EE81840ABE0A7480AF00FFDDF
:10595000FEDEDAF8143000228AF884200AF12802E8
:1059600003F50773CAE91B10CAE9192304AD0AF14C
:105970006401284601F0A2F9DDF810E0BEF1020F43
:1059800000F0D6802A1D0DF1280CBEF1010F92E81F
:1059900073000AF13402634673C300F0D680604698
:1059A00090E87A007AC20022DAF83410CAF830207F
:1059B000002900F0DB800CF10402CAF84810DAF884
:1059C00044000AF14C0392E8700070C3DAF84C20EE
:1059D000CAF8580004A80CF0A3FF0498002840F06F
:1059E000FB800598514641F85C0F0022A1F1480365
:1059F00001F1080451F8480C80F8182281F8582069
:105A00000DCB49610DC40AF1640904A8494600F0B0
:105A1000FFFC0798039C042800F08580022800F012
:105A2000A280BDF814600328DDF810B0DDF81880FE
:105A300000F09680DAF81C00B042C0F0BB80DAF8C3
:105A400018104FF6FF73DAF8582024EA03030AF11E
:105A50006404334484E842080393CAF870309045E4
:105A60005CD1DAF814000AF15C01DAF82420012391
:105A7000FCF71EFADAF814305546DAF824C0002094
:105A8000D3E9884E03F5077645F8749FCDF804B046
:105A9000A846C5E90163C5E9034EC5F814C008F876
:105AA000EC0FD9E9000100228AF8D02009F10802A0
:105AB000DDF80890CAE925200AF19C00CAE92363B1
:105AC000A0E81240CAF8A8C00AF18C0604A84A4609
:105AD000314600F0F3FFDDF810B0BBF1090F2CD018
:105AE000304605F047F8012088F800002846DDE937
:105AF000056805F027F8BBF1080F5FD1BAF87020F0
:105B000022F00300910718BF021DDAF82430DAE909
:105B100006101A440832CAF824201AE7CDF804B057
:105B2000DDF8089015E700990920086004204EE090
:105B3000009909200860032049E00099032088F8B3
:105B4000000009200860052041E09CE80B000BC222
:105B50000120CAF83000DAE90DB6DAF83C802DE011
:105B6000BDF816002BE04FF0020B22E0DAF820100F
:105B7000DAF814008AF8C020CAE919010AF16405AC
:105B800004A84A462946FFF7D7FCDDF810B0BBF160
:105B9000090F04D1009909200860062017E0284663
:105BA000DDE9056804F0FBFFBBF1080F06D14FF0FB
:105BB000080B04E0019E4FF0030BA046300C009947
:105BC000C6EA0040C1E900B00120C1F808808AF8A7
:105BD00060000FB010F03AB9DDE9056800204FF021
:105BE000060BECE7A0E80300D0E70300F0B503AF35
:105BF0002DE9000F89B002900C4691F850000492F4
:105C0000DFE810F00E005C0068008000AE002A00A3
:105C10001C003B00CF02E4020B032403E300FB0063
:105C200094E86F0004F1180CACE86F0090F81812BB
:105C3000012908BFFBF758FF00204CE094F84C0105
:105C400004F1540A04F5A67630B3032800F07F83EC
:105C5000DFF8A0070AF08BFB264616F8DC0F28B306
:105C600003282FD1A14619F8D80F20B3032800F03C
:105C7000BA81DFF884070AF07AFBA14619F8640FAD
:105C8000A9F110010391DFE810F0050021002500C3
:105C90000F025102A06DFFE10396D4E91860D4E928
:105CA000168BE56E0090A06E019038E3D4E9150BD9
:105CB000D4E9178128E1D4E91D1049E1DFF8400754
:105CC0000AF055FBDFF834070AF051FBDFF8200734
:105CD0000AF04DFBFEDEA16900262063D1E988238E
:105CE0009A1A38BF3246130B0125012B88BF150BBA
:105CF000A84200F049814FF48070C4F8D810A4F88D
:105D0000DD00666604F1540105A8FFF7B5FA10F04E
:105D100027F800F03581DDE9060AB8F1080F40F0F8
:105D20003C810821C4F83CA00128C4E90D1045D1EC
:105D3000A0690023C4F840A0D0E988126065501A19
:105D400084F8643038BF1846010B0122012988BF4E
:105D5000020B0AF10100B0FBF2F101FB1200A06599
:105D600004F1540105A8FFF75DFB0FF0F9FF00F007
:105D7000038110F097FD40F07E82022E40F01581E5
:105D8000D4E90650216CD4E90832D5F82052C6185F
:105D9000079605EB0131CDE9050001F6FC7801F12C
:105DA000040B1178DFE801F0085A45473F5C65496C
:105DB0007943783D41633B00002152E04FF400708D
:105DC00010F0FBFCA069C4F8D80004F1540105A848
:105DD000FFF752FA0FF0C4FF00F0DB80DDE9060A9E
:105DE000B8F1080F40F0DD800026012840F0DE8089
:105DF000A06984F86460C4E9150A04F1540505A893
:105E0000049A2946FFF794FA0FF0AAFF00F0B08039
:105E100010F011F8B8F1080F00F02A82D7E00E2137
:105E20003BE00B2139E004211BE00C2119E00921A2
:105E300033E0022115E0032113E0002B00F08B80FA
:105E400007210170012B1EBF51784170022B00F019
:105E5000828091784FF0030981702EE0012100E0EB
:105E60000521002B77D000F8011B06901FE00D21C3
:105E700013E0002B6FD00621012B01706BD05178FD
:105E8000022B41701EBF91788170032B63D0D178B3
:105E90004FF00409C17010E00A21527805A80CF0F7
:105EA0003BF85FFA80FABAF1100F40F08680DDE926
:105EB0000501A1EB000900284DD0D4E9071248469E
:105EC000DFF84035D4E90A560DF0AFFB0246F6681C
:105ED00005A80B462946B047DDE9056A042E68D1BE
:105EE0000AEB090100266164B6EB114F3CD1B1F514
:105EF0007F6F39D80020264606F8DC0F56F8C40C10
:105F000046E9220B46E92081C4E919810022D0F834
:105F10002012ABEB0101B2EB514F0DD1090B00EB9D
:105F20008101D1F89851002D40F09880D1F81831B6
:105F30009B4588BF5B4600E05B46214600F5077045
:105F400041F86C3F8946C1E90181C86009F86C2FAE
:105F5000C4E91F103EE00020DFF8B014C0B24FF0DB
:105F600006080E5C002031E2A0694FF007081CE231
:105F700010F019FA0D2033E210F015FA04202FE288
:105F800010F011FA03202BE281F818624FF001089B
:105F90000DE210F008FA0C2022E2C4E90D80C4F8EA
:105FA0003CA0C6B2010A019111E200264FF002089E
:105FB000FDE100204FF0060808E20238C1B20B29CB
:105FC000CAD30020032601904FF00608FFE149EAFA
:105FD0000B40FBE1D1E90012002384F8D530C4F86E
:105FE000D000C4E9291204F1840105A800F054FC92
:105FF0000598022800F05E81DDF818800128DDF8A0
:1060000020A006D1B8F1020F18D1E06F0168043169
:1060100010E0E06FB8F1010F05681AD14FF6FC717E
:1060200001EA0A0104315FEA8A7208BF1FFA8AF1A5
:10603000294408310160D4E91F10CBE707990120FA
:10604000B8F1080F307089F8000040F0B98155466A
:1060500012E0D4F86480012084F8D800A8EB050091
:106060000021072806D920F00300A26E08389042CC
:1060700028BF012101203070A069012900F02C8186
:10608000A146002149F8540FCDF80C9059F8140C92
:10609000C9F8040009F8101F002184F87810616D18
:1060A000C4E91A10C4E9171005A8049A04F168019C
:1060B000FFF73EF90FF054FE00F0F08004F16800A5
:1060C000CB46DDF81CA0BDF819509DF818609DF86E
:1060D0001B9004F0B7FD45EA0940B8F1080F3ED126
:1060E00004F168004FF0000A4FF00808D946012E6D
:1060F00006702DD1D4E9170100220123FBF724FCFF
:1061000004F1C805202110F0C6F9D4E917010423D1
:10611000D0F8202200F5077084F8C4A002EB01310A
:10612000C4E91B0501F6FC71C4E91D3104F16C0BD7
:106130000499584606F010F9042800F0AD80064690
:1061400058468A4604F0FBF94FF00808032E01D1A7
:10615000002606E04FF000080020019001E00190C9
:10616000D9460398012589F8005004F024FDB8F1C0
:10617000080F40F02C81A0690026216CD0E988230B
:106180006065981A84F8646038BF3046020B012AB3
:1061900088BF050B481CB0FBF5F101FB1500A0659D
:1061A000A06404F1540105A8FFF73CF90FF0D8FDF5
:1061B0006ED010F077FB5ED10020022E40F0888078
:1061C000A16C84F86400A069C4E9150104F15405C8
:1061D00005A8049A2946FFF7ABF80FF0C1FD71D06E
:1061E0000FF029FEB8F1080F7FF4F1AEA069002589
:1061F000A16CD0E988236065981A84F8645038BF90
:106200002846020B0123012A88BF030B481CB0FB60
:10621000F3F101FB1300A065E06404F1540105A84B
:10622000FFF700F90FF09CFD40D010F03BFB22D1AE
:10623000022E1DD004F11802002084F8B40004F1ED
:10624000540607CAD4E9123527C6636604F154061A
:1062500005A8049A3146FFF733FB0FF081FD13D0F8
:106260003046DDE9065A04F0DAFCB8F1080F2CD10B
:10627000206B01302FE59DF81B00BDF81910DDF8EB
:106280001CA041EA0040A1E010F08DF80B20A7E02F
:1062900010F089F80820A3E0042000E00320029910
:1062A00089F8000009200860072099E010F07BF8C9
:1062B0000A2095E00320307089F8000010F073F890
:1062C00005208DE010F06FF88AE0280AEEB27DE03C
:1062D0004FF0020800266AE0616A2A460123FBF7B4
:1062E000E7FD226A666C96427ED8D4F81880A246F2
:1062F000D8E9882108F507704AF8540F0020019169
:106300005AF838BCCAE90515514601F8F80FCAE930
:10631000018BCAF80C600092CAF81020039158460D
:106320003146D4F854900CF055FE214641F8700FD8
:1063300000208E808E61039E81F84C000098C86119
:106340000198C1E90298C1E9041BC1E9080504F1FB
:10635000780505A8049A294600F0B0FB0FF000FD6F
:1063600006D102990320307009200860062037E02A
:10637000BDF81E0004902846BDF81CB0DDF818904A
:1063800004F0F8FBB8F1080F03D1B4F874B0D4F8F6
:10639000709001203070504604F0E0FBB8F1080F17
:1063A00006D1A06900264FF0080880F818620EE0B8
:1063B00004985FFA89F64BEA004A4FEA192005E093
:1063C000B8F1090F3FF47AAF080ACEB201900198F4
:1063D000029946EA0020C1F808A0C1E90080012026
:1063E00084F850000FF0E5BC074B10F08AF800BFAE
:1063F00084E60300B0E8030090E80300F0E803003F
:10640000E0E70300F0E7030000E8030008260400CB
:10641000F0B503AF2DE900078AB0804691F850002F
:106420000C46DFE810F00C00FD00000144006C0099
:106430008B00A400CC003F017801BB01FF01D4E92F
:1064400000A0D4E90219C4E904A0C4E906199AF825
:106450001802012806D15046FBF746FBD4F810A0DD
:10646000D4F81C901826B6F58C7F61D00AEB06058F
:1064700028780F2804D04846294605F003FA08B9C1
:106480000836F0E768680022206240F6FF73DAF809
:10649000201284F8A5200AF50772C4F8A020421A39
:1064A0009A43114401F6FC716162C4E91D0104F1D3
:1064B000540101A800F0F0F9019B022B01D1032047
:1064C000B2E0BDF81000012BDDE9021202D1BDF8E7
:1064D000123090E0012926D104F1100500216265F7
:1064E0002CCD84F8A510A4F85800D4E90810C4E90C
:1064F0001D1002F50770C4E91B35C4F8A00004F1B3
:10650000540101A800F04EFA0199042903D1042690
:106510000C2104208AE00498022971D0032902D1B9
:10652000DDE9021266E02069FBF7DEFAD4F810A07C
:106530004FF48070C4F8D8A010F03FF904F1540172
:1065400001A8FEF799FE0199092901D105206BE008
:10655000DDE9022008294DD1002AC4E90A2042D1F0
:106560004FF4007010F029F92069C4F8D80004F144
:10657000540101A8FEF780FE0199092901D10620E6
:1065800052E0DDE90220082931D108210025012A45
:10659000C4E91512E06540D12169D1E9882384F866
:1065A00074509A1A38BF2A46120B134618BF01239B
:1065B000451E002808BFD51AC4E91851A56604F184
:1065C000640101A8FEF72EFF0199092901D10720D6
:1065D0002AE09DF8085008293FD1002D44D1206EB3
:1065E0000121C4E90A1000223421206342E0C4E9F9
:1065F0001512E065030C4FEA124E4FEA122CAEE082
:10660000BDF814100022D4F820E0CDB24FEA112CCE
:1066100001464FEA1E4370460FE0032202211BE0B1
:106620009C4809F0A4FEFEDE04260C2148F8016017
:1066300084F850000AB00FF09ABDC0EA03405FFA38
:106640008CF345EA0323C8E9020243EA0E43012022
:10665000C8E900131021E9E7EFE70398BDF80AE065
:106660009DF809C0030C12E12069002580F818523A
:106670000222F1E762502169D1F8202202EB0030BA
:1066800000F6FC720430C4E91002002001F5077125
:1066900084F8740004F14003D4E90502C4E915311B
:1066A000C4E9170204F1540101A800F007FB0198A6
:1066B000022844D0DDE90212012842D0A1B1069D92
:1066C00001A80CF02DF90198002840D1DDE902065F
:1066D000E169019001A805F0D5F818B1012004F195
:1066E000340161C12169D0E7606BD0BB206900250E
:1066F000216BD0E9882384F868509A1A38BF2A465B
:10670000120B134618BF01234D1E002908BFD51ACE
:10671000C4E91550E56504F1580101A8FEF782FEB1
:106720000199092909D09DF80850082995D1002D13
:106730009AD1606D302102469CE7092074E7082059
:1067400072E704984FEA124E4FEA122C06E0DDE998
:1067500002204FF0000C06214FF0000E030CD5B2C2
:1067600095E020690023E1690025A26BFBF7A0FBFF
:10677000206980F81852606B00283FF479AF2169D6
:106780004FF0FF30D4E90E23C4E91D2001F5077056
:1067900084F8A550C4E91223C4F8A00001AD04F1A7
:1067A0005401284600F078F80198022801D10A2007
:1067B0003AE705F1040C07AA01289CE86200134699
:1067C00062C304F1B80192E8680068C107D10120F2
:1067D000D4E92E12C4F8B400D4F8C00048E0D4F8CC
:1067E000B8100020C4F8B40001293DD1D4F8BC3061
:1067F00004F110060821B4F8C02084F8B1004FF06D
:10680000FF3CC4E9151362CEA06CC4E9200C01F56D
:106810000770A4F85C20C4E91E56A4F8642023661F
:10682000C4F8AC0004F1600101A800F0BBF8019BC2
:10683000042B01D10B20F7E6DDE902520221DDE94C
:106840000490DFE803F01D02040E032118E0B5B147
:106850004FEA102CC5B2D4E9120601224946030CB6
:10686000EBE62946484603E0D4E91620022161659B
:10687000030C4FEA124ED5B24FEA122C07E0114634
:10688000030C4FEA194E4FEA192C5FFA89F50322DF
:10689000D3E600BF10E80300F0B503AF2DE9000B0D
:1068A000804691F851000C4620B1032823D03B4884
:1068B00009F05DFDD4E908562046D4F84C9020211B
:1068C0002663C4E90A9524F09CFE08200021606339
:1068D00005F10800B0423DD8082684F85010304A2F
:1068E0002046314604F028FB0022C4E90E9084F8CB
:1068F0004820C4E9101504F1380006F0A3F8032875
:1069000032D1666B2EB3701E0022202A21D0A15CEA
:10691000B1F1FF0318BF0123FF294FF0020118BF97
:106920000121904208BF194601320229EDD00A46E2
:1069300089B1201DE5880CF07BFB80B2A84216D0FF
:1069400094F85000012110BB84F85010D4E90A9546
:10695000C5E700210022C8E902030120C8E90012AE
:1069600084F851000FF000BC00220121F3E7A38856
:10697000990723F00300194618BF011DD4E90B0243
:1069800008440830904204D902220121E3E70222A0
:10699000E1E7206801220021DDE700BF30E80300C5
:1069A00040E80300F0B503AF2DE9000B814691F8F4
:1069B00051000D4620B103283BD03D4809F0D7FCDB
:1069C0002968D5E906C3A888EA6CA881A960AA62EB
:1069D000C5E904C3A9B1D5E9082800F1030E2EF0DA
:1069E000030605F12C04083246C43244424546D819
:1069F000B3420AD20EF4803205214FF0030E304626
:106A000044E000214FF0010E3FE0002085F85000E7
:106A1000AEB1D5E904123046264BAC6AD5F83080C9
:106A20000CF06EFC0022C5E90E4085F84820C5E94F
:106A3000101805F1380006F005F8032822D1A989BD
:106A40006A698A4230D328690CF0C4FAE96A88423C
:106A500005D095F8500070B901206E6BD6E74FF65F
:106A6000FF72D5E90410D5F808C020EA0202AB890C
:106A70004FF0020E0AE0A968D5E904C3A8894FF0D7
:106A8000000E02E000214FF0030E002280B201262A
:106A9000104385F85160C9E900E1C9E9020CC9F861
:106AA0001030BDE8000BF0BD034B002008F0F1FEF4
:106AB00050E8030070E8030060E80300F0B503AF9E
:106AC0002DE9F80F814691F844000C469346DFE823
:106AD00000F003E9EC399ED3D4E9000C04F1200E58
:106AE000D4E90253E269D4E90461AEE84900012027
:106AF000E262AB888CF818029E07CDE9029B23F076
:106B0000030018BF031D561A0020B0EB564F0CD1DE
:106B1000D118330B01F108020CF5CC7151F8236048
:106B20000EB1B24201D941F82320A04648F8485F8F
:106B300058F81CBC464658F8289C06F8880FC8E947
:106B4000019B12E02646CDF80CB016F8D00FA6F146
:106B5000880820B1032826D0544809F008FC04F125
:106B6000480BCDF808909BE8200A04F1540A202134
:106B7000FF22504624F06AFC28686065A888A4F8C3
:106B8000580027F81E0CA7F11E000CF051FAC4E9BA
:106B90001D9ADDF80890A4F85A00002084F8CC0073
:106BA0000820C4E91F0B04F1740B0399584605F043
:106BB000D3FB042805D1032009213070C9F8001047
:106BC0006CE0054658468A4603F0B9FC0120307057
:106BD000404603F025FC032D5CD104F1240204F1AE
:106BE000300507CA01F0030631F0030102F1080283
:106BF00000EB01034BC5226417D0DDF80CB0002375
:106C000084F8A030236AC4E91230C4E914120FF0EA
:106C100045FC042803D10FF084FE04203EE00FF071
:106C200063FD032D36D1E66B01E0DDF80CB07EB3D9
:106C300004F1A4082021404624F0E3FCF01C20F0DD
:106C40000305202D01D9032023E01A4B304641468D
:106C500020220CF055FBD4E90E23174E00960BF0C2
:106C600019F8616B0020226C84F8A0001144206A9E
:106C7000C4E91208C4E914510FF010FC042803D130
:106C80000FF04FFE052009E00FF02EFD032D01D17E
:106C9000082000E0002089E82104012084F8440055
:106CA0000FF0A4B8024809F062FBFEDE20E8030002
:106CB000C0E80300D0E80300E0E80300F0B503AF4C
:106CC0002DE9FC0B804691F820000C46DFE800F02F
:106CD0000321270C9C00D4E90010D4E90223C4E965
:106CE0000410C4E906231BE0264616F8940F50B1A1
:106CF000032811D1254615F8900F38B1032827D065
:106D00005E4809F034FBD4E9091010E0D4E90B1017
:106D100013E05C4809F02BFB594809F028FBFEDE24
:106D20002646002246F8241F706006F8702F0022C5
:106D3000254605F8902F45E91910C4E90D10D1E951
:106D40000012002384F88D30C4F88800C4E91712BB
:106D500004F13C0101A8FFF79FFD0199022964D0CD
:106D6000DDE902CE0129049B09D1BCF1020F1BD140
:106D7000606B016804310160D4E90D10DFE7656BD9
:106D80000022BCF1010FD5F8009015D14FF6FC722E
:106D9000F4461A4004329E0708BF9AB24A440832A9
:106DA0002A600025012209E04FF6FF7099462EEA7D
:106DB00000050222734601E000230025012684F825
:106DC000946084F890609EB2354301293FD0002A38
:106DD000C4E91F2CC4E9215940D0022A3CD0D4E98F
:106DE00006210025C4F82490002AA56143D0D4E9E7
:106DF0000460766884F879506067C4E91021C4E9BA
:106E00001296A385C4F828C004F1280101A8FFF751
:106E1000C9FD019A042A0FD0DDE90491022A10D29B
:106E2000C4E90691D4E904107AE703200221307006
:106E30002870C8F8001019E00220C8F800000420EB
:106E400014E0DDE902C507D1636A002207E00221F0
:106E5000C4E92159C4E91F1C012200E09446C8E995
:106E6000002C0120C8E90259C8E9041384F8200065
:106E700006B00FF079B9044808F04AFD90E8030025
:106E800080E8030000E9030010E90300F0B503AF58
:106E90002DE9FF070DF10809214B804600200C6801
:106EA00010224E688D68D1F80CA04946CDE9040047
:106EB000CDE9020008200CF023FA32BA2DBA5300B3
:106EC00024BA43EAD5731BBA0793630043EAD2722C
:106ED00012BA0692134A0823009206AA0AF0DAFEB2
:106EE00087209AFA8AF100EAE470082380EA4100D8
:106EF00000BA0790680040EAD170082100BA0690F5
:106F00000948009009F1080006AA0AF0C3FE4046AD
:106F100049460EF0FDFF08B0BDE80007F0BD00BF18
:106F2000A8210400B8210400C8210400F0B503AF73
:106F30002DE9000FA7B00C908B4691F834009146D4
:106F4000CDF834B0DFE810F005008807B80770000E
:106F50004F00DBE9071009910BF12801CBF8240061
:106F60000BF1100090E81C001CC10BF13504DBE9AB
:106F70000001CBE9020120461F2124F095F94FF4CE
:106F800000610020ABF8591140F267629BF82810AD
:106F90000BF59875CBE94C008BF8500101298BF863
:106FA00052018BF856018BF8540108BF41F69A1232
:106FB000CBE95020CBE952204FF0010008BF02205E
:106FC0008BF858018BF85701DFF82CAE0220DFE870
:106FD00001F00242657CDBF82C600122BBF82A003C
:106FE0009BF8291005E2594611F89C0F01F1040C99
:106FF000A1F14406029158B3032840F034875A4661
:1070000012F8810F002800F09E81032840F031879C
:10701000DBE919A0C846CDE90562CDF804C0DBE97B
:107020001B96057800F030BDDE460BF590741EF817
:10703000B40FAEF15C08DFE810F0080022073F074C
:10704000AF019C018E01C901B906DBE91BA5E5E191
:10705000C84600F0EFBCDBE90B01A7F12A03D54AD3
:107060000DF1580A0E920222209341F60C13CDE93D
:107070001D0109202192ADF87C308DF870001B9223
:107080000EA81A904FF4C060ADF8580040F2C1301D
:1070900027F82A0C04208DF8642016E09BF82910AC
:1070A0000DF1580A1B900EAA1A9245F25322ADF820
:1070B00066200B228DF864204FF480628DF8391021
:1070C0000021ADF858208DF8381000EB40001F214A
:1070D0004FF0000808950AEB80000794CDE92441A1
:1070E0000DF1400BCDF898800B9024AD0B988245A4
:1070F00000F07A8156461AF80C0BDFE800F00776AC
:1071000041562792A96BD63FC20A3D004FF48170C9
:1071100062E0D6E90184FF208DF841005946E01C69
:107120008DF84000284602220CF0ECF9C0B202288B
:1071300040F0F980718828460CF0BEF9C0B20228F0
:1071400040F0F180284641462246E4E005200EF05A
:107150009FFD86000EF08AFDC0B2022840F0E38059
:10716000002E00F08C800EF0A5FEC0B2022840F088
:10717000DA80043E0434F3E7707883E0092081E08C
:1071800003200EF085FD46000EF070FDC0B202280F
:1071900040F0C980002E72D00EF0C6FEC0B20228A8
:1071A00040F0C180023E0234F4E704200EF070FD8E
:1071B00086000EF05BFDC0B2022840F0B480002EC5
:1071C0005DD00EF077FEC0B2022840F0AC80043EE5
:1071D0000434F4E740F60220ADF8400059467078D8
:1071E00003228DF8420028465BE0D6E9014059466B
:1071F00002224600701C8DF8400002208DF84100EC
:1072000028460CF07FF9C0B2022840F08C80B6B35B
:107210000EF08AFEC0B2022840F08580023E0234A1
:10722000F5E706200EF034FD06010EF01FFDC0B29A
:10723000022878D11EB30BF1010021460EF068FE42
:107240000FF005F8C0B202286DD1103E1034F1E7FE
:1072500007200EF01DFD06010EF008FDC0B2022849
:1072600061D166B10BF1010021460EF051FE0EF026
:10727000EEFFC0B2022856D1103E1034F1E70220D2
:107280004EE00820D6E9016459468DF841000222FB
:10729000601C0EF0F1FCC0B2022844D128463146F1
:1072A00022460CF02FF9C0B23AE0162059468DF86C
:1072B00041000222D6E901040690E01C0EF0DCFC3D
:1072C000C0B202282FD1B6F801000594DDE92546A9
:1072D000ADF8410058468DF84080A4EB06080CF04C
:1072E0003BF8884524D3C84601EB0609249A234677
:1072F000DFF8F00B4946009030460CF00BF80FF029
:107300008DF858461A460EF029F9CDF89890C146E6
:107310002846DDE905210CF0F5F8C0B24FF0000871
:1073200002283FF4E3AEC00702D04FF00D0901E0A0
:107330004FF004090C984FF01F084FF0010A00218C
:10734000012400F0B7BCC846DBE91D93DBF87CA044
:107350009BF882508CE39BF82001CDF824E0DFE815
:1073600010F005008B05AB05A1028200DBF8D850B8
:107370008AE25D46CDF82C8015F8CF0FCDF824E0D9
:10738000A5F11708DFE810F00500780598051B0245
:107390007700DBF8BC4001E2CDE90A98D84618F83E
:1073A000C90F0FF21401A8F11109CDF824E0D1E8BA
:1073B00010F000BF0F181218080069058305760049
:1073C0006A009BF8CA00DBE930A188E09BF8200145
:1073D000CDF824E0DFE810F0050050057005DA0272
:1073E0006600DBF8D860C3E20022DDF834B0DDE9E6
:1073F0000765D846012308F8582F00221F24DDF81E
:1074000024A0C646C8E90164C8E90332C8E905A555
:10741000A8F8020088F801100EF85C2FCBE91DA532
:1074200041460BF17C0C91E879000421624679C257
:107430009BF87C20CBF890A0CDE90A9822B1052AD0
:1074400002D0062A39D108210CEB0100416803293A
:1074500006D300680178022904BF4178012929D0A8
:107460004FF00509B8E29BF82C01C00740F00D85EC
:10747000DBE949051DE29BF8E800C00740F00885FC
:10748000DBE93805AAE15C4614F8D90F002800F0C2
:107490009480032840F00D85DBE9330A41E0DBF8F6
:1074A000CC0026E09BF82C01C00740F0F484DBE917
:1074B000490574E280784007D2D5CBF894A000202B
:1074C000D846DAF8041028F8C90F01F5B761CDF8ED
:1074D00024E048F809ACA8F1110948F8051C8BF81C
:1074E000C800CBF8B810DAF8040000F5C060CBF89B
:1074F000CC000A99096804F097FF002857D00021B2
:107500005C4604F8D91F44F81D0C14F8111C54F8FB
:10751000210C617044F8050CDA460AF8D81F4AE9D4
:10752000030A03F07FFC05460A980E460EF03FFF63
:10753000284609F014FC287C022832D100200124BE
:1075400028749AF8000068740EF0AEFEDBF8BC00F8
:107550008BF8D94002F038FF48468BF8C94003F059
:1075600098FADBF89000406800F5CA600EF01CF84D
:107570009BF87C50DBE92010DBE922249BF87D306E
:10758000DFE815F00B004F0036003A0020006700DE
:1075900072004500AA012C008100CBE928101320BD
:1075A0002DE00EF081FE03202070042000E0032077
:1075B00088F80000032000F009BC9BF8DA10DBF823
:1075C000D400A9E700220123CBE928101020CBE941
:1075D0002A32ABF8B0008BF898206CE0002201242E
:1075E000CBE928105801CBE92A428BF898205CE0BF
:1075F00000220124192017E0CBE928101220CBE942
:107600002A240021ABF8B0008BF8981053E0CBE9A6
:107610002A10022000220123CBE92832ABF8B00067
:107620001FE0002201241520CBF89C10BBF87E102F
:10763000ABF8B0008BF899308BF89840CBF8A040AD
:10764000CBF8A420CBF8A840CBF8AC20ABF89A102C
:1076500031E000220123CBE92810CBE92A32ABF834
:10766000B0308BF898204AE101250024ABF8B050E7
:107670008BF899308BF89850CBE92710CBE9292566
:10768000CBF8AC4037E1C0B28BF8993040010BF138
:107690009C0304300126002556C3BBF87E108BF8EE
:1076A0009860CBF8AC50ABF89A10C1B2ABF8B01000
:1076B000C10640F12481DBE926124FF000085D4647
:1076C000CDE91012ADF8948011F0010BCDF8908047
:1076D00010AB24A94FF0020618BF591C0B6889880B
:1076E0000E93ADF83C1018BF4FEA126B01074FF034
:1076F000010158BF042110F0020F18BF414608BF16
:107700000326C00718BF0E46A86FD5F89040D0E9F1
:1077100004010BF0A3FE8146A86FD0E906010BF02F
:107720009DFE8246A86F90F8241011B190F82500B4
:107730000FE0D5F890506868F6F7DEF9696810B187
:107740000878023005E00868CA7910F0010018BF17
:1077500010460D9A916F154691F822C091F823308A
:1077600091F82910BCF1000F05F8CF8FA5F117088B
:10777000A8710E98A860BDF83C0085F807B0934644
:107780006E71A5F803A0A5F8019045F8134CA881E7
:10779000E97308BF0723AB73DDF828900BF1D00025
:1077A000CBF8B8400BF1C0014CC84CC102888078BE
:1077B0000A808870606800F26460CBF8E0000BF12A
:1077C000E0000EF0D7FCD8B1DBF8B8000BF1C00533
:1077D000002100688BF8E810CBE938050FF02EF88F
:1077E0000EF0DCFF04D1284615F0F6FE824658B1B3
:1077F0000120CDF828908BF8CF008BF8E800DFE06F
:10780000032028700420E1E2DBF8A45001208BF86B
:10781000CF00002D8BF8E80075D040461F214E4662
:107820001F2423F0EEFEDFF8C0261F2D38BF2C46A4
:107830004046214603F089FBDBF8A420944200F285
:10784000F982DBF8A020DFF8A436009323460AF083
:1078500021FA0DF1580941461F22DBF890504846A5
:1078600023F0ADFE0BF1DD0049461F228BF8DC4012
:10787000CBF8D85023F0BFFE00200BF590748BF8A6
:107880002001B146DDF82C800BF580700BF1DC0196
:107890002022CBF8FC5023F0AEFE686800F2646052
:1078A000CBF824010BF592700EF064FC80B10EF061
:1078B0002DFC0EF0C3FF0EF071FF7CD1284615F0B1
:1078C0000AFF8246002876D101200EF085FF1CE0D9
:1078D00003202070052079E20125002406268BF87C
:1078E0009930ABF8B0608BF89850CBE92715CBE90D
:1078F0002940CBF8AC20BBF87E00ABF89A00584684
:107900004FF00E0961E0DDF82C80DBF8AC40002C74
:1079100000F0F4810BF1B8051F211F26284623F043
:10792000F7FDDFF8D0251F2C38BF26462846314604
:1079300003F00BFBDBF8AC20964200F27882DBF818
:10794000A820DFF8B435009333460AF0A3F90BF111
:10795000DD008BF8DC60DBF8906029461F22CBF855
:10796000D86023F048FE00200BF590748BF82001BE
:107970000BF580700BF1DC012022CBF8FC6023F0CA
:107980003AFE706800F26460CBF824010BF5927047
:107990000EF0F0FB002800F0AA810EF0B7FB0EF00D
:1079A0004DFF0EF0FBFE06D1284615F06FFE824615
:1079B000002800F0A0810120CDE90A980EF00CFF0C
:1079C00058464FF000094FF0000BD0F89400406883
:1079D00003F0AFF8DDF824E001208EF800000B98EA
:1079E00003F01BF8B9F1220F40F0B68026460D9C3B
:1079F000D4E9022316A809F047FA0023254605F822
:107A00009C3F9DF8600045E903B8AC46DDE91612DD
:107A1000A346DDF82880287325F8026CA5F14406FA
:107A200008984CF8041F05F8030C0798AA6005F89D
:107A3000040C02950BF1900031464FF0010901252D
:107A400090E81C004FF480701CC15A46002322F8B5
:107A5000810F52F8250CD37200F5CA6100F1080AB3
:107A6000C2F8031042F80D9C42F8093C42F805ACFC
:107A70005846CDE9056200F8805F1E46CDF804C087
:107A800040E907A040E90593DFF880140AF5767015
:107A900003F08DF90C46D8F80010039100EBC500F7
:107AA000D1E900120B9509F05AF92068DFF860342B
:107AB00001302060DAE9001216A803F0A2F94FF4B1
:107AC0005E70DDE9168101FB0082C6EBC600002571
:107AD0000890A9F107000A960790CDF824A0049217
:107AE000904543D044462E46013594F85C0308F592
:107AF0005E780328F4D194F86E030B998842EFD195
:107B00000A98002800F0E780DDE907A904F5107B5A
:107B1000B9F1000F0AD00AF1070A584651460DF094
:107B2000C5FDA9F107090028F2D005E0DDF834B061
:107B3000DDF824A0049AD3E70420DDF834B0DDF8A2
:107B400024A084F85C0394F85E03002840F075815B
:107B50002046F5F72FFB0BE008980799C0B2C9B291
:107B600041EA0020294640EA0444A2E04FF0000A1E
:107B700018984FF001080EF03EFA0120BAF1000FFC
:107B800008BF03200699087043D19BF88C0038B1D8
:107B9000DDF80C90032840F06981DBF8885005E09F
:107BA000DBF88450DDF80C90CBF88850A8680028EA
:107BB00040F037814FF0FF30A86005F10C00D9E9A3
:107BC000001209F0CCF8A9686FF000422868013172
:107BD000A9600168914280F027816A684E1C0346C3
:107BE00040C303EB42060022B34205D013F8024B18
:107BF000012C18BF0132F7E70160032069688A424F
:107C00004FF0030108BF01218BF88C103CD14FF0DD
:107C1000000A059C8BF86180204602F081FE204618
:107C20008BF89C8002F057FFBAF1000F3BD0DAE9E5
:107C300000013246DBF82440F0F72CFBDAE90023A0
:107C40002146009616A8F1F78DFA9DF858B05046D7
:107C5000BBF1210F06D1B5495FFA86F84FF0220932
:107C6000834626E03146CDF82CB0DDE91949DDE93F
:107C700017B8BDF85A509DF859A002F003FD4946C7
:107C8000DDF82C902E4614E00299087049460198C0
:107C900009F0BCF920B10C9923200870042015E0EC
:107CA000059802F018FF4FF0000B4FF019094FF044
:107CB00000080C98C0E901B8C0E90341468080F88B
:107CC00001A080F800900120DDF834B08BF834007A
:107CD00027B00EF0BBB8042084F85C0394F85E0370
:107CE00000283FF435AF04F25E348C48A8E003204E
:107CF000207006206AE001200EF06EFDDBF87800AF
:107D000043F609530168D0E9020211F00105A0FB16
:107D10000304294614BF02FB03412846B0F1005278
:107D200071F14E0280F0BA8000255C46744A00234F
:107D300004F8B85FE57023F0BBFCA4F8010054F828
:107D4000280C4068D0F85426002A00F0AD80D0F806
:107D5000501610A86B4B0DF04BFCDDE91010DDF850
:107D600024E042000B461AB103F8025B023AFAE73C
:107D7000002204234FF0010C5BB190426FD001F858
:107D800012C001EB4206043B14F822500132757018
:107D9000F2E7129872460EF02EF996464FF4807074
:107DA000ABF8C500DBF89000CBF8C000CDF824E0BC
:107DB00010A80BF1BC014A46CDF82890F6F71AFA44
:107DC0009DF84090B9F1230F07D107200999087059
:107DD00023200C990870032078E7B9F1220FCDF821
:107DE0002C800BD1DBF874004FF02209D0E900B8E9
:107DF000002008900790EDE5DC1204009DF84D008E
:107E000008909DF84C0007905846149DBDF84E40D0
:107E1000DDF84880DDF844B0BDF842609DF841A02F
:107E2000D3E5404808F006FA3F4808F021FA334B02
:107E30000EF067FB2E4B0EF068FB364804F25E3402
:107E400008F0B2FB204603F0ADFC334803F0AAFC77
:107E500008F092FC08F0DCFB214808F088FA2A4A76
:107E6000014607F065FD164808F081FA2C4808F035
:107E70007EFA124808F07BFA134808F078FA17489F
:107E800008F075FA144808F072FA104808F06FFA12
:107E90000F4808F06CFA0B4808F069FA254808F01A
:107EA00083FB0BF0F7FAD3E7214808F089FB08F0D1
:107EB000AFFB084808F05BFAFEDE00BFB8E1030044
:107EC000FCD9030020F00300C4E4030060EF0300CA
:107ED00080EF0300E4E5030084E403000CDA030010
:107EE000C8E90300382004001CDA03003CDA030070
:107EF0002CDA03004CDA03006CDA03005CDA0300CE
:107F000000204E00481F0400581F040028E0030012
:107F100038E0030065000000DDC1030064000000DC
:107F200074E5030084E5030094E50300D8E303004F
:107F30006900000040000000B0B502AF1D490968AB
:107F4000C90532D11D4C216861BB4FF0FF31216062
:107F500094F83810012907D1002184F83810216BDA
:107F6000002918BF01312163A16AC1B1D4E90C23F2
:107F7000002B04EBC305296485F83C0018BF0133CE
:107F800063639A4204BF012084F838000DF066FE56
:107F900004F1100009F0EAFF2068013000E0002041
:107FA0002060B0BD064808F045F9034808F008FB1A
:107FB00008F02EFB04ED00E02500000068610020C1
:107FC0002C120400F0B503AF2DE9000F8BB00B6845
:107FD000196849B1197C0493CDE9022039B103290C
:107FE0000AD1D3F80C800CE00721C170A9E0D3F8C6
:107FF0000480C3F8088002E0594808F0B8F9C3F8D3
:108000000C805849D8F808000968C90540F0A280DA
:10801000564902F0E7FE0646F0E802B58946D8E97F
:10802000004A04F059FABBEB000165F10002631A43
:108030007AEB02030AD2C8E90012D9F80000049BC7
:108040000130C9F80000D3F80880D8E7611A4D461E
:1080500006F10809884221D9029406ACD3468A4623
:108060002046494604F056FA2046514602F039FFB0
:10807000002869D001690139016151EA0A011BD068
:10808000C478D0F80A20D0F80630B0F8049081788F
:108090008DF816100188ADF814102AE002980EF041
:1080A00086F906F1B400EFF7BDFF286804990130A6
:1080B0002860032008742AE006A8494609F093FFC7
:1080C0009DF81B40022C42D09DF81A008DF8160036
:1080D000BDF81800ADF81400DDF81E00019006F19F
:1080E000D800DDF822A0BDF81C9009F09DFF019B8F
:1080F0005246029801304BF10001C8E9000128689E
:108100000499013028600120022C087401D1062452
:1081100009E000200860BDF81400ADF818009DF8D3
:1081200016008DF81A0003999DF81A008870BDF8A2
:108130001800C1F806300880A1F80490CC70C1F88E
:108140000A200BB00DF082BE0A4807F0E1FB084898
:1081500007F0DEFB044808F033FA08F059FA00BFD4
:108160006CD9030004ED00E02500000054E6030094
:108170008CD903007CD90300F0B503AF2DE9000FC3
:108180008FB00B68196881B1197E0693CDE9012083
:1081900069B1032919D1194611F8144F84B1032C80
:1081A00016D100201D69049015E00722A1E00020EF
:1081B000194601F8140F51F8105C41F80C5C00E00E
:1081C0009D680020DD60049067E0524808F0CFF819
:1081D0004F4808F0CCF85049A8680968C90540F034
:1081E00092804F4902F0FEFDD0E900648A46079074
:1081F0005030D5E9009B099004F05FF9311A64F121
:108200000002B9EB01034FF000087BEB0203CDF84D
:1082100020B038BF4FF00108B8F1000F34D1A9EBFE
:1082200001040595A04246D90AAE099D304629466B
:1082300004F095F93046214602F042FE00285CD059
:108240000EF0F2F9214306D08178008840EA01401F
:108250000390000A11E00AA8294609F091FE9DF852
:10826000280003284CD00798DDE90A643C3009F067
:108270007DFE300A039640EA0460049019F1010182
:108280000898059D40F10002C5E900120EF026F89D
:10829000B8F1000F03D0069BDD681D619BE70699CE
:1082A0000120039A0875D0B2032818BF0120087670
:1082B00011D103220EE001980EF079F807980830EA
:1082C000EFF7DCFEDAF8000003220EF003F906985F
:1082D0000276027502E00020049B08600298190AE9
:1082E0008170D1B241EA032202800522032908BF2E
:1082F0000622C2700FB00DF0A9BD0B4807F008FBB5
:10830000084807F005FB054808F05AF908F080F91D
:108310006CD9030080D8030004ED00E025000000C4
:1083200054E603008CD903007CD90300B0B502AF3A
:108330000D680446286848B11168281DEFF78CFBCA
:10834000C1B2022905D10621022005E00720E07014
:10835000B0BD0021296002216060E170B0BDB0B500
:1083600002AF0D680446286860B11168281DEFF758
:10837000F9FBC0B202280FBF0621002129600421A9
:10838000207000E00721E170B0BDD4D4BFB506AFC6
:108390000168DFE801F0041F191B17252D1DD0E926
:1083A0000101CDE9010101A80390284808F0FCF87B
:1083B000274808F0BBF8274903A808F00FF908F090
:1083C000DBF9BFBD1E4806E01E4804E0174802E086
:1083D000174800E01C4804B0BDE8B04008F0F0B811
:1083E0004468164808F0E0F8204608F0CFF818E096
:1083F000D0E901540F4808F0D7F80F4808F096F874
:10840000DFE805F0020C0406002008E0022006E088
:108410000EF002FA204608F09BF802E0012008F076
:108420008EF8BDE8BF4008F0A7B900BF3B000000D0
:108430003100000033000000410100002C0000006A
:108440002B000000390000003A000000300000005E
:108450000E000000CCF10300F0B503AF4DF804BDF1
:10846000C0B0044600206A460F230025B5F5807F82
:1084700004D05619535108357060F7E74FF48070F7
:10848000C9B2A0820020C4E902104FF480712060BC
:1084900084F81802206104F58C7023F0B2F804F11E
:1084A000180069464FF4807222F030FA40B05DF84F
:1084B00004BBF0BDF0B503AF2DE9000FC5B01578D2
:1084C000044616460B46DFE805F008825C5F268608
:1084D000B06BD243C21A2AAC0B007268002052E083
:1084E0000EF050F90F2296F8018028A80EF081F8BE
:1084F0004FEA082052460E3049463346C5E096F80A
:108500000280317A72684FEA082096F801B096F836
:1085100003900B30B9E096F801B0042084E0B6F87F
:108520007D0006F10901ADF89C00732296F87F00EA
:1085300096F8088096F87CA01E468DF89E0028A824
:1085400023F059F84FEA0A20414633460D309CE0AB
:10855000707A06F10A01039015227078D6F805A00A
:10856000029096F802B096F8038096F8049028A836
:108570000EF03FF802985246039933460002093044
:1085800083E07268022080E096F8088006F1090115
:1085900028A817220EF02DF841463346032065E047
:1085A000D6F80B002890B6F80F00ADF8A40070784C
:1085B000B178000296F803B096F8048040EA0140D2
:1085C000B17A0730D6F8062096F805905DE096F867
:1085D00001B0012028E0307A06F1090103907322EE
:1085E0007068019096F801B096F8028096F80390B2
:1085F00028A8029322F0FFFFB6F87D0006F1800163
:10860000ADF89C00812296F87F0096F87CA08DF84A
:108610009E0004A822F0CCFE03990520DDE9012389
:1086200033E096F801B00C202FE07078B178F27842
:10863000000296F804B040EA014096F8069040EA3D
:108640000260D6F80720063096F805801DE096F8FF
:10865000018006F1090196F8089028A83F220DF044
:10866000C8FF4FEA0820494633460A300DE00EF0B5
:1086700089F8272296F8018028A80DF0BAFF4FEA62
:1086800008205246494633460830C4E9BE0304F187
:10869000090062607322217284F8039084F80280DA
:1086A00084F801B0257028A922F0A5FFBDF89C0030
:1086B0008822A4F87D009DF89E0084F87F0004F1D4
:1086C000800084F87CA004A922F072FE002084F8C7
:1086D000000345B0BDE8000FF0BDD4D4F0B503AF42
:1086E0002DE9000F89B0814691F8000392460C46AF
:1086F000B8B1032840F0038194F83D0104F5847873
:1087000004F23D1BDFE810F00600FE000101350019
:108710005C008800D4E94C21D4F83851D4E94430C5
:1087200015E0D4F8FC22002004F53E7104F58478AD
:1087300002F50A7304F23D1B84F83D014FF490707A
:108740002546C4E94430C4E94C21C4F83841002628
:1087500004F5A47C84F83C6184F890616D4EC4E912
:108760005023ACE86300C4E94621C4F82051C4E9B1
:10877000423004F5A07503AE524630462946FDF757
:1087800035FA0398092801D1032050E0012084F82C
:108790003C0104F5927096E80E000EC0284602F0E7
:1087A00099FAD4F82461022E16D10020D4F81821A9
:1087B00084F86C01D4E94201C4F84811C4E950209E
:1087C00004F5A07506A852462946FCF70FFF069E41
:1087D000092E04D104202AE0D4E94AAB36E0CDF8D2
:1087E0000880DDE907800190284602F0F7F9082E9D
:1087F00029D104F58C73DDF80880002004F5A07CF5
:108800000ECB84F890014348D4E94256ACE86200AC
:10881000C4E95323C4F8540104F5A07506A85246D0
:108820002946FDF7E3F9069E092E06D105208BF8AF
:1088300000000EF076F803205DE02846DDE907AB86
:1088400002F048FA02E0C246DDE901B84FF4807058
:10885000A4F83C01404602F023FA082E48D02E48E6
:1088600007F0A2FE2D4807F061FE94F8F8122C489C
:10887000DFE801F0390814160E2226183412320CE3
:1088800010240A002D482EE00E2028E00B2026E0C0
:10889000274828E0234826E0092020E0264822E057
:1088A000244820E0072007F04AFE94F8F90207F078
:1088B00046FE04F2FA2016E01C4814E00D200EE0FB
:1088C000194D0620A84794F8F902A84794F8FA022F
:1088D000A84704F2FB2006E00A2000E0082007F089
:1088E0002EFE04F2F920007807F029FE07F044FF7D
:1088F000012089E8400C84F800030DF05ABA0448BE
:1089000007F035FD014807F032FDFEDEB0E7030059
:10891000E4EA0300A0E703002F000000400100008C
:10892000DDC10300791304003F050200A118040013
:10893000A01804009F1804009E1804009D1804004D
:10894000F0B503AF2DE9000FADF2545D824691F80A
:10895000D80190468B46A0B1032841F087805D4640
:1089600015F8410FA5F13504DFE810F0060089087D
:10897000C8082C0062008900DBE90521DBE90E3024
:1089800013E0DBF80010584640F8081F0026041DCD
:108990004FF4907150F8043C054605F8396F03F523
:1089A0000A72C0E90321C0E90C300026CBE911327C
:1089B0008BF840608BF89460CBE91310CBE907305B
:1089C000CBE903219BAE0BF144013046FDF720FDBE
:1089D0009E98042801D103205AE00120CDE91454C7
:1089E0008BF840000BF1240096E83E003EC0DBF817
:1089F0003010DBF82490032908BFB9F1020F0AD028
:108A0000CDF84CA0DBF82C40DBF83460BBF82A0032
:108A1000BBF828504EE00020DDE914548BF87000BC
:108A2000DBE90301DBF81C20CBF84C10CBE911206B
:108A30000BF14406E0A842463146FCF7D7FDDDF8CD
:108A40008093B9F1090F01D1042021E0304615943B
:108A5000CDE913A5DDE9E15402F0C0F80020B9F139
:108A6000080F46D18BF89400DBE90301159CDDE982
:108A700013A5DBE90723CBE91120CBE913130BF195
:108A80004401E0A8FDF7C4FCE399042907D10520BF
:108A9000287011208AF80000032000F0DCBF159434
:108AA000CDE913A5BDF88603BDF88453DDF88093A6
:108AB000E29CE49E002202298BF8402015D0032975
:108AC00000F05A87C8071AD1DBF81020AA42C0F07C
:108AD000688615982A460168E0A809F021FFE09809
:108AE00060B1DDE9E15400F044BF4FF00F0A00F03F
:108AF00045BF8BF84000280C00F03EBFE29EDBE94A
:108B000003123046DFF85C3EEDF747FE0A46A91B2C
:108B1000914200F23686DE900844DF90DEAEA7F187
:108B20006000314603F082FE0DF039FC0CD117F8DD
:108B30005F1C881EC0B20B2880F01987DFF8281E42
:108B400031F8105000F015BF57F85C0C0F2880F07A
:108B50000D87A7F160020DF58E61951D0DF58B62F5
:108B6000D41C0DF58C6201F10108069201F1070A8F
:108B700002F10509DFE810F00F00E3008C009B0014
:108B80005000EB000001BF0046017F0015014100CD
:108B90005B00F7001B00A7F16000DEA9EDF784FB86
:108BA0000DF0FDFB7DD057F85C0C00226EE1CDF896
:108BB0004480A7F16008DEAE4046314603F036FE41
:108BC0000DF0EDFBB3D057F85C0CA7F1DC0947E9D9
:108BD000376000264846EDF75CFCC0F30721C2B2BF
:108BE000022AA6D0C00700F07A82102E00F0308151
:108BF00008EB060001360171ECE7032047E9186035
:108C0000A7F16000EDF745FC0546C0B2022840F030
:108C10000E81A8B2010A8CE7DEA80AF079F9C00734
:108C20007FF487AF01F0010010900420A2E004203F
:108C300047E92960A7F1A400EDF72BFC0DF002FA3B
:108C4000A24600F02A86C00711D0A7F1A400EDF7D4
:108C5000D5FC8A46C00740F020865FFA8AF00228D9
:108C60001CBF57F8A09CB9F1000F40F0BD834FF036
:108C70000E0A00F012BE07200DF0CDF917F8DC6CDB
:108C8000C24617F8DB5C1C2E40F0E480294627E33F
:108C9000A7F16000DEA9EDF707FB0DF080FB40F0C7
:108CA000F28017F85F0C0F2207F8F00C13E2062091
:108CB00047E937600DF0ABF90DF0DCF918BF00F0B3
:108CC0007F4111444FEA11413FF433AFC0070F9188
:108CD00000F0BE80A7F16000A7F1DC01EDF74BFCCE
:108CE00057E9180117F8585C80F00202114340F070
:108CF000B48129461DE702200DF08DF917F8DC6CD0
:108D000017F8DB5C1C2E16D044461B2E00F0AB86F9
:108D1000A7F1DC00A7F1600117F8D69C57F8DA8CB0
:108D2000EDF708FC17F8DC1C17F8DB0C1C2940F0E9
:108D3000AD810546A0460F22A7F1F001CAE1DDE9A9
:108D4000DE01884271D000781090012012E0A7F176
:108D50006000DEA903F06AFD0DF021FB40F09A806F
:108D600017F85F5C5AE1DDE9DE0188425DD00078EA
:108D700010900D20059013E0A7F16000DEA903F02C
:108D8000CFF817F8600C1B283FF4D1AE109037F8DD
:108D90005B0C57F85F1C80B2029006201291059080
:108DA000C3E20220A7F1E40147E93960A7F16000BE
:108DB000EDF7E1FB57E9180117F8589C80F0020223
:108DC000114300F0D884C0071CBF57F8E00C0028FE
:108DD00000F0828157F8E41CA7F1A40537F8520C83
:108DE0000E90284657F8566C17F8574C109103F020
:108DF0001DFD17F8A40C012840F0C28117F8A39CB0
:108E000000F0B9BCCDF84480A7F1600802203146DB
:108E100047F8640C404647F8686C03F007FD0DF016
:108E2000BEFA40D117F85F1CF8E202258AE6E8078F
:108E30000ED0A7F16000EDF7E1FBC0077FF479AE3B
:108E4000C8B202281CBF57F85C0C002840F0BB8257
:108E50000E216EE61B2E00F0048617F8D60CA7F143
:108E60006001119057F8DA0C1290A7F1DC00EDF7D1
:108E700061FB17F8DC8C17F8DB4CB8F11C0F40F0E5
:108E8000D18021462CE257F85C0C0222010C03042D
:108E9000029120E1DDE9DE6057F85C5C801BA842AE
:108EA00038D20425BAE057F85C0C08F1040AA7F19F
:108EB000A40947E92960A7F1E40000F102080026AF
:108EC000A7F1E4004946EDF735FB17F8E40C17F875
:108ED000E31C1C2800F0A28298F804201B2807F845
:108EE000E82CD8F8002047F8EC2C00F01981042E6B
:108EF00000F093828AF80000013657F8EC0CCAF8AB
:108F0000020017F8E80C8AF801108AF806000AF146
:108F1000070AD5E7002E00F08180B5F5807FCDF8F7
:108F2000448040F0A68506F1010906F117011022E0
:108F30003578D9F80000129099F806001090B9F829
:108F400004000F90307A0E90F07B0D90D9F80F004E
:108F50000590D9F808000490B9F80C000390B9F80E
:108F60001300029099F8150000900DF58C6022F026
:108F700042FBD6F8310006F13801CDF85004432207
:108F8000B6F83500ADF85404B08D089096F830006E
:108F9000099096F83700019096F827000C9096F803
:108FA0002E00079096F82F000A900DF20C40B9F8A9
:108FB000278096F82BA099F8299022F01CFB96F8B0
:108FC0007B0006F17D010B90832296F87C40E0A89F
:108FD00022F011FBDDE9110305220099ADF8588458
:108FE000417380460299A0F80B100399818004997F
:108FF00001600599C0F807100E988DF870040D985F
:109000008DF87704DDE90F108DF85A9441EA00409D
:109010008DF85BA48DF80B44029000E00F2207F856
:10902000F05C63E117F8D60CB8F11B0F07F8640C7D
:1090300057F8DA0C47F8680C00F01385A7F1DC004C
:10904000A7F16001EDF776FA17F8DC1C17F8DB0CD6
:109050001C2940F00981014642E1C0073FF4F8AE07
:10906000A7F1DC0037F8524C57F856AC17F8576C9C
:10907000EDF7D8FA0CF0FEFF18BF00F07F41114465
:109080004FEA114940F08C81494652E517F8D62C39
:109090001B2907F8A02C57F8DA2C47F8A42C00F06D
:1090A000E28417F8A02C45EA08238DF875240546BC
:1090B00057F8A42CCDF871245FFA89F2120207F850
:1090C000F06C42EA1862A04642EA014102910DF5B5
:1090D0008E6107220D7009E14FF00E094BE3DDF8B8
:1090E0004480A88817F85C3C0490D5F80700C8F8BD
:1090F0000700180440EA164002903004B5F80B103F
:1091000012900E2005906A7BD5F800A017F8545CE9
:1091100017F85B4C0F9588F80D20A8F80B103FE668
:10912000A888A7F1DC09109028680D90D5F80700F1
:109130000B90687B0A90B5F80B0017F85B1C099040
:10914000A7F160000F91143017F8541C47F8606CB9
:109150000E9157F85F1C1291494690E82C00A7F138
:1091600060002CC1A7F16801EDF7E4F917F860ACD5
:1091700017F85F8CBAF11C0F40F0478141464DE172
:109180000B9457F8A04C05962E1DCDF83490CDF8D1
:1091900044804FF000081CB30220129347F8640C7F
:1091A000109847F8680CA7F16800EDF73BFA054600
:1091B000000CA9B20229C1B20DD0E8070F914DD021
:1091C000A7F16800EDF7EAF8C2B2C0F30F2C162A37
:1091D0000BD15FFA8CF11520A7F1EC0300220EE011
:1091E0001520A7F16C02002421E00F99152A35D033
:1091F00007F8EC0CC0F30740A7F16A032A0E1870B9
:10920000013C17F8EC0C152808D129F0FF00A7F154
:109210006C0200EB01091620129B08E007F86C0CA9
:1092200041EA022917F86A0CA7F16E026346107032
:1092300017F86C0C162800F09C82152800F00981A4
:10924000B8F1080F00F0978117F86E1C08F10108BB
:109250003171F370B07026F8069B9CE71520A7F1DA
:10926000EC0300220E21BAE70E901B2917F8D60C4A
:1092700007F8A00C57F8DA0C47F8A40C0F9100F08F
:10928000F083A7F16000EDF718F9010A1090C0B261
:109290000D91022824D01098C00700F0E283A7F1B6
:1092A0006000EDF70AF9010A0C90C0B20B91022898
:1092B00016D00C98C00700F0D483A7F16000EDF73A
:1092C000E8F80DF050F80A92114609D0C00700F0F6
:1092D000C883A7F16000EDF791F9C00700F066823E
:1092E0000F22A7F1F009D04689F8001017F8F01CFA
:1092F0000F2A3FF41EAC10919DF85B149DF85A04A0
:109300000E91BDF85814129341EA00400390B8F84A
:10931000040004909DF80B040D909DF877040592CD
:10932000D8F800A09DF870440F90D8F8070098F87E
:109330000D901190B8F80B80DAA8069E96E82E00E2
:109340002EC00DF20C414322BDF85404ADF8640365
:10935000DDF85004D890C7A821F0D8FAA4A8E0A955
:109360008A2221F0D3FA029A48EA09418DF887420D
:10937000100CCDF888A28DF886021298DDF886527E
:10938000000C40EA0249049A4FEA1A40DDF814A0A2
:10939000DDF804C0DDF80CE040EA0244280CEDE200
:1093A000C007CDF844803FF453AD0CF030FE0CF014
:1093B00061FE18BF00F07F4111444FEA114834D1DB
:1093C0004146FFF7B6BB0E4657F8601CA7F1DC001C
:1093D000ECF77DFF17F8DB0C17F8DC1C012940F0D7
:1093E000CD800146FFF7A5BB57F8A45CA7F160004C
:1093F00047F8DC5C294603F044FA17F8600C0028B3
:1094000000F0D48017F85FAC47E2BAF11B0F1CBF25
:1094100057F8640C002840F0DD800E210F22A7F1E0
:10942000F0042170DDF8448060E7C00700960494E2
:109430003FF40EAD0CF0EBFD0CF01CFE18BF00F07D
:109440007F4111444FEA114440F00C812146FFF75F
:1094500070BBA7F16009A7F1A40109F1020534224C
:1094600047F8A48C0CF04DFDA7F1DC042946A61C9E
:1094700034220CF0FCFC48463146342222F0BBF882
:10948000201D57F860CC129009F104004FF000083D
:1094900010904FF0000E002347F82C8C47F8DC8C1E
:1094A000E6450FD210990EEB4E000EF1010E31F889
:1094B000103001EB40000179408847F82CEC40EA7D
:1094C000014002E0152161F30700C1B2152900F047
:1094D0000081002B00F0478157F8DC8CC0F3074176
:1094E000129E08EB480206EB42055200C2B1063A52
:1094F00036F8064B9C42F9D116F8044C16F8035C7A
:1095000016F8022C06F8021C152126F8040CA7F107
:109510006A0607F8EC5CA7F1A40507F8684C19E0A7
:10952000C0F30F22B8F1070F0ED8297108F1010816
:10953000EA701522A870A7F168062B80A7F1A40590
:1095400047F8DC8C152105E0A7F1EC05A7F16806CA
:1095500007F8A40C297017F8A41C17F8EC9C15291F
:10956000327003D117F8682C162A99D1152918BF23
:109570004FF00E09F9E04FF00E09FAE057F8DA1C47
:10958000C5EA00400A0A40EA0160000A40EA0260B7
:10959000129017F8D60C000640EA1120000A02903B
:1095A00006F0010010900B20FFF7F9BB02200B948E
:1095B00047F8D80C57F8580C129057E915401090FE
:1095C00057F84C0C11900CF01AFD0E46C00771D0E4
:1095D000B24662E137F85B0C089017F85C0C0C900F
:1095E00037F85E0C079057F8680C09F04BFCC0F395
:1095F00007215FFA80FCBCF1020F3FF40FAFDDE9F9
:1096000009200D9B42EA0042119803600B9BC0F8B1
:109610000730A0F80B20120C109B42730DF58C62E2
:1096200083800F988DF870040E988DF8770499E870
:10963000290029C20898ADF858040798129AADF885
:109640006E040CF001008DF85A0430043FFA80F0EB
:1096500040EA0263100A08228DF86D848DF86CA42C
:109660000290DEE6C0073FF4F3AB0CF0D0FC0CF048
:1096700001FD18BF00F07F4111444FEA11413FF452
:1096800058AAC0073FF4E4AB0F98ADF8770428045C
:1096900002900020129003200590ADF87D44ADF8B3
:1096A0007B84DDF84480009CADF87994ADF86014BB
:1096B000FFF776BBA7F160002946ECF708FE17F824
:1096C000600C17F85F1C01280C915ED1DDF830A00A
:1096D000E3E0A7F1600000F067FE57F8DB0CA7F1AC
:1096E000DC06CDF8780406F1080057F8D81CCDF850
:1096F0007B140DF58C6190E83C003CC10B2206F117
:10970000290157F8C30CCDF8580457F8BA0CCDF816
:10971000500437F8B60CADF8540437F8BF0C089075
:1097200017F8C40C0C9017F8BD0C079017F8BC0C78
:109730000A9017F8BB0C099017F8B40C01900DF2C1
:109740000C4021F058FF1198C1460E9900230A22BF
:1097500081808046059901600B998DF870140D99F0
:10976000090402910AE04FF00E09A7F1600000F031
:109770001BFEDDF844800F22A7F1F00A8AF8009062
:10978000B4E5E24B002006F084F817F85A0C0F906D
:1097900057F85E0C0E900CF032FCC00743D08A469E
:1097A0007BE0D94B0020294606F073F8C8B20228A6
:1097B00000F0578117F8643C01F001018DF8763410
:1097C00057F8683CCDF8723457F8A43C1098CDF89F
:1097D000793417F8A03C000C07F8F01C0B998DF8B1
:1097E0007D340D9B8DF8621412998DF87E340E9B9A
:1097F0008DF878340F9BADF8600446EA05208DF8AB
:10980000773440EA014311980C9A00048DF87144B2
:1098100040EA11400A99120C8DF87084ADF8632467
:10982000092202905FE5C8B228B3012833D1A7F11D
:109830006000294603F025F80CF0B1FD3FF4E2ADDD
:1098400057E9163057E9142140EA010C08931343F5
:1098500053EA0C033FF40BAA130A43EA0163039390
:10986000030A43EA02620492089A120A42EA00607A
:109870000590080A04E0002008900590CDE9030057
:109880000790A7F1DC00ECF7B9FEC0070D910AD0F4
:10989000DDF834A001E04FF0090A0F22A7F1F00033
:1098A00080F800A022E50D98C0B202281CBF57F82E
:1098B000D80C00283FF4DBA957F8DC1CA7F16000A6
:1098C00002F0B4FF0CF06BFD3FF49CAD57F85C0C5C
:1098D0000A900328BFF4CBA9B9F1010F3FF4C7A93F
:1098E000A7F160002946814602F0A0FF0CF057FD69
:1098F0003FF488AD0F9840EA06200F901298000AB6
:1099000040EA04600290200A109C40EA0460009043
:10991000200A119C260A40EA046010900D9800F07D
:109920000100099057F85C0C47E93750A7F1DC05B6
:10993000002001902846ECF7ACFDC0F30721C2B22D
:10994000022A3FF42CAFC00700F09C800198402809
:109950003FF48DA9019A09EB0200013201920171D5
:10996000E8E700BF80E703008CF303000E21CCB2D0
:10997000032500204FF006094FF0100A0DF158089A
:10998000149E08F11102C5EA0040012333700B0C4C
:1099900091801199CDE91790129811600F99ADF847
:1099A0005A0010988DF8590008F1180093718DF83D
:1099B000681019948DF858A0DAA991E8780078C059
:1099C0004FEA1E4090760C988DF8800009988DF82B
:1099D00089000A988DF8880007988DF88700089804
:1099E000ADF885000E988DF88400D898CDF88A00DF
:1099F000BDF86403A2F818E04322ADF88E0008F128
:109A000039008DF890C0C7A921F0F5FD0D988A2284
:109A10008DF8D5000B988DF8D40008F17E00A4A92C
:109A200021F0E9FD159801F026F9BAF1100F04D1E3
:109A300008F10400FEF7AAFC04E008F1010159A8AE
:109A40000CF00CFD139840F2071200F801AB59A975
:109A500021F0D1FD01208BF8D8010DF2545D0CF0FE
:109A6000F5B90E213CE40E25FFF764B9254806F050
:109A70007EFC0F220E25DDF84480FFF7D0BA204887
:109A800006F075FC019809F1010147F8600C0DF230
:109A90000C40432221F0AFFD10980AF0010ACDF8E6
:109AA0007804002300980C22CDF874040298CDF8B5
:109AB00070040398CDF869040498CDF865040598FE
:109AC000CDF861040E98CDF8580408988DF860041C
:109AD000300C8DF87E040798ADF86D04000CADF8DD
:109AE0007C648DF86F041298000402900F98ADF812
:109AF0005C0480B208900DF20B40D1E6FEDE00BFA0
:109B000060E70300F4EA030070E7030090E7030056
:109B1000F8B504AF00680A460178212908D104305D
:109B200002900B480B49009002AB10460A2206E057
:109B30000390054800901046044903AB072205F046
:109B4000C0FF04B080BD00BFA19B0100B6EE0300C2
:109B500059130200ACEE0300006802684AB1D1E973
:109B60000001012ACB6807BF0A490B2208490922D4
:109B70001847E0B502AF0430084A0190064800904B
:109B800001AB08461146042205F09BFF8CBD00BFC7
:109B900075EE03006AEE030059130200A4DB030014
:109BA000E0B502AF00680278DFE812F021007F0024
:109BB0005F006F0041009D00AF007700C7004F00BD
:109BC000BD003B004700A500350069002D008D0059
:109BD000B700DF009700A100D900E500590053004D
:109BE000F3002700E900EE00CD008900D300964A7B
:109BF00001300190934800903CE0D1E90001092236
:109C0000CB686D49CAE0794A0130019076480CF082
:109C1000AFFB0D2276E0D1E900011F22CB68764927
:109C2000BCE0D1E900012422CB687749B6E0D1E954
:109C300000011122CB687C49B0E00CF01DFB714A99
:109C4000031D08461146102274E00CF007FB704912
:109C50009DE0D1E900010722CB6859499EE0D1E996
:109C600000010D22CB68574998E0013001907148FE
:109C70000090714A0846114601AB032242E05D4A5A
:109C8000043001905A48009022E0694A0130019066
:109C900066480CF06DFB082234E0604A0130019008
:109CA0005D480CF065FB18222CE00130644A0190FD
:109CB0006248009001AB08461146092222E00CF0F0
:109CC000CDFA39495EE00230019045480090454A9E
:109CD0000846114601AB112214E0D1E90001082227
:109CE000CB683C495AE00CF0B9FA4E494AE00CF016
:109CF000B5FA374946E0424A013001903F480CF03E
:109D000037FB0A2205F0DDFE8CBD0CF0B5FA444AA3
:109D1000031D0846114614220CE0D1E9000110226F
:109D2000CB682E493AE00CF0A7FA384A031D0846E2
:109D30001146222205F066FF8CBDD1E900011D22EB
:109D4000CB6834492AE0D1E900011A22CB681749CF
:109D500024E0D1E900010522CB6812491EE0D1E9D7
:109D600000010B22CB68194918E0D1E90001122249
:109D7000CB68194912E00CF071FA134902E00CF0BB
:109D80006DFA0C490C2209E00CF068FA0849162219
:109D900004E0D1E900010422CB68084902B0BDE823
:109DA000804018475AEE03004EEE030034EE0300E5
:109DB0001EEE030012EE030009EE0300ACDB03000D
:109DC00002EE0300F5ED0300E9ED0300DEED030014
:109DD000D2ED030098EB0300C0ED0300E8EC0300B4
:109DE000C59E0100AFED0300819E0100A2ED0300BE
:109DF00081EB010091ED030072ED0300999E0100DB
:109E000068ED030018ED030094EC030072EC03000E
:109E10005CEC03003FEC0300135A020027EC030044
:109E20000DEC030001EC0300F0EB0300D5A20100F0
:109E300090EB03004D9E01008CEB0300A9A20100F2
:109E400083EB0300E99E010080EB0300F8B504AF4B
:109E500000680A46039003A905230648CDE90031AE
:109E60000549064B029010460C2205F08DFE04B009
:109E700080BD00BFC50E02007EEE0300F8E90300BE
:109E800080B56F46D1E900010722CB680149BDE8E2
:109E90008040184792F1030080B56F460068074A7A
:109EA000074B0078002818BF13464FF0110218BF67
:109EB0000C220CF0FDF9BDE88040604701EC030086
:109EC000F0EB0300D0B502AF0068054A008852F8F5
:109ED0002040044A0CF041F8BDE8D040184700BFCC
:109EE000D4F30300A4F30300DCB504AF0246D1E9C8
:109EF000000112681378013B472B00F25880DFE81D
:109F000013F04800B900A000D500DD00AC00BD0092
:109F1000C000EC00E4008800AF0099007C00C7009E
:109F2000CB00F700F00075009D000301790096005A
:109F30008500B2007F001A0117018F00A400D10034
:109F4000A80027018B00F30024016E00E1006B00E4
:109F500067009200B5005600FF0050007100C40079
:109F6000D90056002B015600CE0064005300370183
:109F700021016100E800FB005E00130107015600AB
:109F80003F0133013B010B010F0182001D014C0019
:109F90002F01CB68DFF80413E0E0CB6809227D498C
:109FA000F1E0CB68924983E0CB688A493DE0BC4B45
:109FB000CDE900236B46BB4A04F056FEDCBDCB68FE
:109FC0007E49CBE0CB688049A0E0CB6882495AE06B
:109FD000CB680E228A49D6E0CB688A49A2E0CB68DA
:109FE0008A49CBE0CB6824228049CCE0CB6821228F
:109FF0009849C8E0CB68944917E0CB689A49B9E022
:10A00000CB688D497EE0CB68644964E0CB688C49BD
:10A01000A4E0CB68974962E0CB682A227E49B2E08F
:10A02000CB6882499EE0CB6874492322ABE0CB68C1
:10A03000844939E0CB682C228C49A4E0CB68844960
:10A0400054E0CB68102293499DE0CB682E227649DC
:10A0500099E0CB684022724995E0CB688A4912E0CA
:10A06000CB6883490FE0CB68744934E0CB681F228A
:10A07000614988E0CB681D22874984E0CB6881492B
:10A0800074E0CB687E4912227DE0CB68564969E0D6
:10A09000CB682F22734976E0CB6871492EE0CB68FC
:10A0A0004E4957E0CB685F4911226CE0CB68784994
:10A0B0000C2268E0CB6820224A4964E0CB68162273
:10A0C000724960E0CB6850491CE0CB6831226A4994
:10A0D00059E0CB683B490F2255E0CB68674919220C
:10A0E00051E0CB685C4949E0CB684A4938224AE0F4
:10A0F000CB682622594946E0CB683149222242E00A
:10A10000CB683C491A223EE0CB68504934223AE001
:10A11000CB683D22274936E0CB680D22214932E049
:10A12000CB681F491B222EE0CB68282222492AE057
:10A13000CB683F4916E0CB683E490FE0CB68082268
:10A14000154920E0CB68214908E0CB68304905E09B
:10A15000CB683249172216E0CB682149132212E05E
:10A16000CB680B4915220EE0CB68104918220AE093
:10A17000CB6817492B2206E0CB680B491E2202E070
:10A18000CB684C220A4902B0BDE8D040184700BF56
:10A190004203040039030400A0EB03002A03040077
:10A1A0000F03040002030400E4020400CC020400D4
:10A1B00080020400430204001B02040008020400A1
:10A1C000E6010400D7010400A3010400900104008B
:10A1D000650104004201040030010400190104007B
:10A1E00006010400A6000400710004004D000400F4
:10A1F000410004002700040008000400E5FF0300FC
:10A20000D7FF0300BCFF0300A2FF030084FF03008D
:10A2100071FF030039FF03000FFF0300F8FE030086
:10A22000B8FE0300A7FE030079FE030064FE0300EE
:10A230004FFE03003CFE030022FE030013FE03005A
:10A2400000FE0300EFFD0300CCFD030098FD0300BA
:10A2500060FD03003FFD030021FD0300FBFC030044
:10A26000D9FC0300AAFC03007FFC030053FC03009D
:10A2700041FC030028FC0300F7FB0300DEFB0300A6
:10A28000CCFB0300B4FB0300A2FB03008CFB030028
:10A2900080FB0300B8EC030063FB030050FB0300EA
:10A2A00031EB0100D1CE030080B56F460068074A4C
:10A2B000074B0078002818BF13464FF00B0218BF59
:10A2C0000C220BF0F5FFBDE88040604701EC030075
:10A2D0005FEE0300D0B502AF0068054A007852F87F
:10A2E0002040044A0BF039FEBDE8D040184700BFBB
:10A2F00048F4030004F40300D0B502AF86B004466E
:10A30000042A02D2002020700BE0074804230090AA
:10A3100002A800F031FE0299DDE904020968A2609A
:10A320002160606006B0D0BD40FB0300E0B502AF25
:10A330000068019001A8EDF7E5F98CBDE0B502AF2A
:10A340000068019001A8EDF707FA8CBDE0B502AFF7
:10A350000968019101A9FDF70FFF8CBDE0B502AFBF
:10A360000968019101A9FDF72DFE8CBDE0B502AF92
:10A370000968019101A9FDF7D9FF8CBDE0B502AFD5
:10A380000968019101A9FDF7EAFF8CBDB0B502AFE4
:10A39000051D0C4634B155E901010BF029FC013CC7
:10A3A0001035F7E7B0BDD4D40168426B8A429EBF36
:10A3B00000210160704780B56F46024B10460A4687
:10A3C00005F067FA9CF10300D0B502AF04460068BF
:10A3D00020B90BF0BAFE0BF0C0FED0BD044806F069
:10A3E000E3F808F0A7FF06F0C7F906F011F900BF7F
:10A3F0002600000080B56F4618B1BDE880400BF024
:10A40000F7BB80BDD0B502AF0446807C032804D0E2
:10A41000042804D1206800F07FF90020E074D0BD4A
:10A4200080B56F4690F88810032918BF80BD2C3086
:10A43000BDE8804000F083B8D0B502AF0446C079D3
:10A44000032804D0042804D1206800F0F1F900208A
:10A45000A071D0BD80B56F464179032918BF80BD7A
:10A460000430BDE8804006F00BBC80B56F46017B30
:10A47000032918BF80BD0430BDE88040FFF7EABF64
:10A48000B0B502AF051D0C4634B155E90101FFF727
:10A49000B1FF013C1035F7E7B0BDD4D480B56F46AD
:10A4A0000548002101220160044942500168002949
:10A4B000FCD00021016080BD14710040F4FEFFFF5C
:10A4C00080B56F4690F80013032918BF80BD00F5D2
:10A4D0008470BDE8804000F0E3BB80B56F4690F823
:10A4E0003410032907D0042918BF80BD5830BDE8B7
:10A4F000804000F0F0BA5830BDE8804000F08DBADE
:10A5000080B56F4690F8D811032918BF80BD0C3074
:10A51000BDE8804000F0AFBB80B56F46C0B2BDE87B
:10A5200080401FF0BBBA80B56F4690F850100329E9
:10A5300018BF80BD0C30BDE8804000F016BC80B56F
:10A540006F4690F85810032918BF80BD1030BDE841
:10A55000804000F016BC80B56F46C2B2102A08BF1A
:10A5600080BDBDE8804000F0D7BBF0B503AF2DE95A
:10A5700000078AB0D0F800A0044686680020A060DA
:10A580001EB304F10C000DF1140808F1080190E865
:10A590002C002CC194F80490DAE900014A4607F037
:10A5A0008BFD0A68B0F85803013A0A600AF57E711B
:10A5B000ADF81400684642460696EDF75BFC01983C
:10A5C00028B102990BF014FB01E094F80490504676
:10A5D000494600F057F8E16800200AB0BDE80007DE
:10A5E000BDE8F040FFF706BFD0B502AF0446D0E9A2
:10A5F0000201FFF7FFFE21792068BDE8D04000F09E
:10A6000041B8D4D480B56F4602C8DFE801F0020239
:10A610000206BDE8804000F004B8BDE8804000F0CC
:10A6200017B8B0B502AF88B00446D0E90620436938
:10A630000020009002AD21462846F2F747FE28464A
:10A6400000F07FF9204608B0BDE8B040FFF7CCBF6E
:10A65000B0B502AF88B00446D0E9062043690121B5
:10A6600094F82000CDE9001002AD21462846F2F70B
:10A670002DFE284600F065F9204608B0BDE8B04040
:10A68000FFF7B2BFF0B503AF4DF804BD0A4606466A
:10A69000D0E90001F2F73AFC0C461349054606F5ED
:10A6A000767000F084FB0E4695F85E13B1B1013967
:10A6B00085F85E13090604BF95F85C13042905D0DC
:10A6C0000BF0F2FD0BF049FD0BF080BC103041F2B5
:10A6D0000131A5F85C1306F035FBF1E7034805F0FE
:10A6E0006FFF05F095FF00BFC8E103006A0000009E
:10A6F00080B56F460178042907D0082918BF80BDAE
:10A700000430BDE88040FFF77DBF90F83A00BDE817
:10A7100080400BF097BAD4D480B56F4609490968D8
:10A72000C9050AD1094900F05DFBD0F80021013AC2
:10A73000C0F800210BF0E8FB80BD034805F040FFA6
:10A7400005F066FF04ED00E02500000034E603009C
:10A75000F0B503AF2DE9000F89B08246304800689C
:10A76000C00557D189463049104600F03BFB0546ED
:10A77000D0E90046D0F8EC0005F1080B8846013816
:10A78000C5F8EC00584601F0B6FE241A66F1000048
:10A79000BAEB040179EB000035D3E9465946484647
:10A7A00001F0F5FEBAEB0400049004D0411E6846A7
:10A7B00000F086FB50B105AC99E84E0020464EC033
:10A7C0000BF023FF10B10BF02FFFF9E700206C46D0
:10A7D000D5E90212914202D12A7CD2070DD005EBB5
:10A7E000C101896949B92046594601F0F6FE9DF834
:10A7F000000002280BD00120EAE7C0071CBF05F1CA
:10A80000C80007F011FC0BF0FBFA0BF0D2BA0748B6
:10A8100005F07EF8034805F0D3FE05F0F9FE00BF11
:10A8200004ED00E02500000044E603009CD903008D
:10A8300080B56F4608490968C90508D1084900F084
:10A84000D1FA026C013A02640BF05EFB80BD034852
:10A8500005F0B6FE05F0DCFE04ED00E0250000008A
:10A8600034E60300B0B502AF456875B102890068EF
:10A87000D0E90001F2F750FC38B10C46D0F8401393
:10A8800029440BF0A0FD0BF068FCB0BDD0B502AFC1
:10A89000044690F88800032801D028B1D0BD04F107
:10A8A000400000F02AF818342046BDE8D040FFF7F9
:10A8B0005CBEB0B502AF04460025902D08D06019EB
:10A8C000017D032904BF0430FFF7CFFD1835F4E7FD
:10A8D000B0BDD0B502AFF2F71FFC68B10C4690F8DE
:10A8E0006F130022012980F86F2304BF00F51E704A
:10A8F00006F028FA0BF031FCD0BD80B56F4690F819
:10A90000441039B1032918BF80BD1430BDE8804020
:10A9100000F020B8D0E90101BDE880400BF068B933
:10A9200080B56F46014640684A7A00F5B7601AB1B3
:10A93000BDE88040F6F7F7BF097ABDE88040F6F73A
:10A94000D6BF80B56F46016819B1BDE88040FFF7FA
:10A950000CBE80BD80B56F4690F82D1041B1032923
:10A9600018BF80BDD0E90601BDE88040FFF742BDB9
:10A97000D0E90001BDE880400BF03AB9D0B502AF94
:10A98000044690F83100052809D006280ED104F1BC
:10A99000480000F00CF8A06BA28F0BF0FAF9D4E994
:10A9A00000010BF025F9002084F83000D0BD80B5FF
:10A9B0006F4690F82510042918BF80BD2830BDE8E7
:10A9C0008040FFF74FBFD4D480B56F46817C0E39ED
:10A9D0000B2911D8DFE801F006101011101010102B
:10A9E000060B100B1830BDE8804000F02BB8143077
:10A9F000BDE8804000F006B880BD1430BDE880405E
:10AA000000F052B880B56F46017B042918BF80BDA5
:10AA10008068BDE88040FFF7D7BCD0B502AF0446E0
:10AA200090F85C00011F042906D3032818BFD0BD8D
:10AA300004F1600000F02DF8E06B4068BDE8D04004
:10AA400000F077B880B56F4690F8A810032998BF3A
:10AA500080BDD0F89000BDE88040FFF7B5BC80B560
:10AA60006F4690F87C10032918BF80BDBDE8804078
:10AA700000F003B880B56F4680BD80B56F4690F892
:10AA80002010042918BF80BD2430BDE88040FFF7A6
:10AA900034BF80B56F46417C042918BF80BD406833
:10AAA000BDE88040FFF790BC80B56F46817F0329E9
:10AAB00038BF80BD2430BDE8804000F01AB880B5B2
:10AAC0006F4690F8A410032918BF80BD2430BDE85C
:10AAD0008040FFF7C4BF80B56F4690F8441031B195
:10AAE000032918BF80BDBDE88040FFF719BF38308B
:10AAF000F9E7D0B502AF044690F82700042818BF44
:10AB0000D0BD04F13C00FFF752FFE06A228ED0E98D
:10AB10000001BDE8D040FFF7DCBE80B56F4690F87D
:10AB20009410032918BF80BD0430BDE88040FFF7B2
:10AB3000C0BE80B56F4600F5B7600021BDE880401B
:10AB4000F6F7D5BE80B56F4690F8EC10032918BF14
:10AB500080BD1830BDE8804000F00CB880B56F466D
:10AB600090F8F810032918BF80BD2430BDE880405C
:10AB700000F000B880B56F4690F84410032908D063
:10AB8000042918BF052909D14830BDE88040FFF7E6
:10AB9000D6BC4830BDE88040FFF742BC80BD80B5E0
:10ABA0006F4690F85C10032918BF80BD0830BDE8DF
:10ABB0008040FFF7B8BC80B56F46017C032907D001
:10ABC000042918BF80BD1830BDE88040FFF7B7BC2E
:10ABD0001430BDE8804000F035B8D4D480B56F465D
:10ABE00090F82C100339052918D8DFE801F0031775
:10ABF000170D08123030BDE8804000F02EB830301C
:10AC0000BDE8804000F01EB83030BDE88040FFF75E
:10AC1000C6BF3030BDE8804000F001B880BD80B5CF
:10AC20006F4690F86010052907D0062918BF80BD2F
:10AC30006430BDE88040FFF7B2BF7430BDE88040AB
:10AC4000FFF780BF80B56F46017C042918BF80BD27
:10AC50001830BDE88040FFF772BC80B56F46017FB9
:10AC6000042918BF80BD2030BDE88040FFF797BFA2
:10AC700080B56F4680BDD0B502AF044690F8350070
:10AC8000032809D0042803D0052818BFD0BD03E04D
:10AC900004F13800FFF7A2FF002084F83400D0BD93
:10ACA000D0B502AF044690F83500032804D004283C
:10ACB00007D0052818BFD0BD04F1380000F00AF80D
:10ACC00003E004F13800FFF789FF002084F8340026
:10ACD000D0BDD4D480B56F4690F8501006390729FE
:10ACE0000AD8DFE801F00A0F0904091409045430F6
:10ACF000BDE88040FFF7A6BF80BD5430BDE880406E
:10AD0000FFF72CBF5430BDE88040FFF754BF5430EC
:10AD1000BDE88040FFF783BF80B56F46C0B207280B
:10AD200018BF80BD0846BDE880400AF08BBFB0B5B3
:10AD300002AF00F13A050C463CB115F83A0C15F893
:10AD4000401BFFF7E9FF013CF6E7B0BDD0B502AF0D
:10AD5000044690F82000042806D1E0690078FFF747
:10AD6000DBFB002084F82200D0BD80B56F4690F850
:10AD70004010032918BF80BD0C30BDE88040FFF7AC
:10AD8000E5BF80B56F4690F84410032918BF80BD19
:10AD90001030BDE88040FFF7D9BF80B56F46C0B224
:10ADA000032818BF80BDBDE88040FFF777BB02468F
:10ADB000006828B94FF0FF31104602C011467047B5
:10ADC00080B56F46084605F035FAD4D401460068D0
:10ADD00008B90BF052BC80B56F46014805F02AFA5D
:10ADE000BC1204000246006830B94FF0FF31104633
:10ADF00040F8081B1146704780B56F46084605F0BD
:10AE000019FAD0B502AF0C6844B94FF0FF330C46C5
:10AE100044F8083BC0E900428160D0BD184605F007
:10AE200009FAD4D40146006808B90BF026BC80B5F5
:10AE30006F46014805F0FEF9D4E5030002460068BC
:10AE40006FF0004398423FBF411C104640F8081B7A
:10AE5000114638BF704780B56F46084605F008FABE
:10AE6000B0B502AF0C686FF00045AC423FBF631C49
:10AE70000C4644F8083BC0E900423CBF8160B0BDCD
:10AE8000184605F0F5F9B0B502AF0C686FF0004553
:10AE9000AC423FBF631C0C4608C4C0E900423CBF43
:10AEA0008160B0BD184605F0E3F980B56F46D0E982
:10AEB000001291422FBF00204A1C0260012080BD79
:10AEC000B0B502AF044629B10D460BF09EFB30B180
:10AED000013DFAD12046BDE8B04001F0E9BD0020B7
:10AEE000B0BDB0B502AF044631B10D46204601F009
:10AEF000F8FD30B1013DF9D12046BDE8B04001F088
:10AF0000F0BD0020B0BD80B56F46134641B1492960
:10AF10003EBF0130013980BD0120482204F0B9FC58
:10AF200001200021F9E780B56F460BF06BF8052290
:10AF3000BDE88040ECF704BD80B56F460BF062F8C9
:10AF40002022BDE8804008F0DBB980B56F460BF0E9
:10AF500059F81F22BDE8804008F0D2B9D0B502AF41
:10AF600000211F22102906D0435C845C4454013127
:10AF70008354013AF6E7D0BDD0B502AF9A4221BF63
:10AF8000D21ACC1880E81A00C26028BFD0BDBA68B7
:10AF90001321014803F05AFED8210400F0B503AF95
:10AFA0004DF804BD0B68022B04D192E87A1080E8BA
:10AFB0007A1005E091E8785080E87850106808B180
:10AFC0000BF004B8D2E902015DF804BBBDE8F04023
:10AFD000FFF710BAE0B502AFCDE9000101A968465C
:10AFE00003F0E4FDF0B503AF2DE9000B9EB0804601
:10AFF000D0180C46039014F8080B0D46CDE9012239
:10B00000DFE810F00F003C01ED00F3004E004001BE
:10B01000670129019E01AB00810134005B006101E1
:10B0200013006A6801A80021DCE001A80E2101F0EC
:10B0300093FCC0B2102840F03B826E6801A83146F4
:10B0400001F0B8FCC0B2102840F03282DDE9020203
:10B0500005F10801002E00F04D81904200F0288299
:10B0600011F8013B013E00F8013BF3E701A80B2179
:10B0700001F072FCC0B2102840F01A820BF049FABD
:10B0800000F01682AA780BF069F900F01182697855
:10B09000417002300290E81C01A9EBF767FB24E144
:10B0A00001A8042101F058FCC0B2102840F0008231
:10B0B000687801A906F041FF17E101AE0C21304686
:10B0C00001F04AFCC0B2102840F0F2810BF021FAE6
:10B0D00000F0EE8195F87C200BF040F900F0E8815B
:10B0E00095F87D1041700230029094E80F000096B0
:10B0F000EBF7EEFAC1B2102940F097810BF009FA94
:10B1000000F0D68195F82E100DF1040900F8011B0E
:10B11000029005F128004946EBF728FBC1B210293F
:10B1200040F0838104F110030FCB0BF0ABF800F07B
:10B130009381DDE90246B44200F0BA81012604F8A9
:10B14000016B0294CDF80090EBF7C2FAC1B210295E
:10B1500040F06B81DDE9020184E101A8092101F0E1
:10B16000FBFBC0B2102840F0A381A81C01A902F08B
:10B17000EDF9C1B2102940F0588105F1090001A98B
:10B1800002F0E4F9C1B2102940F04F8105F110003E
:10B1900001A902F0DBF9C1B2102940F0468105F1A6
:10B1A000170101A8EBF704FBC1B2102940F03D8163
:10B1B00005F11A0101A8EBF7FBFAC1B2102940F022
:10B1C00034810BF0A6F900F07981697F024602F81C
:10B1D000011B03998A4200F07181697822E16A6853
:10B1E00001A80221E6F735F97FE001A8032101F06B
:10B1F000B3FBC0B2102840F05B81288A01A9EBF7AD
:10B2000035FAC1B2102940F01081D5E9022301A816
:10B21000EBF7ECFAC1B2102940F00781688A01A966
:10B22000EBF724FAC1B2102940F0FF80A88A01A9E7
:10B23000EBF71CFAC1B2102940F0F780E88A01A9A7
:10B24000EBF714FAC1B2102940F0EF80288B01A966
:10B25000EBF70CFA49E001A8072101F07DFBC0B231
:10B26000102840F02581681C01A902F06FF9C1B2D5
:10B27000102940F0DA8005F1080033E06A7801A86F
:10B28000012123E001A8052101F066FBC0B21028CE
:10B2900040F00E8101A84FF4807101F08BFBC0B229
:10B2A000102840F00581DDE90240001BB0F5807FE9
:10B2B000C0F0FE80691C20464FF4807220F09BF99C
:10B2C00004F5807016E06A7801A80D21E6F7A3F86E
:10B2D0000BE001A8062101F03FFBC0B2102840F0AE
:10B2E000E780681C01A902F031F9C1B2102940F0D1
:10B2F0009C8002980199002900F0DA80401A04220B
:10B30000C8E90020D7E001A80A2101F025FBC0B25E
:10B31000102840F0CD80D5E9022301A8EBF766FAAA
:10B32000C1B2102940F08180296905F114000DF1A6
:10B33000440C0022002401EB41014FEA410E31E0B0
:10B3400001A8082101F008FBC0B2102840F0B0802D
:10B350006C6801A8214601F02DFBC0B2102840F016
:10B36000A780C4EBC40405F108060DF10409002C04
:10B3700043D03046494602F0E9F8073C0736C1B2EF
:10B380001029F4D051E0302A00F09A800CEB020131
:10B39000B0F8036030F8063B0632A1F807600134CC
:10B3A0008D718B8096451CBF8578152DEBD111943E
:10B3B00004AC11A934220AF08AFD049D01A8294693
:10B3C00001F0F8FAC0B210283BD105EB4500043477
:10B3D00001AD4600BEB320882946EBF747F9C1B25C
:10B3E00010297FF482AFA01C294602F0FFF8063E28
:10B3F0000634C1B21029EDD077E705F1240001A988
:10B4000002F0A4F8C1B210290FD195F82B00012841
:10B410001BD10BF07EF84BD001220AF09FFF47D0E2
:10B4200095F82C104170023064E7811ECAB20B2AD5
:10B4300004D2C8B2274951F820003AE0C1B2032033
:10B4400037E0022051E710204FE70BF062F82FD0D1
:10B45000002100F8011B4DE70BF05BF828D000221B
:10B4600000F8012B884223D095F8311000F8011B19
:10B4700095F83010029001A801F06EFAC0B21028C1
:10B4800016D1AE6B01A8314601F094FAC0B2102873
:10B490000ED1DDE9020205F13C01002E3FF42AAF96
:10B4A000904205D011F8013B013E00F8013BF4E762
:10B4B0000020C8E900011EB00AF056BE0021B8E71E
:10B4C00002481721024A04F0F1FE00BF20E9030000
:10B4D00038E903008CF40300F0B503AF4DF804BD68
:10B4E0000A78DFE802F0323427291F4111111B1DB1
:10B4F000113D11192511172D3F49393B474B232188
:10B5000051154D4F432B450091E87C007CC03DE038
:10B510001B213AE0102138E00D2219E0082134E027
:10B52000092132E0042130E019212EE018212CE01D
:10B530000E212AE002220BE0032209E01F2124E071
:10B54000112249880270418020E0002200E001229F
:10B5500049780270417019E0142116E0152114E0B9
:10B560000B2112E0122110E005210EE01E210CE05B
:10B5700020210AE0162108E0132106E0172104E04B
:10B580001C2102E01D2100E01A2101700AF01EBDFD
:10B59000F0B503AF4DF804BD0446764804F0C6FF8D
:10B5A00025780D2D15D10AF061FE784804F0BEFF14
:10B5B0002579092D26D10AF059FE794804F0B6FF05
:10B5C000207A04F0BCFF608904F0B0FFD4E90301E5
:10B5D000B5E00020002604F0B2FF674804F0A6FFA3
:10B5E000B5F10A0098BF3046E0B1012829D10AF030
:10B5F0003DFE634804F09AFFA08904F097FFD4E968
:10B6000001019CE00AF07AFF614804F08FFFDFE857
:10B6100005F00543233221505B415F000AF06EFFC5
:10B62000E08811E00AF06AFF564804F07FFFDFE887
:10B6300005F0066A575C517A8C6096538E000020A4
:10B6400062E00BF03EF94D485DF804BBBDE8F04008
:10B6500004F06CBF04202DE00BF033F94D4804F0EA
:10B6600065FF4D48257D04F061FF681E18BF01206D
:10B6700004F065FF15E00BF0CFF8607904F05FFF90
:10B68000208904F053FFA0795DF804BBBDE8F040C9
:10B6900007F0CCBD072018E00AF0E8FD3F4804F0B1
:10B6A00045FF04F108005DF804BBBDE8F0400AF076
:10B6B00051BA052004F043FF04F108005DF804BB13
:10B6C000BDE8F0400AF058BA062004F038FF34E034
:10B6D000082048E0042004E0092004F030FF8EE751
:10B6E000022004F02CFF6088AEE70BF095F860882C
:10B6F00083E7072004F023FF608804F017FFA08889
:10B7000004F014FF19E0012004F019FF608A04F02E
:10B710000DFFA08A04F00AFF601C5DF804BBBDE8C1
:10B72000F0400AF039BA052004F009FF6088164D90
:10B73000A847A088A847E088A847D4E902015DF897
:10B7400004BBBDE8F04005F073BB062000E00A2012
:10B7500004F0F5FE608804F0E9FEA08874E7082094
:10B7600004F0EDFE60785DF804BBBDE8F04004F045
:10B77000E6BE00BF430100004F010000440100008D
:10B78000550100004C0100002D0502005001000091
:10B79000460100004801000054010000470100007C
:10B7A0004B010000D0B502AF0446044804F0BEFED1
:10B7B0002078BDE8D04004F0C2BE00BF0F000000FA
:10B7C000D0B502AF04460A4804F0B0FE2088012834
:10B7D00009D10AF04BFD074804F0A8FE6088BDE8D7
:10B7E000D04002F01DBF0020BDE8D04004F0A7BE4D
:10B7F0000900000084000000F0B503AF2DE9000B44
:10B800000246888A938A146958400B69634018433A
:10B810004FF0000034D1937D8C7D6340DB072FD146
:10B82000D2E9004ED2E90259D1E9006CD1E90238DF
:10B8300048EA09004CEA0E0146EA0402084343EADA
:10B840000501114344EA050208434EEA0901B0FA32
:10B8500080F04009114313D046EA03014CEA080284
:10B8600011430DD084EA060085EA030108438EEAFD
:10B870000C0189EA080211430843B0FA80F040093C
:10B880000AF006BED0B502AF024600780B789842A7
:10B8900020D1831F0120082B1DD8DFE803F01009F9
:10B8A000050505051C050500487851780AF0F9BE24
:10B8B0004878537883420DD188789178F6E74878B4
:10B8C0005378834206D188789378834202D1C8782E
:10B8D000D178EBE70020D0BD80B56F460AF0C4FFF9
:10B8E000002818BF012080BDBFB506AF0A46044638
:10B8F000002001F5B8716D46CDE90200CDE90000E8
:10B9000010462A4600F042F8204629460AF000FB7D
:10B91000BFBDB0B502AF0446D0F800013F2808D241
:10B92000811CC4F8001154F8205004EB80004168D9
:10B930000EE007D120460121D4F8FC5001F0F6F8C2
:10B94000216805E02046022101F0F0F8D4E9005119
:10B950002846B0BD02780B789A421CBF0020704781
:10B960000131013022B1012A09D10968006801E0E2
:10B9700009880088401AB0FA80F04009704780B505
:10B980006F460AF071FF0AF0CCBBD4D4F0B503AF18
:10B990002DE9000F8DB091F8109090462A4B834608
:10B9A00010220C46484607F040FE002219B100F86C
:10B9B000012B0139FAE7002558462574CDE90155D8
:10B9C000CDE9035501AE314608F028FE0DF1140A09
:10B9D00031465046FBF75AFA0BF5B076102D09D0D8
:10B9E0000BEB0501605D013591F86021504081F855
:10B9F0006001F3E7B9F1100F07D10020102816D02D
:10BA00001AF800100AF03BFBF8E716F8090080F07E
:10BA1000800006F8090009AC05A92046FBF736FAB4
:10BA20000020102803D0215C0AF029FBF9E75846D2
:10BA3000314608F0F3FD404631460AF069FA0DB090
:10BA4000BDE8000FF0BD00BF38190400D0E90023A5
:10BA50009A4208D0D0B502AF144614F8011B046016
:10BA6000BDE8D04000E00421D01AB0FA80F04009CF
:10BA70007047D4D4D0B502AF0F4A1269BFF35F8FBD
:10BA8000A2B15268012301441360002388420AD006
:10BA9000D2F80041002CFBD0C2F80031D2F80845A2
:10BAA00000F8014BF2E701205060D0BD034804F0DC
:10BAB00087FD04F0ADFD00BF706A0020210000008A
:10BAC000B0B502AF0AF041FF09D148680D4611F048
:10BAD0001AFA0AF054F908BF02320AF081BD01488F
:10BAE00004F045FCA0EF0300B0B502AF0AF02DFF53
:10BAF00009D148680D4611F09BFA0AF040F908BFD9
:10BB000002320AF06DBD014804F031FCD0EF0300B1
:10BB1000B0B502AF0AF019FF09D148680D4611F01F
:10BB2000B8F90AF02CF908BF02320AF059BD0148F1
:10BB300004F01DFC40F00300B0B502AF0AF005FFB1
:10BB400009D148680D4611F05EF90AF018F908BFEE
:10BB500002320AF045BD014804F009FC50F0030030
:10BB6000B0B502AF0AF0F1FE09D148680D4611F0F8
:10BB70006DF90AF004F908BF02320AF031BD01483C
:10BB800004F0F5FB70F00300F0B503AF2DE9F80FFA
:10BB900090F8806100F5B87815468946C6F1100323
:10BBA00083469A4232D9F6B12B484946009001A803
:10BBB0002A46FFF7E1F9294B304641461022DDE9DC
:10BBC000014ADDE9039507F030FD254A534600920E
:10BBD000224606F05FF85846414601224FF0010A1E
:10BBE00000F044F825B315F00F064FEA151208BF10
:10BBF00010264FF0FF3008BF00EB151209EB021AB8
:10BC0000BAB15846494600F031F812E00F4B3046C1
:10BC10000AF028FC0E4B02460C46114628462246E6
:10BC200007F06EFB0B4A2B460AF054FA2E4409E04B
:10BC300000260C4B30464146102207F061FB0A4AB1
:10BC40000AF039FD8BF880610AF0D0B808190400B9
:10BC500018190400281904005CD90300C81804004E
:10BC6000D8180400E8180400F8180400F8B504AF68
:10BC7000CDE9021200F5B071019101A908F0E0FCD4
:10BC80008FBDD4D4D0B502AF024600780B7898426D
:10BC90000BD1431E0120042B08D8DFE803F0030377
:10BCA000070803004878517803E00020D0BD488899
:10BCB00051880AF0F6BCF0B503AF4DF804BD0C4650
:10BCC0000546D0E900012246F1F720F90E46F1F7CA
:10BCD00071FA306821460130306028465DF804BBB7
:10BCE000F0BDD4D4BCB504AF054668460AF006FBE7
:10BCF0000AF067FA03D19DF801401520C5E00198CC
:10BD0000142800F20581DFE800F0C00B377F98545B
:10BD1000B045A930C0C03E91294C1C6C9FB778003B
:10BD200068460AF0EBFA0AF04CFA40F0B5809DF84C
:10BD3000011003240120032C08BF0C4608BF152066
:10BD4000A3E068460AF0DAFA0AF03BFA00F08280D3
:10BD5000019C1B2C00F2D980102095E00AF04FF9CD
:10BD6000C0070C464FF00E008CE00AF048F9C007FF
:10BD70000C464FF0090085E00AF041F9C0070C4677
:10BD80004FF002007EE00AF03AF9C0070C464FF08F
:10BD90000C0077E00AF033F9C0070C464FF00700BB
:10BDA00070E0284600F04AF9C0070C464FF00F003B
:10BDB00068E00220CDE900506846EAF76AFB0AF025
:10BDC00041F949D0C00700F0A0806846EAF761FB5E
:10BDD0000AF0C9FA27D0C00700F097800520114665
:10BDE00053E068460AF08AFA0AF0EBF932D0019C77
:10BDF000062C00F28A80112046E00AF000F9C00704
:10BE00000C464FF014003DE00120CDE900502846DB
:10BE100000F014F90C46C0071ED16846EAF739FB5A
:10BE20000AF0A1FA51D11520002152E00AF0E7F8FA
:10BE3000C0070C464FF00D0024E00AF0E0F8C00700
:10BE40000C464FF004001DE068460AF057FA0AF06D
:10BE5000B8F933D19DF80140152015E00AF0CFF86C
:10BE6000C0070C464FF008000CE00AF0C8F8C00705
:10BE70000C464FF0060005E00AF0C1F8C0070C467A
:10BE80004FF0130018BF15200021E2B2C0B2120219
:10BE900042EA01410844BCBD019802283BD81ED0AB
:10BEA00001282AD168460AF029FA0AF08AF93FF4F3
:10BEB0003EAF019933292ED801243BE7019850B1B8
:10BEC000012822D112200124DEE7C0071DD021461F
:10BED00003201446D9E7122000210024D5E7684644
:10BEE0000AF00CFA0AF06DF93FF421AF019804282A
:10BEF00011D80A490224095C1CE7284600F09EF884
:10BF000010F0010418BF032414E715200E24BBE72A
:10BF100015200E24F2E603240E210BE7B8F40300EB
:10BF2000F0B503AF2DE9E00F044601A80D4600F07F
:10BF30007DFC9DF80400012805D19DF805001B211A
:10BF40006070217053E00298052870D8DFE800F097
:10BF5000032D1723052F152048E00320CDE90150BC
:10BF600001A8EAF71BFA20F07F460546C0B24FEA67
:10BF70001628162824D11B2084F8018036E0284694
:10BF8000FFF7B0FEC1B215290BD0A4F80100000CD8
:10BF9000E07017202AE02846FFF7A4FEC1B2152959
:10BFA0001FD1000A60701B2020E016201EE00AF05E
:10BFB00026F8C00761704FF01A0018BF1B2015E06B
:10BFC000152836D001A8EAF7E9F920F07F4B814621
:10BFD000C0B24FEA1B2A16280CD11B2084F801A0FE
:10BFE00004E0A4F80100000CE07018202070BDE807
:10BFF0000E0FF0BD15281CD001A8EAF74AFA81B24D
:10C00000C2B2090A022A02D11B206170EEE7C00702
:10C010000FD0300C4FEA1B42A171627184F804A06A
:10C0200084F80390A07084F801802570DFE70E206B
:10C0300085E740F61B602080D9E7D4D4E0B502AF95
:10C040000146684600F0F2FB0AF0BBF803D19DF808
:10C05000011001208CBD0199DD2900F2188100201A
:10C06000DFE811F0DE00DE00DE00DE00DE00DE00D4
:10C07000DE00DE00DE00DE00DE00DE00DE00DE00D0
:10C08000DE00DE00DE00DE00DE00DE00DE00DE00C0
:10C09000DE00DE00DE00DE00DE00DE00DE00DE00B0
:10C0A000DE00DE00DE00DE00DE00DE00DE00DE00A0
:10C0B000DE00DE00DE00DE00DE00DE00DE00DE0090
:10C0C000DE00DE00DE00DE00DE00DE00DE00DE0080
:10C0D000DE00DE00DE00DE00DE00DE00DE00DE0070
:10C0E000DE00DE00DE00DE00DE00DE00DE00DE0060
:10C0F000DE00DE00DE00DE00DE00DE00DE00DE0050
:10C10000DE00DE00DE00DE00DE00DE00DE00DE003F
:10C11000DE00DE00DE00DE00DE00DE00DE00DE002F
:10C12000DE00DE00DE00DE00DE00DE00DE00DE001F
:10C13000DE00DE00DE00DE00DE00DE00DE00DE000F
:10C14000DE00DE00DE00DE00DE00DE00DE00DE00FF
:10C15000DE00DE00DE00DE00DE00DE00DE00DE00EF
:10C16000DE00DE00DE00DE00DE00DE00DE00DE00DF
:10C17000DE00DE00DE00DE00DE00DE00DE00DE00CF
:10C18000DE00DE00DE00DE00DE00DE00DE00DE00BF
:10C19000DE00DE00DE00DE00DE00DE00DE00DE00AF
:10C1A000DE00DE00DE00DE00DE00DE00DE00DE009F
:10C1B000DE00DE00DE00DE00DE00DE00DE00DE008F
:10C1C000DE00DE00DE00DE00DE00DE00DE00DE007F
:10C1D000DE00DE00DE00DE00DE00DE00DE00DE006F
:10C1E000DE00DE00DE00DE00DE000F0111010301D3
:10C1F00007011301E1000B010D01F300FF00FB003B
:10C200000901F100E700ED00EF00F700F900E3009D
:10C210000501FD000101E900E500DF00EB00F5008C
:10C220008CBDE5218CBDD2218CBDDF218CBDE421EC
:10C230008CBDDA218CBDE3218CBDE6218CBDDB21D8
:10C240008CBDDC218CBDD9218CBDD5218CBDE721D5
:10C250008CBDDD218CBDDE218CBDD7218CBDE121C3
:10C260008CBDD6218CBDE2218CBDCF218CBDE021BF
:10C270008CBDD0218CBDD8218CBDD3218CBDD421C7
:10C280008CBDCD218CBDCE218CBDD1218CBD01209A
:10C290000E218CBDF0B503AF2DE90007044690F8E0
:10C2A000500060B1032850D1254615F84C0FA5F178
:10C2B000400A88B103283AD0254804F058F820688D
:10C2C000A2464AF80C0F00265AE902325546CAE93E
:10C2D000013205F8406F02E0D4E9030362699A4233
:10C2E00002D3B2F5801F0FD9012601202870042E39
:10C2F00002D10426032003E05046FEF736FD01205C
:10C3000084F850000AF0E1B942EA0306360501D08C
:10C310000226EAE74FF0000E42F2107C012684F874
:10C3200038E0C4E90663C4E908E2C4E90A0C04F190
:10C330001809484600F07EF9042803D1032004269A
:10C340002870D4E70AF0B2F9CFE7024804F00FF8FA
:10C35000C0F20300ECF10300F0B503AF2DE90007D4
:10C36000044690F8580060B1032856D1A2461AF846
:10C37000540FAAF14405A8B1032830D0284803F08F
:10C38000F6FFD4F800C0254645F810CF002655E941
:10C3900003E3AA4655F8040CC5E901E3E8600AF88E
:10C3A000446F03E0D4E904CED4E906301E18B6F594
:10C3B000801F01D9012605E043EA0006B6074FF0C9
:10C3C000020600D019E000229B0884F8402041F6C4
:10C3D0004C52C4E90860C4E90AE3C4E90CC204F1A0
:10C3E0002009484600F026F9042804D10320042639
:10C3F0008AF8000004E00AF059F901208AF80000E8
:10C40000042E02D10426032003E02846FEF7B9FCDF
:10C41000012084F858000AF058B9024803F0A7FF39
:10C42000D0F20300FCF10300D0B502AF044600686F
:10C4300078B90AF0C6F8207B28B10AF00FF9206815
:10C44000411C002003E001200021207320462160D0
:10C45000D0BD014803F0EEFE3C1204000068027AF1
:10C4600002B1704780B56F460868D0E9001089684E
:10C4700088470020BDE88040704791F829200AB124
:10C480000120704780B56F4601F1100200F5107170
:10C490001046FFF7B1F980F0010080BD80B56F460E
:10C4A000017A09B1022080BDD0E90010884224BF82
:10C4B000401A80BD401A023080BD80B56F46017AB7
:10C4C00009B1012080BDD0E90010884224BF401A84
:10C4D00080BD401A013080BD80B56F46017A09B138
:10C4E000082080BDD0E90010884224BF401A80BDDA
:10C4F000401A083080BD80B56F46017A09B110201E
:10C5000080BDD0E90010884224BF401A80BD401A87
:10C51000103080BDD0B502AFD1E90042A24205D1B2
:10C520000B7ADB0702D10AF07DF90BE004EB840300
:10C530000C31A24201EB830391BFC4F10804141B28
:10C540000022042102EB820204EB840401EB82024C
:10C5500003EB8404C0E90034C0E90212D0BDD0B5B9
:10C5600002AFD1E90042A24205D10B7ADB0702D12A
:10C570000AF058F909E00C3101EBC403A24291BF63
:10C58000C4F10104141B0022042109F0C4BCDFB56E
:10C5900006AF0446684606F0BBFA9DE80F0002EBC2
:10C5A000C30300EBC1010FC4DFBDD0B502AFD1E9B9
:10C5B0000042A24205D10B7ADB0702D10AF032F920
:10C5C00009E00C3101EBC403A24291BFC4F10204A3
:10C5D000141B0022042109F09EBCD1E900239A42D9
:10C5E00005D10B7ADB0702BF022101707047D0B57D
:10C5F00002AF0AF0ADF8C0E90034501CB0F11002EF
:10C6000018BF02460A60D0BD80B56F46D0E900125F
:10C61000914204D1027AD20704BF022080BD0022D9
:10C6200002724A1C931E18BF1346036000EBC10040
:10C63000007B80BDF0B503AF2DE9F80F044690F8FC
:10C6400020000091604A04F1240BDFE800F003B9F8
:10C65000BC0F6D000020214684F8220094466069DA
:10C66000A061584691E86C006CC062464FF4807639
:10C670009046C2F88060BFF34F8FBFF36F8F04F016
:10C680005BFE0098524DD0E9001205F1200004F045
:10C6900066FBD5E9000101302860C8F8006029B1C7
:10C6A00003204FF0040984F8200063E04FF00009F4
:10C6B000264606F8219F474831461DF0B9F9002863
:10C6C00074D40120E66184F822000DF1040A9BE88D
:10C6D0004E004FF4807B50464EC0C8F880B0BFF388
:10C6E0004F8FBFF36F8F04F027FE04206861281D71
:10C6F0009AE84E004EC047F23050686340F2011095
:10C70000A885A069E86100F57A70286309F05DFDED
:10C7100005F8289FC8F800B094F8210029461DF0BC
:10C72000DBF94246002835D44FF480781546C2F82C
:10C730008080BFF34F8FBFF36F8F04F0FDFD009833
:10C74000234ED0E9001206F1200004F008FB306807
:10C750000421D6E9059A013071613060B9F1030F07
:10C76000C5F8008007D0B9F1040F14D14FF00409C7
:10C7700084F820901EE094F821004FF0000984F81E
:10C7800022901DF08BF9002804D484F822904FF0F9
:10C7900003090CE0824694F8220018B1E0690078A1
:10C7A000FDF7BAFE002084F8220000E08246012056
:10C7B00084F820004846514605B0BDE8000FF0BDA2
:10C7C000024803F0D4FDFEDE00E100E0B0F2030019
:10C7D00058000020E5170200F0B503AF4DF804BD86
:10C7E000044600254FF0FF36022E15D02046FFF7F5
:10C7F0002DF9C00713D1013601F07F00C6EBC60248
:10C8000002F00F029040054348B20028ECD4022EFB
:10C8100009D1C8B2032806D940F2015004E0C8B2D9
:10C820000002013000E0280409F0CDBBF0B503AFF1
:10C830002DE9000B0AF025F8042C15D04846FFF727
:10C8400005F9C00714D105F01F0001F07F0207357C
:10C85000013402FA00F0064348B20028ECD4042C5C
:10C860000BD1C8B20F2808D9052088F8010001E0D3
:10C8700088F80110012009F0B4BBC8F8046000205A
:10C88000F9E7F0B503AF2DE9FE0F4FF000094FF0C7
:10C89000FF3A0025002600244FF00008CDE90001F2
:10C8A000BAF1120F44D00198FFF7D0F88B46C007B9
:10C8B00042D106950BF07F0500214A4628461EF01E
:10C8C00084FEC9F14002CDE90301284600211EF093
:10C8D00059FDA9F14002059444468046029128463C
:10C8E0000021069D1EF071FEB9F1400F38BF404691
:10C8F000029AA046059C38BF1146039A38BF1543DB
:10C90000049A38BF1643B9F1000F09F107090AF17B
:10C91000010A1CBF48EA010804434FFA8BF00028C3
:10C92000BED4BAF1120F0FD15FFA8BF003280BD9E6
:10C9300000990520487002E0009981F801B00120BB
:10C94000087007B009F082BA00990020C1E90256C8
:10C95000C1E90448F4E7D4D4F0B503AF4DF804BD01
:10C9600082B00A460021044668468DF80410009102
:10C97000052908D0D309425408D042F0800242541D
:10C9800001311A46F4E705256A4605E0084A68467B
:10C99000FEF7C9FA02460D4609F0DBFC01D9022078
:10C9A00004E009F014FA70196060102009F0DDB994
:10C9B000F0F20300F0B503AF4DF804BD82B00A46B3
:10C9C0000021044668468DF804100091052908D01E
:10C9D000D309425408D042F08002425401311A4631
:10C9E000F4E705256A4605E0084A6846FEF79BFA23
:10C9F00002460D4609F0ADFC01D9022004E009F021
:10CA0000E6F970196060102009F0AFB920F3030057
:10CA1000B0B502AFDCB06D460446284601F048FCD4
:10CA200000201121CDE95A00CDE9580004F5B87075
:10CA30001EF0E7FD204629464FF4B8721DF066FF50
:10CA40005CB0B0BDBCB504AF0446007CC00717D1D4
:10CA5000E26801250020B0EB125F4FF001000DD11C
:10CA6000A1688818B0F5801F01D9012006E0606830
:10CA7000054B00930B4605F00DF903202574BCBD52
:10CA8000024803F074FC00BF8C11040030F3030073
:10CA9000D0B502AF0A4600F5B8710446FEF776FF3E
:10CAA0000020C4E95800C4E95A0084F88001D0BDD0
:10CAB00080B56F460146006840B14A68831A18BFC6
:10CAC00000F1080390420B6000D080BD886830B14F
:10CAD000CA68904203D000F108028A6080BD00203D
:10CAE00080BD80B56F460146006840B14A68831A30
:10CAF00018BF00F1140390420B6000D080BD88681D
:10CB000030B1CA68904203D000F114028A6080BD3F
:10CB1000002080BDFC2938BF704780B56F46024BAE
:10CB20000020FB2202F0B5FE40F30300F0B503AF96
:10CB30002DE9000FADF5237DD0E94A230191D11CE9
:10CB40004B9143F100013A91911C4C9143F100014A
:10CB50004491511C4E9143F100014691D0F81811B7
:10CB60000626D0E94C4CD0F824A14F92D0E942B22D
:10CB70004793D0E944E350919946D0E94781029028
:10CB800000F594700090509851914A94CDF8DCC013
:10CB9000CDF8ECC04D94CDE948441446CDF814C10D
:10CBA000CDE935CB9446CDE920B2CDE91E32519A7C
:10CBB0001B49CDF8E0E0CDF8C0E015462593199368
:10CBC000184BCDF8A4E0CDF88CE086462A901B9057
:10CBD0001548CDF8BCB0CDF89CB093461D92134AD1
:10CBE000CDF8E480CDF8D0A0CDF8C480CDE92DA853
:10CBF000CDF89880CDF8A0A0CDF860A03F931C9010
:10CC000043911A923E93249042912292CDE92B2097
:10CC1000CDE93C33CDE94011CDE9322008E000BF39
:10CC20006E6420337465206B322D62796578706193
:10CC3000002E00F040833F981E9B1494C218359834
:10CC4000119582EA00012898179600EB3140289050
:10CC500058401E90CDF820B002EB305A279A1A980F
:10CC6000139183184B98299983EA00045098CDF8C2
:10CC70003CC000EB3445CDF834E085EA0206519A19
:10CC8000CDF8249003EB3650359080EA344B439B2B
:10CC900005EB3B60169080EA36541C9846184D9878
:10CCA0000AEB7465704002EB304C8CEA010806EB2D
:10CCB00038511C9181EA304221983A99034485EA1F
:10CCC000326683EA010E2E9901EB3E4980EA0900A3
:10CCD0001A9003EB305383EA3E403A9009EB306000
:10CCE000159000EB3640509080EA7461519105EB4D
:10CCF00031543F9484EA36402E904FEA30640CEB76
:10CD00003260129080EA38504D9403EB7061139BAF
:10CD1000289C81EA3B628AEA3343109304EB336335
:10CD2000139303EB3243289383EA7060299001EB5D
:10CD30003050439080EA3240279019994FEA306092
:10CD40004B903E984218379882EA000318980E9349
:10CD500000EB334E8EEA01001990209902EB305817
:10CD600022981D9A43184C9883EA00041B9800EB04
:10CD7000344585EA010603EB3650379080EA3449A2
:10CD800005EB39601B9080EA365CDDE9231046181C
:10CD90004A9808EB7C65704002EB304A269A8AEA92
:10CDA000010B06EB3B51249181EA304442991F98D4
:10CDB00085EA34660B184499594002EB31425040E1
:10CDC000229003EB305383EA3140449002EB306011
:10CDD000189000EB3640269080EA7C61219105EBAB
:10CDE00031513E9181EA364020904FEA30610AEBA2
:10CDF00034600B9080EA3B504A9103EB70610E9BCC
:10CE000081EA396288EA33430A930EEB33630C9369
:10CE100003EB3243239383EA70601F9001EB3050A1
:10CE2000429080EA32401D9025994FEA30604C9044
:10CE30003D9842183B9882EA00032D98079300EB37
:10CE4000334E8EEA01002D902F9902EB30582B982B
:10CE5000089A43184E9883EA00042A9800EB344558
:10CE600085EA0106309903EB36503B9080EA34495D
:10CE700005EB39600E9080EA365C2C98461849988C
:10CE800008EB7C65704002EB304A319A8AEA010B6C
:10CE900006EB3B512C9181EA304441990F9885EA89
:10CEA00034660B184699594002EB314250402B90A2
:10CEB00003EB305383EA3140469002EB3060089038
:10CEC00000EB3641319181EA7C612F910AEB3460AD
:10CED000069005EB31513D9181EA364180EA3B50A5
:10CEE0002A914FEA3161499103EB7061079B81EA16
:10CEF000396288EA334305930EEB3363079303EB00
:10CF00003243309383EA70602590389B01EB3050B8
:10CF1000419080EA32400F90099A4FEA306045997B
:10CF20004E903C98104480EA010A349901EB3A4152
:10CF300004915140369A349100EB315932984F990F
:10CF400089EA3A4A104480EA01040D9901EB34451C
:10CF500085EA020600EB3650459080EA344B05EB3B
:10CF60003B600D9080EA365E3398C618489809EB0E
:10CF70007E6586EA0001119800EB314883EA0803D8
:10CF800006EB3350339080EA31424098149985EA99
:10CF900032664418479884EA000C399800EB3C400C
:10CFA0004140329104EB315484EA3C41479100EB1B
:10CFB000316000EB3641399181EA7E61369105EBB3
:10CFC00031553C9585EA364108EB326614914FEABB
:10CFD000316586EA3351049B04EB7162489582EA1D
:10CFE0003B6403EB3A6505EB3443389383EA7161A4
:10CFF0001191109B02EB3151409181EA344109912A
:10D00000159A4FEA31614F911A9982EA3151359A56
:10D0100009F06FF8129B03EB3443159383EA7161B7
:10D0200012913A9B02EB31511A9181EA34411091ED
:10D03000139A4FEA316135911E9982EA31511C9A57
:10D0400009F057F8169B03EB34431E9383EA716192
:10D0500004910A9B02EB31511C9181EA3441039106
:10D06000189A4FEA31613A91229982EA3151379AFE
:10D0700009F03FF80B9B03EB3443169383EA71618D
:10D080001391449B02EB3151229181EA34410B917F
:10D090000C9A4FEA31613791199982EA3151249AF9
:10D0A00009F027F81B9B03EB34431B9383EA716160
:10D0B0001991059B02EB3151249181EA3449089A78
:10D0C0004FEA396144912B9982EA31513B9A09F038
:10D0D00010F8069B03EB34430C9383EA71610A91C9
:10D0E000469B02EB31512B9181EA344B079A0E9CFF
:10D0F0004FEA3B613B912D9982EA31512C9A02EB28
:10D10000716282EA336304EB334C8CEA716E02EB9A
:10D110003E512C9181EA33444FEA34614691329971
:10D1200080EA3152459800EB726383EA3A6006EB7D
:10D13000304888EA726A479A03EB3A51329181EAA1
:10D14000304633990D9B4FEA36604590349885EA16
:10D15000305001EB706181EA326203EB324383EAC3
:10D16000706501EB3550339080EA32404FEA306110
:10D170004791DDE9272101EB3261299A289181EA63
:10D1800032512E9A4FEA71612991509901EB326127
:10D19000519A2E9181EA32511D9A4FEA716127917D
:10D1A000239901EB32611F9A189181EA3251209A3A
:10D1B0004FEA71612391269901EB3261219A269100
:10D1C00081EA32510F9A4FEA71612091309901EB57
:10D1D0003261259A2D9181EA32512A9A4FEA716182
:10D1E0003091319901EB32612F9A319181EA3251BC
:10D1F000099A4FEA71612F91389901EB3261119AC6
:10D20000349181EA3251149A4FEA71613891399917
:10D2100001EB3261369A399181EA3251039A4FEA31
:10D22000716136911E9901EB3261049A509181EA45
:10D230003251109A4FEA71611E91159901EB3261DA
:10D24000129A519181EA3251199A4FEA71612191F2
:10D250001B9901EB39611B9181EA32510B9A4FEA1C
:10D2600071611991169901EB3261139A1D9181EA4E
:10D2700032514FEA71611F910CEB34612A9181EABE
:10D280003E5103EB306E4FEA71618EEA35502591C5
:10D2900008EB36650C994FEA7069179E85EA3A509B
:10D2A00001EB3B6B0A994FEA7064013E8BEA315106
:10D2B0004FEA716CBCE4029ED6E94A8AD6F8300186
:10D2C0001690D6F8340117903F9861901C986090A2
:10D2D00043985F901A985E903E985D9024985C9079
:10D2E00042985B9022985A903D9859902C9858906B
:10D2F000419857902B9856903C985590339854905D
:10D3000040985390329852901E987190299870903E
:10D3100021986F9027986E9019986D9023986C9033
:10D320001F986B9020986A90259869903098CDE965
:10D3300067C02F98CDE965903898CDE9634036985D
:10D34000629028988190519880902E987F90509864
:10D350007E9018987D901D987C9026987B901B98C5
:10D360007A902D98CDE978B0319877902A98769078
:10D370003498CDE974503998CDE972E035989190A0
:10D380004D9890903A988F904B988E9037988D90BA
:10D390004A988C9044988B904C988A903B988990AE
:10D3A00049988890469887904E98869045988590A1
:10D3B00048988490479883904F988290D6F80801B7
:10D3C0004990D6F80C014890D6F810014790D6F84D
:10D3D00014014690D6F818014590D6F81C014490E7
:10D3E000D6F820014390D6F82401429092A8009AE2
:10D3F00092E83A003AC018F104004AF10001C6E987
:10D400004A0117981699A190A091CDE99C10CDE9F9
:10D41000981018F103004AF10001CDE99E0118F1BE
:10D4200002004AF10001CDE99A0118F101004AF128
:10D4300000010022CDE99601402A76D0029882AC04
:10D4400004EB020C00EB820EA05892AB99580E1818
:10D4500052A81044416851918168C06850914F9022
:10D4600062A9881845684E958568C0684D954C90AE
:10D4700072A88518DCE90198DCF80CC068684B904C
:10D48000A8684A909818D5F80CB0D0E901A5C468EE
:10D4900052A88958835872A8CEF83060805810324C
:10D4A000459E3044CEF8200049980844CEF810003C
:10D4B00023484A991844CEF8000004EB0C00CEF83B
:10D4C0003C0005EB0800CEF838000AEB0900CEF866
:10D4D000340042985844CEF82C0043980844CEF8C3
:10D4E000280044984B990844CEF8240046984C995B
:10D4F0000844CEF81C0047984D990844CEF818000F
:10D5000048984E990844CEF814000E484F990844A4
:10D51000CEF80C000C4850990844CEF80800074893
:10D5200051990844CEF8040086E7DDE90101C1F80D
:10D5300000010DF5237D08F089BC00BF6E64203327
:10D54000657870617465206B322D6279B0B502AF79
:10D55000054600780C460421142888BFA0F1150167
:10D56000C8B2DFE800F00330252906392046002143
:10D570002BE020460421FFF7EFF9C0B2102832D18A
:10D580002846214600F032F8C1B210292CD1E81CFF
:10D59000214600F02BF8C1B2102925D1D4E90101B0
:10D5A000884220D0A97900F8011B60601020B0BD2E
:10D5B0006A1C2046022102E06A1C20460321BDE8C5
:10D5C000B040E3F719BF20460121FFF7C5F9C0B20B
:10D5D000102818BF0220B0BD6A7820460521BDE89A
:10D5E000B040E3F718BF0220B0BDD4D4F0B503AF0C
:10D5F0004DF804BD054600780C46DFE800F00B51FD
:10D600002436186D874DA22097151C83112D0E66A8
:10D610008BA66900204600218AE0204610217BE08D
:10D620006A7820460E2111E020460B2180E06A78BE
:10D63000204604218CE06A7820460C2188E06A7834
:10D640002046092184E06A78204602215DF804BB67
:10D65000BDE8F040E3F70FBF6A7820460F215DF880
:10D6600004BBBDE8F040E3F7E5BE20460321FFF729
:10D6700073F9C0B2102857D1A878214600F08AF873
:10D680000646C0B2102859D1D4E9010188424BD0D6
:10D69000697800F8011B32E06A782046072157E0DC
:10D6A00020460121FFF758F9C0B210283CD1687814
:10D6B000022853D0012865D120460121FFF74CF9FB
:10D6C000C0B2102830D1A9782CE02046112123E0E7
:10D6D0006A78204614213BE020460521FFF73CF9FB
:10D6E000C0B2102820D1D4E9010188421CD06A7848
:10D6F00008F034FE636017D0A97841700230606092
:10D7000010261BE06A7820460D2121E06A78204629
:10D7100006211DE020461221FFF71EF9C0B2102895
:10D7200002D16978204603E0022607E020460A215C
:10D73000FFF712F9C6B2102E18BF0226304608F0C5
:10D7400042BC6A782046082102E06A78204613210C
:10D750005DF804BBBDE8F040E3F75DBE2046022162
:10D760000226FFF7F9F8C0B21028E7D1A9780029FE
:10D77000D8D081290AD082290AD0832914BF042154
:10D780000321CFE7AA782046002168E70121C9E7F5
:10D790000221C7E780B56F4680F080000A4606493F
:10D7A000C0B251F820101046FFF7D6F8C0B21028CA
:10D7B00018BF022080BD00BFC0F4030080B56F46D3
:10D7C000E3F768FEF0B503AF2DE9000F89B000293B
:10D7D00000F09C80146801295568D3F800A0966871
:10D7E000D3F80490D3F808E0D3F80C808AEA540305
:10D7F000D26823F0AA3B89EA5503CDF820E023F054
:10D80000AA3C8EEA560323F0AA3E88EA5203CDF8DA
:10D810001C8023F0AA3884EA4B0385EA4C04069462
:10D8200082EA480284EA9304049224F0CC3586EA22
:10D830004E04059582EA940222F0CC3683EA8502F2
:10D84000039684EA8603029383EA121323F0F033EB
:10D85000019382EA031202605BD0089B8BEA0A05FF
:10D8600089EA0C0902298EEA0306079B89EA9502D8
:10D8700088EA030C22F0CC328CEA960323F0CC33F6
:10D8800085EA820586EA830888EA151626F0F03ACA
:10D8900085EA0A1545603FD9DDE905656E40DDE999
:10D8A0000345032984EA050E8EEA161525F0F035A6
:10D8B00086EA0516866032D082EA090283EA0C0302
:10D8C000042983EA121424F0F03482EA0412C260BC
:10D8D00028D9DDE9016272400261052925D08AEA72
:10D8E00008020629426123D9072985EA0E028261CE
:10D8F0001FBF84EA0301C16109B0BDE8000F18BF72
:10D90000F0BD104A0720072102F012F8114A08F072
:10D91000D2F90F4A08F07AFA074A08F0CFFD0B4A0D
:10D9200008F0D4FB054A08F08BFD074A08F084FD97
:10D93000034A08F08FFD00BF50FA030070FA03009D
:10D9400090FA0300A0FA030080FA030060FA0300D3
:10D9500040FA030030FA0300D0B502AF082A28BF0E
:10D9600008222AB108C9013A0468634008C0F8E7F0
:10D97000D0BD80B56F46890051B10268043982EA92
:10D98000121303F00F2382EA03125A4004C0F3E794
:10D9900080BD8A4205D3592A3EBF00EB8100511A4F
:10D9A000704780B56F4608F0A9FED4D4F0B503AF38
:10D9B0002DE9000F8DB0009005AD0E4620212846C0
:10D9C00014461DF01EFE082004F1100302902846A4
:10D9D00008212246FFF7F6FE284631460822049623
:10D9E000FFF7BAFF05A8082100F0CEFA0C984FF017
:10D9F0003F384FF0C03A4FF0F0394FF00F3BC4467C
:10DA00000AEAB00108EAB022114481EA000E09EAEC
:10DA10003E320BEA3E531A440B9B0AEAB30408EA6F
:10DA2000B3252C4463405A4051400C9109EA3331EC
:10DA30000BEA335211440A9A0AEAB20308EAB22501
:10DA40002B445A40514061400B9109EA32310BEAB4
:10DA500032521144099A0AEAB20408EAB225281996
:10DA6000039080EA0204DDE90726614059400A91EB
:10DA70000AEAB20308EAB2201844DDE9051580EA93
:10DA8000020809EA38320BEA385303EB020B0AEAC0
:10DA9000B5020CEAB52303EB020985EA090585EA1C
:10DAA0000B034FF00F3B584007900CEAB1230AEAF2
:10DAB000B10018444FF0F03C41400CEA31330BEA1E
:10DAC00031521A444FF03F3350400BEA345280EA4F
:10DAD0000E0005900CEA343003EAB62310440AEA3B
:10DAE000B6021A44039C82EA06035840604080EA6A
:10DAF0000E0009900CEA33300BEA33531844DFF878
:10DB00006C3480EA080050400BEA355280EA0E007F
:10DB100008900CEA353010444840029980EA090028
:10DB200080EA0E00069001F1080804984246FFF7CB
:10DB300030FF02460B4605A811461A46FFF70CFFB8
:10DB4000B8F1500F00F0848105A8DFF824240821E3
:10DB500090470C984FF0F03E4FF00F3C0EEA30111A
:10DB60000CEA303211440B9A48400EEA32130CEAA8
:10DB7000323423445A4082EA304461400C910A997D
:10DB80000EEA31140CEA31352C4484EA010585EAA9
:10DB90003241099A59400B910EEA32110CEA3233A4
:10DBA00003EB010B8BEA020A8AEA354363400A93CE
:10DBB00005AE78CE0EEA35110CEA353211440CEA86
:10DBC000343281EA05090EEA34152A44544084EAC5
:10DBD0003945694007910EEA33110CEA333529447F
:10DBE0000CEA36354B4081EA3341414005910EEA5B
:10DBF0003611294481EA060585EA3A4689EA35451F
:10DC000086EA0B06694046404140089183EA344168
:10DC1000D84B514008F1080248400690049841460C
:10DC2000D54C0996CDE90228A04702460B460DF1D6
:10DC3000140B11461A46D14B58469847CC4A5846C1
:10DC4000082190470C984FF0FC3C4FF003384FF000
:10DC5000F03A4FF00F3B0CEAB01108EAB032114431
:10DC600081EA000E0AEA3E320BEA3E531A440B9B4D
:10DC70000CEAB31408EAB3352C4463405A405140CF
:10DC80000C910AEA33310BEA335211440A9A0CEA36
:10DC9000B21308EAB2352B445A40514061400B910F
:10DCA0000AEA32310BEA32521144099A0CEAB214F0
:10DCB00008EAB2352819019080EA0205DDE9072655
:10DCC000694059400A910CEAB21308EAB23018448C
:10DCD000DDE9051480EA02090AEA39320BEA395310
:10DCE00003EB020B0CEAB41208EAB43303EB020AAA
:10DCF00084EA0A0484EA0B034FF00F3B5840079074
:10DD00000CEAB11008EAB13318444FF0F03C41403E
:10DD10000CEA31330BEA31521A4408EAB633504068
:10DD20000BEA355280EA0E0005900CEA3530019D71
:10DD300010444FF0FC3202EAB612DDF810801A44AB
:10DD400082EA06035840684080EA0E0009900CEA17
:10DD500033300BEA33531844894B80EA09005040B2
:10DD60000BEA345280EA0E0008900CEA3430824C00
:10DD700010444840029980EA0A0080EA0E000690AA
:10DD8000039800F1100B40465A46A04702460B4646
:10DD90000DF1140A11461A46784B50469847744ABA
:10DDA0005046082190470C990B9ADDF8249081EA9F
:10DDB0003120DDE9075682EA3223DDE905CE83EA28
:10DDC000304484EA31210C910A9981EA312484EAB1
:10DDD000334383EA322289EA392383EA34440B92BB
:10DDE00084EA31210A9185EA35218EEA3E2484EACB
:10DDF000314282EA3522079286EA362282EA3343AA
:10DE000081EA324183EA392381EA362143404140A5
:10DE100008918CEA3C21099381EA3442594B4FEA3C
:10DE2000314182EA3E2281EA3C214240484005904D
:10DE300003985946069200F118024F4C4046029250
:10DE4000A04708F0EBFA1A464C4B50469847C9E5F4
:10DE500005AC08212046FFF78CFD2046082100F084
:10DE600093F80498082200F5A0712046FFF774FD8E
:10DE70000598DDE90631089C83EA5002049022F0FF
:10DE8000AA30DDE909A680EA030884EA510323F0F9
:10DE9000AA39039184EA0904029084EA980525F0DE
:10DEA000CC3186EA5A0525F0AA3B81EA04028BEAC6
:10DEB0000603DDE90B6484EA560525F0AA356C40BB
:10DEC00084EA930C2CF0CC30DDF800C0444084EAA6
:10DED000121E2EF0F03E84EA0E04CCF81C4088EAB4
:10DEE000810483EA800181EA141323F0F03359405E
:10DEF000CCF8181082EA0E1184EA0310CCF8141042
:10DF00008AEA4B03029986EA4504CCF8100084EAB9
:10DF10009305049825F0CC356C4080EA41000399C4
:10DF200081EA490181EA900222F0CC32514080EA34
:10DF3000820083EA850284EA111682EA101326F031
:10DF4000F03623F0F03374405A4081EA061180EA3B
:10DF50000310CCF80C40CCF80820CCF80410CCF816
:10DF600000000DB0BDE8000FF0BD00BFF0F80300E9
:10DF700089DF010000F9030093D9010059D901009C
:10DF800010F9030020F90300F0B503AF2DE9000FED
:10DF900093B0002900F06681012900F06681022912
:10DFA00040F26681032900F06681042940F266810F
:10DFB000052900F06681062940F2668107291FBF06
:10DFC0008146D0F80080CDF83C8045681FBF0D9594
:10DFD00000F1080416CC00F1140C1FBF9CE80818CF
:10DFE00084EA0100119085EA0C051FBF109585EAAF
:10DFF00000060C9686EA020E1FBF8EEA0100129000
:10E0000000EA060505951FBF83EA0B0309935840F4
:10E0100007901FBF8CEA010283EA080A8AEA04011A
:10E020000E911FBF01EA08065640464086EA0508E1
:10E030001FBF8EEA0B058CEA0403089385EA030EE2
:10E040001FBF0EEA030B00EA020613460A921FBF27
:10E0500086EA0B01049188EA01080D991FBF8AEA3C
:10E06000010282EA030106910D921FBF0F9B129CD1
:10E070005C400B941FBF04EA010685EA0601059C7B
:10E0800061401FBF80EA0E040394119804EA000661
:10E090001FBF86EA0B0481EA040B8BEA080002EA40
:10E0A0000A061FBF09998EEA010585EA0602109942
:10E0B0001FBF05EA010672404A4062401FBF02EAE4
:10E0C0000B018EEA030409948AEA0C031FBF05932F
:10E0D0001C406C4074401FBF84EA0C03049C5C40ED
:10E0E00084EA01061FBF06EA000383EA080B84EAFC
:10E0F000020C81EA08031FBF03EA0C0359402140C8
:10E100004E401FBF06EA0B067040009000EA0A0C62
:10E110001FBF80EA0B060196354004951FBF85EAB4
:10E120000C08CDF8088083EA040A81EA020C1FBFBC
:10E130008CEA0A0480EA04068BEA0A0286EA0201F3
:10E140001FBF039D0D4085EA080003901FBF02EA30
:10E150000E0580EA0503119D29401FBF089D2A4036
:10E1600081EA020ECDF844E01FBF069904EA0105DA
:10E170008EEA050008901FBF0C9901EA0C0180EAA5
:10E18000010E8EEA03081FBFC9F81C80079906EA32
:10E1900001080F991FBF01EA0A01129D0CEA050C44
:10E1A0008CEA01001FBF0F9088EA0001109D0198C2
:10E1B0001FBF28401290414003981FBF4840109055
:10E1C000059901EA0B011FBF4140DDF8288006EAEE
:10E1D000080672401FBF1D465A404A40C9F8142025
:10E1E0001FBF0B9A224082EA0C02029C1FBF6240B2
:10E1F00082EA0E02C9F810200E9C1FBF0AEA04032F
:10E200000898434059401FBFC9F80810099901EA0E
:10E210000B010F981FBF4140049B59400D9B1FBF2E
:10E2200000980340119843401FBF4B40109883EA69
:10E230000004C9F804401FBF12984340C9F80030D9
:10E2400082EA05031FBFC9F818305140C9F80C1005
:10E2500013B01CBFBDE8000FF0BD104A0720072116
:10E2600001F066FB114A07F026FD0F4A07F0CEFDCC
:10E27000074A08F023F90B4A07F028FF054A08F07F
:10E28000DFF8074A08F0D8F8034A08F0E3F800BFBF
:10E29000D0FA0300F0FA030010FB030020FB030098
:10E2A00000FB0300E0FA0300C0FA0300B0FA030029
:10E2B000F0B503AF2DE9000FDDB00DF1140A0C46E7
:10E2C00001904FF4B07150461DF09BF95046082163
:10E2D00022462346FFF776FA0AF1200E00200F2689
:10E2E0004FF0FC354FF0F0394FF0C0384FF0000BD5
:10E2F0000A2800F09A800BF10801441C04900020C9
:10E3000010F1080208D0572E00F2E7800AEB8003D4
:10E310000138DA69DA63F3E7784B0BF11002CDE9E3
:10E32000024E05A8044600F009F9FFF72DFE20462D
:10E330000BF11004724B07F045FD00F00BF9049847
:10E34000082809D222460BF10804734B05A8214680
:10E3500000F0F4F8049A34E06A4B05A807F032FDA7
:10E36000024604980838884280F0C28052F8201093
:10E37000664B08F0DCF905A807F024FD0246049876
:10E380000738884280F0B48052F82010604B08F0C3
:10E39000CEF905A807F016FD024604980538884214
:10E3A00080F0A68052F820100BF10804594B08F0B9
:10E3B000BEF905A80BF11002214600F0BFF8049A3F
:10E3C000043A8A4280F0938050F82210A446DDF887
:10E3D0000CE081F4404140F82210002172460829E7
:10E3E0001BD00BEB0100B0F1580379D0B0F1500312
:10E3F00078D010684FF00333013103EAB03052F89F
:10E40000203C584005EA800309EA0014634008EA0A
:10E4100080146340584001C2E1E70EF1200E0AF17A
:10E42000200A08360298E34662E74FF00208082502
:10E430000DF1140BDFF8F0903E4CB8F1000F2ED028
:10E4400005F10806374B584629463246C84700F0C2
:10E45000ADF805F1100A354B584631465246C847CB
:10E46000FFF787FA324B05F1180258465146C84764
:10E47000890081B10268043982EA1213234082EADA
:10E4800003125A4082EA920303F0332382EA8302A2
:10E490005A4004C0EDE7A8F101082035CDE70BF59F
:10E4A0009070082100F082F8234E1025602D0AD0CC
:10E4B000A5F1080158462A46334600F03FF800F01F
:10E4C00049F80835F2E705A901984FF4B0721CF03D
:10E4D0001DFA5DB0BDE8000FF0BD074A304403E00F
:10E4E0000F4A01E00D4A0830582101F021FA104688
:10E4F000054A01F01DFA00BFC0F80300B0F903009F
:10E50000C0F90300D0F9030020FA0300E0F903008A
:10E51000F0F9030000FA030010FA0300E0F803002A
:10E52000D0F8030080F903003DE5010090F90300F5
:10E53000A0F9030000030F0C70F903008A4205D311
:10E54000592A3EBF00EB8100511A704780B56F46D3
:10E5500008F0D4F880B56F46A9B10268D24301290A
:10E56000026013D04268D2430529426011D9426942
:10E57000D243062942611FBF8169C943816180BDC1
:10E58000074A07F067FF084A07F095FB054A07F0BE
:10E590003DFC024A052001F0CBF900BF50F9030011
:10E5A00060F9030040F9030030F90300D0B502AF71
:10E5B0000A4A890081B10368043983EA13141440BC
:10E5C00083EA0413634083EA930404F0332483EA68
:10E5D0008403634008C0EDE7D0BD00BF000C0F030B
:10E5E000D0B502AF9A4221BFD21ACC1880E81A00E7
:10E5F000C26028BFD0BDBA681321014800F026FBD5
:10E60000D8210400B0B502AF0546044808F056F919
:10E6100028462146BDE8B04001F0ABBF0300000032
:10E62000D0B502AF0446044801F080FF2046BDE8A3
:10E63000D04001F07BBF00BF02000000D0B502AFA8
:10E640000446044801F072FF20461021BDE8D04086
:10E6500000F086BA0A000000D0B502AF04460448B4
:10E6600001F064FF2046BDE8D04001F068BF00BF64
:10E670000F000000B0B502AF0446764801F056FF27
:10E680004FF0FF3050FA84F1472900F2538072486E
:10E69000DFE811F0D90048008400A000A4008A003F
:10E6A00092009400AC00A80076008C0080006E0000
:10E6B00098009A00B200AE006A008200B8006C00B8
:10E6C0007E0074008E007000C400C2007A008600D4
:10E6D0009E008800CC007800B000CA006600A6004A
:10E6E000640062007C0090005000B6004C0068009E
:10E6F0009600A2005000CE0050009C0060004E002A
:10E70000D400C8005E00AA00B4005C00C000BA00DB
:10E710005000D800D200D600BC00BE007200C60077
:10E720004A00D0008F488EE04D488CE063488AE074
:10E730005B4888E08C488D4DA8474648A8478C48E0
:10E74000A847204601F0FBFE00207CE04E487AE01E
:10E75000504878E0534876E05C4874E05C4872E0EA
:10E760005D4870E054486EE06D486CE069486AE0CE
:10E77000704868E0634866E03B4864E0634862E0F4
:10E780006F4860E057485EE05B485CE04E485AE006
:10E790005F4858E0684856E0604854E0704852E0EE
:10E7A000544850E051484EE06A484CE063484AE023
:10E7B000554848E0434846E0654844E0634842E045
:10E7C0003C4840E05A483EE058483CE036483AE091
:10E7D000474838E0614836E0354834E05E4832E08A
:10E7E0003C4830E057482EE029482CE056482AE0C3
:10E7F0004C4828E03A4826E04B4824E0234822E0F1
:10E800002F4820E044481EE01D481CE018481AE04C
:10E81000164818E01B4816E0384814E0384812E063
:10E82000104810E01C480EE02C480CE02E480AE08E
:10E830001E4808E0094806E00F4804E0174802E0D7
:10E840000C4800E00D4801F071FE0020BDE8B0402A
:10E8500001F06CBE0D000000C50000009D0000002E
:10E86000BF000000C0000000A9000000A7000000D9
:10E87000A4000000C3000000C100000089000000E7
:10E880008D0000009400000086000000C20000001F
:10E8900096000000910000009B000000BC000000FA
:10E8A00099000000B7000000B5000000B8000000AB
:10E8B000AD0000009E00000088000000AE000000D7
:10E8C000AF00000097000000AC0000009C000000BA
:10E8D000B4000000A500000098000000A2000000A5
:10E8E000A1000000A3000000B6000000CA00000064
:10E8F000C8000000A0000000B9000000BA0000003D
:10E90000BB000000CB000000C6000000AB00000010
:10E91000B300000093000000B1000000B000000050
:10E92000B20000009F000000C90000008B00000042
:10E93000920000008F000000900000008A0000009C
:10E940008C000000BE0000008E000000950000005A
:10E95000A6000000A800000087000000AA00000038
:10E960009A000000C4000000C70000002D0502004E
:10E97000D2000000D0B502AF86B004465AB10948B3
:10E980000123009002A8FFF72BFE0298DDE9041294
:10E990000078A26001E0002000216160207006B0D4
:10E9A000D0BD00BF40FB0300D0B502AF86B0044627
:10E9B000062A02D2002020700DE0084806230090AD
:10E9C00002A8FFF70DFE0299DDE90402E2608A88E1
:10E9D0000968C4E90012A06006B0D0BD40FB030086
:10E9E000D0B502AF86B004466AB108780138042871
:10E9F0000BD208480123009002A8FFF7F1FD07F0B1
:10EA0000B3FA207004E0002001E04FF48070208011
:10EA100006B0D0BD40FB0300D0B502AF86B00446BF
:10EA200062B1087808280BD208480123009002A898
:10EA3000FFF7D6FD07F098FA207004E0082001E007
:10EA40004FF48470208006B0D0BD00BF40FB0300AF
:10EA5000D0B502AF86B00446022A02D20020207050
:10EA60000BE007480223009002A8FFF7B9FD0299C6
:10EA7000DDE904020988A2602180606006B0D0BD93
:10EA800040FB0300D0B502AF86B0044672B10878EF
:10EA900002280DD209480123009002A8FFF7A0FD2B
:10EAA00007F062FA00F00100207004E0022001E0AB
:10EAB0004FF48170208006B0D0BD00BF40FB030042
:10EAC000D0B502AF86B00446082A02D200202070DA
:10EAD0000DE008480823009002A8FFF781FD029985
:10EAE000DDE90402E2600A684968C4E90021A06027
:10EAF00006B0D0BD40FB0300D0B502AF86B00446DF
:10EB0000022A02D2002000210CE0084802230090D3
:10EB100002A8FFF765FD029ADDE90410A0601078F5
:10EB2000527862706160207006B0D0BD40FB030077
:10EB300080B56F460078BDE8804001F038BCD4D481
:10EB40006FF31F30B0F5706F38BF704780B56F46F8
:10EB5000024801F035FD01F05BFD00BF120000002E
:10EB6000B0B502AF0546054807F0A8FE2CB115F870
:10EB7000010B01F0E4FC013CF8E7B0BD0F00000020
:10EB800080B56F468A680068930105D4520108D4A5
:10EB9000BDE8804001F085B80068BDE8804001F024
:10EBA000B6BB0068BDE8804001F036BC80B56F465A
:10EBB00090B0104B0792164ACDE900030220059051
:10EBC0000D4804900D4806900D48CDE902130F90B2
:10EBD00002A9CDE90D0168460C900A480B9006A8E1
:10EBE0000A900948099004A8089008A9074800F06D
:10EBF0002DF800BF70EB0300E4060400B6C203006A
:10EC00003DEC010029EC010015EC0100ADBB030057
:10EC100004E7030080B56F460B46D0E900121846A2
:10EC2000BDE8804000F0A4B880B56F46D0E900236D
:10EC3000D1E90001BDE8804000F016B880B56F460C
:10EC4000D0E90002D268BDE88040104780B56F4629
:10EC500086B0CDE901010120ADF8140001A80390B0
:10EC600003A8049202F066FFF0B503AF2DE9000F90
:10EC700085B006469B468A46D80764D115780020A1
:10EC8000002D70D0DAF80C904FF0000802E01578F3
:10EC9000002D67D0541C68B2B0F1FF3F07DD30464D
:10ECA00021462A46C84700285AD16219EFE7802D2D
:10ECB00009D0C02D12D15BF8380000210491202129
:10ECC000C6F2000131E0B2F80140D51C30462946B9
:10ECD0002246C847002843D12A19D8E7E80703D1BC
:10ECE0002021C6F2000102E0D2F80110541DA8074D
:10ECF0004CBF34F8022B002268074CBF34F8023BAB
:10ED00000023280748BF34F8028BE80644BF0BEB0A
:10ED1000C2008288A80644BF0BEBC30083885BF85F
:10ED20003800ADF81230ADF8102003910BEBC8019C
:10ED3000CDF808A04A6801A90196904780B908F16A
:10ED400001082246A3E74FEA5B031146DAF80CC03C
:10ED500030461A4605B0BDE8000FBDE8F0406047F8
:10ED6000012000E0002005B0BDE8000FF0BDD4D4C4
:10ED7000F0B503AF2DE9000F83B0D0F808909346AB
:10ED800019F0C05F00F0FA805FEAC90213D4BBF14A
:10ED9000100F33D2BBF1000F67D04A1E4FF0000CAA
:10EDA0005B4612F9016F16F1410FC8BF0CF1010C5F
:10EDB000013BF6D1D1E0B0F80EC0BCF1000F2CD071
:10EDC00001EB0B034FF0000B0D46624609E0EF2DFF
:10EDD0004FF0030588BF04253544AE1B013AB34408
:10EDE0001DD09D421CD02E4615F9014BB4F1FF3FBA
:10EDF000F3DCE5B2E02DEAD2B51CEEE7CA1CCDF893
:10EE0000049022F00308B1EB08060BEB060C0CF0A3
:10EE1000030208D14FF0000E11E04FF0000B00226A
:10EE2000ACEB020C99E04C1E4FF0000E14F9013FC0
:10EE300013F1410FC8BF0EF1010E0136F6D34FEAB0
:10EE40009C090090A2B14FF6FC73C7F6FF7303EA6A
:10EE50000C0343445E1E002316F9015F15F1410FB8
:10EE6000C8BF0133013AF7D103E04FF0000C74E062
:10EE7000002303EB0E0C029110E000233FFA83F015
:10EE80003FFA93F10844A9EB0A090EEB8A081AF03D
:10EE9000030600EB00400CEB104C3CD1B9F1000F25
:10EEA00036D0B9F1C00FCA4628BF4FF0C00A4FF4A0
:10EEB0007C7010EA8A03C646DFD00EEB0308AEF181
:10EEC0001005002355F8104FD5E90110E643EA6814
:10EED000F60946EA941424F0FE342344CC43E409B2
:10EEE00044EA911121F0FE311944C343DB0943EA9E
:10EEF000901020F0FE300844D143C90941EA921134
:10EF000021F0FE310B1805F110004045DAD1B5E7CC
:10EF1000DDF804901FE06FF00C00DDF8049000EACB
:10EF20008A00B60070440022031F53F8040F043E09
:10EF30006FEA00014FEAD11141EA901020F0FE3053
:10EF40000244F2D13FFA82F03FFA92F1084400EB1A
:10EF500000400CEB104C02990098828994450DD228
:10EF60000291C9F34171A2EB0C0A6FF35F590026BD
:10EF7000DFE801F011020E1156460CE0D0E9000264
:10EF8000D3685A4603B0BDE8000FBDE8F04018470B
:10EF90001FFA8AF14E08D0E900544FF00008B0B2D1
:10EFA0001FFA88F1814208D22269284649469047D3
:10EFB00008F101080028F2D014E002992846E3681D
:10EFC0005A46984770B9AAEB060000261FFA80F847
:10EFD000B0B240450BD222692846494690470136D7
:10EFE0000028F5D0012003B0BDE8000FF0BD0020DF
:10EFF000F9E7F0B503AF2DE9000F85B00D460168C4
:10F0000040F2001E02914168934680684FF000086C
:10F010000490C0F2011E4FF0000A002001911AE096
:10F0200006EB090010F8010C0A38B0FA80F040092C
:10F03000019B354606EB0801049EA9EB0802DB683C
:10F040003070029898470028039840F2001EA046AE
:10F05000C0F2011E7CD1C00778D12E46D3455DD3C6
:10F06000ABEB0A0106EB0A00072909D8D3454FD0BC
:10F070000023C25C0A2A3DD001339942F9D147E00E
:10F08000C21CB44622F00302121A03D1A1F10803F4
:10F0900000220AE00023C65C0A2E2AD001339A42DD
:10F0A000F9D1A1F108039A4213D8865885186D68E2
:10F0B00086F00A34AEEB0404264385F00A34AEEB46
:10F0C000040425432E40F64316F0803F01D1083258
:10F0D000E9E7914220D0ABEB02038118A3EB0A06CB
:10F0E0000023CD5C0A2D03D001339E42F9D113E0F9
:10F0F000134466460AEB030101F1010A5945ADD2FA
:10F10000C05C0A28AAD100205446D14603900BE0E7
:10F11000DA46C34504D119E0DA466646C34515D040
:10F12000012044460390D9460498007848B10198DC
:10F130004DF6B031C0F203010422C368029898472B
:10F1400030B9C1457FF46CAF002071E7002000E0CA
:10F15000012005B0BDE8000FF0BDF0B503AF4DF8DC
:10F16000048D8568D0E90046287878B14DF6B03234
:10F17000F368C0F2030288461146204604229847ED
:10F18000414618B101205DF8048BF0BDA1F10A00E1
:10F190003269B0FA80F04009287020465DF8048B8F
:10F1A000BDE8F040104780B56F4613460A4640F26E
:10F1B0009C61C0F20401BDE88040FFF755BDD4D486
:10F1C000F0B503AF2DE9000F87B086681C46D7E97C
:10F1D00002CA4FF02B0B16F400154FF0010308BFC5
:10F1E0004FF4881B002918BF6B0D03EB0A0808BFFA
:10F1F0004FF02D0B310202D40021069112E023467C
:10F200005CB1541E00219E4614F9015F15F1410FB7
:10F21000C8BF0131013BF7D101E09E46002188447F
:10F2200074460692B0F80C90C84511D2F101CDE9B0
:10F2300004CA23D4C6F34171A9EB08036FF35F56E8
:10F240004FF00009DFE801F051024E0299464CE010
:10F25000D0E900565A4600943146069BE0462846BF
:10F2600000F080F8002864D1F368284641465246F1
:10F2700007B0BDE8000FBDE8F0401847D0E90251E3
:10F280005A46D0E900A602910021C9F6E071039028
:10F29000294041F0005141F0300181600094504616
:10F2A000069B314600F05EF8002842D1A9EB080029
:10F2B000AB46002485B2A0B2A84207D232695046BC
:10F2C0003021904701340028F5D032E0DDE9041206
:10F2D0005046F368984760BBDDE90210C0E902B10F
:10F2E000002027E099B24FEA5109D0E900584FF0C9
:10F2F000000A03931FFA89F01FFA8AF1814209D2AA
:10F30000D8F810202846314690470AF1010A002813
:10F31000F0D00EE000942846069B41465A4600F085
:10F3200021F830B9DDE904122846D8F80C309847A6
:10F3300020B1012007B0BDE8000FF0BD0398002404
:10F34000A0EB09001FFA80F9A0B24845C8D2D8F84E
:10F3500010202846314690470134014601200029FB
:10F36000F2D0E7E7F0B503AF4DF8048DD7F8088089
:10F370001C460E46B2F5881F0AD033691146054671
:10F3800098470146284619B101205DF8048BF0BD6D
:10F390003CB1F368214642465DF8048BBDE8F0407D
:10F3A000184700205DF8048BF0BDD4D4F0B503AF4E
:10F3B0002DE9000B86B0272919D8DFE801F0141ECB
:10F3C0001E1E1E1E1E1E1E37291E1E331E1E1E1E24
:10F3D0001E1E1E1E1E1E1E1E1E1E1E1E1E1E1E1E4D
:10F3E0003B1E1E1E1E2D002143F25C027BE05C29A9
:10F3F00003D1002145F65C4275E0D2071CBF0A0A22
:10F40000022A20D82029C0F06F817F2917D376E007
:10F41000002146F65C6266E0D20510D5002142F27A
:10F420005C7260E0002147F25C225CE0002147F260
:10F430005C4258E022F07F42B2F5803F50D201603A
:10F440008122802155E0044608460D4600F0ACF9C3
:10F45000024629462046002A51D04EF628530A0D6E
:10F46000C0F20303C1F303459E5C01F00F0213F8E1
:10F4700005E013F802C0C1F30322C1F30334C1F362
:10F4800003159A5C41F001011C5D5B5D8DF806205F
:10F49000B1FA81F200258DF803607B268DF80730E4
:10F4A00091086B468DF80250ADF800508DF805407C
:10F4B0008DF804E05E546FF0010101EB92015C26CF
:10F4C00003EB92025E5475237D2602F8013C8DF811
:10F4D00009608DF808C0DDE90023BDF8086045E14A
:10F4E000002142F25C22C0F80610C0F8021002802F
:10F4F00002224273017306B0BDE8000BF0BDB1F506
:10F50000803F2FD240F6D72940F62338CBB24FEABE
:10F51000112E0022C0F20409C0F20408002605E002
:10F5200000F29F8062464C2E00F09B8009EB06059E
:10F5300019F8064002366D78744502EB050CEFD1E0
:10F540009445C0F01881BCF58E7F00F21481002D27
:10F55000E8D0424414789C4200F0C6800132013D5C
:10F56000F8D1DFE7B1F5003F2FD240F2AF7940F696
:10F570000B08C1F3072ECBB20022C0F20409C0F27F
:10F580000408002605E000F28D8062465C2E00F043
:10F59000898009EB060519F8064002366D78744536
:10F5A00002EB050CEFD19445C0F0EF80BCF1D40F15
:10F5B00000F2EB80002DE8D0424414789C4200F029
:10F5C00093800132013DF8D1DFE74FF6E0734CF64E
:10F5D000AE66C0F21F0303F11E020A40C0F202062B
:10F5E000B24200F081804AF2E0660B40C0F20206AF
:10F5F000B3421EBF4BF61E03C0F202039A4273D001
:10F60000A1F53832A2F53F6212F1100F6CD84FF21B
:10F610005D63A1F53E32CFF6FF739A429FBFA1F51D
:10F6200040324FF61D23CFF6FF739A425CD8A1F506
:10F630004432A2F5547212F1060F9FBF01F1FF226E
:10F6400002F5710243F27933CFF6F57398BF9A420F
:10F650004AD840F2F012C0F20E029142FFF4EFAE2F
:10F6600042E040F63F4C00260122C0F2040C0D4659
:10F670001CF90640731C002C01D41E460AE0B3F5A9
:10F68000927F00F08B801CF8033004F07F04023678
:10F6900043EA04242D1B24D482F00102B6F5927FA4
:10F6A000E6D11EE040F6DF0C8BB200250122C0F24D
:10F6B000040C1CF905406E1C002C01D4354609E0F1
:10F6C000B6F5FC7F6AD01CF8066004F07F040235B2
:10F6D00046EA04241B1B04D482F00102B5F5FC7F2A
:10F6E000E7D1D2077FF4ABAE4EF628530A0DC0F235
:10F6F0000303C1F303459E5C01F00F0213F805E01C
:10F7000013F802C0C1F30322C1F30334C1F303159C
:10F710009A5C41F001011C5D5B5D8DF81220B1FA2D
:10F7200081F28DF8133003AB00258DF80F6091083E
:10F730007B268DF80E50ADF80C508DF811408DF8E9
:10F7400010E05E546FF0010101EB92015C2603EBC7
:10F7500092025E5475237D2602F8013C8DF81560F7
:10F760008DF814C0DDE90323BDF81460C0E900235F
:10F770000A220681BDE640F664531046C0F2040337
:10F7800061464FF48E7200F084F840F664531046E0
:10F79000C0F204036146D42200F07BF840F67450B6
:10F7A000C0F2040000F0B4F880B56F4640F6AB62DA
:10F7B000102140F6E05EC0F20102904238BF002105
:10F7C00001F1080CC0F2040E00225EF82C30DB02BE
:10F7D000B3EBC02F98BF614601F1040C5EF82C30EA
:10F7E000DB02B3EBC02F98BF614601F1020C5EF85B
:10F7F0002C30DB02B3EBC02F98BF614601F1010C46
:10F800005EF82C30DB02B3EBC02F98BF614601F1EC
:10F81000010C5EF82C30DB02B3EBC02F98BF6146C1
:10F820005EF821304FEAC32CBCEBC02F38BF012259
:10F83000C3029C4508BF013253181F2B5EF82310EA
:10F840000EEB830E4FEA515106D8DEF804204FEA42
:10F85000525C1BB9002305E040F2FF2C5EF8043C2B
:10F860006FF35F53CA4312EB0C020FD0C01AACF116
:10F87000010E40F2883C0023C0F2040C1CF8012069
:10F880001344834202D801318E45F7D101F00100C3
:10F8900080BD80B56F4686B0904210D9CDE9000298
:10F8A0004FF6A34001A9C0F201000590CDE9030184
:10F8B000684602904CF65150C0F2030024E0914299
:10F8C00012D8884210D9CDE900014FF6A34001A912
:10F8D000C0F201000590CDE90301684602904CF2A8
:10F8E0005260C0F203000FE04FF6A340CDE90012D2
:10F8F000C0F2010001A905900390684602904CF601
:10F9000013300491C0F2030002A91A46FFF79EF9D2
:10F9100080B56F46024640F2B960C0F204002B2168
:10F9200000F000F880B56F4649000131FFF78EF90D
:10F93000FEB506AFCDE90001694605480590CDE961
:10F94000030101A8029002A90248FFF77FF900BF56
:10F95000A3FC01008FC70300F0B503AF2DE9000F32
:10F9600089B09846034600794FF0010900284FF00E
:10F9700001006CD11D689A46D7F808B05B79A87A67
:10F9800000062DD40C4640F28761934640F28A620D
:10F99000C0F20401D5E90006C0F20402002B18BF32
:10F9A0001146F3684FF0030218BF0222984700285F
:10F9B0004BD1D5E900015A46CB682146984700282B
:10F9C00043D1D5E900010222CB6840F28C61C0F23C
:10F9D00004019847C8BBBA6840462946904735E0BD
:10F9E00073B9D5E9000340F28E66DB68C0F2040605
:10F9F0000C4631461646032298472146324620BB24
:10FA00000120D5E9003607F82D0CA7F12D00039051
:10FA100040F29C60C0F20400D5E90245069001A8BE
:10FA20000590CDE90745CDE90136FFF7E2FA60B967
:10FA300040F28C6101A8C0F204010222FFF7D9FA5A
:10FA400018B905A94046D84748B101205346187156
:10FA5000184683F8059009B0BDE8000FF0BDDDE958
:10FA600005010222CB6840F29161C0F2040198477F
:10FA7000ECE7014600794A79002A08BF704710B1C7
:10FA8000012008717047D0B502AF08680C46817A32
:10FA9000090608D4D0E900010222CB6840F299613E
:10FAA000C0F2040107E0D0E900010122CB6840F276
:10FAB0009661C0F2040198472146BDE8D040087124
:10FAC0007047F0B503AF2DE9000788B0D0E90045D5
:10FAD0000646D5F80CA098462046D04720B1012014
:10FAE00008B0BDE80007F0BDB07AD7F8089000066E
:10FAF00015D440F293612046C0F204010122012591
:10FB0000D047014628460029EAD140463146C84739
:10FB10000028E4D1D6E90040D0F80CA02CE040F257
:10FB200094612046C0F204010222D0470146012020
:10FB30000029D5D1A7F1290140F29C6207F8290CD0
:10FB4000C0F20402CDE90151D6E90201CDE9060176
:10FB500004A905926A46404600940492C8470028CA
:10FB6000BDD1DDE904010222CB6840F29161C0F20F
:10FB7000040198470028B2D140F297612046C0F2B4
:10FB800004010122D047ABE7B0B502AF84B01C46F8
:10FB90000546D0E90003DB68984707F1080C00210F
:10FBA0008DF80C0002A89CE80C108DF80D10214671
:10FBB0000295CDF800C0FFF7CFFE9DF80D209DF80F
:10FBC0000C10012A42EA010008BF5FEAC17115D199
:10FBD0000298817A090608D4D0E900010222CB6894
:10FBE00040F29961C0F2040107E0D0E9000101226E
:10FBF000CB6840F29661C0F20401984700F0010022
:10FC000004B0B0BDB0B502AF84B01C460546D0E923
:10FC10000003DB6898478DF80C0041F2A930002101
:10FC2000C0F200008DF80D104EF6E831009002A8E9
:10FC3000C0F20301082223460295FFF78DFE4EF61F
:10FC40008131BB68C0F20101062200914EF62141CC
:10FC5000C0F20301FFF780FE9DF80D209DF80C1007
:10FC6000012A42EA010008BF5FEAC17115D102987A
:10FC7000817A090608D4D0E900010222CB6840F25B
:10FC80009961C0F2040107E0D0E900010122CB68CC
:10FC900040F29661C0F20401984700F0010004B000
:10FCA000B0BDF0B503AF2DE9000F87B0046840F296
:10FCB000E6600D46C0F20400B4F57A7F38D349F20D
:10FCC0007F68A7F1260E002342F2107941F27B4AA9
:10FCD0004FF0640BC0F298082146039502940A463F
:10FCE00041F25971CDF2B7110EEB0304A2FB0116DC
:10FCF000043B42454FEA563101FB19261FFA86FCA8
:10FD00004FEA9C0505FB0AF54FEA554505FB1B66C6
:10FD100030F81550E580B6B230F816602681DED88E
:10FD2000DDE902450A33092906D80A46ACB915E0CF
:10FD30000A2321460929F8D98AB241F27B46920862
:10FD4000023B72436426520C02FB1611A7F12606F1
:10FD500089B230F81110F15204B132B100EB420017
:10FD6000013BA7F126014078C854A7F12601C3F151
:10FD70000A0019440122CDE9001028460121002380
:10FD8000FFF71EFA07B0BDE8000FF0BD80B56F4663
:10FD900082B0D7F808C0CDF800C000F000F880B5F8
:10FDA0006F4694B09446B1F5807FCDE9012305D824
:10FDB00000244FF0010ECDE9030115E04FF48072ED
:10FDC000845614F1410F02DC013AF9D1002240F2CD
:10FDD000B46E0024C0F2040ECDE903028A4228BFAB
:10FDE0004FF0010E38BF0524BA688C45CDE905E413
:10FDF00000F22B818B422ED89C4500F23E81BCF153
:10FE0000000F06D08C4504D210F90C4014F1410FBC
:10FE100039DD03B38B421ED2C45614F1410F1ADCF4
:10FE20009C4610F90C4014F1410F04DCBCF1010CAC
:10FE3000F7D14FF0000CC45614F1410F03DC01332D
:10FE40009942F8D10B469C45CDE907C336D90092BB
:10FE50006246FFF79BFF4EF6154005A9C0F2010070
:10FE60000E910F900AA90D9003A80C904FF6A34095
:10FE7000C0F201000B9002A80A904DF23610C0F2B9
:10FE80000300FEF7E3FE6346C45614F1410F02DCA3
:10FE9000013BF9D1002310F90C4014F1410F04DCAF
:10FEA0000CF1010C6145F6D18C466345CDE9073C68
:10FEB0000ED900921A466346FFF768FFBCF1000FA7
:10FEC0000FD18B4215D2C45614F1410FBFDD11E0A2
:10FED00093BB8C4537D210F90C4014F1410FE8DD8B
:10FEE00032E08C4535D210F90C4014F1400FAEDBF6
:10FEF000E7E7ACD19C4529D000EB0C0191F900302B
:10FF0000B3F1FF3FD8B250DC4C7800F01F0CE02872
:10FF100004F03F0441D38B78F02803F03F0343EA19
:10FF2000841440D3C8780CF0070100F03F0040EA89
:10FF3000841040EA814038E08B420DD2C45614F15F
:10FF4000400FB6DBC5E7B4D1634507D11046FFF7D4
:10FF5000DFFC7FF47CAFB4E7ABD1BAE7C11891F90D
:10FF60000030B3F1FF3FD8B248DC4C7800F01F0CF2
:10FF7000E02804F03F0413D38B78F02803F03F030C
:10FF800043EA841438D3C8780CF0070100F03F002E
:10FF900040EA841040EA814030E044EA8C1004E0FA
:10FFA00044EA8C102AE044EA0C3009904EF61540E1
:10FFB00005A9C0F201001390CDE9110103A810902A
:10FFC00040F21310C0F202000AA90F9007A80E9089
:10FFD00040F2B100C0F202000D9009A80C904FF65B
:10FFE000A340C0F201000B9002A80A904DF2DC2061
:10FFF000C0F20300FEF72AFE44EA0C3009904EF6E8
:020000022000DC
:10000000154005A9C0F201001390CDE9110103A824
:10001000109040F21310C0F202000AA90F9007A836
:100020000E9040F2B100C0F202000D9009A80C90B1
:100030004FF6A340C0F201000B9001A80A904CF2C9
:100040003E70C0F20300FEF701FE4EF6154005A912
:10005000C0F20100CDE90D010AA90F9003A80C9090
:100060004FF6A340C0F201000B9001A80A904CF695
:100070003600C0F20300FEF7E9FD4EF6154005A973
:10008000C0F20100CDE90F0102A9119003A80E9062
:100090004FF6A340C0F20100CDE90B010AA90D9073
:1000A00001A80A904DF2E760C0F20300FEF7CEFD12
:1000B000F0B503AF4DF8048D84B0D1E90046054694
:1000C000D6F8108027212046C04708B101201CE047
:1000D00029686D46284640F20112FFF767F99DF83E
:1000E0000D00812805D300992046C0470028EDD196
:1000F00008E09DF80C20F368A918821A204698475A
:100100000028E3D120462721C04704B05DF8048BC6
:10011000F0BDF0B503AF4DF804BD84B00546886866
:100120000C46810107D4400116D428462146FFF72A
:10013000B8FD98B33CE029684EF6285202A807267D
:10014000C0F20302334601F00F060909965DC6545A
:10015000A3F10106F6D10FE029684EF6C84202A8C5
:100160000726C0F20302334601F00F060909965D27
:10017000C654A3F10106F6D1591C40F66662C1F1DE
:1001800009011844C0F204020223CDE9000120460F
:1001900001210126FFF714F8002846D1D4E9000117
:1001A0000222CB6840F66461C0F20401984708B1AE
:1001B00001263AE0A168281D8A0105D4490114D41A
:1001C0002146FFF76EFD2FE001684EF6285202A887
:1001D0000726C0F20302334601F00F060909965DB7
:1001E000C654A3F10106F6D10FE001684EF6C842ED
:1001F00002A80726C0F20302334601F00F060909E0
:10020000965DC654A3F10106F6D1591C40F666620C
:10021000C1F109011844C0F204020223CDE9000132
:1002200020460121FEF7CCFF0646304604B05DF8BB
:1002300004BBF0BD80B56F4684B0024640F2592041
:10024000C0F2020001A90290781E01904CF2785091
:10025000C0F20300FEF7FAFC80B56F46084640F690
:100260009C61C0F204011822BDE88040FEF780BD09
:1002700080B56F4684B0024640F29520C0F202007D
:1002800001A90290781E01904CF27850C0F2030050
:10029000FEF7DCFC80B56F46084640F2C601C0F2AE
:1002A00004012022BDE88040FEF762BD80B56F46A4
:1002B00084B0CDE900014EF61540C0F2010002A95C
:1002C0000390684602904CF27850C0F20300FEF7AB
:1002D000BDFC80B56F4688B08DE80F0002A84BF6D4
:1002E000423CD7F808E04EF63D4406904EF61540E5
:1002F000C0F20100C0F2030C0590684604A9C0F2E8
:1003000001040490604672460794FEF79FFC80B596
:100310006F4684B04EF628530DF1080E8C46072226
:10032000C0F20303114600F00F0200099A5C0EF8B8
:100330000120A1F10102F5D1481C40F66662C0F12E
:1003400009007144C0F204020223CDE900106046A6
:100350000121FEF735FF04B080BD80B56F4602462F
:1003600040F68450C0F204007321FEF76FFC80B5A4
:100370006F46024640F6BD50C0F204004721FEF72A
:1003800065FC80B56F4686B0CDE900104FF6A340FE
:1003900001A9C0F201000590CDE903016846029071
:1003A0004CF2074002A9C0F20300FEF74FFC80B5F3
:1003B0006F4684B040F2E66CC2B2C0F2040C0A2A66
:1003C0000ED329235A43130B642203FB1202D2B229
:1003D0003CF8122027F8022C0122000604D105E087
:1003E00003220346000601D0180607D003F07F0061
:1003F000013AFB1E0CEB400040789854C2F1030018
:10040000FB1E1A440023CDE90020084601210122E9
:10041000FEF7D6FE04B080BD80B56F4684B04EF6C0
:10042000C8430DF1080E8C460722C0F203031146A3
:1004300000F00F0200099A5C0EF80120A1F1010200
:10044000F5D1481C40F66662C0F109007144C0F263
:1004500004020223CDE9001060460121FEF7B0FE40
:1004600004B080BD80B56F46FEE780B56F4680BDA5
:1004700080B56F46D0E90002D268BDE880401047E1
:10048000BCB504AF00208029019003D28DF8041080
:1004900001212FE01A4B0A46880963F39F12B1F538
:1004A000006F07D240F0C0008DF805208DF80400E1
:1004B00002211FE063F39F100C0B0025B5EB114FD9
:1004C00009D18DF8050044F0E0008DF806200321E5
:1004D0008DF804000EE06FF00F0545EA91418DF8AC
:1004E0000410042163F39F148DF807208DF8060093
:1004F0008DF8054001A800F06DF90020BCBD00BFDB
:10050000FEFFFF0380B56F4613460A460249BDE869
:100510008040FEF7A9BB00BFB80E040080B56F464F
:100520000846114600F056F9002080BDE0B502AF44
:1005300027F8020CB81E022100F04CF98CBDE0B582
:1005400002AF07F8010C781E012100F043F98CBDC1
:10055000E0B502AF019001A8042100F03BF98CBD89
:10056000F8B504AF8DE80F006846102100F032F9AD
:100570008FBDB0B502AF054608460C46FFF7E8FF51
:1005800028462146BDE8B04000F024B9D0B502AFFE
:1005900004460448FFF7CAFF2046BDE8D040FFF7F5
:1005A000D7BF00BF06000000D0B502AF044600F080
:1005B000C7F82046FFF7BAFFBDE8D04000F040BDC5
:1005C000D0B502AF044600F0BBF82046FFF7AEFFFF
:1005D00000F036FDBDE8D04000F0CEB8FEB506AF65
:1005E000CDE901010748049001A807490390781E4E
:1005F00003AAFFF787FF0548012100F0EBF806B0DA
:1006000080BD00BF7104020078C50300B40E040071
:1006100080B56F4602480E21024AFFF783F900BFFA
:10062000D00E0400E00E0400E0B502AF05F0D4FCEB
:100630008CBDD4D4F0B503AF4DF804BD104D0446C5
:100640001049114EE86A00F00300022808BF0E4668
:100650000021C8070CD105F1180021460122B0473E
:1006600000210028F5D0012804D101340121F0E750
:1006700005F0ACBC054B01210122FFF70AF900BFD0
:100680001000002091060200C10602004C0F040079
:10069000F0B503AF4DF804BD82B072B10569C3680F
:1006A000DE43EC1A04F2FF3488BFAC19BFF35F8F4E
:1006B0001CB1009400F00FF800E0002005F055BBDD
:1006C000DCB504AFC3684FF48064BFF35F8F009460
:1006D00000F001F8DCBDF0B503AF2DE9000B814659
:1006E000B86814468846904238BF0446E518B5F508
:1006F000806F0ED9D9F80400C3F5806641461844CE
:1007000032461AF078FFD9F8040008EB0601A21B64
:1007100004E0D9F804004146224618441AF06BFF61
:10072000BFF35F8F6FF39F25C9F80C502046BDE8DB
:10073000000BF0BDE0B502AF05F04EFC8CBDD4D48B
:10074000E0B502AF01F04EF908494A784AB90122F2
:100750004A708870C87818B90020CA7005F03CFC4F
:100760008CBD03483D21034AFEF770FA706A0020F1
:10077000F00E0400100F0400B0B502AF124C607808
:10078000E0B1207978B1072808D24FF0FF3101FAA3
:1007900000F06179084300F07F0002E0793060F0FA
:1007A0007F00FFF7C7FF00200025FFF7C3FFA580EC
:1007B000A0786570BDE8B04001F04AB9034839211E
:1007C000034AFEF743FA00BF706A0020200F0400BE
:1007D0003C0F0400F0B503AF2DE9800FDFF88C90DB
:1007E00000EB010B04464FF0010899F8046099F8FA
:1007F00005A05C4537D0651C14F8010BF1B2072940
:100800000BD378B1FFF710FF013689F80460F0B21E
:100810008628EED1FF202C4608E078B1FFF704FFD0
:10082000504612E006F1790060F07F00FFF7FCFE11
:100830004FF0000A0026A9F804A0DAE708FA01F050
:1008400040EA0A0089F80500824601362C46F1B2DA
:1008500089F804600729CCD107264FF0000A2C46FE
:100860000106C6D0E2E705F04CBD00BF706A00206B
:1008700080B56F460268CA61134650E8002F9A425D
:100880000AD1BFF35F8F40E800133BB90123002B6F
:10089000BFF35F8FEFD003E0BFF32F8F0023F6E7A6
:1008A000B2FA82F0400980BD80B56F46014601482A
:1008B00080BD00BF5C0F0400D0B502AF0146193007
:1008C0000123BFF35F8FD0E84F2FC0E8443F002CD7
:1008D000F9D1BFF35F8F02B1D0BD086AFFF7C8FF3F
:1008E0000028F9D040BFD0BD80B56F4680BD80B52F
:1008F0006F460862FFF7BCFF00B140BF80BDD4D493
:1009000080B56F46D1E900016822CB680149BDE896
:10091000804018476C0F04000168064A914204BFEA
:100920004068704780B56F460348FFF749FEFFF700
:100930006FFE00BF5C0F040013000000F0B503AFB2
:100940002DE9800F2C4C00262C4D4FF00108082E6D
:100950000CD055F8260030B108FA06F0C5F80802A8
:10096000204600F01BFA01360834F0E7E86FB8B310
:100970004FF0000A0126C5F87CA00021244DBAF1F1
:10098000080F2DD01E484FEA4118013150F80A4097
:100990000AF1040AD4F820950091CB46BBF1000F70
:1009A0001AD09BFAABF0B0FA80F120291AD204EBEE
:1009B0008100D0F8002722F44032C0F8002741EA35
:1009C0000800302813D205EBC00006FA01F12BEA2B
:1009D000010B00F0E3F9E1E7C4F820950099CEE7B8
:1009E00005F08FBC07481D21074AFEF79BFF074A09
:1009F0003021FEF79DFF00BF8C5E002000610040AB
:100A0000B0EB0300141004003410040004100400C0
:100A10000C5D0020F0B503AF4DF804BD1E4D2868F5
:100A2000012803D10020286000F03EF8A86C0128BE
:100A300003D10020A86400F037F8E86B012828D122
:100A40000020E86300F0CEFF04464FF48030C5F884
:100A500004024FF0FF30114D124EC5E9000010485E
:100A600000F044F800F050F8024605F10C000B4687
:100A700000F0F7FAAA680132AA6000F059F80028DD
:100A80003046EDD020465DF804BBBDE8F04000F0F4
:100A9000DFBF05F09BBA00BF0411014040000020F9
:100AA000D40F0400E40F0400D0B502AF00F09AFFA9
:100AB0000C494FF440040A6901320A61530A14EBED
:100AC000C252D1E9001443F10003891A74EB030107
:100AD0003EBF05494FF480320A60BDE8D04000F0C7
:100AE000B7BF00BF400000200413014005498A68D9
:100AF0001AB94FF0FF308860704780B56F46FFF736
:100B000099FB00BF4000002080B56F460648074AA9
:100B10000069126800F0010182EAC151420A11EB3A
:100B2000C05042F1000180BD40000020041501408A
:100B3000F0B503AF2DE9800FDFF88C808A46234C97
:100B400083464FF48039C8E900BAFFF7DDFFB0EB08
:100B50000B024FF0000671EB0A0238BF012624D2C7
:100B6000C21C41F100032546BBEB02047AEB0303F0
:100B700028BF5A46BBEB00006AEB0101B0F540000C
:100B80002C4622F07F4271F10000C5F83C2214D2BD
:100B9000C4F80090FFF7B8FF023041F10001BBEB51
:100BA00000007AEB0100D0D30AE04FF4803060609F
:100BB0004FF0FF30C8E9000002E04FF48030606081
:100BC0003046BDE8080FF0BD40000020041301408E
:100BD00080B56F464FF0FF32BDE8804000F000B8AE
:100BE000B0B502AF046802EA010304EA02059D42BF
:100BF00001D10120B0BDE4431C421BD10E4C0125A4
:100C0000EFF3108372B6C4F804512568ED07FCD0E9
:100C100061EA02010160BFF34F8F2068C007FCD07A
:100C20000020C4F804012068C007FCD0002083F332
:100C30001088B0BD0220B0BD00E4014080B56F4611
:100C40000648BFF34F8F064A016801F4E061114383
:100C50000160BFF34F8F00BFFDE700BF0CED00E068
:100C60000400FA05DCB504AF04460448FFF75EFC57
:100C7000019401A80421FFF7ADFDDCBD04000000D4
:100C800080B56F460078074905F0D2FC38BF4FF0B9
:100C9000A04141EA8000D0F8001721F44031C0F8AB
:100CA000001780BD00030050F0B503AF2DE9000B25
:100CB00016468946044600F095FE80461F48FFF719
:100CC00015FF3046FFF728FE0546806840B1D5E99C
:100CD0000001001B71EB090025D3C5E9004914E0B0
:100CE0001748C5E90049D0F80C90C560D6E9001056
:100CF000096888470E46A968044611B1E868C968C2
:100D0000884705F1080080E850020D4800F10C0406
:100D1000FFF7FAFE024620460B4600F0A2F9FFF765
:100D200007FF0028F4D00648816801318160404601
:100D3000BDE8000BBDE8F04000F08ABE441004009E
:100D40004000002080B56F460146D0E90020002316
:100D50000B601AB15168BDE88040084780BDF0B50E
:100D600003AF4DF804BD0668044686B16568954238
:100D700008BF8E4210D0096810468847C4E90001B8
:100D8000284671685DF804BBBDE8F0400847096873
:100D900010468847C4E9000105F018B9F0B503AF63
:100DA0004DF8048D054600F01DFED5E9004680464D
:100DB000002028604CB1A16830468847D5E9001072
:100DC000C5E9004609B1C968884740465DF8048B0B
:100DD000BDE8F04000F03CBEF0B503AF2DE90007E0
:100DE00014468A46064600F0FDFDD6E900598046C5
:100DF000002030601DB1A14508BF554510D0DAF87C
:100E00000010204688470246D6E90030C6E9002196
:100E10000BB1D968884725B1E9684846884700E0A2
:100E200035604046BDE80007BDE8F04000F010BE68
:100E3000B0B502AF0546084805F040FD2046FFF773
:100E400087FB0648FFF772FB2CB115F8010BFFF783
:100E500076FB013CF8E7B0BD080000000F00000081
:100E6000D0B502AF00248018594144F10002012A94
:100E700018BFD0BD02482821024AFFF717FA00BF69
:100E8000641004008C100400F0B503AF4DF804BDED
:100E90001C4615460646FFF737FE2A462346FFF74F
:100EA000DFFFC6E90001002030725DF804BBF0BD31
:100EB00080B56F460248BDE88040FFF737BB00BFF2
:100EC00001000000BFB506AF8A680068930107D42F
:100ED00052010DD4007804B0BDE8B040FFF767BA06
:100EE000027803A80D4B012505F05BFBFCD107E060
:100EF0000278A7F10A000B4B012505F052FBFCD14B
:100F0000621C2044C2F103020223CDE9000208461C
:100F1000034A0121FEF754F904B0B0BD28ED0300E7
:100F2000660E0400C8EC0300F0B503AF2DE9000F16
:100F300089B00D460646D2E900011446CB6801226D
:100F40002C49984780460020E9464FEAC871002D99
:100F500043D0009611B14FF001083AE0A17AC007E2
:100F600009060DD438B1D4E900010222CB68254925
:100F700098470028EFD148462146FFF7A3FF27E016
:100F8000D4E900BA40B91C495846DAF80C300122BD
:100F90004FF001089847E0B90120CDE901BA07F800
:100FA0002D0CA7F12D0003901448069001A8059080
:100FB000D4E90201CDE9070105A94846FFF782FF00
:100FC0000028C8D1DDE905010222CB680C49984709
:100FD00080460136013D0120B7E709B1012005E057
:100FE000D4E900010122CB680749984709B005F010
:100FF00033B800BFAE070400F01104009C060400E3
:10100000910604008A06040098060400B0B502AFF9
:101010000446007A0D4658B1FFF776FD02460B46AE
:10102000D4E90001121A73EB010203D30020B0BD12
:10103000D4E900012A46FFF737FE01202072B0BD37
:10104000E0B502AFFFF760FD05F0D7FB400A4A0AA2
:10105000019240EAC150009068460821FFF7BAFBB0
:101060008CBDF0B503AF2DE9800F9846914606463A
:101070004FF0000B4FF0FF344FF0FF35D6F800A0D3
:10108000BAF1000F2CD0DAE90001B9EB000278EBDD
:1010900001020FD24FF0FF3380EA03024B401A43A4
:1010A000031B71EB05033CBF0D4604464AB10AF130
:1010B0001006E3E7DAE90210CAF808B009B1496896
:1010C0008847DAF810003060DAF80810CAF810B073
:1010D00019B1DAF80C00C9688847CAF808B0CDE73A
:1010E00020462946BDE8080FF0BDD4D4F0B503AFC3
:1010F0002DE9000F8DB0D1E900462221D6F81080ED
:10110000D0E900A52046C047002840F0ED80002D22
:1011100000F0BD80002200232946D14604960694A3
:10112000CDF80880059509EB010E002019F8004064
:10113000A4F17F0515F15F0F07D3222C18BF5C2C9B
:1011400003D001308142F1D1A4E009EB0001089203
:10115000894619F9012BD6B2B2F1FF3F22DC4D7856
:1011600006F01F02E02E05F03F0512D38C78F02E1A
:1011700004F03F0444EA851510D3CC7802F007024E
:1011800001F1040904F03F0444EA851444EA82466C
:1011900008E045EA821601F1020903E045EA023659
:1011A00001F10309CDF81CE0C51809A831464FF03C
:1011B00001125446FEF7FAF89DF830A09DF831B0C0
:1011C000ABEB0A085FFA88F0012803D1DDE90712CA
:1011D000A24648E0089A9542C0F08E8052B1059828
:1011E000824205D2A05610F1410F40F3858001E004
:1011F00040F0828045B10598854204D2605710F1D5
:10120000410F79DD00E077D12846A1180390821ABA
:1012100004982546C4680698A047002864D1BBF10D
:10122000810F04D309990698029A904705E009A80E
:10123000424600EB0A010698A047002854D1802EB0
:1012400003D20120AA4607990BE00799AA46B6F5F2
:10125000006F01D2022004E00420B6F5803F38BFC1
:101260000320039D4219802E01D2012009E0B6F52A
:10127000006F01D2022004E00420B6F5803F38BFA1
:1012800003204319B1EB09017FF44DAF03E00025C2
:10129000002022E00B449A4235D8DDF80880069CF5
:1012A000DDE9046542B1AA4208D21AF9020010F140
:1012B000410F104604DC29E0002001E0284625D13A
:1012C00043B1AB4208D21AF9031011F1410F1CDDF2
:1012D0001D4602E0002500E017D10AEB00012A1AA2
:1012E000F3682046984718B101200DB004F0B4BE51
:1012F00020462221C047F8E705992B460648009072
:101300002046FEF743FD059D00E0024603482946BE
:1013100000905046FEF73AFD7C0E04008C0E04004F
:1013200080B56F46084603490222BDE88040FDF7BC
:101330001FBD00BFDC1104000548016819B94FF05A
:10134000FF310160704780B56F460248FEF772FFBB
:10135000580000209C110400DCB504AF0246D1E91E
:1013600000011268136803F13C04192C14D903F12D
:1013700081040E2C22D903F10E040D2C00F22B80D7
:10138000DFE804F0077A7D3434343434348534347F
:101390007781CB685C4974E0DFE804F00D282858B9
:1013A0005C284F28284B55285F6328425267453FE9
:1013B000282828282848CB68444972E0DFE804F050
:1013C0000821242A1E16161616161616161627009B
:1013D000CB68364947E013F1700460D013F169041B
:1013E00059D0163302D1CB6846494AE04C4BCDE97F
:1013F00000236B464B4AFDF737FCDCBDCB682F4919
:101400004FE0CB682A4916E0CB682A4913E0CB6845
:101410002B4910E0CB68284933E0CB6837491EE000
:10142000CB6832491BE0CB68334904E0CB683449D0
:1014300027E0CB6829490B2234E0CB6826490EE02F
:10144000CB682B4913E0CB68254901E0CB682049E4
:10145000082227E0CB681F491FE0CB6821490A22F8
:1014600020E0CB6820490C221CE0CB6821490F22E8
:1014700018E0CB68284904E0CB68244901E0CB6838
:10148000234906220EE0CB68052224490AE0CB68F6
:101490000322204906E0CB680B49072202E0CB6813
:1014A0000849092202B0BDE8D04018478011040065
:1014B000751104006A110400641104005B1104003A
:1014C00050110400471104004011040037110400BA
:1014D000E0EB030030110400261104001B1104008E
:1014E000A8EB03001111040005110400FB10040017
:1014F000EC100400DD100400D2100400C810040039
:10150000C2100400BC100400B6100400B0100400A7
:10151000AA100400A7100400A11004009C100400ED
:1015200029150200D1CE0300F0B503AF2DE9FE0F5F
:10153000D0F800E0A7F126080D46BEF1000F704676
:1015400048BF4042B0F57A7F22D328490024DFF813
:1015500098B042F210794FF0640A03958C46034626
:10156000B0FBF9F000FB193508EB0401043CAEB206
:10157000B6FBFAF63BF81620CA8006FB1A5292B266
:101580003BF812200A816345E9D8039D0A3400E044
:101590000A2409280DD981B26423B1FBF3F2124960
:1015A00002FB1300023C80B231F8100028F804005E
:1015B00000E0024632B10C48013C00EB42004078AA
:1015C00008F80400C4F10A0008EB0401012200231A
:1015D000CDE900106FEA0E00C10F2846FDF7F0FDBF
:1015E00007B0BDE8000FF0BDE60604007F96980046
:1015F000B0B502AF0546044805F060F9284621461B
:10160000BDE8B040FEF7B5BF03000000B0B502AFC3
:1016100004464348FEF78AFF04F13C00192814D918
:1016200004F181000E2821D904F10E010D2900F2E8
:1016300029803C48DFE801F00763673131313131FF
:1016400031613131656C4F4862E0DFE800F00D2612
:10165000264C4E26462626444A265052263E4854BC
:10166000403C262626262642374851E0DFE800F097
:1016700008232529211515151515151515152700EC
:10168000294845E014F1700041D014F169003CD0C4
:1016900014F1160001D13A483AE03F483F4DA847BF
:1016A0001F48A8473E48A8472046FEF751FF0020A4
:1016B0002EE021482CE01D482AE01D4828E01F4864
:1016C00026E01C4824E02C4822E0274820E0294856
:1016D0001EE02A481CE020481AE01E4818E0234873
:1016E00016E01E4814E0194812E0194810E01C48A2
:1016F0000EE01C480CE01E480AE0254808E022489D
:1017000006E0244804E0214802E00E4800E00C48CE
:10171000FEF70CFF0020BDE8B040FEF707BF00BF9A
:101720000D000000380100002D0100002E01000016
:101730002C010000330100002401000028010000FA
:1017400027010000310100003C01000036010000CB
:101750002B01000025010000300100002F010000D6
:101760002101000022010000370100003B010000C0
:1017700039010000350100003A010000230100009A
:1017800029010000260100002001000034010000B2
:101790002A010000320100003D0100002D05020079
:1017A000D100000080B56F460C4600F013F80546E6
:1017B00007480E46FEF7F8FE711E2846FFF718FF91
:1017C0002046FFF74FFAFEF7D7FFFEF721FF00BFD5
:1017D00018000000D0B502AF044619F07DF8411C96
:1017E0002046D0BDF0B503AF2DE9800F00240A29B3
:1017F00000F2DF800546734ADFE801F032DBDBDB15
:10180000DB0606DBDB7ADF004FF480789146C2F816
:101810008080BFF34F8FBFF36F8FFFF78DFD6A4E50
:101820006A4806F128017063306886F82D4001305F
:1018300030602846C9F8008018F04EF9002840F1C1
:10184000B880C9F88080BFF34F8FBFF36F8F054614
:10185000C846FFF771FDC6E9054506F1200055E0D1
:101860004FF48070C2F88000BFF34F8FBFF36F8FCB
:10187000FFF762FD544C57486168002972D0D4F8D4
:101880001CB0012945D1A268216900918A4269D220
:1018900053494FF0020EE3684FF00A084F4E4FF0E5
:1018A000000942F210758C464FF0010AC0F800E0C2
:1018B000C0F818808159C907FCD042618159C90715
:1018C000FCD02B44C0F80090E360634507D302F5D9
:1018D0008052009900238A42C4E9022342D23E4941
:1018E000C1F800A0D1F8001529445945DED34AE0DB
:1018F0004FF480709046C2F88000BFF34F8FBFF363
:101900006F8FFFF719FD304844602030FFF71AFA57
:1019100048E0D4E902EC0026D4F81080B8F1000FBA
:1019200016D02D4901222D4B0260C558ED07FCD081
:101930005CF826504EF82650C558ED07FCD00A60DA
:101940000136D1F8005529355D4538BF4645EBD302
:101950000CEB8603B8EB06010EEB86022161C4E9AD
:10196000022310D1002101601C494258D207FCD04B
:10197000022004F8380F032044F8240CA4F11800C6
:10198000FFF7E0F90CE0032004F8380F47F230507D
:1019900044F8040C012004F80B0CA4F11000606062
:1019A00008488046084804F026FB4FF48070C8F8C9
:1019B00000002046BDE8080FF0BD0548FEF700FE18
:1019C000FEF726FE00E100E058000020FF3F420F36
:1019D0001900000004E5014040800040FCFEFFFFCC
:1019E000094C0100F0B503AF4DF804BD154BD87993
:1019F000BFF35F8F08BBEFF310810122002472B6A2
:101A0000DA71114A022C06D052F8245003EB8406F6
:101A100001347563F6E70D4C0023022B06D054F811
:101A20002350ED4342F823500133F6E7BFF34F8FC5
:101A3000BFF36F8FC90700D162B6002818BF01201D
:101A400004F0C1BA706A002080E100E0C0EB03003E
:101A5000F0B503AF4DF804BDB8B90D49EFF31080F0
:101A600000220C4B72B60C4CCA71022A0AD001EB50
:101A7000820653F82250766B26EA050544F8225078
:101A80000132F2E7C00700D162B604F09FBA00BF8E
:101A9000706A0020C0EB030000E100E080B56F46F3
:101AA0000248BDE88040FFF779B900BFD45E00204E
:101AB000026872B90279022A02D10171002104E0A0
:101AC000514011F0010118BF0C21002202600846AC
:101AD000704780B56F460148FEF7ACFBCC1104009F
:101AE00080B56F460A460146002006F0B7FD00EAC1
:101AF000E07080BD80B56F460C46FFF76BFE054673
:101B000007480E46FEF750FD711E2846FFF770FD90
:101B10002046FFF7A7F8FEF72FFEFEF779FD00BF7E
:101B20001D00000080B56F4601F12002BDE8804035
:101B300005F04EB9FEB506AF134972B60A78DAB9A8
:101B400001220A7000901148FEF72EFD1048FEF7A2
:101B5000EDFC10480290684601900F48049001A8DF
:101B60000E490390781E03AAFEF7CCFC0C48012115
:101B7000FEF730FEFEF700FE0A48016821F48021DE
:101B8000016000DEFEDE00BFDC5E002024000000FD
:101B900005000000E01104007104020078C5030094
:101BA000B40E040024ED00E0F0B503AF2DE9FF0B07
:101BB000D1E900540C2200681749D4F80C90D0E900
:101BC00000862846C847E0B9D6E90001CDE9000102
:101BD00006F10C011148CDE905012146079006F1F7
:101BE000080004900E48039068460E4A029002AB2B
:101BF0002846FDF739F820B90B4928460222C84784
:101C000018B1012008B004F043BCD8E900232846ED
:101C10002146FDF729F8F5E7680E0400A3FC010052
:101C200015EC0100FBD40300740E0400F0B503AF03
:101C30004DF804BD82B01C46B4EB810F034628BFAB
:101C40008C00E01C8508B1EB900F11D300F47F7677
:101C5000B44212D80C482146009010461A4623463A
:101C600000F018F82846214602B05DF804BBF0BD2C
:101C7000074B0E460020294602E0044B0020214677
:101C80003246FDF706FE00BF1812040008120400D9
:101C9000F8110400D0B502AF0C46994201BF1146BD
:101CA0002246BDE8D04019F0A6BCBA6820461946C5
:101CB000FEF767FB80B56F460078074A074B0028A0
:101CC00018BF13464FF0190218BF182204F0F0FA9B
:101CD000BDE88040604700BF611304004813040062
:101CE000F0B503AF2DE9FE0F4FF0000A044680F86F
:101CF0001AA042F60300A4F81B00881C0D4601F050
:101D00002BFB0DF10409804609F101000E46132159
:101D100019F0CAFA184B0121E87C03228DF804005F
:101D2000484603F027FE2A88022327F81E2C4FF08E
:101D3000020B124A0092A7F11E02FFF7ABFFF51C3F
:101D40000F4B484603212A4603F014FE0D4A334642
:101D500004F023F8E01C4946142219F04CFC4FF41F
:101D6000407084F817A0A570657084F800B02083D7
:101D700007B0BDE8000FF0BD682104007821040021
:101D80008821040098210400F0B503AF2DE9000B71
:101D90008CB00568132D0AD804462C2005FB0040A2
:101DA0002C22043019F027FC681C206004E091F814
:101DB0001AE0BEF1030F03D1681C0CB004F068BB3D
:101DC0000B460DF10408B3E875021B31C446ACE8BC
:101DD000750211221888ACF8000008F11B008DF87C
:101DE0001EE019F008FC04482B21009042460348ED
:101DF000034BFEF76EFA00BF9C120400242204007D
:101E000038130400014600686FF0004290423FBF63
:101E1000421C084604C0704780B56F460148FEF773
:101E200027FA00BFAC120400DCB504AF14490968FE
:101E3000C90520D114490A68D2B9CA6C022A3FBF29
:101E400000230B60D1E90234C0E900343FBF816058
:101E5000501CC864DCBD00200F4B0860A7F10902CC
:101E600007F8090CBA210A4800900A48FEF731FA2F
:101E70000648FEF7DFF90348FEF7A2FBFEF7C8FBB2
:101E800004ED00E025000000F06300205C12040077
:101E90005C170400A01604001813040004490A6823
:101EA0000AB904F01BBB80B56F46FEF7C3F900BF4B
:101EB00030630020D0B502AF04460648FEF736FB7B
:101EC0000549E0B251F820000078BDE8D040FEF7A7
:101ED00036BB00BF3E01000014260400D0E90123F8
:101EE000934204BF0220704780B56F4602F8011B81
:101EF0004260102080BDB0B502AF14460546FFF722
:101F0000EDFFC0B2102805D1D5E90101884201D00A
:101F100003F062BF0220B0BDB0B502AF1446054663
:101F2000FFF7DCFFC0B2102805D1D5E901018842D6
:101F300001D003F051BF0220B0BD80B56F460A4604
:101F4000C1B21046FFF7CAFFC0B2102818BF022066
:101F500080BDD4D404490A680AB904F0BFBA80B578
:101F60006F46FEF767F900BF58600020B0B502AFBA
:101F700004F0E6F81DB103F095FF013DFAE7B0BDAE
:101F8000D1E900239A4205D10B7ADB0702BF032176
:101F900001707047D0B502AF04F0DAFB002AC0E947
:101FA000003418BF01320A60D0BDB0B502AF04F0F2
:101FB000C7F81DB103F076FF013DFAE7B0BDB0B53B
:101FC00002AF04F0BDF81DB103F06CFF013DFAE76C
:101FD000B0BDB0B502AF04F0B3F81DB103F062FFBD
:101FE000013DFAE7B0BDD1E900239A4205D10B7A51
:101FF000DB0702BF0221C1707047F0B503AF4DF897
:1020000004BD00230B72531C02EB8202B3F10804DF
:1020100018BF1C460C6001EB82010C3191E87C007A
:102020007CC05DF804BBF0BDB0B502AF04F088F829
:102030001DB103F037FF013DFAE7B0BDF0B503AFC6
:102040004DF804BD4FF48872D0E90054067A19F0B7
:10205000AFF9122E06D1E96820465DF804BBBDE851
:10206000F040084703F0B2BF80B56F46FFF7CAFEE5
:1020700000680A68013A0A6080BDD4D404490A683D
:102080000AB904F02BBA80B56F46FEF7D3F800BF4B
:10209000585F0020F0B503AF4DF8048D804604F082
:1020A00032FB00F5107090E87C1088E87C1004F09A
:1020B00005F95DF8048BF0BDD0B502AF03460068AA
:1020C0006FF00044A0420FD201301860D0B28142BC
:1020D00081BF4FF45E7110FB01300830194688BF94
:1020E000D0BD044AFDF724FC0148FEF7C1F800BF4B
:1020F0007C1204008C120400F0B503AF2DE9000738
:1021000098B007AD8146112203F0FBFE284601F08E
:1021100023F90DF1300805468A461421404619F08E
:1021200070FA1B4B50464146142201F0E9F8194A57
:10213000534604F09BF9424602A992E87900142222
:102140008C468CE8790002208DF8340008F10700F5
:102150008DF836A08DF835A0CDF8309019F04BFAF7
:102160004FF42050ADF84F004FF44030CDF84B0005
:102170004846F8F72BFE0D4608F10401FFF704FE70
:10218000014604F022F8484618B0BDE80007F0BD4B
:10219000A8180400B8180400F0B503AF2DE9000F2B
:1021A0009DB005460846CDE900328A46F8F70EFE96
:1021B000044602208DF81B004FF0000820888B4653
:1021C0004FF428518DF80A8000F10209ADF80B1088
:1021D000ADF863108DF86280ADF8089007AE02A9E3
:1021E0003046FFF77DFD20463146FFF7CDFD4FF429
:1021F00040708DF84880ADF8600000981490019808
:10220000139012A92046FFF7BFFD4FF4285085F820
:102210000C8004F0E6FADBF80000A5F80A90013023
:10222000A5F80890A5F80480C5F800A0CBF8000038
:102230001DB0BDE8000FF0BDF0B503AF2DE9000FF4
:102240009DB00546084601928946F8F7BFFD044651
:1022500002208DF81B004FF0000B20888A4642F6C2
:1022600001218DF80AB000F10208ADF80B10ADF8AD
:1022700063108DF862B0ADF8088007AE02A9304651
:10228000FFF72EFD20463146FFF77EFD4FF44070EC
:102290008DF848B0ADF860000220149001981390BA
:1022A00012A92046FFF770FD42F6012085F80CB018
:1022B00004F097FADAF80000A5F80A800130A5F8D2
:1022C0000880A5F804B0C5F80090CAF800001DB059
:1022D000BDE8000FF0BDD4D4F0B503AF2DE9000F79
:1022E0009BB0054608468846F8F770FD0446022074
:1022F0008DF813000DF1140B2088894642F6A621B3
:10230000002600F1020AADF80310ADF85B10694633
:1023100058468DF802608DF85A60ADF800A0FFF7BE
:10232000DFFC20465946FFF72FFD4FF440708DF833
:102330004060ADF85800012012900D48119010A98E
:102340002046FFF721FD42F6A6202E7304F049FA3D
:10235000D9F80000A5F80AA00130A5F808A0AE80C1
:10236000C5F80080C9F800001BB0BDE8000FF0BD43
:102370009D180400F0B503AF2DE9000FA7B002903F
:10238000180CADF878300E468DF87A001CA800F1D4
:102390000801B868934600224FF0000A032A04D0CF
:1023A0008B5C01324AEA030AF8E700F08BF807ADCC
:1023B00004468846142104F06EF8404841460090D7
:1023C000284622464346FFF765FC30460696F8F756
:1023D000FDFC0491064604881CAD05F11A0059461F
:1023E000112219F008F90DF13009594609F10200DE
:1023F0001122CDF814B019F0FEF80DF1440BA01C19
:1024000003904946ADF8300058468DF843A0FFF7D9
:1024100067FC30465946FFF7B7FC002400201AF04D
:102420004C0F08BF03208DF889005FEA8A704FF0D7
:10243000000058BF03208DF8880041F202108DF88B
:102440007280ADF87000E81C07A9142219F0D3F8C7
:10245000012029468DF887003046FFF795FC1AF0D9
:10246000300F10D042F602108DF88A40ADF88B0084
:1024700013481C903046ADF888401CA9FFF784FC37
:1024800006460124FFE704991122029D03F03CFD5A
:10249000059905F10C0019F0AEF80399002C85F8A8
:1024A0001DA0084618BF3046688106982981EE8035
:1024B000AC80286027B0BDE8000FF0BDCC1204004E
:1024C00003000200016812293CBF0430704780B548
:1024D0006F46024B00201122FDF7DBF96C17040058
:1024E000F0B503AF2DE9000B04466FF4FA7010FA53
:1024F00082F0B0F5F97F02D80124052502E074B31B
:102500000D4661B341F293201FFA82F8A4FB00014B
:102510002A460023002619F0CBF8B0EB080071F131
:10252000000001D264261EE040F6D7792A46A4FBBB
:10253000090103F022FEB8EB000076EB010012D394
:10254000A5FB0801224603F018FEB0EB090061F17B
:1025500000010722002319F07DFA064603E0034834
:10256000FEF72EF80026304603F092BF2A00000046
:10257000F0B503AF4DF804BD82B00D460181090CE2
:10258000817225480268D20540D1254A1580917094
:102590000068C0053AD123482349F8F723FC0646D2
:1025A00090F858000C46012804D106F15001684605
:1025B000FFF7E6FCB06C20B396F8581029B1E8B2EA
:1025C00003281ED01948FDF7A3F9D6E91412002AF2
:1025D00006EBC20325F07F45C3E9175018BF01324F
:1025E0007265914204BF012086F85800D6E90001C7
:1025F000013041F10001C6E9000106F10800FFF7D2
:10260000D4FC03F0AAFD02B003F0E0BC0348FDF7E0
:10261000D7FFFDF7FDFF00BF04ED00E0250000003F
:1026200034210020806300202C1204004C1204008E
:1026300080B56F46FEF702FBB0B502AF1C490968D2
:10264000C90530D11C4C216851BB4FF0FF312160CE
:10265000217E012907D100212176216901318A1EBD
:1026600018BF0A462261E16EB9B1D4E9042304EB34
:10267000C305C5E90701581C811E18BF01466161E9
:102680008A4204BF0120207603F0E8FA04F12C000E
:10269000FFF795FC2068013000E000202060B0BD0D
:1026A0000648FDF7C7FD0348FDF78AFFFDF7B0FFB9
:1026B00004ED00E025000000E05E00202C12040084
:1026C000B0B502AF1D490968C90532D11D4C21685A
:1026D00061BB4FF0FF31216094F87010012907D1E0
:1026E000002184F87010A16E002918BF0131A16685
:1026F000216EC1B1D4E91A23002B04EBC305A967ED
:1027000085F8740018BF0133E3669A4204BF0120C4
:1027100084F8700003F0A2FA04F11000FFF759FCEE
:102720002068013000E000202060B0BD0648FDF7C1
:1027300081FD0348FDF744FFFDF76AFF04ED00E06B
:1027400025000000B06100202C120400F0B503AF9A
:102750002DE90007424E8146424A0028DFF8FC80FE
:10276000344618BF44461068C00568D12068002868
:102770006AD14FF0FF303546206006F10C00B9F108
:10278000000F18BF454618BF08F10C000078C007BD
:1027900009D03046B9F1000F18BF40469246D830F4
:1027A000FEF7D0FA5246002031466860B9F1000FBA
:1027B00018BF41460873886003F0CFFC1168C90553
:1027C0003DD1002840D14FF0FF30B9F1000F20601B
:1027D000304618BF4046027B00216ABB06F10E025C
:1027E0003346B9F1000F1CBF08F10E024346D3F87F
:1027F00008C00CEB4C0542F8251002EB8502118154
:10280000516006F104010CF1010218BF08F1040146
:10281000B2F1100518BF15469D600968A94204BFB2
:1028200001210173B9F1000F18BF464606F1D0002F
:10283000FEF788FA2068411C216003F098BC0A4822
:10284000FDF7BEFEFDF7E4FE0848FDF7ADFE00F023
:1028500071FDFDF791FFFDF7DBFE00BF486400202E
:102860002865002004ED00E0250000003F00000086
:10287000BCB504AF044617480068C00524D117480A
:10288000FFF7FCFB1648D0F8F41006293FBF02689A
:10289000D0E90235C4E90035A0603FBF0131C0F87E
:1028A000F410511C016038BFBCBD0168A7F10902DA
:1028B0000E4B013101600020B52107F8090C0948D1
:1028C00000900948FDF705FD0348FDF779FEFDF787
:1028D0009FFE00BF04ED00E0250000005C12040034
:1028E000585F0020341404007D1304001813040002
:1028F000F8B504AF03900A4603A908230548CDE9BB
:1029000000310549054B029010460322FDF73CF9C2
:1029100004B080BD211302007A130400D8EB030039
:10292000F0B503AF2DE9F00701EB020C01F1050E44
:1029300092468146002000260022CDF804C00528DA
:1029400017D00446824516D00D5706F01F030736F0
:1029500005F07F0098400243601C002DEFD4014435
:10296000042C00912ED1E8B20F282BD90F22052676
:1029700006E0052601E00426E646CDF800E00F2239
:102980000020F1B240EA0121D0B20843C2B20F2ABE
:1029900007D0DDE900311BB10F2A23D1014600E049
:1029A00009026FF0010000EB1120C0B20B2804D225
:1029B0005649012251F8200017E0080AC1B201224D
:1029C000032012E00E2A00F29E804B1EDFE802F088
:1029D0005C0808080808213D5F14505608651A0075
:1029E0000020CEE7591A00225144C9E90020C9F855
:1029F0000810BDE80F07F0BD614554D003F08DFF0E
:102A00000922BDE761454ED00E780E22981C009039
:102A1000B6E7032003906846029002A8E3F739FD69
:102A200081B20E0AC1B202291BD0C00768D002A829
:102A3000E3F72FFD81B24FEA1128C1B2022944D138
:102A400040F00F01002046460EE002200390684649
:102A5000029002A8E3F71DFD81B20E0AC1B202295D
:102A600024D140F00F01002089B240EA010288E73A
:102A7000614518D003F051FF0A2281E7614512D069
:102A800003F04BFF0B227BE70020002279E7614532
:102A900009D003F042FF082272E7614503D003F03A
:102AA0003CFF0D226CE70F22042669E7C00727D000
:102AB00002A8E3F7EEFC81B20A0AC1B2022911D1E1
:102AC00040F00F0100201646CEE7C00718D002A83C
:102AD000E3F7DFFCC1B2022909D140F00F0180B257
:102AE000060AC0E7C0070BD010040721BCE7C107E6
:102AF00006D000F47F40062140EA08000004B3E756
:102B00000F210E26AFE70F220E2639E754260400C8
:102B1000D0B502AFD1E900329A4208D10C7AE4076D
:102B200005D104210022C0E9001281600FE00C31C0
:102B300001EBC3049A42046005D90421D21AC0E90A
:102B40000121002203E0C3F11003C0E90131C2609A
:102B5000D0BDD4D4D0B502AF04460C480068C0053F
:102B600006D1206848B903F0F0FA03F0F6FAD0BDB8
:102B70000748FDF725FDFDF74BFD0648FDF714FD61
:102B800000F0D8FBFDF7F8FDFDF742FD04ED00E095
:102B90002500000026000000D0B502AF04460D4815
:102BA0000068C00511D10D48FFF768FA0C48D0F84D
:102BB000F810032902D90121617004E00131C0F845
:102BC000F8106060002103F011BA0348FDF7F8FC2B
:102BD000FDF71EFD04ED00E0250000006C1204006E
:102BE000585F0020D0B502AF04460D480068C0050C
:102BF00011D10D48FFF7AEF90C48D0F808110329A0
:102C000002D90121617004E00131C0F8081160604F
:102C1000002103F0EBB90348FDF7D2FCFDF7F8FC07
:102C200004ED00E0250000006C1204005860002054
:102C3000D0B502AF04460F480068C00514D1206823
:102C400078B903F0BEFC207B28B103F007FD2068B3
:102C5000411C002003E00120002120732046216058
:102C6000D0BD0648FDF7E6FA0348FDF7A9FCFDF7DD
:102C7000CFFC00BF04ED00E0250000003C12040082
:102C8000F0B503AF2DE9000BC4B0804627480068BB
:102C9000C00546D10C7A112008720220102C88BF82
:102CA000A4F11100C0B20D46C8B1D5E900960128C3
:102CB0001FD1D2E90010864208BF894522D0096899
:102CC0008847CDE900011222694628468DF8082080
:102CD000FFF7B4F9D9F80410304688471BE0D2E971
:102CE0000010096888471222CDE900018DF80820FC
:102CF0000DE008F1090005F1090103F0AFFBC8E997
:102D0000009609E01220CDE900968DF8080069468A
:102D10002846FFF793F9112488F8084044B003F0DF
:102D200023BA0348FDF74CFCFDF772FC04ED00E00C
:102D300025000000D0B502AF04460C480068C0056D
:102D40000ED10C48FFF7AAF80B48816C11B1012194
:102D5000617003E0012160608164002103F046B9E5
:102D60000348FDF72DFCFDF753FC00BF04ED00E028
:102D7000250000006C12040030630020F0B503AFA2
:102D80002DE9000BC4B0057804460320032D207004
:102D90004BD02E48D4F810610068C00547D1306888
:102DA000002849D14FF0FF3004F101083060307C39
:102DB00068B10868D0E9001206F58C60FDF7CFFF16
:102DC0006846414640F20F1218F015FC1CE0D6F898
:102DD0000C90414640F20F1209EB091006EB00106F
:102DE0000576193018F007FC09F10100011F18BF22
:102DF0000146B068F160884204BF0120307406F5D6
:102E00008B60FDF79FFF032503F04EFA032D06D0DC
:102E10006946404640F20F12257018F0ECFBE81EA0
:102E200018BF012044B003F033BB0B4800E0084852
:102E3000FDF7C6FBFDF7ECFB0648FDF7B5FB00F020
:102E400079FAFDF799FCFDF7E3FB00BF04ED00E024
:102E5000250000003F0000002700000080B56F46FD
:102E6000F8F7F4FDC00701D0012080BDC8B218B149
:102E7000012804D1012100E00021002080BD0120B3
:102E8000062180BDD0B502AF0446F8F7DFFDC007CC
:102E900001D0022011E0C8B2012806D0002807BFE7
:102EA000002100200220092107E02046F8F7CEFD8E
:102EB000C0074FF0010018BF022040EA0120D0BD3A
:102EC000F0B503AF2DE9000B03F0DBFC042C12D0AE
:102ED0004846F8F7BBFDC00711D101F07F0001346F
:102EE000A8400735064348B20028EFD4042C0BD184
:102EF000C8B20F2808D9052088F8010001E088F839
:102F00000110012003F06DB8C8F804600020F9E753
:102F1000E0B502AF01466846FFF7D2FF03F051F972
:102F200003D19DF8011001208CBD019830B101281A
:102F300019BF01200E21002001218CBD002100209D
:102F40008CBDB0B502AF044600680D46012804BF31
:102F50006068A84214D003F0B5FA012804D12069B2
:102F600081423CBF0220B0BD2046294600F01FF838
:102F7000012809D1E2680020914288BF0320B0BD3A
:102F8000207DC0F10200B0BD0320B0BD80B56F460A
:102F90000268012A06D14268914205D28068891AE6
:102FA000014402E0002080BD891A012080BD80B567
:102FB0006F460268012A07D142688A4206D28068B9
:102FC000511A0844411C02E0002080BD511A012022
:102FD00080BDD4D4F0B503AF4DF804BD42184FF016
:102FE000EE31114B90420DD00478614008243CB181
:102FF00083EA5105CE0708BF4D08013C2946F6E794
:103000000130EFE7C84360B14FF0FF3252FA80F26F
:10301000FD2A07D96FF00100484003D10348FCF7AF
:1030200077FC012002F0CFBF783BF6827C180400C9
:10303000B0B502AF6FF0010141F62E224B1C00210A
:1030400002290DD0445C634008243CB1C3F34E0513
:10305000DB0718BF5540013C2B46F6E70131EFE78F
:10306000D843190408BF4FF6FE70B0BDD0B502AF0B
:103070000068054A007852F82040044A02F06DFFCB
:10308000BDE8D040184700BF8C260400802604000D
:10309000D0B502AF04460448FDF748FA2046BDE823
:1030A000D04000F003B800BF49010000B0B502AF46
:1030B00004460078DFE800F01155303C266C784D6E
:1030C000872A7C24287022371A5E7A8F6A6E8D9147
:1030D0002E2C97189395895C8B0003F00FFA60787B
:1030E000BDE8B040FBF7C6BA1B207DE01020FDF71D
:1030F00026FA4148BDE8B040FDF718BA0E2073E04B
:103100000B2071E004206FE00C2052E009206BE0FE
:10311000192069E0182067E003F0D3FB6078BDE870
:10312000B04000F083B80F20FDF709FA606846E070
:1031300003F072FB3148324D6478A8473148A84704
:103140003148324903F05EF900202946BDE8B0401D
:1031500008470720FDF7F3F9601CBDE8B040FBF716
:103160006DBA03F083F86078BDE8B04000F050B865
:103170001F2039E01120FDF7E2F91D486488FDF7B2
:10318000D5F91C4850F8240000782DE014202BE0DD
:10319000052029E0152027E00D20FDF7D0F9607803
:1031A000BDE8B04000F050B8062002E012201BE05D
:1031B0000A20FDF7C4F96068FDF7CAF9A068BDE808
:1031C000B040FDF7C5B908200EE01E200CE020201D
:1031D0000AE0162008E0132006E0172004E01C2077
:1031E00002E01D2000E01A20BDE8B040FDF7A7B9BD
:1031F0005101000020270400520100000D000000D2
:103200002D05020056010000DC260400982604006B
:10321000D0B502AF04460448FDF788F904F0010078
:10322000BDE8D040FDF78BB985000000D0B502AFF6
:1032300004460448FDF77AF92046BDE8D040FDF782
:103240007EB900BF42010000D0B502AF0446044879
:10325000FDF76CF904F00100BDE8D040FDF76FB94F
:103260004A010000052A08D90A78052A07D24B78B6
:103270004BB1012B03D1012306E0022101E04FF401
:103280008171018070470023B0B502AFCC78072C64
:1032900001D3112C03D34FF481710180B0BD8D781F
:1032A0008988C4708570427003708180B0BD80B51C
:1032B0006F46062A3CBF002080BD02784378D0F8D4
:1032C0000200C1F8020002200B704A7080BDD4D405
:1032D000F0B503AF4DF8048D0446084898461546EE
:1032E0000E46FDF723F9204631462A4643465DF84F
:1032F000048BBDE8F040FDF733B900BF07000000C4
:10330000DCB504AF03F01DFB00930020234600F062
:1033100001F8DCBD814205D399429FBF0244091ADE
:1033200010467047D0B502AFBC681A462346FCF77A
:10333000B0FAD4D4D0B502AF0448054CA047054834
:10334000A04700202146BDE8D04008470D000000FE
:103350002D050200CF00000080B56F4610F8011B5C
:10336000014A52F8211080BD50270400B0B502AFC9
:10337000064B03F0B7F819B16A1CA260027800E0AE
:103380000122B1FA81F011464009B0BDF81F0400D6
:10339000B0B502AF074B03F0A5F8022902D240F204
:1033A0000110B0BDA91CA16001784078090441EA70
:1033B0000060B0BDF81F040080B56F46D0E9001270
:1033C0008068024BBDE88040E3F7E7B918200400AD
:1033D000F0B503AF4DF804BD0546086890BB0C4638
:1033E0004FF0FF3132F8020B2160217C49B10528F2
:1033F0001DD025F8020B1146362202F082FD002076
:103400001DE0E668C6EBC60104EBC101088301F1CB
:103410001A001146362218F0EEF8701CC11E18BFB3
:103420000146A068E160884204BF0120207404F1D5
:10343000C000FDF787FC052028802068013020604F
:1034400002F0C4BD0448FDF7AFF8FFF773FFFDF7C6
:1034500093F9FDF7DDF800BF3F00000080B56F462F
:1034600003F0CBF9B0F1624271F1040204D2074AD1
:10347000002318F01DF980BD0548FDF795F800F010
:1034800009F8FDF779F9FDF7C3F800BF00E2040081
:1034900040000000D0B502AF0448054CA0470548E5
:1034A000A04700202146BDE8D04008470D0000009D
:1034B0002D050200D0000000F0B503AF4DF804BDAB
:1034C00082B00446D0E901300D46191A022901D212
:1034D00000250FE02268861C084902F0CBFC084A50
:1034E00002230092A7F1120227F8125C0225FEF7D0
:1034F000D1FBA660284602F038BC00BF382004008B
:10350000981F0400F0B503AF4DF8048D82B0044657
:10351000D0E901308846191A914201D200200BE00F
:10352000154622684619054902F0A4FC044A2B46B8
:1035300002F033FC0220A66002F0A6BF482004007F
:1035400058200400D0B502AF044600F0A9F807499E
:1035500001EA800140293EBF201D8908D0BD044BEF
:10356000043104204022FCF794F900BFFCFF030063
:10357000281A0400F0B503AF4DF804BD0C4606460A
:1035800000F08EF805463046FFF7DCFF8C423FBF67
:1035900050F824000C4901EA850151FAA0F13FBF1F
:1035A0006FF0FF0202EA10421144C0F3C0303FBF87
:1035B00001EB400004305DF804BBF0BD014A204639
:1035C000FCF7B6F9E8190400FCFF0300F0B503AFFF
:1035D0004DF804BD0C46054600F062F80646284644
:1035E000FFF7B0FF631C8B423CBF00EB83004288B7
:1035F00008488B4228BF320C214600EA860010445E
:10360000061D2846FFF7B6FF301A38BF00205DF8C8
:1036100004BBF0BDFCFF030080B56F4602F0F2FC76
:103620004022BDE8804000F000B8824221BF0B1864
:10363000111A1846704780B56F461146FCF729F9F4
:10364000F0B503AF4DF804BD0C46064600F028F86F
:1036500005463046FFF776FF8C423FBF50F8240006
:103660000A4901EA850151FAA0F13FBF6FF0FF025C
:1036700002EA1040084404303CBF5DF804BBF0BDD2
:10368000014A2046FCF754F9F8190400FCFF030036
:10369000DCB504AF02F02CFE4023FFF73BFEDCBD9F
:1036A00080B56F46006880BDF0B503AF4DF804BD2E
:1036B0000C46FFF747FFF1B1A3B20A460021012AE9
:1036C0000ED901EB5204A2EB520200EB840610F873
:1036D0002450767866F30E259D4298BF2146EEE78A
:1036E00010F8212000EB8100407860F30E229A420E
:1036F00003D1012004E0002101E038BF01310020A6
:103700005DF804BBF0BDD4D4B0B502AF0D4604469D
:10371000FFF718FF8D4219D200EB850090F90100E8
:10372000002805D420462946BDE8B040FFF74EBF2B
:1037300020462946FFF784FF3F280BD81CBF205A9C
:10374000B0BD074A40204021FCF7F2F8024A284663
:10375000FCF7EEF8014AF6E7381A0400481A0400AC
:10376000581A0400F0B503AF4DF8048D044608B2B2
:1037700000281BD42046FFF797FF012816D12046CA
:103780000E46FFF7F7FE0C4B21464022E3F705F803
:103790000546884620463146FFF7B6FF01464045BC
:1037A00005D9064B00204246FCF773F80025284651
:1037B0005DF8048BF0BD00BF081A0400181A04005D
:1037C000D0B502AF0446FFF76BFF0649064B01EA8E
:1037D0008001043101EB10422046FFF759FF17F03A
:1037E00063FDD0BDFCFF0300B819040080B56F462F
:1037F00002F008FC4022BDE88040FFF781BDD4D430
:10380000D0B502AF9A4221BFD21ACC1880E81A0074
:10381000C26028BFD0BDBA6813210148FBF716FA71
:10382000D821040080B56F4691F8C820022A03D140
:10383000BDE8804000F004B8BDE8804000F011B859
:1038400080B56F460A780D2A06D00E2A06D10431BB
:10385000BDE88040F7F740BE212100E02221017041
:1038600080BD80B56F460A78102A0ED0112A09D083
:10387000122A1EBF2221017080BD0431BDE88040A4
:10388000F7F72ABE2121017080BD40F60371018047
:1038900080BDD4D4B0B502AF044601F1080006499A
:1038A000F7F7CCFA00F11005C069E0602CCD08688C
:1038B0002CC401380860B0BD281B0400D0B502AF8D
:1038C0000C4607490830F7F78DFA0122D4F8033087
:1038D00002722268C0F80920C36002F015FBD0BD57
:1038E000481B0400F0B503AF2DE9F80F824601F143
:1038F00008003049F7F776FAD0E904658946D0E93F
:10390000064B45EA0B014FF0000846EA040211435A
:1039100047D08DF8068000F5A470ADF8048001A9A9
:10392000032200F051F89DF80610012022465B4664
:1039300060F39F118DF80610C8B2BDF8041041EA7B
:10394000004000903046294600F08EFDADF808009A
:10395000000C8DF80A000321ADF810800622CDF886
:103960000C8003AC144B204600F0B1FD134A032336
:10397000009201AAFEF78EF9114B20460021032286
:1039800000F0A5FD0F4A0323009202AAFEF782F978
:10399000BDF810004FF00108AAF805000398CAF816
:1039A0000100D9F800008AF800800130C9F8000051
:1039B00002F01CBA581B0400A81B0400B81B04002A
:1039C000C81B0400D81B0400F0B503AF2DE9000F9D
:1039D000ADF5377D13919046D0F808110891D0F8D5
:1039E0000C110791D0F810110691D0F8141105911F
:1039F000D0F818110491D0F81C110391D0F82011BF
:103A00000291D0F824110191D0F828111591D0F825
:103A10002C111491D0F830111291D0F83411119169
:103A200000F594710091002109921690414580F0B3
:103A30000D85D0F80041402CC0F0C18315984FF09F
:103A4000060E1091C21C14990D92619241F100036F
:103A5000129A851C119E41F1000410F1010CCDE970
:103A60005D10089841F100080A934B93059B6592FD
:103A70006492CDE96222069A329033924D904F9231
:103A800045903B90049846923D92029A0799CDE961
:103A90000B48CDE95B8698462C9393463F938A4624
:103AA0003193019BCDE90E5CCDE95FC505462D90B4
:103AB00094462E923792134A30934C93419035900E
:103AC000114844933A93114B4A964E96CDE951468C
:103AD0000E462F9139910399389150914791409119
:103AE0000B49569236935A90349155923E93599081
:103AF0003C91CDE94213CDE95322CDE95700CDE900
:103B0000481307E07465206B6E642033322D6279B0
:103B100065787061BEF1000F00F0538356982C99C0
:103B2000CDF88C8042184A98259582EA0003309897
:103B3000289300EB3340309048402C90329902EBB0
:103B400030583498299643186198CDF888A083EAB4
:103B500000042D982E9A00EB3445CDF890C085EAEC
:103B600001063399CDF8ACE003EB36504A9080EA79
:103B7000344A5A9BCDF870B005EB3A602D9080EA3C
:103B8000365436984618659808EB7465704002EB19
:103B9000304C8CEA010E06EB3E51369181EA304200
:103BA0002F984B99034485EA326683EA010B3899D2
:103BB00001EB3B4980EA0900349003EB305383EA80
:103BC0003B404B9009EB30602A9000EB3640389038
:103BD00080EA7461329105EB3154569484EA3640A0
:103BE0002F904FEA30640CEB3260279080EA3E5011
:103BF000659403EB7061289B309C81EA3A6288EA05
:103C00003343269304EB3363289303EB324330931F
:103C100083EA7060339001EB30505A9080EA324072
:103C20002E9031994FEA30606190559842184E9825
:103C300082EA00033A98209300EB334E8EEA0100AB
:103C4000319002EB3058DDE93B10379A4318609809
:103C500083EA0004359800EB344585EA010603EB5E
:103C600036504E9080EA344905EB3960359080EA51
:103C7000365CDDE93D104618649808EB7C657040C1
:103C800002EB304A409A8AEA010B06EB3B513E9127
:103C900081EA30445999399885EA34660B1851996C
:103CA000594002EB314250403C9003EB305383EAE1
:103CB0003140519002EB3060219000EB3640409053
:103CC00080EA7C613B9105EB3151559181EA3640A8
:103CD00039904FEA30610AEB34601E9080EA3B5025
:103CE000649103EB7061209B81EA396288EA334377
:103CF0001D930EEB33631F9303EB32433D9383EA33
:103D00007060379001EB3050599080EA32403A9021
:103D10003F9A4FEA3060609054988118529881EA37
:103D2000000344981B9300EB334E8EEA020044904C
:103D30001C9A01EB30584599429843185F9883EAE2
:103D40000004419800EB344585EA0106469903EBEF
:103D50003650529080EA344905EB3960209080EA71
:103D6000365C43984618639808EB7C65704002EB1C
:103D7000304B479A8BEA010A06EB3A51439181EAAC
:103D800030445899229885EA34660B185B9959405B
:103D900002EB31425040429003EB305383EA314012
:103DA0005B9002EB30601C9000EB3641479181EA5A
:103DB0007C6145910BEB34601A9005EB31515491C5
:103DC00081EA3641419180EA3A504FEA316163918C
:103DD00003EB70621B9982EA396388EA31411991D9
:103DE0000EEB31611B9101EB3341469181EA70602A
:103DF0003F905C9902EB3050589080EA334022901B
:103E0000239A4FEA30605F905398104480EA010390
:103E10004C99179301EB3341189151404D9A4C91B5
:103E200000EB315B48985E99104480EA01052599C2
:103E300001EB354686EA020100EB31505C9080EAE6
:103E4000354A06EB3A60259080EA31554F994998FA
:103E50000BEB756E4618629886EA0002249800EB18
:103E6000324989EA0108509906EB3850499080EAB6
:103E700032445798299A8EEA346609EB346900EB8C
:103E8000020C5D988CEA000301EB334181EA0200E9
:103E900048900CEB305282EA33405D9001EB306C7D
:103EA00089EA38510CEB3640509080EA75604D90AD
:103EB00002EB71620EEB3050539080EA364029904D
:103EC00082EA3A644FEA3060629017988BEA304396
:103ED000189800EB336505EB34404F9080EA716031
:103EE00024902A9902EB3050579080EA3440239076
:103EF0004FEA30605E90349881EA30514A9800EB86
:103F00007162269882EA3064279800EB34402A9048
:103F100080EA71602790289902EB3050349080EA53
:103F2000344026904FEA30604A902C9881EA305114
:103F3000369800EB71624B9882EA30642D9800EB62
:103F400034402D9080EA71602C90219902EB305022
:103F5000369080EA344018904FEA30604B903C989D
:103F600081EA30514E9800EB71621D9882EA30640C
:103F70001E9800EB3440289080EA716021901F99D0
:103F800002EB30503C9080EA34401E904FEA3060A3
:103F90004E90319881EA30513E9800EB7162519811
:103FA00082EA3064359800EB3440359080EA7160E5
:103FB00031901C9902EB30503E9080EA344A4FEA2F
:103FC0003A605190429881EA3051529800EB716208
:103FD000199882EA30641A9800EB34401F9080EA06
:103FE00071601D901B9902EB3050429080EA344B77
:103FF000209A4FEA3B605290449881EA30514398AE
:1040000000EB71665B9886EA306002EB30485D9A9F
:1040100088EA716E06EB3E51439181EA30445C9927
:104020004FEA34605B9048988CEA305001EB706C3A
:1040300049998CEA336309EB334989EA70660CEBE2
:104040003650489080EA334C259B4FEA3C6009EBA0
:104050003C6C5C904C9885EA305001EB706181EAD1
:10406000326203EB324585EA706301EB33504990CD
:1040700080EA32402E9A4FEA306105EB30655D915F
:1040800085EA3350309901EB3261339A309181EAFD
:1040900032512F9A4FEA71613391389901EB3261B5
:1040A000329A389181EA32513A9A4FEA71613291EB
:1040B0003D9901EB3261379A3A9181EA3251399A4E
:1040C0004FEA71613D91409901EB32613B9A409119
:1040D00081EA3251229A4FEA71613B91469901EB94
:1040E00032613F9A449181EA3251419A4FEA7161BB
:1040F0004691479901EB3261459A479181EA3251E5
:10410000239A4FEA716145914F9901EB3261249AEC
:104110004C9181EA3251299A4FEA71614F9150993D
:1041200001EB32614D9A509181EA3251189A4FEA6F
:1041300071614D912D9901EB32612C9A2D9181EA9B
:104140003251269A4FEA71612C912A9901EB326122
:10415000279A2E9181EA3251319A4FEA71612F915B
:10416000359901EB3A61359181EA32511E9A4FEA55
:1041700071613191289901EB3261219A379181EA7D
:1041800032514FEA7161399108EB3461419181EA12
:104190003E51DDF8ACE04FEA70684FEA71618CEA9D
:1041A00036503F91AEF1010E1F994FEA706601EB58
:1041B0003B6B1D998BEA31514FEA716AAAE4169E56
:1041C0002EE156987590369874905A98739034985A
:1041D0007290559871903E98709059986F903C9855
:1041E0006E9054986D9043986C9058986B9042984C
:1041F0006A90539869904998689057986790489842
:1042000066902C988590339884902F98839032985C
:104210008290319881903D98809039987F903B981A
:104220007E903F987D904698009ACDE97BA0459876
:10423000CDE979804F98CDE977604D9876903098A8
:1042400095902E989490389893902D9892903A98B3
:1042500091903798909040988F9035988E90449890
:10426000CDE98CB047988B9041988A904C98CDE9D5
:1042700088C00DF5267C5098CDE986504A98A590C7
:104280006598A4904B98A3906198A2904E98A190A5
:104290006498A09051989F9060989E9052989D909D
:1042A00063989C905B989B905F989A905C9899908B
:1042B000629898905D9897905E9896901698D0F82E
:1042C00008115C91D0F80C115B91D0F810115A9143
:1042D000D0F814115991D0F818115891D0F81C1138
:1042E0005791D0F820115691D0F82411559192E8A9
:1042F0003A008CE83A001599149A043142F1000210
:10430000CDE91421C0E94A1211991298B490CDE96F
:10431000B001CDE9AC010A98B3900D98B2900B981A
:10432000AF900E98AE900C98B5910021AB900F987D
:10433000AA9040296DD00DF5167C0DF526781698BB
:104340005CF8013058F8014000EB810204EB030BEC
:1043500066AC651868686590A8686490E8686390C2
:1043600076AB5E1870686290B0686190F06860909B
:1043700086A8461864585B5870685F90B0685E9075
:10438000F0685D900CEB0100D0E901A9D0F80CE0D9
:1043900008EB0100D0E9018CC56886A8589E4058FA
:1043A0001031C2F830B0304410625C98184410618B
:1043B00029485D9B2044106005EB0E00D0630CEB98
:1043C0000900906308EB0A00506355981844D062C6
:1043D00056985E9B1844906257985F9B18445062B1
:1043E0005998609B1844D0615A98619B1844906119
:1043F0005B98629B184450611848639B1844D060D6
:104400001748649B184490601248659B184450609C
:104410008FE7169E0024DDF824801099C6F800412D
:1044200008460D46139942460E4BFFF7FEF802462A
:104430000B4606EB8400C4F14001FDF7F7FB204476
:10444000C6F8000129443046FFF7F0BA0DF5377D74
:1044500001F0FCBC6E642033657870617465206B7C
:10446000322D62797C220400B0B502AFADF53A7D01
:10447000002400BAB99008BA8DF810400394CDE931
:104480000144BC68B89010BAADF81140240CB79044
:1044900018BA8DF81340B6905DA8041DB6A9204641
:1044A000F9F706FF05AD21464FF4B072284616F025
:1044B0002DFA01A928460A4600F011F89DF81300CC
:1044C000BDF8111041EA00400DF53A7DB0BDDCB5F4
:1044D00004AF01F00DFF0623FEF71CFFDCBDF0B5B5
:1044E00003AF4DF8048D90B06C460D46064620464D
:1044F0002021904617F085F82046294600F00EF856
:1045000008AD314622462846F9F750FA404629467A
:1045100001F0FEFC10B05DF8048BF0BDD0B502AF29
:1045200086B001AB0022102A03D08C5C9C5401326F
:10453000F9E701A901F0ECFC06B0D0BDD0B502AF9F
:1045400004460448FBF7F2FF0FCCBDE8D040FCF76F
:1045500007B800BF07000000F0B503AF2DE9C007A2
:1045600090F8805100F5B87816468946C5F11004D8
:104570008246A2422ED975B1244B284601F072FF23
:10458000234A234601F0A6FD50464146012200F091
:104590004CF8361BA14416F00F054FEA161208BF5F
:1045A00010254FF0FF3008BF00EB161209EB021484
:1045B0001AB15046494600F038F8164B2846414695
:1045C0001022FEF79DFE144A2B4600922246FDF76C
:1045D00061FB10E00A4B284601F044FF094B0246FC
:1045E0000C46114630462246FEF78AFE064A3346FE
:1045F00001F070FD35448AF88051BDE80C07F0BD2C
:10460000081904001819040028190400C818040027
:10461000D8180400E8180400F818040080B56F46A4
:104620000A46BDE88040FFF75ABFF8B504AFCDE9B0
:10463000021200F5B071019101A900F001F88FBDDF
:10464000F0B503AF2DE9000F91B000900DF1040912
:10465000886809F11005D1E900640DF1240A4FF0D2
:10466000000804EB001B5C4519D00020102803D083
:10467000215C01F004FDF9E748463146FFF74EFFA3
:10468000009950464A46C5E90088C5E90288F9F70D
:104690008DF93046514601F03BFC1034E3E711B090
:1046A00001F0D4BBF0B503AF2DE9C00705460C46B9
:1046B00055F8103F51F8102FAE885A408B88734040
:1046C0001A4304D1AA798B795A40D2072FD0D0E966
:1046D00000A8D0E9026948EA09004AEA0602104344
:1046E0001DD000915046414632464B4600F025F819
:1046F000E8B90FCC41EA030C40EA020454EA0C0486
:1047000017D080EA0A04564044EA060C81EA0806FB
:1047100083EA0904344354EA0C0404D107E00FCCC3
:1047200001F0B0FD05D0009500F007F808B10120B8
:1047300000E00020BDE80C07F0BDF0B503AF2DE9A7
:10474000F00BBD6804460E4668798DF80A00B5F88E
:10475000031000F0C0004028ADF808102AD102A8CC
:1047600003219846914600F029F89DF80A004A4630
:10477000BDF80810434641EA00400090204631460B
:10478000FFF772FEADF80C00000C8DF80E0003A8C8
:10479000032100F013F8A8782988BDF80C2041EA1D
:1047A00000409DF80E1042EA0141081AB0FA80F06C
:1047B000400900E0002004B001F06ABEF0B503AF8C
:1047C0002DE9FC0780461B4800904E0802A8894648
:1047D000414632463346FFF713F8174832460090F9
:1047E00008EB0900DDE9025AA0EB590102A83346A3
:1047F000FFF706F84FF0FF3000EB590CDDE902310E
:1048000000266046441C0AD0B2450BD08C450ED21F
:10481000AC5D1A5CAA5501361C540138F2E706B0AB
:1048200001F0A5BC064A50465146FBF781F8034A01
:10483000FBF77EF8E4210400F421040014220400B4
:1048400004220400F0B503AF2DE9F80F99461B4B85
:10485000804602A8F6F704FB029C54F8280900EBF6
:10486000400005010DB304F1400B49465846FFF7DF
:1048700019FF303D30340028F4D0206808F11005CD
:104880000190D4E901E9D4F80CA09BE84F1085E829
:104890004F100198C8E9000E94F8290094F82810E8
:1048A000C8E9029A88F8281000E0022088F8290058
:1048B000049801F0D7FC01F099BA00BF781B0400FE
:1048C000F0B503AF2DE9000F8BB0044604A80D46E8
:1048D00000F08EF8049801282ED0DDE9059605F148
:1048E0001001DDE9078A04A800F082F80498012885
:1048F00022D0DDE905504FF480710390DDE907B067
:104900000290204616F004FE03990020C4E9471BDC
:104910000299C4F824114021C4E94296C4E9448AAA
:10492000C4F81851C4F80011C4E94A00C4E94C00A5
:104930000BB0BDE8000FF0BD05980990044806993A
:1049400000900448044B0A9109AA2B21FBF7C1FCF3
:10495000B82204002422040050220400F0B503AF62
:104960004DF804BD88B06E460D4604463046202101
:1049700016F047FE284631462022FFF725F830463C
:1049800003F0B8F80028F5D06946204601F0E9FBAD
:1049900008B05DF804BBF0BDF0B503AF4DF804BD41
:1049A000A2B011AD0E460446402101F074FD05F1A0
:1049B00020012846324602F0E9F901AE294640229C
:1049C00001F055FA28463146FDF7ACF8691C20463F
:1049D00001F0C7FB28463146FDF7A4F804F120009A
:1049E00005F1210101F0BDFB22B05DF804BBF0BD73
:1049F000D0B502AF0446043001F08AFA00202060EE
:104A0000D0BDD4D4DCB504AF0C4601F027FC09229C
:104A10000549984700218DF8040068468DF8051077
:104A20000094FBF726F8DCBDAC22040009B3F0B516
:104A300003AF2DE9800F0A6801F1100A009200F11E
:104A40001002D1E901E8D1F80C909AE8781882E8D0
:104A50007818009AC0E9002E91F8282091F82910C2
:104A6000C0E9028980F82820BDE8080FBDE8F040C1
:104A700000E0022180F82910704790F83E110229C9
:104A800001D102200EE0FEB506AF00F1200101A821
:104A9000FEF7C8FE9DF80400223818BF012006B0BA
:104AA000BDE880406FF0010151FA80F1B1FA81F167
:104AB0004909084300F00100704780B56F4601784E
:104AC0004278807840EA012040EA024080BDD4D498
:104AD000F0B503AF4DF8048D92B004460AA80D4618
:104AE0002021164616F08DFD1F2E28D90DF108083D
:104AF0002946202201F0A8FC144B2020294601F071
:104B00006CFD0246124800900AAD0B462021284653
:104B1000FDF7C0F840462021FFF750FE284620212F
:104B2000FFF74CFE2046414601F01BFB04F120003C
:104B3000294601F016FB12B05DF8048BF0BD054B61
:104B4000002020213246FAF7A4FE00BFF81B040023
:104B5000081C0400E81B0400F0B503AF2DE90007B2
:104B6000C4B08246494825900DF1880948488846D6
:104B70002490494647481C462390164646482290B2
:104B8000104600F0ABF806F1200548B343482590E5
:104B900043482490434823904348229006F1100054
:104BA00022A900F09BF8D8B14048259040482490B5
:104BB000404823904048229022A9284600F08EF8D1
:104BC00070B13E4825903E4824903E4823903E4890
:104BD000229006F1300022A900F080F800284FD181
:104BE0003046214600F080F830B104F1200128461B
:104BF00000F07AF8002843D102AC402101F064FEB5
:104C0000324A20462021FEF7F1FD314A202300924E
:104C10003246FDF73FF82F4A20462021FEF7FCFCE4
:104C20002D4A202301F022FC042021468DF8880023
:104C300009F10100402216F0DEFC34AC402101F005
:104C400043FE04F1200120464A46412302F0D3F8F6
:104C5000B0B112AC34A9402201F039F922AD2021C3
:104C600001F019FC04F1200328464146224602F0D7
:104C700094F80AF10100294601F073FA012000E0DE
:104C800000208AF8000044B001F071BAE9F9A5B932
:104C90005E2C83A7F297BE2C20B003D20E359DE682
:104CA000CC030148ACF4FDDBEFF491115A52155CD2
:104CB00063329ABF652AEB6DDC809C491589D28BE3
:104CC000741C8ED08FED3024766345C2181C04000E
:104CD000281C0400381C0400481C040080B56F46E2
:104CE00001F0C2FD01F01DBA80B56F46202215F01B
:104CF000B9FD01F016BA80B56F4601F0B5FD002888
:104D000018BF012080BDD4D4F0B503AF4DF8048D99
:104D1000984615460E460446FBF7F6FED7E90223F1
:104D2000FCF79EF8C4E90C0100201149C4F84E10AC
:104D300041F20801A4F8520084F848000220C4F8A7
:104D40004A1084F8380084F829003068D6F8031037
:104D5000C4F83A00C4F83D102868D5F80310C4F828
:104D6000410084F8498061645DF8048BF0BD00BFA8
:104D700000030810D0B502AF02780AB90A780AB168
:104D80000520D0BD8278520702D48A78520702D516
:104D90004278032A01D10220D0BD4B780FF20A01DC
:104DA000022001EB8304DFE803F0030C111009007B
:104DB0000120022A38BF02200021D0BD0648074941
:104DC00001E007480749805C895CD0BD901E012145
:104DD000B0FA80F04009D0BD6B27040066270400BC
:104DE000612704005C270400F0B503AF4DF804BD53
:104DF00082B00D460446D1E90101EA68401A9042AA
:104E000001D2222022E02846FEF7C2FA0646C00759
:104E100005D0F0054FF00D0058BF042011E0E86800
:104E20002946821E684600F015F8009919B1019ACA
:104E3000330C212005E09DF804100420002918BF40
:104E40000D20C4E902120121A3806170207002B01C
:104E500001F0BCB8F0B503AF4DF804BDD1E9016471
:104E6000331B934203D200210160017108E0A518B1
:104E700008D2B54206D80B688D601919C0E9001236
:104E800001F0A4B8024B204629463246FAF701FD4C
:104E90000820040080B56F4602780D2A0AD10279F5
:104EA0000221DFE802F033052725050523232C2AFC
:104EB00001692BE0B2F10A0198BF002131B101294B
:104EC0001CBF012080BD8068033080BD0A2A1FD826
:104ED0000221DFE802F006061B161B190D1D1D1D21
:104EE0000D000130FEF738FA04310FE0C1680DE023
:104EF00004210BE00069411C08E00069E4E700219F
:104F000004E08068811C01E0C068811D481C80BDF0
:104F100002480F21024AFAF705FD00BFF81E0400FF
:104F2000081F0400F0B503AF2DE9000F89B0044657
:104F30000020CDE90312059003AE3046FEF716FAC5
:104F40000D4601F00101C00703D061700E202070F2
:104F5000C2E1E1B903A8FEF72FFA0246E8B21E2823
:104F600043D00E46522842D1012E00F0E481002E9B
:104F700000F0E481DFF878340220B2F800B0114686
:104F800001F02BFB02460E460B0A0B202EE006A872
:104F900096E80E0001260EC0681EC0B245080E2D10
:104FA00000F29D810822DFE815F00F006F005F001E
:104FB0004D00540077007E009A018E00A4009A01F3
:104FC0009A019A018500450006A8FEF7CFF90E4622
:104FD000C00740F0848106A8FEF7DAF90546C0074D
:104FE00000F08181C5F3002679E10C2063E1A81E61
:104FF000C0B241080F2900F22A810920DFE811F030
:105000001000F300C5009C00B90003012701160140
:105010004401270129019500270127012701540197
:10502000002E00F08E81012E00F09F8192F800800A
:105030000420A7E006A8FEF7ABF98046C0073FD1E1
:1050400001256DE0DDE90680012208994FF0000995
:105050004FE006A8FEF78AF90E46C00740F03F81F0
:105060005FFA86FC042238E006A8FEF77FF90E46B8
:10507000C00740F03481701EC0B2012800F22E81BA
:105080005FFA86FC022228E006A8FEF781F9C10734
:105090002AD0C0F3002622E103A8FEF78DF980464E
:1050A0000846062205E003A8FEF786F98046084672
:1050B00007221EE006A8FEF76BF98046C0072ED037
:1050C000C8F300260BE106A8FEF750F90E46C0070C
:1050D00040F005815FFA86FC05224FF00009DDF8FB
:1050E00018800798089904E04FEA10694FEA104EBB
:1050F00000225FFA8EF3454643EA092304F10C0EC1
:1051000025818EE803100D2020704FEA1860E072B0
:105110004FEA1840E38066712271A072DCE000253E
:1051200006A8FEF749F90922E8E7002E00F00B81F6
:1051300092F800A00820B7E0002E00F00681012EB2
:1051400000F01581022E40F22281032E00F02C8106
:105150001088062E518800F0E180142E77D1558AF0
:105160004FF0020AD2F80630D2F80A60D2F80EB038
:10517000D6E0002E00F0EB80012E00F0FA8092F8CD
:105180000080022092F801904FE0002E00F0E180B4
:10519000012E00F0F080022E40F2FB80032E00F082
:1051A0000581042E40F20A81052E00F00A819078D4
:1051B00011460290D078A14B05025079019006204B
:1051C00092F8008092F8019092F804A001F005FA9C
:1051D000064602988B460199284340EA0A4040EA75
:1051E000016205204FE0002E00F0B580012E00F096
:1051F000C480022E40F2CF80032E00F0D98092F8B6
:10520000008006200EE0002E00F0A780012E00F0A6
:10521000B680022E40F2C180032E00F0CB8092F8BF
:1052200000800A2092F8019052883DE0002E00F0A4
:105230009680012E00F0A580022E40F2B080062E4E
:105240005FD0032E00F0C280142E00F0C280012037
:1052500047E0002E00F08580012E00F09480022EA1
:1052600040F29F80032E00F0A7806A4B042092F842
:105270000080114692F80190558801F0AEF906467B
:105280008B4607202A460FE0002E6CD0012E7CD0E2
:10529000714B022092F80080114692F8019001F0C3
:1052A0009CF902460E4603205FFA88F141EA09257F
:1052B0004FEA1B41330A2070180CA4F80930C4F8D7
:1052C00010C0E181A4F80CB026726260658084F899
:1052D00001A0E072C4F814E000F06BBD012606F0F6
:1052E0000100607032E6DDE9061208983C4BE1F7F8
:1052F00054FA002968D090F800E04FEA15480322DC
:10530000F7E610884FF0000AB2F802E092F8048045
:1053100092F805904FEA004C0020C5E74FF0000AD4
:10532000C5EA004C1FFA81FE92F80480012092F831
:1053300005901A46B8E72C4A00F068FD2B4A00F0A9
:10534000BAFC424AFBE72F4AF9E7474AF7E7444AE3
:10535000F5E7374AF3E7324AF1E7274AEFE7464AEB
:10536000EDE72A4AEBE73B4AE9E7374AE4E73D4AFB
:10537000E2E73A4AE0E72D4ADEE7284ADCE71D4A41
:10538000DAE73C4AD8E7204AD6E7314AD4E7374A39
:1053900008E0284A06E0234A04E0184A02E0374AB7
:1053A00000E01B4A01F08AF8314A10E0254A0EE07D
:1053B0001D4A0CE0124A0AE0174A08E01E4A01F0B2
:1053C0003FF81F4A01F038F8064AB8E72D4A00F0C6
:1053D0007DFE2B4B042015211422FAF75AFA00BF48
:1053E000F81F04008C220400881C0400781C0400B0
:1053F000981C0400C81E0400B81E0400D81E040037
:10540000E81E0400A81E0400681E0400581E0400C4
:10541000781E0400981E0400881E0400281E040044
:10542000181E0400381E0400481E0400B81D0400A5
:10543000A81D0400C81D0400E81D0400081E040087
:10544000F81D0400D81D0400981D0400881D0400E8
:10545000681D0400581D0400781D0400481D040048
:10546000381D0400081D0400F81C0400181D040069
:10547000281D0400B81C0400A81C0400C81C04005B
:10548000E81C0400D81C0400F0B503AF4DF804BDBF
:1054900082B00546D0E90130834201D1002009E005
:1054A0002A68461C0C46064900F0E4FC21B1047051
:1054B0000220AE6000F059BC024A00F0FCFB00BFC5
:1054C00038200400881F0400F0B503AF4DF804BD78
:1054D00082B00546D0E90130834201D1002009E0C5
:1054E0002A68461C0C46064900F0C4FC21B1047031
:1054F0000220AE6000F039BC024A00F0DCFB00BFC5
:10550000382004009C220400F0B503AF2DE9C00749
:10551000D0E90165824608468846741BFDF71CFFEA
:105520008C4201D2002013E001EB0509DAF80020DB
:1055300009483346009028464946FDF7EBFE00F047
:105540006DFF40461A4600F009F80220CAF808909C
:10555000BDE80C07F0BD00BF88200400E0B502AF35
:105560001346024612F8010B80B1012801BF0C4816
:105570000090084619460FBF0423084800900846CB
:105580001CBF19461023FCF785FB8CBD0548009015
:10559000084619460223FCF77DFB8CBDC81F04009A
:1055A000B81F0400A81F0400DFB506AFD0E9001241
:1055B00004460D4B01A800F01BF8DDE901010022B3
:1055C000490019B100F8022B0239FAE7039800F0FC
:1055D00012FD064904F10800F5F7E9FB0C46FBF75C
:1055E000B1FB00F0BAFDDFBD281F0400381F040026
:1055F000D0B502AF0C683CB94FF0FF330C4608C47D
:10560000C0E900428160D0BD1846FAF713FED4D439
:10561000B0B502AF86B013460446D1E90120101A96
:10562000984202D2002020710DE0084809680090DD
:1056300002A8FEF7E5F802AB00250FCBC4E901157F
:1056400004F10C012CC1206006B0B0BD282004007C
:1056500080B56F46D0E900128068024BBDE88040FB
:10566000FDF74EBE6820040080B56F46D0E90012F9
:105670008068024BBDE88040FDF7D7BF782004006A
:10568000BCB504AF04468888ADF8040008688D797D
:10569000062100906846FFF791F8BDF80400A4F8D1
:1056A000050000982570C4F80100BCBDF0B503AF3B
:1056B0004DF804BD82B08A88838A04695A400B6819
:1056C00063401A4306D1827D8B795A40D20701D1BB
:1056D000012010E0D0E90045D0E9022345EA0300AB
:1056E00044EA0206304305D0009120462946FFF7E0
:1056F00024F800E0002000F038BB152938BF7047BF
:1057000080B56F46134600201422FAF7C2F8D4D4AD
:1057100080B56F460178DFE801F002020406806878
:1057200080BD407880BD408880BDF0B503AF2DE9D5
:10573000F80F16C84FF000083CB1601E904229D205
:105740002C2300FB03102C3001E0002408462C23FE
:10575000A7F12D0902FB03154FF4205A42F6010B65
:10576000A84217D000F11A06494607F82D8C30469A
:1057700027F82CAC00F014F870B93046494607F809
:105780002D8C27F82CBC00F00BF828B906F112007C
:105790000134E5E74FF6FF74204605B000F05CBC2D
:1057A00080B56F4602780B789A421CBF002080BDFE
:1057B0000131013022B1012A07D10968006801E0F6
:1057C00009880088401A00F0ACBCBDE88040FFF7B3
:1057D00085BAD4D4BFB506AF0446B868039008783C
:1057E000CDE901230FF20402DFE800F00210050EFC
:1057F000D1E9010105E08B78C81C114A1946FFF771
:105800007CFF01AA02AB09E00E200CE04D888A68FB
:10581000AA420FD3486801AA02AB294600F014F847
:10582000019919B107206070012001E0606000203B
:105830002070BFBD034B00202946FAF72AF800BFAD
:10584000A820040098200400F0B503AF2DE9F80F5C
:10585000D2F8009092460C4689452AD2D3E9001628
:1058600098461C4BA4EB0905B54228BF3546834634
:10587000284632460491FDF743FD174B2246CDE9F9
:10588000021048465946E0F788FF8D421AD8024672
:10589000124800902B46DDE90210FCF7FBF9104B93
:1058A000284604993246FDF7C0FEC8E900010020F1
:1058B00002E0A9EB04000025CAF80000284605B064
:1058C00000F0CABB074B0C46002029462246F9F7D8
:1058D000E0FF00BFB8200400C8200400E820040056
:1058E000F8200400D8200400F0B503AF4DF8048D73
:1058F00082B00646007815468846022815D0012851
:1059000019D1B3689D4213D87268294617480024FC
:1059100000900020FDF7FEFC154A2B4600F03DFAF2
:105920007078012808BF758017E07078854205D926
:1059300001240D2111E0012403210EE0094BF01C8C
:1059400000212A46002400F015F8074A2B4600F0F3
:1059500024FAF07D012808BFB570204602B05DF83A
:10596000048BF0BD482104005821040028210400C4
:1059700038210400DCB504AF00F0BAFC1423FDF7B5
:10598000C9FCDCBDF0B503AF2DE9800F8246FCF702
:1059900029F8DFF864B0804618495846F5F707FA49
:1059A00000220024B2F5FC5F11D026461346855C28
:1059B0000134FC32012DF5D10024024400EB03092F
:1059C000C4546FF0FA0050B114540130FBE700F0FA
:1059D0009BFA4046FCF73CF84FF0000B08E000F063
:1059E00093FA4046FCF734F809F10100CAE9016076
:1059F000CAF800B000F085BCB001002068190400AE
:105A000080B56F460A4600680421BDE88040FBF778
:105A10008BBA80B56F460A4600681021BDE8804009
:105A2000FBF782BA80B56F460A4600680221BDE8DE
:105A30008040FBF779BAD4D4F0B503AF4DF804BD7C
:105A400084B00D460446D1E900010922CB6818490B
:105A5000984700218DF808008DF8091004F11A0309
:105A60001448042214490195009001A8134DA84739
:105A7000217EA7F11203124E033918BF012107F846
:105A8000121C104908220096A847617EA7F1110355
:105A9000033918BF012107F8111C0B490822009691
:105AA000A847F9F7E6FF04B05DF804BBF0BD00BFFE
:105AB00073220400F95A0200A8DB030059F901001F
:105AC000CD5A0200C8EB0300B8EB030080B56F4667
:105AD00000780A4600281DBF0649104604220449E2
:105AE00004BF10460522BDE88040F9F741B900BF68
:105AF000760E04009CDB0300F8B504AF0A4610F8EC
:105B0000011B39B101290DD102900E48009002AB62
:105B10000D4904E001900D480D49009001AB10467D
:105B2000062206E0039005480549009003AB1046A5
:105B30000722F9F7C6FF04B080BD00BF135A020068
:105B40006C220400015A020066220400255A020059
:105B500060220400D0B502AF04460648FAF7E6FC1E
:105B6000A068FAF7F5FCD4E90001BDE8D040FBF7E6
:105B70005FB900BF4E010000D0B502AF0446054832
:105B8000FAF7D4FCE068FAF7E3FC2046BDE8D04021
:105B9000FFF7E0BF4D010000D0B502AF0446114849
:105BA000FAF7C4FC14F8010B48B1012812D100F037
:105BB0005DFB0D48FAF7BAFC2046042106E000F030
:105BC0009DFC0A48FAF7B2FC20460221BDE8D0400D
:105BD000F8F7C6BF00F075FE2046BDE8D040F8F7E4
:105BE0002DBD00BF530100000C0000000B000000A1
:105BF000F0B503AF4DF804BD0C460646FBF7F2FEC8
:105C00000E4905463046F5F7D2F8202C3FBFC4EBCD
:105C10008412012300F8223008683FBF0130086079
:105C200028465DF804BB3CBFBDE8F040FBF710BF61
:105C3000034A20462021F9F77BFE00BF58190400D3
:105C40004819040080B56F46C00718BF80BD0248E0
:105C5000BDE88040FAF7B4BC42000000D4E902017C
:105C6000013041F10001C4E902017047701C8DF858
:105C700040002846FDF746BC8DF840002846FDF759
:105C800041BCDDF87C269DF88006DDF8781670476B
:105C900059468DF841000222D6E901407047959B94
:105CA000DDF85102CDF8EB317A907A9870471022E6
:105CB000304615F0A0BC00200021F9F739BED9E923
:105CC000023182B21846E7F727BA9DF81300E07058
:105CD000BDF811009DF82310DDE90562A4F801006C
:105CE000BDF82100DDF81CC09DF82030ADF80C0097
:105CF0008DF80E102374C4E90162C4F80CC0A4F836
:105D00001100E17470479DF820A0079EBDF82100A6
:105D10009DF82310DDE905B2ADF80C00A4F81100E0
:105D200030468DF80E10E17451460292E3F7E6BB5F
:105D30005FFA80F8B8F1020F7047B0220AF108014B
:105D400015F036BB5146009058464A460423F5F7F5
:105D500013B9E2FB030143F60952002315F0A8BC76
:105D6000DDF81480B8F1090F704702B05DF804BB8C
:105D7000F0BD4FF45E71DDE901025143704701222D
:105D800000212A720202002870471322204615F0D3
:105D900032BCD0E90001F4F79CBD00924246FBF70B
:105DA00079BF1022204615F026BC1022284615F097
:105DB00022BC09B0BDE8000FF0BD0844D9F80010BE
:105DC000FBF724B90BF108012246F8F7B7BB1146DF
:105DD00030462A4615F00FBC00F8014B68601020D1
:105DE000B0BD5146009058464A46704705B0BDE8E0
:105DF000000FF0BD0A98D0E900125846FFF7F8BB33
:105E0000D8F800000130C8F80000704701200121D7
:105E1000F9F78EBD0130132215F0EDBB0020439041
:105E200000202C900020CDE92D00704701EB80016F
:105E30000022179270472846DDF81CA0BDF8199083
:105E40009DF818609DF81BB0F4F7FCBEBDE8000F8C
:105E5000F0BD3869102200BA6990786900BA68907C
:105E6000B86900BA6790F86900BA66907047304622
:105E700015F0C1BB00913146FDF74CBADDF8FC804E
:105E800008680130086070471322701D15F0B3BB1D
:105E90000530132215F0AFBBD9F800000130C9F866
:105EA00000007047F4E802104968084714460546A8
:105EB000F6F752BD206801218DF840105946CDF803
:105EC00041002846FFF720BB132215F094BB204663
:105ED00015F091BB9DF850B2BBF1210F70474046C1
:105EE00040F8201FD8F80010C8F82420096888F866
:105EF0001C20C8E90510704700F55E70A1F55E71C1
:105F00007047284615F077BB086801300860704775
:105F1000102215F070BB01EBC20203EBC404C0E910
:105F20000034C0E90212D0BD20885946ADF84100C6
:105F300028468DF84080FFF7E7BA0FCB41EA03040B
:105F400040EA02052C437047D9F800100139C9F81E
:105F5000001006B0BDE80007F0BD52F82020D1E9DE
:105F60000001CB68214670470298DDE90412C4E9BC
:105F7000011200787047012041468DF8810104F13B
:105F80001200B62215F037BB05A990E81C0001F5F8
:105F9000B5511CC17047309D0020DDF804B1DDF81B
:105FA000DCA085F85F0321208DF830017047DBF815
:105FB000040008F16804016842688368C0680EC480
:105FC000C8F8740070475DF804BBF0BD5DF804BB11
:105FD000F0BDB02215F00FBB07F8010C781EFAF7E0
:105FE00029BB88F80000BDE8000BF0BD21700168F6
:105FF00001310160D0BD0168013101607047284660
:10600000F5F724BD13460246084611467047A7F12E
:10601000DC00E0F707BBA7F1600147E91860A7F1D2
:10602000DC00E0F787BAD1E90012FAF798BE06F172
:10603000080011940DF1380890E81C0041461CC17D
:1060400009AD7047C0F30724C1B20229704794E834
:106050006E0040466EC07047BDE8000FF0BD00BA4C
:10606000CDF8240608BACDF8200610BACDF81C06E3
:1060700018BA704781B200F47F0202297047325C7F
:1060800051403154013070474046F8F759BDD0E9CE
:106090000001FCF711B8D8F800100139C8F8001059
:1060A00022A996E838000A4638C27047349943F26C
:1060B0006850084435990968FAF7A8BF349943F243
:1060C0006450084435990968E1F76ABC032003214C
:1060D000F9F72EBC00924A46FBF7DCBD18C80A4609
:1060E00018C2012388F828300388807813809070C4
:1060F000704702EB716282EA33647047016842685C
:106100008368C06870475DF8048BF0BDDBF8FC0065
:106110000BF58075002100688BF82C11CBE949053F
:106120007047B0FA80F0400980BDB9F81230002005
:10613000B9F81410CDE913588B421590109170479F
:1061400004460568002001C47047002020734FF00A
:10615000FF302060201DFAF7F5BD20680130206077
:106160007047202215F047BABDE8000BF0BDBDE82E
:106170000007F0BD4946F6F771B9002315F098BA4B
:106180004046FCF785BF00F47F410022B1F5807FD7
:106190004FF000034FF002017047DDF870044FF03C
:1061A0000408DDF898A0DDF874148842704744F8BC
:1061B000390004EBC900416009F10100C8F8000092
:1061C00070479DF80000012870472868013028605A
:1061D000704701208DF84E02B2F86C03ADF84C0206
:1061E000D2F8680370470446154654F8049B0E46DF
:1061F000804621464FEAC9007047D9E9023182B290
:1062000018462B46E6F79EBEBDF84C102846DDE941
:106210001449FDF751B902460B46114630461A465D
:10622000FEF780BE5368D3F81026D3F81436FAF779
:1062300017BEB2FA82F2520910435DF804BBF0BDFA
:10624000311D00F103081022404615F0D4B9022098
:1062500059468DF840002846FFF756B9D1E90001AC
:10626000CB68704701680139016070470120FAF777
:1062700066B9B02215F09CB800F10802019201AA9B
:106280000092704741EA030440EA02063443704733
:106290002D1A64F10000BBEB050170470FCB12BA59
:1062A00000BA09BA1BBA70473068013030607047D5
:1062B000D1E90001D1F80CC01946704708680138CF
:1062C00008607047D0E90012013142F100027047C6
:1062D0000A460838083153689D427047DAF80000D2
:1062E0000130CAF800007047DBF80800102870473A
:1062F0000446009308461146224670472946F6F7A1
:1063000095BABDE8080FF0BD2D9829902C982A90D9
:106310007047414611F85F0F2991273925910021D7
:10632000169170470022C5F89480A84685F89920F8
:10633000C8E91F0170478188AAF8F4100068CAF8FC
:10634000F0008AF8F6407047DBF82810DBF83820B8
:106350007047D4E90160801B85427047034603F80B
:10636000012B8B427047C0F30722C1B2022970474C
:1063700000900846114601AB7047DDF87CA69DF8F9
:10638000799694E82C0031462CC170470020CDE965
:1063900022582490062000901CA822A9704717F8C4
:1063A000600C012870470299092008607047006856
:1063B000D0E900127047406800F2646070478DF8C1
:1063C0008CB1FFF715BCC0F8401300F51C70FAF74C
:1063D000B9BC23468DF870063046EBF750BC324608
:1063E0002046EBF7A7BB00912146FCF793BF0023A3
:1063F000FAF74ABD1322132515F0FDB81322132412
:1064000015F0F9B850F8240051F82410F8F7FAB84C
:106410009DF8E8019DF82212F4F79DB802460B465C
:10642000114670474FF0C07240F66613FAF718BD78
:106430009DF880040128704705200521F9F778BAF6
:1064400004200421F9F774BA404615F0D4B80D467B
:10645000FAF778BC06200621F9F76ABA40F207126B
:1064600015F0C9B841461022FDF7DFB800922A4660
:10647000FBF710BC232089F800007047CDE900012C
:1064800059462046E6F786BA02B05DF8048BF0BDA7
:10649000BDE8000BF0BD284615F0B3B804F148067E
:1064A00059463046F5F758BF4FF0FF3111FA82F6E2
:1064B000FBF7A8BCD9E90001FFF79ABB0220022133
:1064C000F9F736BA20462946FCF760BD0130B722FD
:1064D00015F091B80130CAF8000070474FF0FF3056
:1064E00008607047044690E826002846E0F755B952
:1064F00060365146AC192046FEF7D4B80020FAF7B2
:106500001EB800203146F9F7C4B900202146F9F73A
:10651000C0B9DDE90201884270479DF838000328C0
:1065200070470022CDE9030100965946CDE90124C8
:1065300070478DF8F807DBF828104346DBF8382061
:106540007047029884F810A0C4F804B0C4E90206A9
:106550007047AAF815119AF8F9108AF8174102291C
:1065600070470F208DF8800140F20340ADF88401A0
:106570007047DBF8FC0090F82910013180F82910F1
:106580007047006888F8281008F11D01C8E9080163
:1065900070473099CDE9684BCDE96A61D9E90212BB
:1065A00070472C4602F00F055D5D0555651E12090A
:1065B00070472374C4E90156E260A4F81100E17445
:1065C00070474FF0FF3020607047B9EB00016BF16E
:1065D00000026B1A7AEB020370473246E0F7DDB82F
:1065E000C4E90021B0BD0E46FAF7ACBB4846FCF743
:1065F0004FBD1E4614F0FFBF304614F087B9C822C5
:1066000014F0D6BE2046EBF73ABB2046F6F750BA58
:106610009DF8680521287047969ABDF850927047FA
:10662000349800F5935A70474168013941607047CA
:10663000202800F01F007047D8F80000406870471D
:1066400098F81C00C0077047406800F5C460F4F774
:10665000C9BB406800F5B560F4F7A9BBD1E90012E9
:10666000201DFAF77CBB16995A462046E6F742BA37
:10667000D5E900012D9AE6F72DBD4FF0FF3208460F
:1066800004C07047169A59463046EBF721BB04F117
:1066900020004146FDF766B8D0E900125046FBF7EE
:1066A000F9BC081AB0FA80F04009D0BD0646484649
:1066B0008846F4F74BBB334600925246FBF7EABAE2
:1066C000F86800905846E1F737BE30464146BDE8CD
:1066D0000007F0BD594632464846EBF72BBA28462C
:1066E00021464A46FCF70EBF054630468A46F3F778
:1066F00026BF5A4630465146F0F718BC08461146A8
:106700005822F9F7C6B8084611461A46FBF7D4BC1A
:10671000204641462A46EBF70DBAB0220AF118018D
:1067200014F069BFD9E902013246E6F7F5BC81F4FD
:10673000404142F8201070470DF590649AE82E0011
:1067400020462EC07047BBEB0500CDF840087047CF
:1067500000230B7201EBC203D3E903347047689046
:106760009DF8EC01979A8DF8A4017047CDE91201CC
:1067700000201490704788980D9087980C909DF891
:106780002802704796F8089006F10901D6F804A08F
:1067900070479DF8500221F0FF0170475FFA80FAC0
:1067A000BAF1000F704795999DF850420029704743
:1067B00095999DF8505200297047A4F8DD000020FB
:1067C00060667047D2F85002D2F85312CDF84B12DF
:1067D0007047404614F0ECBD8BF820018BF82C017B
:1067E0007047A5F80D00022068777047B2F865136E
:1067F000D2F8610301F58031704743F60952A0FBDE
:10680000020301FB023170478DF8B80109F1010064
:106810007047484614F0EFBE0320F9F790BEC268F7
:106820000846104700240421042300227047C2B206
:10683000022A6FF0010252FA80F270470021FBF742
:1068400037B90021D8F8140016910021179170472C
:106850000021DDF8BC801691DDF8D49070473188B6
:106860000180B17881707047102213F0FBBFDBF814
:10687000FC1091F82900704701EB80010DF5FF68CD
:106880007047894680464FF0FF3400250026704748
:106890002146F5F7CBBF05468846A9F101010068FE
:1068A000814270479DF81860B8F1080F70474FF0AB
:1068B000FF31026811FA86F1914270470C46F9F7F0
:1068C00035BE0220F9F73BBE204614F09ABE2046A2
:1068D00014F01CB82046EAF7CFBF2046FEF7D0BE22
:1068E0002046BDF87A1605F1080425917047204628
:1068F000FFF77EB90446F86801908846B8680090B2
:1069000070470446086890460B79D0E9001270473A
:1069100000201690002017907047981C00900E7869
:1069200070470920C9F8000070479DF8F857212DDD
:106930007047013941600068704713208DF8F807EF
:10694000704714460A46014670470446087AC00755
:106950007047D4D42DE9F04FADF2CC4D136800AFA1
:10696000DB4303F0010807F1080A78608B465046C4
:106970001146424601F01AFC6B494FF4806207F160
:10698000C80014F0BFFD4FF01F0909F101056E09A1
:1069900007F10803F21C05F01F0553F82240721D91
:1069A000EC4053F82220EA406400920002F0040216
:1069B00004F002041443721CB9F11F0F53F8222093
:1069C00022FA05F202F0010244EA020476D107F548
:1069D000996303EB8414A4F500740FCC07F1680CE1
:1069E000ACE80F000FCCACE80F000FCCACE80F0008
:1069F00094E80F008CE80F00DFF830C1BCE80F000E
:106A000007F1A8040FC49CE80F0084E80F00B31D31
:106A10005AF8233023FA05FCB31C0CF0010C5AF889
:106A20002340331DEC405AF82330EB4064009B00B8
:106A300003F0040304F002041C435AF82630EB4030
:106A400003F001030CF1FF3C1C4384EA0C0407F53E
:106A5000996304F0070403EB8414A4F580640FCC5D
:106A600007F128050FC50FCC0FC50FCC0FC594E853
:106A70000F0085E80F0007F148010CF001020846FD
:106A800001F096FB0123002207F1280107F16800BD
:106A900001F009FAB9F10109BFF477AF786807F19D
:106AA0006802594601F00BF942465946584601F032
:106AB0007FFB07F2CC47BD46BDE8F08F07F16801C8
:106AC000084601F024F97B6A23FA05FE0EF0010E58
:106AD0000EF1FF3E84EA0E0407F5996304F0070403
:106AE00003EB8414A4F500740FCC07F1280CACE878
:106AF0000F000FCCACE80F000FCCACE80F0094E80F
:106B00000F008CE80F0007F148010EF00102084663
:106B100001F04EFB0123002207F1280107F1680074
:106B200001F0C1F973E700BF70270400702B040067
:106B30002DE9F04FADF22C4D00AF0E46D7F85014B2
:106B400078600C68E44307F1080904F00104484642
:106B5000924622461D4601F029FBD9F8003007F184
:106B6000280803F00F0388F8003040460122D310B4
:106B700002F0070159F8233090F800C08900CB409B
:106B800003F00F03D943090101F01001ACEB01013F
:106B900000F8011B013243F00103402A0370E6D1E3
:106BA00007F594795246CC460AF1200E10685168D8
:106BB000634603C3083272459C46F7D12B4603F166
:106BC000200C07F5A475186859682A4603C20833D3
:106BD00063451546F7D1DFF8F4C0BCE80F0007F5B0
:106BE000B4750FC59CE80F0085E80F00494607F50E
:106BF000727001F08CF84D464FF0010AAB466035DB
:106C0000602207F57271284614F07CFC00231A46B6
:106C1000594628460AF1010A01F045F9BAF1080F70
:106C2000ECD198F93F3023F0010101EB630109EB4E
:106C30004111602207F1680014F064FC4FF03E0936
:106C40004FF0600A042507F16801084601F05FF87B
:106C5000013DF8D118F909B04FEADB73C3EB031318
:106C600083F00F01CBF100021A4001EA0B0111433E
:106C700007F5856349080AFB01316022A1F54071DF
:106C800007F1C80014F03EFC07F1E80108464FEA9E
:106C9000DB7201F08DFA2B462A4607F1C80107F195
:106CA000680001F000F9B9F10109CBD2786807F169
:106CB0006802314601F003F822463146304601F0C1
:106CC00077FA07F22C47BD46BDE8F08F702B040021
:106CD0002DE9F04383B002AF05461846D7F820905F
:106CE0000E4690461C4600F0A0FC28B90024204621
:106CF0000437BD46BDE8F083484600F096FC002806
:106D0000F4D02146284600F071FC4946304600F098
:106D10006DFC3146284600F031FF04460028E5D0DE
:106D2000CDF8008033462A4631462846FFF700FF5B
:106D3000DDE7F0B5002355088C1800AF02449D42F2
:106D400000D1F0BD11F803C014F8016D02F801CDB7
:106D5000C6540133F3E72DE9F041064600AF104673
:106D60000D46904600F0C6FE044660B142462946F4
:106D70003046FFF7EFFD3146304600F043FC294630
:106D8000284600F03FFC2046BDE8F08180B400AF0B
:106D9000BD465DF8047BFFF7DEBFB0B592B002AF31
:106DA00000930546134638460A4607F12001FFF7CF
:106DB0008FFF044640B13946384600F023FC2022BC
:106DC00039462846FFF7B5FF20464037BD46B0BDDF
:106DD000B0B5042300AF0446154600F8013B20225D
:106DE000FFF7A7FF2022294604F12100BD46BDE898
:106DF000B040FFF79EBF2DE9F041202B90B08046B8
:106E000000AF0C4615461E4601D800202EE0202279
:106E1000691CFFF78EFF00F008FC0028F5D02A78E7
:106E2000042A02D05308032B24D1412EEDD1202275
:106E300005F121012046FFF77CFF00F0F6FBA8B129
:106E40002B785A08032A03D122685340DB07DCD48D
:106E50004146384600F0CAFB214607F1200000F009
:106E6000C5FB07F12001384600F088FE4037BD46DB
:106E7000BDE8F081012BC8D1212EC6D102F001025C
:106E8000414620464037BD46BDE8F04100F0C2BE55
:106E90002DE9F04F044615460E46482100F02CF827
:106EA00095E8075F092720CEC0B4002394E8C0000E
:106EB000E5FB6063E5FB6173C0C494E8C000E5FBDB
:106EC0006263E5FB6873C0C494E8C000E5FB6963D6
:106ED000E5FB6A73C0C494E8C000E5FB6B63E5FBA7
:106EE0006C73C0C42668E5FB6E3648C4243CC0BC45
:106EF000013FD8D1BDE8F08F002200230CC0083933
:106F0000FCD1704700B502EE102A91EC084A3CCA49
:106F10005AEC140AA2FB0061A3FB007CE2FB6A713D
:106F200047EC106AA4FB0086E3FB6A81A5FB00978F
:106F3000E4FB6A91E5FB6A1750EC15EAE2FB6E8C04
:106F4000E3FB6E9CE4FB6E1CE5FB6EC7E2FB609608
:106F5000E3FB6016E4FB60C6E5FB606749EC118A61
:106F60005EEC16AA4FF00009E2FB6A19E3FB6AC95E
:106F7000E4FB6A69E5FB6A794FF0000AE2FB6ECA3E
:106F8000E3FB6E6AE4FB6E7AE5FB6E9A17EE108AFD
:106F90004FF0000EE2FB68E6E3FB6876E4FB6896E0
:106FA000E5FB68A617EE908A4FF0000BE2FB687BCA
:106FB000E3FB689BE4FB68ABE5FB686B12EE102A11
:106FC00010323CCA14EE108A0020E2FB681002EE78
:106FD000101AE3FB68C0E4FB68E0E5FB680714EE09
:106FE000908A0021E2FB68C102EE90CAE3FB68E1EF
:106FF000E4FB6801E5FB681715EE108A4FF0000C02
:10700000E2FB68EC03EE10EAE3FB680CE4FB681CAF
:10701000E5FB68AC15EE908A4FF0000EE2FB680EBF
:1070200003EE900AE3FB681EE4FB68AEE5FB686EC6
:1070300058EC160AE2FB601904EE101AE3FB609AA2
:10704000E4FB60A6E5FB60B6E2FB6897E3FB68A79C
:10705000E4FB68B7E5FB686758EC170AE2FB60AC35
:10706000E3FB60BCE4FB606CE5FB607CE2FB68BEBC
:10707000E3FB68E6E4FB6867E5FB687C47EC366A9F
:1070800007EE90CA51EC100A53EC112A55EC124A43
:1070900057EC136A14EE108A4FF0000C1B184C4189
:1070A000554146414F4158EB000859EB01095AF14F
:1070B000000A5BF1000B5CF1000CF618674158EB1D
:1070C000020859EB03095AEB020A5BEB030B5CF174
:1070D000000C3F1A78EB010879EB02097AEB030AFE
:1070E0007BF1000B7CF1000C52EC361A17EE903A53
:1070F0001EEB0C0051F100014FF0000C5CF1000C94
:1071000058EB050859EB06095AEB040A5BEB050B33
:107110006041694152EB0C0253F100034FF0000C47
:107120005CF1000C5AEB070A5BF1000B70417941EE
:1071300072417B415CF1000CBBEB040BA841B141F7
:10714000BA4173F100037CF1000CB8F1FF3879F11A
:10715000FF397AF1FF3A7BF1000B70F1000471F115
:10716000000572F1010673F1FF376CF1000C18EBAA
:107170000C0059EB0C015AEB0C025BF1000354F1CB
:10718000000455F1000556EBDC7657EB0C0700BD0B
:1071900000B5A0FB009AA0FB01BC1BEB0B0B4FF052
:1071A000000EEEFB6EAB4AEC109A4FF00008E0FBCD
:1071B000628C58EB0808E1FB618BA0FB039AE1FBB2
:1071C000629C59EB0909EEFB6E9B49EC118A4FF06A
:1071D0000009E0FB649AE1FB639C59EB0909E2FBBF
:1071E000629B02EE109AA0FB0598E1FB649AE2FB19
:1071F000639C59EB0909EEFB6E9B02EE909A4FF0EF
:107200000009E1FB6598E2FB649CE0FB669A59EBA0
:107210000909E3FB639B03EE109AA0FB0709E1FB5E
:10722000660AE2FB650CE3FB64084041EEFB6E0B73
:10723000E1FB6798E2FB669AE3FB65C95CEB0C0C2B
:10724000E4FB64BCE2FB6798E3FB66A90022E4FB75
:1072500065A25AEB0A0AEEFB6ECAE3FB6728E4FB61
:10726000669259EB0909E5FB65A90023E4FB673841
:10727000E5FB66325B41EEFB6E93E5FB678258EB04
:107280000808E6FB6638AEFB0E45E6FB6742644144
:10729000EEFB6E485241E7FB678252EB0E0248EC70
:1072A000364A07EE902A52EC101A57EC118A55EC28
:1072B000126A13EE104A4F41564155EB08054C41F6
:1072C00050415BEB010B5CEB020C5AF1000A59F1E7
:1072D00000095EF1000EE41970415BEB080B5CEBFA
:1072E000070C5AEB080A59EB07095EF1000E401A29
:1072F0007BEB020B7CEB080C7AEB070A79F10009B7
:107300007EF1000E58EC367A17EE902A13EB0E0140
:1073100057F100074FF0000E5EF1000E5BEB050B1E
:107320005CEB040C5AEB060A59EB050971416F41FD
:1073300058EB0E0852F100024FF0000E5EF1000E05
:107340005AEB000A59F100096141474158EB040822
:1073500042415EF1000EB9EB0609A941A74178EB65
:10736000000872F100027EF1000EBBF1FF307CF1EB
:10737000FF3C7AF1FF3479F1000971F1000677F1F1
:10738000000578F1010A72F1FF387EF10007C0199B
:107390005CEB070154EB070259F1000356F10004BE
:1073A00055F100055AEBD77658EB070700BD91E879
:1073B000F807B2E803181B1A8C4175EB0B0576EB46
:1073C0000C0692E80318874178EB010879EB0B096A
:1073D0007AEB0C0A7BEB0B0B13EB0B0054EB0B0162
:1073E00055EB0B0256F1000357F1000458F100056C
:1073F00059EBDB765AEB0B07704792E8FC03B1E8D8
:10740000011C121853EB0A0354EB0B0455EB0C054B
:1074100091E8031846414F4158EB0B0859EB0C0912
:107420005FF0000A5AEB0A0AB2F1FF3273F1FF3340
:1074300074F1FF3475F1000576F1000677F100076D
:1074400078F1010879F1FF397AF1000A12EB0A00AC
:1074500053EB0A0154EB0A0255F1000356F1000404
:1074600057F1000558EBDA7659EB0A0770472DE91A
:107470000041FFF78DFEDDF80080B8F10108CDF87E
:107480000080F6D1BDE800812DE90042FFF7EFFF53
:10749000FFB46946089AFFF735FD09B000BD2DE934
:1074A000FF414FF00108E946FFF7EEFFFFB4FFF799
:1074B0006FFEFFF76DFEFFB4694608AAFFF722FDD5
:1074C0000DF1200888E8FF004FF004080DF12009B5
:1074D000FFF7DAFFFFB44FF00808E946FFF7D4FFE3
:1074E000FFB44FF01008E946FFF7CEFFFFB44FF0AE
:1074F00020080DF1A009FFF7C7FFDDF8C080B8F143
:10750000000F28D14FF08008E946FFF7BDFF4FF08C
:107510002008E946FFF7B8FF4FF010080DF12009E9
:10752000FFF7B2FF4FF008080DF14009FFF7ACFF7D
:107530004FF004080DF18009FFF7A6FF4FF0040893
:107540000DF16009FFF7A0FF8DE8FF00694628AA4A
:10755000FFF7D8FC09E04FF060080DF1A009FFF734
:1075600093FF4FF05E08FFF782FF31B000BD0018B7
:10757000494152415B4164416D4176417F414FF049
:10758000000858EB0808B0F1FF3071F1FF3172F1DB
:10759000FF3273F1000374F1000475F1000576F118
:1075A000010677F1FF3778F1000810EB080051EB86
:1075B000080152EB080253F1000354F1000455F1A5
:1075C000000556EBD87657EB08077047030000001C
:1075D00000000000FFFFFFFFFBFFFFFFFEFFFFFFBC
:1075E000FFFFFFFFFDFFFFFF040000002DE9F14F4B
:1075F000AFF22802FFF786FC5DF8048B88E8FF00F5
:10760000BDE8F08F2DE9F14F002200230CB40CB43B
:107610000CB401220CB46A46FFF774FC08B05DF8A4
:10762000048B88E8FF00BDE8F08F2DE9F04190E879
:10763000FE015FF0FF30091A8241834174F10004BA
:1076400075F1000576F1000677F1010778EB000887
:107650008041C00FBDE8F081FE9BDFEE85FD2F016C
:10766000216C1ADF52051943FFFFFFFFFEFFFFFFEA
:10767000FFFFFFFF000000000100000000B50FF257
:10768000504A9AE8005CB0EB0A0071EB0B0172EB18
:107690000C0273EB0E0374F1FF3475F1FF3576F1D4
:1076A000000677F1FF3778F1000869EB09090AEA6B
:1076B000090A0BEA090B0CEA090C0EEA090E10EB99
:1076C0000A0051EB0B0152EB0C0253EB0E0354EB8F
:1076D000090455EB090556F1000657EB090758F167
:1076E000000800BD2DE9F14F9BB08A4609A81C3166
:1076F000AFF29C02FFF7CCFB684612A9F4A2FFF799
:10770000C7FB9AE8FF01BDE8001EB0EB090071EB72
:107710000A0172EB0B0273EB0C03BDE8005E74EB25
:10772000090475EB0A0576EB0B0677EB0C0778EB93
:107730000E08FFF7A3FFFFF7A1FF12B05DF8049B4F
:1077400089E8FF00BDE8F08F2DE9F14FFFC94FF048
:107750000008FFF793FF5DF8048B88E8FF00BDE8A1
:10776000F08F2DE9F14F8C4692E8F00FBCE80F0046
:107770000019694172417B419CE8F00054EB080418
:1077800055EB090556EB0A0657EB0B075FF00008AF
:1077900058EB0808FFF772FFFFF770FF5DF8048BE6
:1077A00088E8FF00BDE8F08F00232DE9F847044684
:1077B00091E8EA072DE9EA07002102B492E8EA0716
:1077C0002DE9EA0792B0684612A91BAAFFF760FBF1
:1077D00020466946FFF786FF24B0BDE8F0872DE913
:1077E000F84101240025002601274FF01F0E431EFB
:1077F0004FEAC27C2CEA0303DB174FEAD3785840E8
:10780000C01A01FB03FC9943E2FB081CE2FB632C5A
:1078100004FB03FC9C43E6FB084CE6FB636C05FBA6
:1078200003FC9D43E7FB085CE7FB637C12F0010C63
:1078300001300CFB01F3D2185208ECFB0468ECFB9E
:10784000057824196D19BEF1010ED0D108BCF0C322
:10785000BDE8F0812DE9F04F00EA4004E4176040F4
:10786000001B01EA4105ED176940491B40CA576AF0
:1078700074407D406C4020C30EB4B2E8EA0F614012
:10788000634065406640674088EA040889EA040965
:107890008AEA040A091BA341A541A641A74178EB46
:1078A000040879EB04097AEB040A84EA0B04A0FBD0
:1078B000011E0022A2FB02BCE0FB632EE0FB65BEC2
:1078C000ACFB0C35E0FB663EE0FB675EACFB0C6797
:1078D000E0FB686EE0FB697EE0FB6ACE00FB04EE35
:1078E00011BC2834B4E800034FF0000AE0FB681A2A
:1078F000E0FB692A49185241B4E80203E0FB61AB9E
:10790000E0FB68B3E0FB69355AEB0A0A5BEB0B0B53
:107910005B4194E81203E0FB6156E0FB6467E0FB27
:10792000687CE0FB69CE6D4176417F415CEB0C0CDD
:107930007EEB0E0E6FEA0E0E02BCA1E8040CA1E86D
:10794000E850BDE8F08F00BF2DE9F04F00EA400499
:10795000E4176040001B01EA4105ED176940491B2F
:1079600040CA176A74407D406C4020C30EB492E850
:10797000EE0361406240634065406640674088EACC
:10798000040889EA0409091BA241A341A541A641B3
:10799000A74178EB040879EB0409A4415FEAD47E9F
:1079A0004FF0000CDFE94AABEEFB6A1CEEFB6B2CE0
:1079B000DFE949ABEEFB6A3CEEFB6B5CEEFB646C13
:1079C000EEFB647C4FF0000AEEFB6A8CEEFB649CDD
:1079D000AAFB0ABEA0FB01AEABFB0B1CE0FB62BE28
:1079E000E0FB631EACFB0C23E0FB652EE0FB663E78
:1079F000ACFB0C45E0FB674EE0FB685EE0FB69CE4C
:107A000041BC2436B6E800030027E0FB68A7E0FB92
:107A100069B7B6E80003E0FB6817E0FB6927B6E842
:107A20000003E0FB6837E0FB6947B6E80003E0FBD2
:107A30006857E0FB69C7BE4424480AFB00F00026F3
:107A4000DFE92389E0FB68A6E0FB69B6BBEB080B26
:107A5000DFE9218AE0FB681671EB0901E0FB6A2689
:107A60004FF0FF39E0FB6936E0FB69460027E0FB99
:107A70006756E0FB69C6E7FB67E672EB080273EB4B
:107A80000A0374EB090475EB09057CEB070C7EEB2C
:107A9000090EBE41DFE90E09F60FE6FB607BE6FB4F
:107AA000691BE6FB682BE6FB6A3B7042E6FB604B1A
:107AB000E6FB605B4FF00008E6FB68BCE6FB60CECF
:107AC00040BC80C6A6E83E18BDE8F08F4FBC00EE73
:107AD000512563FCC2CAB9F3849E17A7ADFAE6BC70
:107AE000FFFFFFFFFFFFFFFF00000000FFFFFFFFA2
:107AF000000000002DE9F04F90E8FE0151EA02007D
:107B00001843204328433043384350EA080013D039
:107B1000AFF24400B0E8001EB1EB090172EB0A02BB
:107B200073EB0B0374EB0C040FC885418E41974136
:107B300078EB03088041C00FBDE8F08FDFBDC4299A
:107B400062DF9CD890308478CD05F0ACD62E21F73A
:107B5000AB20A2E5344887041D0630DC030000009A
:107B60000000000000000000FDFFFFFFFFFFFFFF1F
:107B7000FFFFFFFFFCFFFFFF020000002DE9F14FB8
:107B8000FFC9FFF705FBFFB40898FFC8FFF700FB2C
:107B9000FFB46946AFF23C02FFF709FC8DE8FF0035
:107BA00010996A46FFF7AEF98DE8FF0008A96A460A
:107BB000FFF7FDFBAFF27C08B8E8001E90EA090071
:107BC00002BF91EA0A0192EA0B0293EA0C0398E8D9
:107BD000001E01BF94EA090495EA0A0596EA0B061D
:107BE00097EA0C074FF0000008BF012011B0BDE874
:107BF000F08F00BFFFFFFFFFFFFFFFFFFFFFFFFF53
:107C00000000000000000000000000000100000073
:107C1000FFFFFFFF2DE9F54F88B06846FFF7E6FC50
:107C20009DE8FF00FFF7B4FAFFB46946AFF2D40253
:107C3000FFF7BDFB8DE8FF0008A96A46FFF762F970
:107C40008DE8FF006946AFF20C12FFF7D6FB8DE816
:107C5000FF004FF00108FFF722FC0DF1200888E833
:107C6000FF00FFF795FABDE8000F98EA000802BF91
:107C700099EA01099AEA020A9BEA030BBDE8000FA0
:107C800001BF98EA040899EA05099AEA060A9BEAFC
:107C9000070B18BF00200FD168466946FFF7B2FCFA
:107CA000009BDDE9080103F001024A406946AFF29A
:107CB000BC0300F05EFA01200AB0BDE8F08F2DE9A8
:107CC000F74F4032FFCA4FF00008FFF7E8FBFFB460
:107CD000FFF75EFAFFB408A96A46FFF713F90DF142
:107CE000200888E8FF006946129AFFF70BF9DDF8D3
:107CF000408088E8FF00129A08A92032FFF702F9B5
:107D0000DDF8448088E8FF0013B0BDE8F08F2DE96E
:107D1000F34F4031FFC9FFF73BFAFFB40999203117
:107D200001F12002FFF7EEF8DDF8208008F14008AD
:107D300088E8FF0009996A46FFF75FFBFFB41199D5
:107D400008AAFFF734FB0DF1200888E8FF0008A916
:107D50006A46FFF7D7F80DF1200888E8FF004FEAE0
:107D6000C07810EBE87051EBE87152EBE87253F118
:107D7000000354F1000455F1000556EBD87657EB9B
:107D8000E8775FEA37075FEA36065FEA35055FEABC
:107D900034045FEA33035FEA32025FEA31014FEAFB
:107DA00030008DE8FF0008A96A46FFF726FB0DF1B9
:107DB000200888E8FF00FFF7EBF98DE8FF00119835
:107DC0002030FFC8FFF7E4F9DDF8408008F1200813
:107DD00088E8FF00FFF7DCF9FFB4DDE9180100F1E6
:107DE0002002FFF78FF8DDF8608008F1200888E8AE
:107DF000FF00FFF7BCFBDDF8608088E8FF0008A902
:107E00004246FFF7D4FADDF8608088E8FF0042467A
:107E100002F12001FFF7CBFA0DF1200888E8FF00FE
:107E200010A908AAFFF76EF80DF1400888E8FF00D6
:107E300010A96A46FFF7BBFADDF8608008F1200858
:107E400088E8FF001AB0BDE8F08F00B5B1E8E01F88
:107E5000A0E8E01FB1E8E01F8AB14FF0000E5442E5
:107E6000651B74EB060674EB07077EEB08087EEBD8
:107E700009097EEB0A0A72EB0B0B74EB0C0CA0E801
:107E8000E01F23B991E8E01F80E8E01F0AE000242A
:107E9000A4FB045AE643E7434FF0FF386FF00109B3
:107EA00080E8F80700BD2DE9FF4F00F1400494E899
:107EB000F00F2C4334433C4354EA080454EA0904C9
:107EC00054EA0A0454EA0B0404D1FFF7BEFF04B0DD
:107ED000BDE8F08FFBB94031FFC9FFF759F9FFB496
:107EE00008996A46FFF70EF8DDF8208088E8FF0061
:107EF000099940316A46FFF705F88DE8FF000899B7
:107F000020316A46FEF7FEFFDDF8208008F12008E8
:107F100088E8FF0000E088B008994031FFC9FFF70A
:107F200037F9FFB411996A46FEF7ECFF0DF120080E
:107F300088E8FF00109940316A46FEF7E3FF8DE8BC
:107F4000FF00119920316A46FEF7DCFF8DE8FF0043
:107F5000109908AAFFF72BFADDF8408088E8FF00A7
:107F6000FFF716F9FFB4189A02F14001FEF7CAFFB5
:107F7000DDF8608008F1400888E8FF001B9951B9DE
:107F8000199940314246FEF7BDFFDDF8608008F1E7
:107F9000400888E8FF0018996A46FEF7B3FFDDF84D
:107FA000608088E8FF0001431143194321432943BE
:107FB000314351EA070001B41999203109AA1B9BEA
:107FC00013B1FFF71AFA01E0FFF7F1F9DDF8648069
:107FD00008F1200888E8FF005DF8048B0143114395
:107FE0001943214329433143394351EA08010BD155
:107FF00018B09DE80F00FFF728FF0098014604B075
:10800000FFF785FEBDE8F08F10A96A46FEF77AFFFC
:108010000DF1400888E8FF0018982030FFC8FFF7EE
:10802000B7F88DE8FF0008A9189AFEF76BFF0DF16D
:10803000200888E8FF006946189AFFF7B8F9DDF8CC
:10804000608088E8FF0010A8FFC8FFF790FA8DE86D
:10805000FF0018996A46FFF7AAF9DDF8608088E802
:10806000FF0010A9189AFFF7A2F98DE8FF001899F0
:1080700020316A46FEF746FF8DE8FF001A986946F0
:1080800008AA10B1FFF7B9F901E0FFF790F9DDF8A0
:10809000608008F1200888E8FF001CB0BDE8F08F80
:1080A0002DE9F34F88B001F14001FFC9FFF770F8E7
:1080B000FFB4084310431843204328433043384358
:1080C00053D0109908A8FFF791FA08A96A46FEF75D
:1080D00019FFDDF84480B8E8001E90EA090002BFED
:1080E00091EA0A0192EA0B0293EA0C03B8E8001E37
:1080F00001BF94EA090495EA0A0596EA0B0697EA95
:108100000C074FF0010031D0AFF23C6090E8000F57
:10811000109850B3FFC810EB080051EB090152EB67
:108120000A0253EB0B0354F1FF3455F1FF3556F1BE
:10813000000657F1FF3718D2B0F1FF3871F1FF3860
:1081400072F1FF3873F1000874F1000875F100084E
:1081500076F1010877F1FF3807D20DF1200888E8A1
:10816000FF00002210924146ACE7002012B0BDE8AB
:10817000F08F2DE9F041C2F101080826FF1BB1E89C
:108180001010B3E82040A541A8FB0447E2FB654777
:108190007EEB0C0EA8FB0CC7E2FB6EC7A0E810102C
:1081A000A6F1020606B1EAE7BDE8F081024BE0E77E
:1081B000AFF2C053DDE700BFD07A0200064B074A9A
:1081C000DB7802604FF442728280C3710822002380
:1081D00082710372704700BF506B0020F93F0300AB
:1081E000064B074ADB7A02604FF4B0728280C3719B
:1081F0000822FF2382710372704700BF506B00207A
:10820000B12E03002DE9F341C41D002824F007041A
:10821000064614BF2046002000F08EFF071E04DA39
:108220006FF00B0002B0BDE8F081364DE988A888F8
:108230006B7A2A7A0331033089B280B201F020F9D7
:108240000028EDDBA978EB783C440334002E194478
:1082500024F0030400FB01F114BF2046002001F0CC
:1082600023F920440EB90028DADBEA7A0446B2B1D9
:10827000EB7B697C13441944FF29D1D80330002ECD
:1082800020F0030414BF20460020AA89C9B201F0DF
:10829000A9F90028C4DB04440EB9002CC0DB01207E
:1082A00000F040FFB0B1A97BA1B195F82A3033B3FB
:1082B00040234FF481720734002E24F0070414BFCA
:1082C0002046002003F086F80028A9DB04440EB9FC
:1082D000002CA5DBAB7AF3B1EB7AABB10734002EFF
:1082E00024F0070414BF20460020A97A08F034FCCB
:1082F000002895DB044476B9002C0CDA90E725239E
:108300002822D8E7506B0020012000F00BFF10B1AD
:10831000AB7B002BE2D1734B1B6893B1A97D81B17C
:108320000334002E24F0030414BF20460020EA7D0D
:1083300098470028FFF674AF044416B9002CFFF6E6
:108340006FAF694B1B688BB1297C79B10334002E68
:1083500024F0030414BF2046002098470028FFF6AD
:108360005FAF044416B9002CFFF65AAF5F4B1F688D
:10837000AFB1697C99B12B7D00930334002E24F0BA
:10838000030414BF20460020EB7CAA7CB8470028D9
:10839000FFF646AF044416B9002CFFF641AF0720A4
:1083A00000F0C0FE98B1A97D89B10334002E24F0FD
:1083B000030414BF204600202A7E01F0E7FA0028BB
:1083C000FFF62EAF044416B9002CFFF629AF95F83E
:1083D0002300B6FA86F77F09A0B16B7FA97E03342C
:1083E00024F00704194444F004043B462246C9B271
:1083F00001F032FB0028FFF613AF044416B9002C3D
:10840000FFF60EAF95F8241000294CD004F10708B0
:10841000002E28F0070814BF40460020EA8C01F027
:10842000B5F8041EFFF6FCAE4444002E3ED1002CED
:10843000FFF6F6AEA97F002945D095F82230002B33
:1084400041D02A8C0734002E02F1240224F00708C0
:1084500014BF4046002092B201F098F80028FFF6C1
:10846000DFAE404416B90028FFF6DAAE2B7FA97EB6
:10847000033020F0070040F00404194495F822006E
:108480003B462246C9B201F0D9FA0028FFF6C8AE31
:10849000044486B9002CFFF6C3AEEB6AF3B1C6B153
:1084A000EC620020BEE6002EC4D08846E98C40462F
:1084B0000EF030FCBEE72A8CA97F083292B240460B
:1084C0000EF02EFCE9E7002EE7D000221146104600
:1084D000F6E728343FF5A4AE2046A3E6002EE0D10F
:1084E000FAE700BF3C76002040760020447600206A
:1084F0001FB572B6194B1D6BEDB9BFF34F8F1849FD
:10850000184BCA6802F4E0621343CB60BFF34F8F8D
:1085100000BFFDE72346B2FBF6F25C1C002AF9D14E
:1085200004AEDCB256FA83F303F80C2C0A2234B9F9
:1085300001A8A847E1E7024600230A26EDE7631EEB
:1085400004AEDCB256FA83F3B0FBF2F602FB16007F
:10855000303003F80C0C3046E9E700BF506B0020C8
:1085600000ED00E00400FA0513B5124C2389ADF8C4
:108570000030E388ADF804306846A388ADF80230D7
:1085800005F010F918B1FA219C20FFF7B1FF207D0A
:1085900005F024F908B1FD21F6E7E07C05F018F9B3
:1085A00008B1FE21F0E794F828000CF01FFC02B09F
:1085B00010BD00BF506B002008B500F0DBFA05F0DD
:1085C000E5F9FFF7D1FF002008BDD4D438B5054642
:1085D00000283DD011F030FC10B94FF0FF3038BD0D
:1085E0000EF0C4FFB0F5FA7FF7D81B4C25631B25AE
:1085F00000212A4604F10F0084F83410217084F819
:108600002A10E16211F00AFF0123A370E370E37204
:10861000A3742376F723032108202384FB2302225B
:108620002172A072A1731F204921E3840A23A5802F
:10863000E5806272A081E174E27584F82830EFF37E
:10864000108472B601F018FA04B962B60020C6E7C9
:108650006FF01500C3E700BF506B002038B514461B
:10866000002840F0C480634D95F83430032B00F0AF
:10867000BB80B9B112B96FF0150038BD01391729A7
:1086800000F2B580DFE801F00C1D20366069873C00
:108690006C6F814248565B8D909FA2A596B3B3A89C
:1086A0001378AB700020FFF7ADFD0028B7BF0123A2
:1086B000022385F834306FF00B00A8BF85F8343002
:1086C000DBE71378EB70EDE71379002BD3D0537908
:1086D000002BD0D01288FB2ACDD863881B3B9BB2DD
:1086E000E02BC8D81A2AC6D923686B60424BA288EF
:1086F0009A80D7E71378EA7B9342BCD3EB72D1E739
:108700001378EA7A9342B6D8EB73CBE71378EA7A18
:108710009342B0D86B74C5E71378002BABD0537875
:10872000013BDBB2F82BA6D813886B82334B9278CF
:108730009A70B7E7107868750CF0E0FAB2E7137832
:10874000002B98D02B76ADE7012000F0EBFC2378CE
:1087500008B1012B8FD9AB73A4E71388AB81A1E7D4
:108760001378AB759EE7072000F0DCFC10B9237886
:10877000012B80D9072000F0D5FC18B12378002BFD
:108780003FF479AF2378EB758CE71378082B3FF62D
:1087900072AF2B7486E71388FF2B3FF66CAFAB727A
:1087A00080E713786B767DE713780E2B3FF663AF87
:1087B000AB7677E72368124AC5F81E3063685360CA
:1087C000238913816EE71378EB766BE713786B7769
:1087D00068E713782B7765E713785A1E092A3FF666
:1087E0004AAF85F828305DE74FF0FF3045E76FF07E
:1087F0002C0042E7506B0020546B0020626B00207D
:108800006E6B0020F8B50D46064630B329B311F063
:10881000070422D1124F97F83430012B02D16FF0A8
:108820000B00F8BD032B02D14FF0FF30F9E701F048
:1088300061F90028F8D02846FFF7E4FC0028EEDBB9
:108840000CF0DAFA3046F96A05F08EF8FFF78CFE84
:10885000032387F834302046E3E76FF01500E0E7A4
:10886000506B002010B5074C94F83430032B03D123
:1088700005F08CF806F09AFD01F02CF9002084F840
:10888000340010BD506B002008B505F037F8BDE886
:1088900008400249032000F03DBC00BFE181020016
:1088A00008B505F03FF8BDE808400249022000F095
:1088B00031BC00BFBD81020004F09EBF04F0AABF1E
:1088C00004F0ABBF38B505460C4600F067F930B18F
:1088D0003E2D04D12046BDE8384000F0A3B938BD94
:1088E00037B50446204606F099FD022805460FD00C
:1088F00004280DD123788A2B0DD0942B21D020462B
:1089000000F038F8A1782078FFF7DCFF0028E9D0E4
:10891000284603B030BD05213E20FFF7D3FF0028D5
:10892000EDD1E378227901A943EA02236846ADF844
:10893000003004F027FF0028D4D053210820FFF78F
:10894000D7FD1A213E20FFF7BDFF0028D7D163795C
:10895000A27943EA0223ADF804306946112301A845
:108960008DF8063004F040FF0028BBD06521E5E714
:1089700006F030BC10B50378813B04461A2B35D87D
:10898000DFE803F0353B474B556D730E6741818738
:1089900061777B8D9BB5C0CEE0E6ECF234DAD40093
:1089A000292000F03FF930B13E2323702223637069
:1089B0002923A3701AE00A2000F034F93E23237023
:1089C00018B11F2363700A23F3E70123A370132355
:1089D0006370E37903F00103E371D4F81A30C4F84B
:1089E0000E30E38B638294F82030237510BD3E2354
:1089F0000370042343701423DBE73E2303700A2330
:108A000043700323D5E73E2303700D2343700523F2
:108A1000CFE705232370042307E05A2000F0BEF8B7
:108A200008230028F6D05A2222706370DEE75B200C
:108A300000F0B4F818B15B2323700623F5E7302368
:108A400023700323F1E73E2303700B2343700723B6
:108A5000AFE73E230370062343700C23A9E71323DB
:108A6000037083789B000133DFE7572303700223F1
:108A7000DBE73E2303700D239BE73E2303700123B6
:108A80004370112395E73E2303700623437012239E
:108A90008FE73E23037009234370132389E73E23A6
:108AA0000370242000F0BEF818B12423A37014230F
:108AB000BBE70E23A3701023B7E73E2303702520E6
:108AC00000F0B0F8227B20B125230B32A370627036
:108AD0008CE70F23A37002F10803637004F10B010C
:108AE00004F108000232BDE8104011F057BC3E23EB
:108AF0000370262000F096F818230028D6D02622EE
:108B0000A27092E73E2303702A2000F08BF818B180
:108B10002B2363702A234CE71D236370192348E736
:108B20003E230370072343701A2342E7FF23037099
:108B30000D23437080233CE7FF23037029234370F8
:108B4000812336E73E2303700C234370232330E751
:108B50003E2303700E23437037232AE73E2303701E
:108B60000A234370352324E73E230370FE2343701A
:108B70002B231EE7074B4FF0FF3141F6FF72C3E98D
:108B8000001205490022C1E900221F21C3E9021297
:108B9000704700BF40210020886B00203F280CD880
:108BA00001380B4BC0F3421200F01F0053F8223083
:108BB00023FA00F000F001007047FF2806D040388B
:108BC000C0F34212034B00F01F00EFE70120704793
:108BD00040210020886B00200146074B006849684F
:108BE0001A4603C240F48C221A6041F0107242F41B
:108BF000FF625A6000207047402100200246034B6C
:108C00000068516803C30020704700BF886B0020D4
:108C10000246034B0068516803C30020704700BF41
:108C2000482100200138064BC0F3421203EB8203B7
:108C300000F01F009B6823FA00F000F0010070476D
:108C40004021002008B510B96FF0150008BDFFF7EE
:108C50008FFE0028F8D00020F8E710B50C4648B188
:108C600041B1FFF73DFE002820700CBF6FF02200DD
:108C7000002010BD6FF01500FBE7D4D4F0B50C88D0
:108C8000C37C0288A5B2C4F30E0404F118060233B3
:108C9000865B1A44334497B213FA82F3013B42884D
:108CA000B3FBF7F313FB07439BB29A42044A93BF0B
:108CB00022EA05032A4013439BB20B80F0BD00BF9C
:108CC0000080FFFFF8B5941C0C446343B3F5004FDC
:108CD000A8BF4FF0FF330E4610F0030105461746BC
:108CE0009CB203D0B0211420FFF702FCB4F5004F72
:108CF00001D9B121F7E71422043011F08FFBEF7492
:108D00006C802E80F8BD38B50388C48805898B42F5
:108D1000C4F30E0203D2D1211420FFF7E9FB84EA49
:108D20000503C3F30E030BB9AC4206D102F11803DD
:108D30000122C1528274184438BD1846FCE7023142
:108D400001444A43B2F5004FA8BF4FF0FF3290B242
:108D50001B3020F00300B0F5004F34BF00B24FF0DD
:108D6000FF30704740881B3020F00300B0F5004F03
:108D700034BF00B24FF0FF3080B2704738B503887F
:108D80008B4203D2F7211420FFF7B2FB857C65B13B
:108D9000C388C3F30E031833C25A8A4207D3C152A1
:108DA000811DFFF76BFF00238374284638BD002523
:108DB000FBE70346F0B59E88DD88B4B2A54200F11A
:108DC0001800C6F30E0616D05F89DD7C845B3D4437
:108DD00002353544E41B28440D88A4B2A54288BF5F
:108DE0000C805989B1FA81F14FEA511188BF2546AB
:108DF0001170DD81F0BD00252846FAE7F8B58288BC
:108E0000C389002604460D4692B20E60CBB1C2F370
:108E10000E024189183287180B44825A9BB2934242
:108E2000438104D94FF4A2711420FFF761FB04D1F0
:108E3000011DFFF723FF46812F600023E3810120FE
:108E4000F8BD1846FCE7838802899BB29A42014626
:108E500002D00831FFF712BF70478388C0889BB2E9
:108E6000C31A584258417047828873B5C48895B276
:108E7000AC42C2F30E0202F1180212D04189C68937
:108E8000835A314499420EDB0DF10601ADF80650CC
:108E9000FFF7F4FEBDF80600001B18BF012002B06A
:108EA00070BD0020FBE70120F9E770B5C488068992
:108EB00084EA0602C2F30E020346C4F30E0518301C
:108EC0000AB9B4420FD19C891A880CB1465B921B37
:108ED000914207DCDA7C2C440232224410440A46D8
:108EE0001A8270BD00221046FAE7F8B5038A002BFB
:108EF00038D08B4236D3C488858900F11803C4F377
:108F00000E041E1995B91D55757085891E5B0D449B
:108F1000ADB2314485811953D2B1811DFFF7AEFE48
:108F200000238381002303820120F8BD1E5BAE4233
:108F300004D04FF4F6711420FFF7DAFAC57C878A63
:108F40002644023535445E195F53857DB570DCE7F4
:108F5000C27C254402322A4499189B5A83828B781A
:108F60008375DFE70020E0E78388C2889BB29A42DE
:108F700006D0428922B9C3F30E0318331844704750
:108F800000207047C37C0233C8187047C37C02338B
:108F9000C81A70470230704738B58388C2889BB2C0
:108FA0009A4207D045892DB9011DFFF767FEC5819B
:108FB000012038BD0020FCE703881380C388C3F379
:108FC0000E03183303440B60808970474A1E062A3B
:108FD00008B50346084604D84FF4D1711520FFF7B1
:108FE00087FA094A914202D940F2A311F6E711B972
:108FF00003B1196008BD2BB11B680022C3E9012130
:109000001A1D1A600430F5E7FAFFFF7F036800229B
:1090100023B9C0E90132031D0360704759681B681A
:109020000A44F5E7072970B5034604D84FF4EC71FC
:109030001520FFF75DFA0068C0B144681A688C42D9
:10904000064610D0106860B901F10805AC420DD396
:10905000546850501868651A54180068656050507C
:1090600002E01346E9E714681C60304670BD002337
:10907000C1E9003203680B600160704730B590B100
:109080008478B1FBF4F304FB131300EB4302528921
:109090008A4201D1D8B230BDC27822B900F10803AA
:1090A000D0B2844201D8FF20F5E733F8025F8D4249
:1090B00002F10102F4D1EEE78278038805324B43D6
:1090C00003EB42031844704710B5114B00EB410409
:1090D0001A786389B3FBF2F303FB0223013A1A44C3
:1090E000B2F5706F0279807828BF00231A440B18FC
:1090F000B2FBF0F100FB11215B1AB3FBF0F100FBB6
:10910000113313446FEA43436FEA5343638110BD45
:10911000906B0020024B03EB80035960704700BF47
:10912000906B0020034B03EB80035868003818BF96
:1091300001207047906B00202DE9F04F10F0070AD6
:1091400085B0054604D040F26F111720FFF7D0F923
:10915000544F07F14C06B1460446B0464FF0010BA0
:1091600057F8043B8DF80BA03BB101A898479DF838
:109170000A30082B01D9F521E7E79DF80B1041BB18
:1091800005B131604F4506F10406E9D1002D70D0DC
:10919000DFF81491002289F800209646122758F82B
:1091A00027A0013FBAF1000F56D09AF804609AF850
:1091B00002C0FF2E61D039460023481C39D19C449F
:1091C000BCF1FF0F40D90AB189F800E04FF49A7161
:1091D000BBE79DF80AC06046022838BF02204B1D3D
:1091E0005A0004EB4303441E2344BDF80840644482
:1091F000013CCCF1000C04EA0C044042B4F5803F81
:1092000003EA000302D340F205119EE775B19A1AF2
:1092100032609170148082F803B09DF80C001071D8
:10922000019810814FEA104CA2F806C004FB0134EB
:10923000A8E758F8210028B190F804B0B34504BF5E
:1092400080781B180139B8E7DBB2E6458AF80430AC
:109250003CBF5FFA8CFE01227B1CA0D10AB189F8C9
:1092600000E0122640F6FF6A58F82670B7B9013EB2
:10927000FAD2601B05B0BDE8F08F0023E5E707EBED
:1092800041033846A3F80AA0FFF71EFF09F10109C0
:10929000BB785FFA89F18B42F1D8E8E74FF000091B
:1092A000F6E700BF946B0020906B002038B54FF6B6
:1092B000FF730380184B03EB81030246186DA8B1BE
:1092C00084780379B3FBF4F104FB1133DBB2194664
:1092D00000EB4105B5F90A50002D0EDB0131B1FB61
:1092E000F4F504FB1511C9B28B42F1D1002038BD51
:1092F0006381BDE83840FFF7DFBE00EB41046389BE
:10930000C3F30E031380C278002AF1D14FF4E57144
:109310001720FFF7EDF800BF906B00201C4B03EB0C
:10932000810370B51C6D054644B3030404D54FF4A6
:10933000EC711720FFF7DCF801462046FFF79EFE90
:10934000FF28014604D02046BDE87040FFF7B4BEB8
:10935000A078B5FBF0F300FB1353DBB219460A1DEE
:1093600004EB4206B6F90260002E09DB0131B1FBC5
:10937000F0F200FB1211C9B28B42F0D1002070BD97
:109380008B4201D00023E37004EB42025580DAE700
:10939000906B0020094B03EB810310B51C6D014657
:1093A0002046FFF76BFEFF28014604D02046BDE8AB
:1093B0001040FFF781BE002010BD00BF906B002061
:1093C000F8B5104B03EB810307461C6D01462046A0
:1093D000FFF754FEFF28054611D0E288238953EA9F
:1093E000024606D001462046FFF766FE0146384693
:1093F000B04720462946FFF767FE0020F8BD05204C
:10940000FCE700BF906B002038B50E4B827903EB70
:1094100082030446186D08B9052038BD8278E179C9
:109420009142F9D24B1CE37100EB41035D89B3F922
:109430000A30002BF3DBA580FFF73EFE2060002002
:10944000EBE700BF906B002037B50024CDE9004466
:1094500005468DF806006846ADF80440FFF7D4FFD6
:10946000BDF8044008B103B030BD29462046FFF7DF
:10947000A7FF0028EFD040F235211720FFF738F87A
:1094800070B50D4609211E46FFF759FC32460446C9
:1094900009212846FFF753FC40EA04031B0454BF8C
:1094A00000194FF0FF3070BD70B5044610F0030096
:1094B0000E4603D04E211820FFF71AF8FFF786FD5D
:1094C000054624B1034831460460FFF77FFD284676
:1094D00070BD00BF2C6C00202DE9F14FDFF870B09B
:1094E0009DF828A09DF82C901E46DBF8003007461A
:1094F0000D4690461BB960211820FEF7F9FF524631
:1095000009214046FFF71BFC4A4684B20921304638
:10951000FFF715FC14FA80F1DBF80000FFF782FD7D
:10952000386018B9286001B0BDE8F08F04442C60A1
:109530003868534641460922FFF7C4FB28684B466A
:109540000922314601B0BDE8F04FFFF7BBBB00BFB9
:109550002C6C002070B50E460446FFF703FC054650
:109560003046FFF7FFFB044B2A1821461868BDE878
:109570007040FFF77CBD00BF2C6C0020024B1868C8
:1095800008B1FFF743BD70472C6C0020D31D23F0BA
:10959000070370B5083390B110F0070403D05821C9
:1095A0002220FEF7A5FF0460C280818000F108043C
:1095B0000A464FF6FF75013A92B2AA4203D103FB65
:1095C00001F0083070BD0668266004601C44F2E7B4
:1095D000EFF3108372B602680A60016003B962B6E5
:1095E0007047D4D41F2AF8B5044613460ED892000B
:1095F000033222F00303B3F5803F2DD2184DACB1F6
:10960000A00710D068210920FEF772FFFF2B4FEA58
:10961000420204D9FF339A42A8BF1A46E8E77C2ADF
:10962000B8BF7C22E4E729706C602B8122F0030232
:109630002823120403FB01F001276B68120C00259C
:10964000EEB2B14200D8F8BD14B126181F705E60AA
:10965000104401352833F3E74FF0FF30F3E700BF44
:10966000306C002070B5154A157853680021C8B2D7
:10967000854203D8BA210920FEF73AFF1C46184656
:1096800014F8286B01310EB92346F0E700219970D8
:10969000128999610124D96159685C70920803F1BB
:1096A0001E0403F1260524F8022FA54243F8041FE7
:1096B0001144F8D100234361037070BD306C002069
:1096C000012303707047D4D40A4B1B89B3F5FF7F85
:1096D0004FEA930006D25A089B1A9BB2984238BFB1
:1096E00018467047B3F5EE6F01D8FF22F4E740F259
:1096F0007263F3E7306C00204B782DE9F0410646A9
:109700000C4602F0040702F0FB05E3B1A5BBFF2302
:10971000A3707B0804EB57073A7D032A02D1022D80
:1097200018BF0133E2180121117503F10C0104EB9C
:109730008303002224F811205B68A2703360B2809A
:109740003046BDE8F081002DE1D101234B701D4B67
:109750008D611B89CD6101F11E0249689B0820467D
:1097600004F1260C22F8023F944540F8041F1944E6
:10977000F8D100236361CAE7D1F8048014220021E4
:109780006170A01810F04AFE0E4B1B89B3F5FF7FE5
:109790000FD25A089B1A9BB208EB0301C4F804804D
:1097A0002384A1606284C4F80C80A3842161E284D4
:1097B000ADE7B3F5EE6F4FF0FF02EBD940F2726305
:1097C000EAE700BF306C0020F8B50C4684F00104D5
:1097D0006400054611461E46E4B2FF238370031958
:1097E0001B7D012B06D0631CDCB250FA83F31B7D7A
:1097F000012B0AD105EB44073B8B3A8C9819904218
:1098000005DD2C4400233B8323750020F8BD05EBC8
:10981000840432466068184410F082FE3B8B1E447C
:109820003E830023AB700120F0E781F00101490085
:1098300010B5C9B2FF23837043181C7D012C07D1DA
:109840000C3120F8112002221A750023837010BDFC
:109850000131CBB250FA81F10C7D012C05D10C33D2
:1098600020F8132002230B75EFE74FF499710920BC
:10987000FEF73EFE30B50246837803F0FF00F3B9F1
:10988000137D022B19D0537D022B15D103460120E5
:1098900089B1D5180C3300242C7522F81340131805
:1098A00003241C7502EB80035B680B6000F10C0362
:1098B00032F813308B80012030BD0123E8E700200F
:1098C000FAE730B50346827802F0FF00E2B99A7DEC
:1098D000022A17D0DC7D022C13D1032281B11D197D
:1098E0000C340020287523F81400981803240475FC
:1098F00003EB82000C32406833F8123008608B8032
:10990000012030BD0324E9E70020FAE7037D012BA5
:1099100001D1008B7047437D012B0CBF408B002091
:109920007047837D012B01D1808B7047C37D012B54
:109930000CBFC08B00207047838B23B9C08B0038CD
:1099400018BF0120704701207047027D022A01D113
:10995000008B7047437D022B01D1408B7047032A57
:10996000F6D0032BF9D000207047827D022A01D166
:10997000808B7047C37D022B01D1C08B7047032AB7
:10998000F6D0032BF9D000207047D4D42DE9F8434A
:1099900005460C46F72005219146FFF7D0F9061E33
:1099A00021DB1DB914FB06F0BDE8F88315F00307B1
:1099B00003D098211920FEF79BFDDFF83080C8F80E
:1099C0001050A8F81460BBB29C42EBD9B8F8145000
:1099D000D8F810004B4607FB05000522F721FFF7DA
:1099E00071F90137EFE74FF0FF30DDE7446C0020FD
:1099F0002DE9F041064606989DF81C7098464307ED
:109A00000D46114602D010F0030003D025214C2052
:109A1000FEF76EFD4FF48B72FFF7B8FD002F06AB1B
:109A2000044600FB08F10CBF18460020FFF7CEFAF1
:109A300017B9069B33602C60BDE8F08107B5CDE90E
:109A400000230B4603490246081DFFF7D1FF03B070
:109A50005DF804FB5C6C002013B5064CCDE90023D7
:109A60000B46024604F1080104F10C00FFF7C0FFA9
:109A700002B010BD5C6C0020134B012200214FF09E
:109A8000FF309A60C3F80012C3F80803C3F800154A
:109A9000C3F804259A60C3F80803C3F80015C3F897
:109AA00004250A490A4A03F580334FF40040C3F8FD
:109AB0000825C1F88000BFF34F8FBFF36F8FC1F847
:109AC0008001C3F80825704700F0004000E100E085
:109AD0000000F63FFFF7D0BF024B02681A6000207B
:109AE000704700BF6C6C0020014B1B68184700BF1B
:109AF0006C6C0020024B1868003818BF01207047BA
:109B00006C6C00208C469B2300B50CF8033B054B86
:109B10008E4607CBCEF80300CCF80410CCF8082012
:109B20005DF804FB7C6C002070B51B4E736A93F8E3
:109B3000A84005460CB101280DD0012912D8F36ABE
:109B40002846984770B196F8300058B964B9012D8D
:109B50001FD0204670BD338D1A07EED596F82A30F7
:109B6000002BEAD0012070BD002DF3D1308D83078A
:109B70000AD40028F6D196F83130002BEAD196F8B5
:109B8000320080F0010070BD96F82A0080F00100DC
:109B900070BD308DEDE700BF706C002010B5154C26
:109BA0000CF086FA0CF0D8FDA36BA08E002198472C
:109BB000237E93B9A18E606A07F05AF9636AB3F8FD
:109BC000AA0006F073FF236C94F8301094F83C0060
:109BD0009847002384F8443010BD94E8070004F14E
:109BE0000C0383E80700044904F1190005F040FD67
:109BF000E0E700BF706C0020059B0200034B93F868
:109C0000443003B97047FFF7C9BF00BF706C002034
:109C100008B5094B93F84420022A07D1DA7A42F0BA
:109C20000102DA72BDE80840FFF7B8BF40F25731D1
:109C30002720FEF75DFC00BF706C002010B41E49A9
:109C400042788C6C2378D20002F0080203F0F30310
:109C500013438278920002F004021343C278120187
:109C600002F0100203F0EC031343027802F0030247
:109C700013432370B1F8543063700223A1F84C30C1
:109C80008C6C00792378420123F0200302F020023B
:109C90001343012823700CD14B6A93F8BA2093F830
:109CA000BB30032A08BF002203F01F0343EA8213DC
:109CB000A3705DF8044B7047706C0020F0B5194C30
:109CC000A56D83B04DB3636E3BB3B4F868306B7071
:109CD0002B782F4601F0030123F003030B4307F811
:109CE000033B0646B4F86820616E384610F018FC55
:109CF0000DF1020201A9E06EE5656766FFF75CF908
:109D00000198FFF747F90346B4F86810E06E336036
:109D10000122FFF7EAF803B0F0BD40F6C4012720A6
:109D2000FEF7E6FB706C0020F8B5254C656A276FDE
:109D30002A7D95F82111E7654FF48173A4F860300E
:109D400094F87430064603EB820308B9FF2B17D052
:109D500018460BF021FC2B7D5BB3A06F0BF0D8FFF6
:109D6000A16FE06D0CF0C4FCAEB1B5F8E0000BF0F3
:109D7000CBFB00200CF04AF9022384F84430F8BDF4
:109D800095F820018842E3D1002AE6D138460BF04D
:109D9000BFFF0CF0E1FC95F82131B5F8E420033B5E
:109DA000012B8CBF00202820104480B20CF020F83A
:109DB000DBE7E06D0BF0ACFF0CF0CEFCD4E700BFAE
:109DC000706C00202DE9F04FC44C666A87B096F89D
:109DD000201138B9327D94F8743003EB8203FF2BE5
:109DE00000F0F180FF200BF0D7FB676A002304939B
:109DF0008DF814308DF80930ADF80A303B7A062B17
:109E000000F21B81DFE813F07B00E60061006100D7
:109E10001901070007000DF10A0103A804F078F901
:109E2000002800F0F680039D002D00F0F280012252
:109E3000062384F87D20BDF80A203B72002A5CD0FE
:109E4000E91CA4F854202165B7F80920A564022B69
:109E5000ADF811206AD0053B012B66D80B780322A0
:109E6000022B8DF8102000F0A180D4F88000FEF7BE
:109E7000FBFF0546002840F0C780236D1B781B2B95
:109E800000F0EB8000238DF81430F37C84F831501F
:109E900004A823B1B4F85430002B40F08A80FFF7B7
:109EA000CDFEA06C0BF034FF0CF056FCB6F8E200CF
:109EB0000BF02AFB01200CF0A9F8012384F887306D
:109EC00084F8443007B0BDE8F08FB7F81031D4F80B
:109ED0008000ADF80A300DF109020DF10A01FEF71C
:109EE00068FF0546002800F00781BDF80A2001231D
:109EF00084F87D303B7A002AA2D11146A1E794F87C
:109F00007C30A7F810310DF10A0103A8ADF80A3032
:109F100004F0FEF8E8B1039DDDB10122052384F8C9
:109F20007D203B72BDF80A2088E701238DF81030B0
:109F3000D4F88000FEF798FF0546074600285ED15A
:109F400004F000F980F00105EDB28DF813503B46A6
:109F500099E7636A93F85180B8F1000F5ED1D4F8A5
:109F600080000DF10A010DF10902FEF722FF0546FE
:109F7000002853D09DF809A0BAF1000F74D1BDF8A4
:109F80000A30002B5ED101233B7284F87D30002320
:109F9000A4F854302365B7F80930A564ADF8113042
:109FA00001238DF81030B8F1000FC1D000252B46E9
:109FB00069E7FFF743FEA06F0BF0AAFEA16CA06F4C
:109FC0000CF05AFB72E796F821318B427FF40AAF0E
:109FD00037460BE7424BA3640023A4F854302365B3
:109FE000B7F80920D4F88000ADF8112001238DF8CE
:109FF0001030FEF739FF054607460028A0D00123A0
:10A000008DF8133000233EE701238DF81330236DC4
:10A0100034E740F2D2512720FEF76AFA4FF00008E9
:10A02000002301223A722E4AA4F854302365ADF879
:10A030000A30A264B7F80930B0E740F2DC512720BB
:10A04000FEF756FA00232B80AB700122032384F81D
:10A050007D203B72BDF80A20F0E607F1BA0001212D
:10A060000BF0E0FA01230EE72946D4F88000FEF752
:10A070008DFFFEF78FFF0368D0F804B053EA0B02A0
:10A0800081462FD1BDF80A20002389F8003089F8D5
:10A09000013089F8023089F8033089F8043089F8F2
:10A0A000053089F8063089F80730002A3FF46BAF95
:10A0B0009DF809100029C5D0297801F00301012974
:10A0C00006D0BB75012102233B7284F87D10B7E6F0
:10A0D000032384F87D103B72B2E600BF706C002051
:10A0E000F46C002001930DF01FFC019B83427BEB7D
:10A0F0000101C7D2D04693E740F2C3512720FEF7B3
:10A10000F7F900BF2DE9F04FA94C656A94F8442097
:10A110008BB005F1A8030693022A4FF00003CDE9A6
:10A12000083340F06D82E36D032293F80090884677
:10A130005978A4F868101344636609EA02030646D6
:10A14000A4F8602007934FEA291AC9F3001B0028DE
:10A1500000F0B180002940F0C5816B7AA28EA16524
:10A160000133DBB283EA990142F4007211F0010776
:10A17000A28640F0D5802A7AA2B1032A6B7200F23F
:10A18000FF81012A0ED0D4F8800008A9FEF736FE20
:10A19000002800F03F822B6F01332B676B6F43F178
:10A1A00000036B67636A0021297293F8A8304BB1F2
:10A1B0006B793BB1238D697143F010032385102027
:10A1C000A36B9847A38E43F40063A3862B7D0027DF
:10A1D000C9F3C009002B40F0AA80AB7A03F001025A
:10A1E000914500F0E980A36D002B00F09C810AF0FE
:10A1F000010A84F832A0B8F1000F40F0C4804FF09B
:10A20000000994F88A100120FFF78EFC82468046F0
:10A21000002800F04E810BF04BFFD146A38E5A066A
:10A2200007D4A36B002140209847A38E43F040033E
:10A23000A38687B1EB884BB9636A93F8A8302BB13A
:10A24000B4F80530B4F80720134304D0B4F809304B
:10A250000133A4F80930002E5CD0B4F80530002298
:10A260000133A4F8053084F88A20524806F00CFC2B
:10A27000089830B1FEF78EFE00220272069905F0B2
:10A28000D9F9099B33B100221A720C220998069958
:10A2900005F094F9B9F1000F70D1A38E1B0607D415
:10A2A000A36B494680209847A38E43F08003A38682
:10A2B0000BB0BDE8F08F2B7D002B40F0108194F89F
:10A2C0008A30013384F88A30A38E43F48063A386F6
:10A2D00095F82131033B012B04D905F091FB07468A
:10A2E00000285AD00BF026F90328A76D00F0FF8054
:10A2F000002F00F086800AF0010A84F832A0B8F13D
:10A30000000F51D00BF0D4FEA78E17F040074FF08E
:10A31000010986D0B4F807300133A4F80730A4E768
:10A320002B7D3746C9F3C009002B3FF456AFB4F874
:10A3300068308BB9AB7A03F0010291457FF453AFDB
:10A340000133AB72079B032B00F02A81A26D002A18
:10A350007FF44DAF914657E00CF01AFA0328FBD07A
:10A3600002280BD000287FF438AFAB7A03F001034A
:10A3700099457FF438AF012384F83C30FFF70EFC99
:10A380000BB0BDE8F08F0BF093FEA38E5A0636D5C6
:10A39000002F00F01A81B1464CE7A36D002BAAD123
:10A3A000B4F8682081462FE04FF000094F4628E7B7
:10A3B000706C0020946C0020B4F86820002ABFD094
:10A3C0000798411E012938D901330328AB7200F0E8
:10A3D000E780AB6F0133AB67EB6F43F10003EB67D3
:10A3E000A36D002B7FF403AF99460DE00BF060FEE8
:10A3F000079909A8FFF762FCA38E5B06C8D4B14693
:10A400000FE7B4F86820B946002A14BF4FF0000BDC
:10A410000BF0010B84F832B0B8F1000F40F0098165
:10A4200094F88A100120FFF77FFB8046002840D077
:10A430000BF03EFE4FF00109F0E6A38E95F8149064
:10A4400043F48053A3860BF075F8032894F8883002
:10A4500007D1B9F1000F0CBF1F221B22934228BF66
:10A460001346B4F86820A16D9A4200F2B08000292A
:10A4700000F0B88094F88930002B4CD1AB6F0133D9
:10A48000AB67AB7A03F10103AB72EB6F0AF0010A21
:10A4900043F1000384F832A0EB67B8F1000FA5D1B7
:10A4A00094F88A100120FFF73FFB814600289DD1D8
:10A4B000B046EB7C002B3AD1002095F82021B5F86E
:10A4C000E0100BF075FA0020FFF77CFCB8F1000FEC
:10A4D0003FF4A4AE079909A8FFF7F0FB9EE60CF045
:10A4E00097F9ECE6E06EFEF7E0FC014635E6B4F8DD
:10A4F00068201B2A94BF4FF000094FF00109002F7C
:10A5000082D00AF0010A84F832A0B8F1000F7FF47B
:10A51000F9AE474675E6A36B002120209847A36D4E
:10A52000002B7FF464AEB4F8682099466CE7636A48
:10A5300095F82A0193F8A82095F82031013BDBB269
:10A54000B2FA82F28000032BD5E91CAB4FEA52121B
:10A55000C0B205F1800105F1900C60D8CDE9002C66
:10A560004FF0010E4FF0000CCDE904CE4FF0FB0C84
:10A57000039352465B46CDF808C00BF0CDFF9BE736
:10A58000053A012A41D803F0D1FD00284CD0238D93
:10A5900043F0080323853946A36B08209847FAE562
:10A5A000A38E264943F48053A386238D012043F0D4
:10A5B000010323852871A36B9847AB6F0133AB6709
:10A5C000EB6F43F10003EB670DE6B14645E694F807
:10A5D000303043F0100384F8303000297FF407AEA8
:10A5E000894611E7002A14BF4FF0000B0BF0010B56
:10A5F00084F832B0C146B8F1000F7FF419AF0FE70D
:10A6000040F6AD112720FDF773FF40F2B37127200C
:10A61000FDF76EFF40F2D4712720FDF769FF40F28D
:10A6200025410620FDF764FF40F2DE712720FDF78B
:10A630005FFF0BF03DFDC146F0E500BFD46C00208C
:10A640002DE9F0413E4C94F84430012B86B06CD19A
:10A65000666A5FFA83F8337905460F4673B1238D36
:10A66000002143F0040323853171A36B0420984734
:10A67000636A93F8A8300BB186F80580337A052B0E
:10A6800006D005B9DFB906B0BDE8F041FFF786BADC
:10A69000238D2C4943F0020323850220A36B9847A6
:10A6A000636A93F8A830002BEBD0236D1B78A3F1DD
:10A6B0000203B3FA83F35B0984F82A30E1E7294601
:10A6C0002846FFF731FA0028DDD1337D676A63B988
:10A6D00097F82121B7F8E21001200BF069F900206A
:10A6E00006B0BDE8F041FFF71FBB97F8213197F89E
:10A6F000A82094F874C0013B003ADBB218BF0122D5
:10A70000032BD6E91E0106F1800406F1900611D84C
:10A71000009202460120CDE90335CDE9016C0B46DC
:10A72000059021460BF0F8FED2E740F60C112720E9
:10A73000FDF7DEFE40F225410620FDF7D9FE00BF01
:10A74000706C0020C06C002010B50C4C0C4A94F8C2
:10A7500044300C49116023B14FF4B1712720FDF74B
:10A76000C7FE03F0FF02227606F07AFB03F026F91B
:10A77000206703F027F9A06710BD00BF706C0020B0
:10A7800048760020A4AA020010B5074A92F8443087
:10A7900013B10C24204610BD03F0FF04147606F01C
:10A7A0005FFB204610BD00BF706C00202DE9F04318
:10A7B000A54C87B094F844609DF838C0002E40F056
:10A7C0003981002900F03681002A00F03381002B06
:10A7D00000F03081054606F0FF002364A163E262C9
:10A7E00084F889C084F8300084F88A0084F83C003A
:10A7F00084F887002085A08684F8310084F8320030
:10A8000084F87D0084F82A00A0642065A4F8540030
:10A81000E0656066A4F8680065620AF067FF0BF007
:10A820009BFF95F928010AF0B3FFD5F8D460D5F85D
:10A83000CC000AF0B3FF30460BF04EFA95F8250035
:10A840000AF0B6FFB5F8E030672B40F28980B5F822
:10A85000E230672B40F28480636A93F8A860002E90
:10A8600000F0868093F80733002B40F0A08006F0BC
:10A8700071FA95F8212100F1890101200BF084F88B
:10A88000724B18680BF02EFAAB7BD5E93012243BE3
:10A89000072BC4F88010E26640F28C80EB7B243BEF
:10A8A000072B40F28780B5F8F230B5F8F80095F83C
:10A8B0002011984228BF1846042908BF032104F03C
:10A8C00035F8024695F8F40095F8F030904228BF2C
:10A8D000104680B2984268D295F8211184F87C30F5
:10A8E00005F1E80004F045FF95F821112F7DB5F83A
:10A8F000FC60032908BF042104F018F8002F51D090
:10A90000864228BF0646F6B284F8886005F078F8DB
:10A91000002851D1636A84F8746093F8A830002B42
:10A920003AD02B7D002B4ED10120FFF7FDF9636A51
:10A93000D3F8E8010BF024FA0023C4E90033A36044
:10A94000D5F82431E888B5F8AA1095F8252060805C
:10A95000218022710BB101221A6007B0BDE8F0839B
:10A960000AF0D8FD636A93F8A860002E7FF47AAFEE
:10A9700006F0F0F995F82021354B33F812300146F6
:10A980003046344E03F5FA73A6FB036301EB9311D3
:10A9900066310AF0F9FF73E7EA7C72BB0120FFF72A
:10A9A00011FAC9E7043080B2AAE7C3B294E70AF00B
:10A9B0007FFE5CE71B238FE705F028F8B04238BF25
:10A9C0003046C6B2A6E795F82131013BDBB2032B36
:10A9D000D5E91E0105F1800705F190022FD8CDE9D8
:10A9E000026301920026024601200B46059039467B
:10A9F000009004960BF090FD96E795F8206195F88D
:10AA00002A01013EF6B28000032ED5E91C89C0B2AE
:10AA100005F1800105F1900211D8CDE9036301260B
:10AA200005960096FB2601924B46424602960BF095
:10AA300073FDB3E74FF420712720FDF759FD40F275
:10AA400025410620FDF754FD706C0020487600205B
:10AA5000EC2D0400D34D6210FFF7A0B8014B93F822
:10AA600087007047706C0020064A938E13F4C06F05
:10AA700003F4805103D092F87D0000B17047080BB9
:10AA8000704700BF706C0020024B93F83500C0F394
:10AA9000C0007047706C0020014B93F88A0070472B
:10AAA000706C0020119C020005A1020041A602006A
:10AAB000FD9B020090F8DE2012B902F0FF00704703
:10AAC00010B5363882B00C4601F0C0F98F2304204F
:10AAD000237002B010BD00BF70B5002857D0437A74
:10AAE0000D460446BBB340890021FEF753FC002805
:10AAF00052D0B0F8AA000021FEF762FC002850D125
:10AB000094F8546094F8A6302BB194F8A7301E4303
:10AB1000002384F8A630204601F098F9B3072CD121
:10AB20002B46882203F8032B04F109022934166806
:10AB300050689168D2F80CC0C3F80CC01032A24221
:10AB40001E605860996003F11003F0D111781970FC
:10AB50000022AA7170BD036DD0F80E20C3F8AD209D
:10AB6000428AA3F8B120437B026D03F0FD03003B52
:10AB700018BF012382F8AC30C2E726F00406002299
:10AB800084F854601146204601F072FBC8E740F299
:10AB900006313220FDF7ACFC40F212313220FDF7D5
:10ABA000A7FC40F215313220FDF7A2FC90F83E00E0
:10ABB000003818BF01207047036D10B58BB1022219
:10ABC0004272B3F8AA1041814FF6FF73FF22044688
:10ABD0000385064980F8272004F002FD0023236541
:10ABE00010BD40F261313220FDF782FCD9AA02008B
:10ABF00003683BB1064A03F16C011360536951606D
:10AC00001B68184710B540F677113220FDF770FC2D
:10AC1000FC6C002010B5104C606800F065FC637B94
:10AC20009BB9D4E9003000224FF0010C80F804C039
:10AC300003F16C00A3F8792183F87B2100F0DCFBA1
:10AC40002068BDE8104001F02BBB0BF043F90AF07F
:10AC50001FF900236373E4E7FC6C002090F84000C8
:10AC600000F0FD00003818BF012003F0C7BA00BF94
:10AC700038B500F14201044690F8400000F0FD00B4
:10AC8000003818BF012084F8410003F07FFA94F8DF
:10AC90004030023BDBB2012B94BF0123002384F838
:10ACA000483000D938BD03F0E3FC05460CF0EEFC5B
:10ACB000094BE5FB030194F84830C4E92001002B5F
:10ACC000F0D0002003F07CFD0028EBD140F62121DC
:10ACD0003220FDF70DFC00BF40420F00F0B5D0F868
:10ACE000C8409DF814E0944203D190F840208A4275
:10ACF00001D00020F0BD1EF0020190F8454120D1A6
:10AD00000D460A468618013596F87C61F71E012F1C
:10AD100000EB820788BF314353F82260D7F8CC207C
:10AD200002F1200C98BF41F004016645EAB2E0D17F
:10AD3000A242E7D90EF00500401AB0FA80F04009AF
:10AD4000F0BD0025AC4629462A46861800EB820253
:10AD500096F87C61D2F8CC20F71E012F9CBF0CF135
:10AD6000010C5FFA8CFC02F1200253F82C708CBFAE
:10AD7000314341F004010CF10106BA4205F101052D
:10AD80005FFA86FCB5D1EAB2A242DED9D2E700BFB3
:10AD9000012938B5044610D094F854309B0704F1CB
:10ADA0006C051AD1284600F027FB0023A4F879315E
:10ADB00084F87B3184F8703038BD0A4D6B7B002BF2
:10ADC000EAD00BF087F80AF063F800236B7394F86D
:10ADD00054309B0704F16C05E4D0284600F084FB56
:10ADE000E0E700BFFC6C0020A03002F04BBE00BFCB
:10ADF0000149363004F018BCB5AA020010B5012193
:10AE000004460020FEF7C6FA20B3627880F854208A
:10AE1000217811F001021CBF012280F87C21490732
:10AE2000034603D50244032182F87C11A27883F8FB
:10AE30004020E27883F8552002F0FD02B2FA82F257
:10AE4000520983F84A20227983F84920627983F8ED
:10AE5000572010BD40F6CB213220FDF749FB00BF43
:10AE600010B504466C3000F03FFB0023A4F87931A4
:10AE700084F87B3184F8703010BD00BF08B5012123
:10AE80000020FEF787FA28B190F89400003818BF28
:10AE9000012008BD40F64A313220FDF729FB00BFF2
:10AEA0002DE9F04705468CB00E4600200121FEF743
:10AEB00071FA002800F074820446A83000F0D0FF38
:10AEC000002846D094F85430042B42D0AF6A002FAB
:10AED00000F06981B74B9F427AD0043B9F4277D004
:10AEE00002F07AFD07F13B09804602A9484600F0CE
:10AEF000B5FBEB7AB8F1000F00F0D580DC0606F167
:10AF00000D0100F1FD81002F00F058829DF80830FE
:10AF1000022B00F0538295F83230E522484604F0C7
:10AF20007EF895F8323004462344484685F832309E
:10AF300004F06DF895F83290A9EB0009B9FA89F997
:10AF40004FEA5919B8F1000F48D104F11802D2B2F2
:10AF5000B8E02046FFF72AFE07460028B6D1AB6AC4
:10AF6000954C0BB304F1080804F10C0601E0AB6A40
:10AF7000D3B1A96A0B68AB6241450F704F708F70F7
:10AF8000CF70F4D0B142F2D02068FEF721FB231D30
:10AF9000D3E84F3F0133DBB2211DC1E8423F002A15
:10AFA000F5D1AB6A002BE4D12068A5F10801FEF7CA
:10AFB0000FFB231DD3E84F3F0133DBB2211DC1E856
:10AFC000423F002AF5D14FF40073ADF804305EE043
:10AFD00002F002FD8146002870D00024EB7ADA06E8
:10AFE00040F1EC815807AA7A697B03D5E87EFE28F8
:10AFF00000F05A8104F10A0313FB02F30233737069
:10B000003E23337002237171F270B370D5F80E30A5
:10B01000C6F806306B8A7381347334442B7E6373B5
:10B02000EB7A13F0080100F0E780634C04F10808A4
:10B0300004234745337178D13379022262F34613F2
:10B04000AA6A33716AB1EFF3108272B6AB6A1968FB
:10B05000A962002A00F0C68000221A705A709A7005
:10B06000DA702068A5F10801FEF7B2FA231DD3E8D3
:10B070004F3F0133DBB2211DC1E8423F002AF5D129
:10B0800002274FF004088DF804808DF805709DF8B4
:10B0900004209DF80530002062F3070063F30F20C1
:10B0A0000CB0BDE8F087D80606F11C0100F11E8146
:10B0B00027B19DF80830022B7FF42DAF1822002411
:10B0C0004FF001098E233370AB7AF37013FB02F358
:10B0D00002337370D5F80B30D5F80F20D5F8131064
:10B0E000D5F8170030617360B260F160D5F81B309D
:10B0F000D5F81F20B261736195F814A095F81580FA
:10B1000002F0A8FC0AF1FF338A05DBB256D5032B07
:10B1100000F24F8186F80DA0B8F1000F64D1F476EB
:10B12000254C04F10808474586D004F10C0A574520
:10B130006BD0002F00F09180B9F1000F2AD0AB6ADC
:10B1400063B1EFF3108272B6AB6A1968A96202B9F3
:10B1500062B600221A705A709A70DA702068394606
:10B16000FEF736FA231DD3E84F3F0133DBB2211D32
:10B17000C1E8423F002AF5D1AB6A85F83220434549
:10B1800000F0C780534500F0E8809DF80830022B9E
:10B1900000F0A5803379012262F346133371012751
:10B1A0004FF004086FE702F017FC05F13309804601
:10B1B0009BE600BF206D0020146D0020032B00F2E1
:10B1C0000181834AD35C7373B8F1000FA7D008F1F3
:10B1D000FF385FFA88F8B8F1030F00F2F38012F835
:10B1E000088006E062B637E708F1FF33032B00F270
:10B1F000E08086F80E8092E703F00302032A49D02C
:10B20000590749D5012333718AE7AB6A63B1EFF37C
:10B21000108272B6AB6A1968A96202B962B60022DE
:10B220001A705A709A70DA706B7D83BB327963F34F
:10B23000461232714FF004082068A5F10801FEF7AC
:10B24000C7F9231DD3E84F3F0133DBB2211DC1E80D
:10B25000423F002AF5D1022715E795F80B8018F038
:10B2600010083FF410AF3379206867F34613A5F157
:10B2700008013371FEF7ACF9231DD3E84F3F0133CA
:10B28000DBB2211DC1E8423F002AF5D1F8E64FF0BC
:10B290000008D1E7317143E7022A25D0002A40F0A7
:10B2A0008480032333713BE71301023373703E2321
:10B2B00033700B23B37001237171F2703371D5F8C1
:10B2C0000E30C6F806306B8A73813073EB69C6F8AE
:10B2D0000D302B8CA6F811302B7EF37420E73379D8
:10B2E00023F0680333715AE7327119E79DF818406B
:10B2F0000846224605990FF013F94FF0010924E69C
:10B300009DF818400846224605990FF009F9C146F4
:10B3100064E63379022262F34613AA6A337162B19A
:10B32000EFF3108272B6AB6A1968A96202B962B60D
:10B3300000221A705A709A70DA702068A5F108011C
:10B34000FEF746F9231DD3E84F3F0133DBB2211D41
:10B35000C1E8423F002AF5D192E6337962F3461301
:10B36000AA6A337162B1EFF3108272B6AB6A1968E0
:10B37000A96202B962B600221A705A709A70DA7025
:10B380002068A5F10801FEF723F9231DD3E84F3FFC
:10B390000133DBB2211DC1E8423F002AF5D16FE63F
:10B3A0004FF4F1713320FDF7A3F8A4213320FDF70A
:10B3B0009FF84FF4EA713320FDF79AF85B213320B0
:10B3C000FDF796F84FF43F710620FDF791F800BFA6
:10B3D000942B0400343270B592B204461E460D46DA
:10B3E000FEF7D4F824B1034B1C601D745E741D710C
:10B3F00070BD00BF146D002038B503684BB39A6A66
:10B4000052BB596A054629B301F10800154C834225
:10B4100008BF2A602068FEF7DBF8231DD3E84F3F02
:10B420000133DBB2211DC1E8423F002AF5D12B6870
:10B430007BB12068A3F10801FEF7CAF8231DD3E809
:10B440004F3F0133DBB2211DC1E8423F002AF5D155
:10B450002A6038BD034CECE740F28D113320FDF734
:10B4600047F800BF146D002070B505680646F5B1B9
:10B470001B491C4C284604F0FEF80023E360EFF360
:10B48000108272B6AB6A23B3E96A04F10C030B6055
:10B49000EB6202B962B63368596A29B101F1080555
:10B4A000AB421AD100236B620023336070BD696A1E
:10B4B0000029F9D00B4C2068FEF78AF8231DD3E849
:10B4C0004F3F0133DBB2211DC1E8423F002AF5D1D5
:10B4D000E8E704F10C03AB62DAE71D46EBE700BFD7
:10B4E000A1AE0200146D002070B50668002E3CD09D
:10B4F000716A0546002939D001F108039E421E4CAD
:10B500000DD02068FEF764F8231DD3E84F3F0133C8
:10B51000DBB2211DC1E8423F002AF5D12B68002291
:10B5200072625A7D8AB10022A260EFF3108172B676
:10B530009A6AF2B1D86A114A0260DA6201B962B657
:10B540002846BDE87040FFF78FBF2068A3F10801CF
:10B55000FEF73EF8231DD3E84F3F0133DBB2211D38
:10B56000C1E8423F002AF5D12A6070BD024C334643
:10B57000D7E7024A9A62E0E7146D00201C6D0020B4
:10B5800038B5C3780C4613F03F0160D00378C3F39D
:10B5900080136374054603F015FCA0742B79637067
:10B5A000E878830923702B7913F0010146D14FF01D
:10B5B000050C4FF00B0E6246616013F002011CBFD8
:10B5C00005EB0C017246A160590744BF0132D2B2AB
:10B5D00013F0080104D002F1020CA9185FFA8CF2F2
:10B5E000616113F0100104D002F1030CA9185FFA95
:10B5F0008CF2A16113F0200104D002F1120CA91801
:10B600005FFA8CF213F04003E16102D0AB18013213
:10B61000D2B200F03F002362031D9B1A13F0FF011A
:10B6200014BFAB180B4663626B78013B1B1ADBB28D
:10B63000237453B10A441544E56038BD4FF00B0C38
:10B64000691D4FF0110E6246B6E7E36038BD204633
:10B650002822BDE838400EF0E1BE00BF70B5037887
:10B6600003F00F06072E2BD0C3F380134B740C4648
:10B67000054603F0A7FB012202FA06F313F0550377
:10B68000A0740CD00023E91CC4E9011362706B782C
:10B69000063BDBB223748BB10935E56070BD964281
:10B6A00008D103216A1823740935C4E901256170A2
:10B6B000E36070BDC4E9013363702374E36070BD5F
:10B6C000BDE87040FFF75CBFF0B5D0F81011D0F8BE
:10B6D000C86090F8455189B100210C460B4600EB3B
:10B6E00083030131D3F8CC20CBB22032AB421444D7
:10B6F000F5D9A6420CBF02200120F0BD8C460F46B2
:10B7000000EB81010CF1010CD1F8CC405FFA8CF117
:10B7100004F1200EA9427744F2D90721BE42A6FBCC
:10B72000011423D0D0F8C07011EB070CD0F8C4700E
:10B7300044EB0704D0F8CC7025B3D0F8D010012D1D
:10B740000F4407F1400703D0D0F8D400203007445D
:10B75000BE4205D0624573EB040417D30120F0BD4F
:10B76000624573EB040411D20320F0BDD0F8B07031
:10B7700011EB070CD0F8B47044EB0704D0F8CC7090
:10B78000002DDAD12037BE42E4D1E9E70220F0BD36
:10B7900008B540F28A312120FCF7AAFE38B50446EC
:10B7A000FF2380F8153100F58C7528460CF026F83B
:10B7B000284604F5A4750CF035F828460CF01EF860
:10B7C00028460CF02FF800212046FFF7E1FA94F804
:10B7D00016313BB1D4F8083153B104F1E80005F05B
:10B7E00089FA09E0D4F8100110B1D4F808319BB1FE
:10B7F00004F1E80005F0F8F9002384F8153194F815
:10B80000160110F0FF0018BF0C2084F81631C4F8A0
:10B81000103184F8143138BD00F5EC7005F0E4F90E
:10B82000E6E700BF022910B52AD013D8012934D188
:10B83000044608460AF0B8FD1A4A00F52343A1332E
:10B84000A2FB0323D4F81021980900F2792002B159
:10B85000400010BDCB1E012B1FD840F2BF3308465D
:10B8600040F29174032918BF1C460AF09DFD0D4B50
:10B8700000F52340A130A3FB003004EB901010BD75
:10B8800008460AF091FD074B00F52340A130A3FBC9
:10B890000030800900F2611010BD40F217119E20A7
:10B8A000FCF726FED34D62102DE9F04104460BF063
:10B8B000EDFED4F81021D4F8C87005460E4694F871
:10B8C0004501002A46D04FF0000C6146634604EB68
:10B8D00083030CF1010CD3F8CC205FFA8CF32032F7
:10B8E00083421144F3D98F420CBF02270127384607
:10B8F0000BF0BEFF312829D9411CD4E936325AD089
:10B90000C118914228BFD01AD4F8A830D4F8AC207E
:10B910005B1B62EB0602012B72F1000152DB00217E
:10B920009842914160DA41F28836864228BF064645
:10B930000BF0ACFEC5F174050544B54206D8394696
:10B9400030460BF0C1FF0546002854D1002528469B
:10B95000BDE8F0819446134604EB83030132D3F82B
:10B96000CC10D3B2203183428C44F5D907236745EC
:10B97000D4E92C1EA7FB03382FD0D4F8C02013EB3A
:10B98000020CD4F8C42048EB0208D4F8CC20D8B17B
:10B99000D4F8D03001281A4402F1400203D0D4F880
:10B9A000D40020300244974211D061457EEB080854
:10B9B00018D301279BE7D61A41F288339E4228BF4D
:10B9C0001E46B5E70026B3E720329742EDD1614528
:10B9D0007EEB080806D2032789E711EB030C4EEB38
:10B9E0000808D2E7022782E741F28832934228BF53
:10B9F00013461E469CE70BF04FFED4F8E020D4F827
:10BA0000D830B018D4F8DC20C4F8E00033449342B6
:10BA1000C4F8D83004BFD4E93A23C4E930230BF08A
:10BA200037FE94E72DE9F04F04468BB0052900F26C
:10BA30006B81DFE811F0210009003200D2006901BA
:10BA40000C002046FFF7D4F90BB0BDE8F08F90F85A
:10BA5000153163B9B0F87A31C3F30C03002B00F051
:10BA60004A8190F87831033B012B40F26A810BB098
:10BA7000BDE8F04FFFF7CEB890F8153103F0FF05A1
:10BA8000002B00F0B4800121FFF782F90AF070F872
:10BA90000BB0BDE8F04F0CF027BFB0F87A31C3F31C
:10BAA0000C03002B40F02D810BF0F0FDD4F8CC708E
:10BAB000804694F845018B4607F1200150B10123DF
:10BAC00004EB83020133D2F8CC20DBB22032834274
:10BAD0001144F5D9D4F8C8508D4200F0D280D4E991
:10BAE0003A365A19A8EB0303B3FBF5F305FB03F34E
:10BAF00046F100069B18A3EB080246F10006F62A61
:10BB00004FF0000900F24481ED1846F10006CDF82F
:10BB1000049094F87C112046FFF784FED4E92AA112
:10BB2000BAEB050361EB0602012B814672F10000BE
:10BB3000C0F2A58000209F42904100DB1F46D4F850
:10BB4000CC3003939F4228BF1F4604238DF8193041
:10BB5000C4E92E563346C4F8D890C4F8DC702A469F
:10BB600020460291FFF7B0FD019B8DF81800CDF83B
:10BB70001490BBB302990123BAEB080A61EB0B01E5
:10BB80009A458DF8103071F10003C0F24981AE483A
:10BB9000002350458B4180F2D280D4F81031D4F884
:10BBA000C810002B00F01F814FF0FF321546904562
:10BBB0007BEB0503C0F0AD800891B9453FF641AF7E
:10BBC00004A904F58C700CF0A9FE00287FF43CAFAA
:10BBD00040F273712120FCF78BFC0BB0BDE8F04FF5
:10BBE0000AF080BACDE908568DF81030E5E70BF081
:10BBF0009BFED4F8E830B0EB030CC4E92C0100F153
:10BC0000208194F84561D4F8C87004940795002EFB
:10BC100000F00881BCFBF7F207FB0233C21A294689
:10BC200028462B4604EB8303D3F8CC3003F1200ED7
:10BC3000724503D3203A0130D21AC0B20131CBB2DF
:10BC40009E42EFD2B4F87A3184F84401C3F30C0376
:10BC50008DF82000002B6CD1BC4534BF0125012399
:10BC600004A88DF818508DF82130FEF7C1FFD4F8E4
:10BC7000D800E738C4F8E0000BF00AFDE4E600273E
:10BC80005DE7D4E92A126FF000439A4208BFB1F190
:10BC9000FF3F78D094F844312344204693F87C1138
:10BCA000FFF7C0FD18F1F70308934BF100030546B9
:10BCB00005900026099304A840F202438DF8106015
:10BCC000ADF818300CF09EFE002800F0B580089A00
:10BCD000D4F8A83009999B1AD4F8AC2062EB010281
:10BCE0005B1B62F10002002A4DDA0123374645460C
:10BCF0005E4601930DE7FFF7D7FD00287FF4A4AE61
:10BD0000B5E6FFF7ADF8CFE64FF4E5712120FCF77B
:10BD1000EFFBB2EB08026FF0010165EB0B050023AE
:10BD20009142AB410146FFF447AF904228BF114614
:10BD300042E7D4F8403105930325002390E75046AD
:10BD40002BE790F87031002B7FF491AE012180F841
:10BD5000701144F236500BF0B7FD00283FF487AE67
:10BD60000BF09AFCD4F8D830D4F8E02044F23650E6
:10BD700003441044C4F8D830C4F8E0000BB0BDE868
:10BD8000F04F0BF085BC012345465E460193C0E6AB
:10BD900094F87C112046FFF745FDD4F8C850D4F83C
:10BDA000E810D4F8B83005905A1AD4F8EC30B2FB49
:10BDB000F5F205FB02F2521843F10003042120467C
:10BDC000089209938DF819108DF81090FFF77CFCFC
:10BDD00029468DF8180004A802F07AFDDDE908561E
:10BDE000CDF8049095E6039E94F84551203655B160
:10BDF000012304EB83020133D2F8CC20DBB22032E2
:10BE0000AB421644F5D907228E42A1FB02250BD086
:10BE1000D4F8C030D218D4F8C43045EB0305C6E6D8
:10BE20000020BAE628460DE7D4F8B030D218D4F88E
:10BE3000B43045EB0305BAE640F296412120FCF709
:10BE400057FBFFF7A5FC00BF0040420F90F81431EC
:10BE500003F0FF020BB910467047FFF79FBC00BF0D
:10BE600090F86C00003818BF0120704770B584B09E
:10BE700090F81431002B5DD103F0FF020B78039290
:10BE8000CDE9012213F0010203F0040421D08D68F2
:10BE90000195002C3DD04FF0010CCE6880F845C1D3
:10BEA0004968C0F8F810203DC0E9321540F2712110
:10BEB000A0F8FC10990702963AD50DEB820300EB2F
:10BEC000820559682039531CC5F8CC10BCB904B0A0
:10BED00070BD24B940F2BE212120FCF709FBCD68DA
:10BEE00080F845214968C0F8C810C0F8F81013F070
:10BEF000020340F271210195A0F8FC10DDD10DEB99
:10BF0000830200EB83035268203AC3F8CC2004B0CC
:10BF100070BD80F845414968C0F8F810203DC0E97F
:10BF200032159B0740F27121A0F8FC10C5D4CEE772
:10BF30001346CBE740F2A5212120FCF7D9FA00BF38
:10BF4000D0F8102142B190F8143103F0FF020BB980
:10BF500010467047FFF722BC0C221046704700BF06
:10BF6000F8B50D4606460021D5F8E00104F08CFE38
:10BF7000B04205F5EC77044613D00146384604F08C
:10BF800051FE002333623CB194E80E005B1842F18D
:10BF90000002C5E97632F8BD00231A46C5E97632BB
:10BFA000F8BD8368D5F8E021934208D2816931B1A8
:10BFB0000146384604F036FE00232362E4E793424C
:10BFC00038BF1346F2693762B360002AE4D00ECA64
:10BFD0005B1842F10002C5E97632F8BD2DE9F04F59
:10BFE0008BB090F81421002A40F00A8104460D46D7
:10BFF00002F0FF03FF2280F8142180F8153190F839
:10C00000456180F844311946184604EB8303013139
:10C01000D3F8CC20CBB22032B3421044F5D9D4F8B7
:10C02000C830984200F0BE80D4F8CC30002E00F02A
:10C03000B280D4F8D020012E134403F1400303D082
:10C04000D4F8D42020321344C4F8F0300BF01EFB97
:10C05000D4F8CC7094F8456107F1200856B101235B
:10C0600004EB83020133D2F8CC20DBB22032B3429E
:10C070009044F5D910F5FA6641F10009D4F8C8B03A
:10C0800004F0F8FD8246514604F1E800039004F004
:10C09000C9FDD4F8101111B10398FFF761FFC34532
:10C0A0000CBFD4F8F080D4F8C880BAF1000F7CD06F
:10C0B000DAF80800DAF80030DAF80410C01841F1B4
:10C0C0000001CDE90069424604F0F8FD80456ED3D9
:10C0D000861949F10009D4F8C82002F2CF7303444D
:10C0E000B3FBF2F302FB03F3F31AC4F8E83069F18F
:10C0F0000003C4F8EC30002D4FD0ADB242F2107105
:10C1000032464B46E5FB0123C4E92A2394F87C110F
:10C110002046FFF787FBD4F8A830D4F8AC209B1B4F
:10C1200062EB0902012B72F1000C0546D4E93A01D9
:10C1300042DB9F424FF0000C7CEB020CA8BF1F4675
:10C14000D4F8CC30C4F8D8509F4228BF1F460423EF
:10C15000C4E930018DF81930C4E92C694B46C4E9B3
:10C160002E69C4F8DC7032462046FFF7ADFA002392
:10C17000BD428DF8180008960595CDF824908DF8ED
:10C18000103033D804A904F58C700CF0C7FB90B3C1
:10C190000BB0BDE8F08F203356E74FF0FF326FF061
:10C1A0000043B1E741F288334EE7504693E740F24F
:10C1B0004D312120FCF79CF904230027C4E930010C
:10C1C0008DF81930C4E92C69C4E92E69C4F8D85037
:10C1D0003246C4F8DC7020464B46FFF775FACDE9CD
:10C1E00008698DF8180005958DF810704FF41F71CF
:10C1F0002120FCF77DF940F27D212120FCF778F920
:10C2000040F267212120FCF773F900BF38B590F8A0
:10C210001431DBB90D4619B304460246134900F543
:10C220008C700CF075FB1149224604F5A4700CF0DB
:10C230006FFBC4F810516B7B03F0FF015BB984F80E
:10C2400016112046BDE83840FFF7C8BE4FF42371F1
:10C250002120FCF74DF940F293212120FCF748F909
:10C2600040F28D212120FCF743F900BF25BA0200DE
:10C2700038B5024604460D4600F58C7007490CF0AF
:10C2800047FB04F5A470054922460CF041FB294602
:10C290002046BDE83840FFF7A1BE00BF25BA020026
:10C2A0002DE9F04F87B090F81531002B40F0C48095
:10C2B000044603F0FF0B0BF0E9F994F845115B46D7
:10C2C0000133DAB29142FBD2D4F8C830D4F8E82076
:10C2D000D4F8EC70861AB6FBF3F603FB06F6B61834
:10C2E00000F1F705A5EB060547F10007AB4294BF47
:10C2F000A5EB030AAA46002900F0E780D4F8CC3069
:10C3000003F12002524505D8AAEB0303A3F1200A4A
:10C310004FF0010B01291DD0D4F8D03003F12002D9
:10C32000524507D8AAEB03030BF1010BA3F1200A36
:10C330005FFA8BFB02290DD0D4F8D43003F1200230
:10C34000924507D3AAEB03030BF1010BA3F1200ADB
:10C350005FFA8BFB04EB0B03204693F87C11FFF78D
:10C3600061FA04EB8B035044D3F8CC808045D94666
:10C3700069D3A8EB0A08B8F1000FC0F2B180D4F875
:10C38000E830D4F8B020D4F8EC10AD1947F100072C
:10C39000D21A4FF0000600F19C80D4F8C800B2FB1E
:10C3A000F0F200FB02F2D21841F10001C4E93A2197
:10C3B000AA1A002AC0F28D8004EB0903204693F8E4
:10C3C0007C11FFF72FFAD4F8A830D4F8AC205B1B0F
:10C3D00062EB0702012B72F10001824647DB04EB9E
:10C3E00089094FEAE8719845D9F8CC60C4F8D800BB
:10C3F0009141A8BF9846464528BF464604238DF87C
:10C400000930C4E92E573B46C4F8DC602A46204672
:10C41000FFF75AF90023B2458DF808000495CDF8CE
:10C4200004A005978DF8003037D8694604F58C7064
:10C430000CF074FA002858D009F09AFB07B0BDE858
:10C44000F04F0CF051BA94F84521D4F8C8305A4551
:10C450002DD90BF1010BAB425FFA8BFB3BD904EBFF
:10C460008B03D946D3F8CC8008F1200583E7042359
:10C47000C4F8D8008DF80930C4E92E57C4F8DC6040
:10C480002A463B462046FFF71FF9CDE904578DF8B1
:10C490000800CDF804A08DF800602046FEF7A8FC47
:10C4A00009F066FB07B0BDE8F04F0CF01DBAAB42D7
:10C4B0000DD85A00B5EB430F38BF1546FFF45BAFFC
:10C4C00040F245412120FCF713F88B4642E71D4618
:10C4D00051E7FFF75DF94FF485612120FCF708F87B
:10C4E00040F24E412120FCF703F840F25A7121201E
:10C4F000FBF7FEFFF0B5070CA7F5AA42144B543A20
:10C50000012A03EA90231FD927F4004042F6AA2209
:10C51000801A18BF01200022162116461F2487EA20
:10C52000060562EA0505013510D0DD03ADB245EA26
:10C530005606E503ADB2013945EA52024FEA53030C
:10C540004FEA5404EBD1F0BD0020E4E70020FAE705
:10C55000E0FF3F0000F0FD00003818BF01207047E9
:10C560002DE9F041B0F86A70B0F86C50164671B31E
:10C5700008F09AFB0221044602F0D8F90221804615
:10C58000204602F0D3F9474528BF4746BFB21B2FCC
:10C5900038BF1B27FB2F28BFFB27854228BF054636
:10C5A000ADB21B2D38BF1B25FB2D28BFFB25B4F5D5
:10C5B000A47F38BF4FF4A474B4F5296F28BF4FF49B
:10C5C00029647780F580B4803481BDE8F08105F07E
:10C5D000F9FACFE7304BF0B5B0F86C70B0F86A609C
:10C5E0001D890C461146DA88974228BF17469642A5
:10C5F00028BF16461B2E85B02ED0B5F5A47F2DD0B2
:10C6000040F648039D4201AA28BF1D46FFF7A8FF38
:10C61000BDF80A30BB4228BF3B46E380BDF80C3072
:10C62000AB4228BF2B462381BDF80630B34228BF5A
:10C6300033466380BDF80830AB4228BF2B46A38049
:10C64000FF232370E3881B3B9BB2E02B08D940F209
:10C6500009513920FBF74CFF1B2FCED105B0F0BD9F
:10C6600063881B3B9BB2E02B02D940F20B51F0E7F1
:10C670002389A3F5A4739BB240F64812934202D9D2
:10C6800040F20D51E5E7A388A3F5A4739BB2934252
:10C69000E4D940F20F51DCE7BC6D002007B5002360
:10C6A000CDE9003303238DF806306846FCF7ACFE75
:10C6B00008B1002004E0009805F0C6FC0028F4D082
:10C6C00003B05DF804FB13B501210020FCF762FE06
:10C6D000C0B901210846FCF75DFEF8B9FFF7DEFF9F
:10C6E000A0B9062301906C4600908DF806302046D4
:10C6F000FCF78AFEC0B100230093636007238DF826
:10C7000006301FE0A830FFF7ABFB10B1012002B0EC
:10C7100010BDFEF7B3FB0028DBD0F7E7A830FFF72A
:10C720009FFB0028DAD0F1E70098403004F03CFA93
:10C730000028DCD0EAE7009B586F503004F034FA50
:10C740000028E4D12046FCF75FFE0028F3D000204B
:10C75000DDE7D4D4F7B50023CDE9003304460E4617
:10C7600017466846FCF750FE08B100201AE0009D0D
:10C77000A542F6D03046FFF7EDFE05F1AD0395F882
:10C78000AC20394601F01CFD0028EAD095F8B32012
:10C7900094F8B30005F1B40304F1B40101F010FD05
:10C7A0000028DED003B0F0BD054A516A11F8030B32
:10C7B00002F11D03C0F38010127F01F001BD00BF24
:10C7C000FC7200200138C0B2032808B504D94FF428
:10C7D0003F710620FBF78CFE014B185C08BD00BFC3
:10C7E000B42B04000138C0B2032808B504D94FF4B3
:10C7F0003F710620FBF77CFE014B185C08BD00BFB3
:10C800000C2C04000138C0B2032808B504D94FF439
:10C810003F710620FBF76CFE014B185C08BD00BFA2
:10C82000E82C040010B504460A48FEF7E7FA204653
:10C830000949FFF71BFB2046FEF710FA38B12046E6
:10C84000FEF716FA2046FEF7CFFA002010BD1220A0
:10C85000FCE700BFF06D0020F86D002038B50446FD
:10C8600006F04AFBD8B1204605F0EEFB08B90020DF
:10C8700038BD204605F07EF80546204605F026F92D
:10C8800078B9002DF3D0B5F8AA000221FCF798FD85
:10C890000028ECD041F6D6213920FBF729FE4220B2
:10C8A000E6E70C20E4E7F0B587B0054602A900886A
:10C8B00002F0BCF8044600287CD1029B93F86A2160
:10C8C000029ED11E4A424A418DF8062096F8A820C1
:10C8D000002A72D1DA7B222A72D19DF8062082F0DA
:10C8E000010293F862308DF807209B0603D49DF86F
:10C8F0000730002B68D0EB881B3B9BB2E02B65D840
:10C900002989A1F5A4739BB244F2481083425DD8F3
:10C910006B881B3B9BB2E02B58D8AA88A2F5A47366
:10C920009BB2834252D8B1F5296F51D8B2F5296F25
:10C930004ED8FF2786F82F719DF80630002B41D185
:10C94000029B93F8A810B1FA81F103AA06F1A8009E
:10C950004909FFF705FE6A88BDF81230BDF81410CA
:10C96000B5F806C0934228BF134640F64800A6F823
:10C970003431BDF80E30AA88814228BF0146634594
:10C9800028BF6346A6F83031BDF81030834228BF77
:10C9900003462889834228BF03468A42A6F83231DB
:10C9A000134628BF0B46A6F8363186F82E710023B1
:10C9B00086F82F31204607B0F0BD1A6892068CD455
:10C9C00022468EE73A24F2E71A24F3E71224F1E72D
:10C9D0001124EFE710B503210020FCF7DBFC04462F
:10C9E00070B90321FCF79AFC044620B940F22531C6
:10C9F0003920FBF77DFD034B93F96C1006F01CFA10
:10CA0000204610BDBC6D002010B50446FFF746FE61
:10CA100058B901210020FCF7BDFCD0B9012108461E
:10CA2000FCF7B8FCD8B9012009E000F0D5FF68B1E7
:10CA3000FFF7D0FF044606F0F5FB08B1002010BD5B
:10CA4000204606F0EBFB0028E3D0F7E7002CE0D10E
:10CA5000F4E7A830FFF704FA0028DFD0EEE7A830AB
:10CA6000FFF7FEF980F00100C0B2E8E7014B5888FB
:10CA7000704700BFBC6D0020006890F8A8303BB143
:10CA800090F8E23123B1002380F8E23105F0B0B82C
:10CA90007047D4D4044BD87BC0F3400080F0010031
:10CAA00000F00100704700BFBC6D002010B501F020
:10CAB00053FB01F017FD00F0EBFF02F081FC04F0E6
:10CAC0005DF802F08BF808F041F9012000F07EFFDC
:10CAD000184B194C194A002119604FF01B13C4E977
:10CAE00000234FF4A473A3604FF479432361144BE4
:10CAF000A4F86410586860631B89A181102204F1B6
:10CB00003C0084F83210E17323870DF087FC012389
:10CB100004F15A0042F21072C4E9102284F83C3049
:10CB2000637508F02DF904F14C00BDE8104008F0E1
:10CB30004DB900BF4C760020BC6D002003021B00E5
:10CB4000B42B0400044B41F64C521B21C3E90622CE
:10CB500099731A62FFF7AABFBC6D0020F7B53B4D71
:10CB6000AB69C0F8E8302B7C003B18BF012380F88C
:10CB7000293100F1A807364BC0F8C83004463846C2
:10CB800005F020F8064600F065FF830654BF1B231E
:10CB90006B88A4F8123158BF1A462E4BA97B1B682C
:10CBA00048BFAA88A4F8142184F8F010A4F8F26011
:10CBB00023B194F92811B4F8AA009847264B1B68B2
:10CBC0001BB12649B4F8AA0098472549384600F019
:10CBD0008CFF0123A4F8DE30224B1B681BB1B4F894
:10CBE000AA0000219847204B1B681BB1B4F8AA008B
:10CBF000002198471D4B1B6813B1B4F8AA00984751
:10CC00001B4B1B6813B1B4F8AA009847AB886A881D
:10CC10006978019129780091033303329BB292B273
:10CC200004F1C40104F1C000FCF756FCD4F8C03094
:10CC300023B940F2E2413920FBF75AFCD4F8C43062
:10CC400013B940F2E341F6E703B0F0BDBC6D00203C
:10CC500000093D005C76002054760020E06D002045
:10CC6000C66D00206C76002060760020647600207F
:10CC7000687600202DE9F34104460E4606F03CF9A3
:10CC8000002800F09680204606F0D0FA40B1B6F8B1
:10CC90000130013B7F2B03D9122002B0BDE8F081A7
:10CCA000204606F0C7FA08B90C20F6E7204605F042
:10CCB000CBF90028F8D1204606F080F880460028FD
:10CCC000F2D1204606F046F90028E5D0B6F801700A
:10CCD000F17842F2107320465F4306F092FA042185
:10CCE0003078FCF757FB062105463078FCF752FBFD
:10CCF0002DB140B141F676213920FBF7F9FB18B38D
:10CD000090F8E58005462C4E3368EBB14035284657
:10CD100003F059FFC0B1284603F046FFA0B9B8F1AF
:10CD2000000F07D0254B28461B68984760B141F695
:10CD30008A21E1E722493368096A42462846984732
:10CD400010B141F68F21D7E7204606F067FA014679
:10CD500038B93A46204604F011FE40B341F6982116
:10CD6000CAE702210DF10600FCF7A0FA054608B952
:10CD70000D2092E7BDF8061001F0B6FE29462046C8
:10CD800006F0E0FB2846FFF7E9FE3A462946204632
:10CD900004F0F4FD024610B141F6B421ACE7084BB3
:10CDA0009B6E23B105F5977105F1A8009847002007
:10CDB00073E7422071E700BF5076002058760020CC
:10CDC000BC6D0020074B01889A88914207D3B0F8C8
:10CDD000032091B219B1A3F86420002070471120FC
:10CDE000704700BFBC6D0020024B1B6803B11847A1
:10CDF0000C2070474C76002010B5044603F0C4FEAA
:10CE00002070002010BD10B50378012B044601D915
:10CE1000122010BDFFF757FC60B92078FFF79AFB8E
:10CE200001280DD004F11703E21D611CBDE810407C
:10CE300001F068BB01F008FC0028EED00C20E8E708
:10CE4000A37903F0C003C02BE2D1EBE710B5037860
:10CE5000012B04460AD8FFF736FC48B9214611F8E1
:10CE6000010BFFF777FB01F0C9FB38B9122010BDA9
:10CE700001F0EAFB0028F1D00C20F8E70020F6E7EB
:10CE800008B5008801F0E6FB00280CBF3020002028
:10CE900008BD38B50546FFF716FC044638B92878B2
:10CEA000003818BF012001F0C9FB204638BD0C2016
:10CEB000FCE708B5FFF707FC18B901F0AFFB00204D
:10CEC00008BD01F0C1FB0028F7D00C20F8E708B539
:10CED0000821FCF709FE002008BDD4D4034B5A8872
:10CEE00002801B7883700020704700BFBC6D00205B
:10CEF00010B501460446002001F048F908B9206049
:10CF0000A080002010BD10B504460120FFF77CFD75
:10CF100028B10120214601F021F9002010BD0C208C
:10CF2000FCE7D4D473B583781A2B064608D8042BB3
:10CF300004D9334A22FA03F3DB0705D412251AE099
:10CF4000292B01D03B2BF9D13088B0F5706FF5D289
:10CF5000694601F06BFD88B9009B93F82C2102F023
:10CF6000FF05C2B9B27883F82D21FF2283F82C2166
:10CF70006846FFF781FD284602B070BD3088092160
:10CF8000FCF708FA0446002837D0B0F8AC0101A934
:10CF900001F04CFD08B10C25EDE7B4F8AE01082115
:10CFA000FCF7F8F920B94FF404613920FBF7A0FA37
:10CFB00003781BB994F8C831032BECD1019B93F88B
:10CFC0004221002AE7D194F8F02102F0FF05002A5F
:10CFD000E1D1B4F8B021A3F8442194F8B82183F842
:10CFE0004621027D83F84721B27883F8482184F8EE
:10CFF000F021FF2283F84221BDE70225BBE700BFF5
:10D0000020003804FFF74FBC37B508800D4601A952
:10D0100001F00CFD044640B9019810F8A81FB1FAC0
:10D0200081F12A464909FFF79BFA204603B030BD3B
:10D0300010B50446FFF747FB58B92078FFF78AFA86
:10D04000611CE27901F012FC80F001004000C0B2E6
:10D0500010BD01F0F9FA0028EFD00C20F8E7D4D485
:10D060002DE9FF4106460078012813D17378012B82
:10D0700003D9022B0CD1B38853B17288B2B1B388F3
:10D08000A3B10A214A434FF4A0614B439A420DDBFE
:10D0900012247AE00028FBD10121FCF77BF9054638
:10D0A000002840F08E8040F69A5107E001210020D0
:10D0B000FCF770F9054620B940F63F513920FBF7DF
:10D0C00017FAB388002B76D1FDF770FD002874D1D4
:10D0D00095F81431002B72D12846FFF7A3FB0446C4
:10D0E0000028D5D101210846DFF82C81FCF752F940
:10D0F00098F81410074619B110B940F65B51DDE7F6
:10D1000098F834200023CDE9023312F001031CBF4C
:10D11000D8F844000290520741BF04AA02EB8303EF
:10D12000D8F8482043F8082C002941D097F814314A
:10D13000002B3DD07388DBBB98F834300093D8F8CF
:10D14000402098F8361002AB3846FDF7C7FD78B39B
:10D150003846FEF7F5FE07F14003064605F14002AA
:10D16000683753F8041B42F8041BBB42F9D1284628
:10D17000FFF758FB024610B140F682519EE70C2E95
:10D1800007D101462846FFF773F8204604B0BDE8F2
:10D19000F08116B140F68B5190E798F83530296D43
:10D1A00043F0040385F854302846FFF72FF8ECE7E6
:10D1B000B2887188E6E71124E7E73A24E5E70C2412
:10D1C000E3E7FEF743FE04460028DED195F854302D
:10D1D00095F8A62022B195F8A720134385F8A6005C
:10D1E000053B012BD1D82B6D13B940F6AA5165E749
:10D1F00001210846FCF7CEF84FF4C07229460646D6
:10D200000DF08EF9002386F894300423316D86F8F2
:10D2100054303046C9E700BFBC6D002010B504464D
:10D22000002000F0D3FB2046BDE81040FFF718BFF8
:10D2300007B503788DF8003043788DF801306846E3
:10D240000023ADF80230ADF80430FFF709FF03B05A
:10D250005DF804FB73B506230025CDE900558DF874
:10D2600006306846FCF7D0F808B1002610E0009DB3
:10D2700095F8CD30802BF4D095F8E560002EF0D0F5
:10D2800095F83131002BECD195F8CC30002BE8D15A
:10D2900001210020FCF77EF8044620B941F2BB21B1
:10D2A0003920FBF725F9A830FEF7DAFD224B1B7D6C
:10D2B00073B3E0B194F85430053B012B17D82046E6
:10D2C000FEF73EFE054610B141F2C621E8E72046D2
:10D2D000FDF772FC94F8543023F0040384F85430C2
:10D2E0002A4629462046FEF7C3FF00250DE001210E
:10D2F0000846FCF74FF8044610B941F2D221CFE7B7
:10D30000A830FEF7ADFD60B90C25284602B070BD0F
:10D3100028B9002EF8D0FF2385F8CC30E5E7002EA1
:10D32000F9D12046FEF70CFE05460028EDD1204637
:10D33000FDF742FCE9E700BFBC6D002073B5054670
:10D3400001A9008801F094FB064620B9019C94F8DD
:10D35000A8301BB10C26304602B070BD94F8823262
:10D3600003F0FF0633BB94F86230DB0724D5D4F812
:10D37000A430002BEED1D5F80230C4F87832D5F8BD
:10D380000630C4F87C326B89A4F8803204F51A7236
:10D3900005F10C031C3553F8041B42F8041BAB4287
:10D3A000F9D10C2104F51570FCF79EFBFF2384F8DE
:10D3B0008232D0E73A26CEE71A26CCE730B589B0DC
:10D3C00003466A4600F1180518685968144603C4F4
:10D3D0000833AB422246F7D1186820600223684622
:10D3E000ADF81C30FFF7AAFF1E2204460021684654
:10D3F0000DF054F8204609B030BDD4D4F7B5067806
:10D40000EF2E04460F4603D91226304603B0F0BD76
:10D4100090F901204378002AF6DB82789207F3D155
:10D4200013F010001DD19D0603F0030216D5002A4B
:10D43000EAD11907E8D42179E278E57942EA0122B4
:10D44000617942EA0142A17941EA0521257A41EA5E
:10D4500005418A42D8D81F2A12D8D5E7032AE8D135
:10D46000D2E713F0600FCFD103F00702052A05D0F1
:10D4700003F00F010D22CA40D207C5D51D07DAD52A
:10D48000627A013A062ABFD8A27A032ABCD813F0DE
:10D49000040302D1023A012A03D8E27A012AB3D85E
:10D4A00013B9A37C032BAFD8237DF8B1012BABD1EB
:10D4B000237E012BA8D818B36378D90702D500F0D2
:10D4C0004DFA20B36378227D03F01803082B2ED188
:10D4D000022A1CD103213046FBF75CFF054660B3EE
:10D4E00004F0B2FD002834D00C268EE7022B8BD03E
:10D4F000A37D013B022B87D8E37D0F2BD8D983E78F
:10D5000000F0B2FA820707D4237D022B01D1112645
:10D510007BE7A37D022BFAD000F0A6FA4307CBD419
:10D52000237D032BF3D0A37D032BC5D1EFE7022A84
:10D53000D0D0237F002BCDD0E9E703213046FBF785
:10D54000EDFE0546002843D0224B93F96C1005F000
:10D5500073FC0021304607F0BCFB28BB284605F0D1
:10D560005AFE21463870E074284605F055FDE37EEA
:10D570000646002B3FF449AF00287FF446AFE96C24
:10D5800002466846FCF7B8F8E86C32460121FCF721
:10D590004CF9E96C68460422FCF7AEF8E86C3246B8
:10D5A0003146FCF742F930E7403003F00CFB00282D
:10D5B000D4D0637813F0330F7FF426AF296AA67DA9
:10D5C000284605F046FEFFF7FDF88642C6D08BE7F9
:10D5D00007261AE7BC6D002030B50279042A8BB00B
:10D5E00003464FD84088B0F5804F4BD826491144A8
:10D5F00000248A7C4D7BADF8004042F0100242EAE4
:10D600004502CD7D097F8DF8084042EA850242EA55
:10D61000C10202F01F028DF80020BDF80020ADF815
:10D6200009201A888DF80B208DF80E00120A000AC6
:10D630008DF80C208DF80D408DF80F008DF81040FE
:10D640005A7B8DF811205A798DF812209A79D3F8E7
:10D6500007008DF81320B3F80B209B7B8DF81A3050
:10D660007F2305908DF81B3069464FF0011302A807
:10D67000CDE90734ADF818208DF82440FFF7BEFE41
:10D680000BB030BD1220FBE7B42B040037B50446C5
:10D69000FFF7A0F923781F2B054618D8C16C042288
:10D6A0006846FCF729F82246E86C12F8013B002195
:10D6B000FCF78AF868B1EC6C2046FCF732F90021DF
:10D6C00002462046FCF7B1F8002003B030BD12201E
:10D6D000FBE70720F9E737B50446FFF77BF9237826
:10D6E0001F2B054618D8C16C00226846FCF704F8C9
:10D6F0002246E86C12F8013B0121FCF765F868B19D
:10D70000EC6C2046FCF702F9012102462046FCF7AA
:10D710008CF8002003B030BD1220FBE70720F9E7AA
:10D7200073B50546FFF756F9002604468DF80460E8
:10D7300005F07CFD2B788DF80760C001012BADF85A
:10D74000050005D101A92046FFF794FA02B070BD8B
:10D750002BB9204602B0BDE87040FFF77FB8122019
:10D76000F4E710B5044634F8020B0880022180B2B9
:10D77000FBF710FE20B12146BDE8104007F0E2B9EA
:10D78000022010BD008808B50880022180B2FBF796
:10D7900001FE20B1BDE80840002107F0D3B9022006
:10D7A00008BDD4D40278034672B1427862B142888F
:10D7B0001A2A09D982881A2A06D9044A00681060F0
:10D7C0009B8893800020704712207047BC6D00201A
:10D7D000014B587400207047BC6D0020014B9874B9
:10D7E00000207047BC6D0020024B1B6803B1184736
:10D7F000112070477076002008B5052000F0F2F87F
:10D8000007F044FA014B024A9A6608BDBC6D00203D
:10D81000D5C50200082000F0E5B807F043BA10B5FE
:10D82000044604B910BD236898476468F9E70368A3
:10D830000BB9016070471A465B6813B18A42FAD18E
:10D8400070478A4218BF5160704708B504F05AF912
:10D8500005F0CAFA20B140F263119320FAF748FEAE
:10D86000BDE808400320FBF7EFBD08B50220FBF739
:10D87000EBFD0020FBF7E8FDFBF780FE00F024FC49
:10D88000FCF782FF20B140F243119320FAF730FEFB
:10D8900008BDFFF7EABF08B5FFF7D7FF06F0D8FBD2
:10D8A00020B14FF4BC719320FAF722FE08BD08B5F1
:10D8B00005F004FB04F058F9BDE8084005F0A4BAEF
:10D8C00008B500F009FCFCF73FFF0220FBF7BCFDA8
:10D8D000BDE808400020FBF7B7BDD4D408B5064B1F
:10D8E00001221A7105F0F2FA06F0BAFBFFF7E8FF21
:10D8F000BDE8084001F08ABD2C6E002010B5064C32
:10D90000064904F10800FFF792FF04F10C000449F6
:10D91000BDE81040FFF78BBF2C6E0020A421002033
:10D92000AC21002010B5094C094904F10800FFF7AB
:10D930007EFF04F10C000749FFF779FF04F11000A6
:10D940000549BDE81040FFF772BF00BF2C6E0020F4
:10D95000B4210020BC210020C4210020014B1879F3
:10D96000704700BF2C6E002038B5074C0D4601F003
:10D9700009FDA0682560FFF752FFFFF7E3F802F00A
:10D980007BF80123237538BD2C6E002010B50A4C9E
:10D99000E068FFF744FF2069FFF741FFFFF786F8D3
:10D9A000202000F033F8262000F030F8292000F085
:10D9B0002DF80023237510BD2C6E00200048704701
:10D9C000416E002000487047436F0020014B83F8F0
:10D9D000190270472C6E0020014B93F81902704712
:10D9E0002C6E0020C208074900F007000123834085
:10D9F000885C03438B5404490B78934238BF134629
:10DA00000B707047582100204670002010B50F4B56
:10DA1000C40803EBD002012100F0070001FA00F076
:10DA2000195D21EA0001195509490B78A34205D176
:10DA3000002012F8014914B100B10B7010BD002B89
:10DA4000FAD0013BDBB20120F3E700BF58210020F0
:10DA500046700020014BD3E9000170475821002097
:10DA60000048704760210020054B1868C0F3C022B1
:10DA7000C0F30020400040EA820040F001007047FF
:10DA8000582100200123038040F201134380704796
:10DA900008B509F06BFD084A002332F823108142D3
:10DAA00005D302EB83029378044A137008BD013357
:10DAB0000C2BF2D10023F7E7DC2B04004770002089
:10DAC000024B1878072828BF0720704747700020AE
:10DAD00009F04CBD0B46892203F8032BD0F809202E
:10DAE000C1F80320427B1A71704738B50D460446D1
:10DAF000FFF7BAFF2B78002B08BF034684F8743079
:10DB00006B78002B08BF034684F875306B88A4F847
:10DB1000763038BD2DE9F04F0468984694F86330AC
:10DB200094F80FA043EAD3030F46D90785B01646F1
:10DB300004F1A80902D4BAF1260F5FD194F8A850D5
:10DB4000002F55D1FFF790FF8DF80B00002E51D11B
:10DB5000FFF78AFF2B4B8DF80C00D3F800B0BBF118
:10DB6000000F0CD0AAF126025342534100932846DD
:10DB700003AB0DF10B024946D847054630B99DF875
:10DB80000B3013B19DF80C0028B90925BAF1260F06
:10DB90002AD10020034694F8292132B19B0700F0D6
:10DBA00002002DD560B302200346FF2284F83921FC
:10DBB00094F8382102F0FF05F2B99DF8382084F876
:10DBC0003B0184F8382184F83A31A4F83C8103A958
:10DBD00048468DF80C708DF80D60ADF80E80FFF79B
:10DBE00084FF002384F83931284605B0BDE8F08F62
:10DBF0003846A9E73046ADE73A25F2E71A25F3E7BC
:10DC00000925F1E77476002037B58B78046803F0B6
:10DC1000070384F819314B7803F0070384F81831AF
:10DC200026230546E37394F8393113BB94F8383151
:10DC3000012B1ED094F8213194F81821D91E012906
:10DC400098BF04239A42B4F81E3118D194F82021C9
:10DC500094F81901D11E012998BF04229042B4F80A
:10DC60001C110CD1022284F83821A4F83A11A4F82E
:10DC70003C31284603B0BDE8304001F030BF0220FF
:10DC800094F81D2194F81C1100902846FFF742FFDC
:10DC90000028EED04FF46671AE20FAF729FCD4D4F8
:10DCA00010B50468B4F8AA3084F87E11A4F87F3166
:10DCB00094F82001FEF796FD84F8810194F8210183
:10DCC000FEF790FD84F88201034904F27510BDE867
:10DCD000104001F0CDBC00BFD5DA020038B50368B2
:10DCE00093F83831012B04460D4602D11E21FFF76F
:10DCF000D7FF2368002083F8380165B1182283F824
:10DD0000992009229A7393F84A3093B940F25B4103
:10DD1000AE20FAF7EDFBDA7B243A072A03D8DD734D
:10DD2000204601F0EEFE20461821BDE8384001F003
:10DD300018BF38BD08B503689A7B22B14FF4E6716D
:10DD4000AE20FAF7D5FB24229A7308BD034610F0E3
:10DD5000010007D19A0704D413F0040018BF032070
:10DD60007047022070472DE9F34B054610461646D2
:10DD70001F46FFF7EBFF83460846FFF7E7FF46EA3B
:10DD800001044BEA04040443E4B2003CDDF82880BB
:10DD90000190894618BF0124FFF766FE064018BFB0
:10DDA0005E46FFF761FE95F82021019B10EA09010C
:10DDB00018BF1946B24214BF3346002388F800301A
:10DDC00095F821218A4208BF00210B4388F80110F1
:10DDD0000AD1EB88013FFF1ABFB247F6FD739F429D
:10DDE0008CBF002404F00104C6B995F82001FEF7A9
:10DDF000F9FC03280ED195F83831012B0AD1B5F87A
:10DE00003C2195F82031012A0AD1042B0AD00423A1
:10DE100088F80030204602B0BDE8F08B032EE9E719
:10DE2000032BF7D00323F3E7032906D101280AD1F6
:10DE300004215180138001207047042903D1012857
:10DE400001D00321F5E700207047012807D0022800
:10DE500005D0033801288CBF0020012080007047C6
:10DE60002DE9F0410C6894F83A22D31E012B0546A7
:10DE70000F462DD894F82031D91E012928D8D31A5D
:10DE800018BF012394F83B02FFF7DFFF06460BBBE8
:10DE90001046FFF7DAFF804694F89F306BB948EAE6
:10DEA000060313F0FF0306D0204601F06BFE3B682B
:10DEB000DB8803449BB2A4F83832B4F83832EB70F4
:10DEC0001B0A2B71AE7085F801800520BDE8F0813A
:10DED0000023D7E74FF00008DEE770B50568EC7B5C
:10DEE000A4F12406072E02460B4615D994B9AD7B42
:10DEF000292D11D04D786E0706D08D786D0703D08F
:10DF0000FFF782FE204670BDBDE8704019781046CC
:10DF100001F027BE0124F5E72024F3E72DE9FF47B0
:10DF2000046894F80EA0AAF125030E4659425941FF
:10DF3000052A054639D1E37B272B3BD104F10F0796
:10DF400096F8019096F8028009F0070908F0070892
:10DF500009F1FF3308F1FF3203EA090302EA08027C
:10DF6000134321D14046FFF7F1FE70B394F82031FE
:10DF700098422AD094F83A2118EA020F14D0BAF144
:10DF8000250F22D094F8192118EA020F1DD1464A14
:10DF90000138013B52FA80F0DBB2032B00790FD835
:10DFA0001A441379834210D9284604B0BDE8F047DB
:10DFB000FFF794BEBAF1250F74D104F10E07BFE745
:10DFC0004FF4DD710620FAF793FA4846FFF7BEFEDC
:10DFD00040B194F82131834204D094F83B3119EADE
:10DFE000030FE1D0B6F8036003AB0093204633463D
:10DFF00042464946FFF7B7FE2C6878BB94F83831A3
:10E00000012B28D1E38894F82011B4F83C0104F5E1
:10E010003472FFF709FF0646D0B901462846FFF7DC
:10E020003FFE2B6883F838613E702B6803F10F02C6
:10E03000974201D10022DA732B6803F10F02974255
:10E040002CD1284601F05DFD002004B0BDE8F0872A
:10E050002C23A373E9E784F83801E6E7E388A4F802
:10E06000D062013EF61AB6B247F6FD739E4206D95B
:10E07000282384F83130284602F020F8DCE7E37BDF
:10E080000D2B02D00A3B012B01D82A23F1E7BDF862
:10E090000C30A4F8D23229233B70CDE7002283F85C
:10E0A0004A20D1E70220D0E70C2C040008B5036811
:10E0B000DA7B262A05D022B140F2D351AE20FAF7FE
:10E0C00017FA2722DA7308BD024B002283F83220A8
:10E0D0009A8670474A700020FFF7F6BF044B93F80A
:10E0E0003220012A1ABF036001200020704700BFC0
:10E0F0004A700020054B93F83210012902461DBFDB
:10E10000012083F832009A86002070474A70002070
:10E11000054B024693F8320020B1136009B19B8E83
:10E120000B800120704700BF4A700020044B93F819
:10E13000320000229A8610B183F832200120704705
:10E140004A700020034B93F83200B0FA80F0400987
:10E15000704700BF4A7000207047D4D450B90A4AB3
:10E160001346012003F8010B0868C2F801008A88F1
:10E170009A807047012805D1034B0A689A608A8803
:10E18000D8719A81704700BF8070002050B90B4B46
:10E19000187888B1D3F80120B3F805300A608B8075
:10E1A00001207047012806D1044BD87920B19A6824
:10E1B0000A609B89F3E70020704700BF8070002051
:10E1C00030B542401C7808785D7860404C786C40EF
:10E1D00020449D788C786C402044DD78CC786C406D
:10E1E00020441D790C795B7949796C4020444B407F
:10E1F00018441044B0FA80F0400930BD10B9044B07
:10E2000018787047012806BF014BD8790020704765
:10E2100080700020F7B500238A888DF80600ADF8DD
:10E22000042008680B4A8DF80730019D14780146D8
:10E2300002F5A872D8B2844201D8082008E052F84A
:10E24000087F5668AE4208BF8F4203F10103F1D147
:10E2500003B0F0BD9070002030B5094B01465C78EA
:10E26000002203F20113D0B2844201D8082005E055
:10E2700013F8015F8D4202F10102F4D130BD00BFFD
:10E2800090700020024600200139C9B2FF2900D158
:10E290007047535C83F001030344D8B2F4E7D4D44D
:10E2A000F8B52D4C6378013BDBB22218834292F81B
:10E2B0000251637030D01A010101961C8F1C264454
:10E2C000274406F1100C56F804EB47F804EB6645BA
:10E2D000F9D1823282312244214402F1100652F8EF
:10E2E000047B41F8047BB242F9D1E118221891F87D
:10E2F000026182F8026106267343704303F5857359
:10E3000000F58570E618E35823502718B388BB80C2
:10E3100091F83A3182F83A312846FFF79DFF0828F4
:10E3200018D12378013BDBB29D42237012D02B33EE
:10E3300004EBC30393E8030005F12B0204EBC202D4
:10E3400082E803002078FFF787FF08281CBF241805
:10E3500084F80251F8BD00BF90700020F0B5254D43
:10E3600095F8984189B0224605F2991168460CF05B
:10E37000D7F821466846FFF785FF0446B8B300EB9F
:10E380004001C9B202A8FBF7AFFB631E95F8A1617B
:10E39000DBB2012495F8981105E0721CB2FBF1F094
:10E3A00001FB1022D6B206F120020DEB020010F89C
:10E3B000202C002AF1D103EB43012031694406EB04
:10E3C00046022A4411F8187C82F8A27111F8177CD1
:10E3D00011F8161C82F8A37182F8A41100F8204CE1
:10E3E000013BAA19DBB2FF2B82F89941D2D109B0C7
:10E3F000F0BD00BF9070002070B5064688B00C4696
:10E40000002A4ED0294A92F8A131D01890F89911DB
:10E4100019B9FF212820FAF76BF803EB43011144E7
:10E42000013391F8A251E57091F8A35191F8A4112C
:10E4300061710021257180F8991192F89811B3FB50
:10E44000F1F001FB103382F8A13192F8C23123B907
:10E45000174902F5DD7001F0EAF8657905F03F052E
:10E4600045F0400565710D22002168460BF0D6FF8E
:10E47000E3788DF80F3023798DF80E3004AA042349
:10E48000694630468DF80D500BF0B8FD9DF81F30F1
:10E4900023709DF81E3063709DF81D30A37008B086
:10E4A00070BD03216018FBF71FFBD6E790700020BA
:10E4B0005DE30200044B5A78824286BF1B1893F832
:10E4C0004A010020704700BF90700020044B5A782A
:10E4D000824286BF1B1893F842010020704700BF9C
:10E4E00090700020064B00224FF461711A8083F86F
:10E4F000C32183F8C421A3F8C61183F8C221704751
:10E50000907000202DE9F0478246894617469846CC
:10E51000FFF780FE08280546064603D0FFF79CFE5D
:10E52000082860D1324C6378072B5ED8082D15D1AE
:10E530002678731C072E237003D96C212820F9F745
:10E54000D7FF06F12B02D9F8000044F8320004EBA3
:10E55000C203B9F804209A8083F806A065786B1C82
:10E56000290163704B1C07F11002234412F8010DBE
:10E5700003F8010FBA42F9D1813108F110032144A7
:10E5800013F8012D01F8012F9845F9D110214046CB
:10E5900000F092F92544102185F84201384600F038
:10E5A0008BF985F80261667885F84A0100231148E5
:10E5B00085F83A313146FFF765FE0128054607D850
:10E5C0000D483146FFF75EFE002818BF0135EDB259
:10E5D00084F898510025284684F8A151FFF7BEFE23
:10E5E0002846BDE8F0871220FBE70720F9E700BFC7
:10E5F00090700020D2710020DA71002008B5FFF77A
:10E6000009FE082807D0FFF727FE082803D0FFF7E8
:10E6100047FE012008BD0020FCE7D4D410B5064B0E
:10E620005878013840B2002800DA10BDC4B2204644
:10E63000FFF736FE601EF5E790700020014B83F86F
:10E64000C301704790700020014B93F8C3017047DD
:10E6500090700020431E9BB24AF2B71293429DBFB6
:10E66000024BA3F8C60101200020704790700020E3
:10E67000014BB3F8C60170479070002008B5FFF752
:10E68000C9FD082803D0BDE80840FFF7E5BD08BD77
:10E6900030B50A4B5C7884420ED9184490F80201D8
:10E6A0002B3003EBC004A5790D7053F830001060D7
:10E6B000A3889380012030BD0020FCE790700020EB
:10E6C00008B506F00FFC18B1BDE8084006F032BCF2
:10E6D000082008BD0246074810B590F8C34124B190
:10E6E000417821B1023006F09DFB204610BD0C465A
:10E6F000FBE700BF907000202DE9F74F2F4C9A46A2
:10E70000637883428046894656D9231893F842514C
:10E7100085F00105F9B193F84A31E3B945F00207F4
:10E720000135BAF1000F18D1FA070AD5062101FB0D
:10E73000084104EB0810524601F585718230FFF75D
:10E740005BFEBB0734D504EB081052464946023045
:10E75000FFF752FE2CE02F46E3E794F8A1614FF05B
:10E76000010B002DE0D0A319019393F8991199B9E9
:10E770000092DAB101F050F906EB46012144019B09
:10E7800081F8A2014FEA102C009A81F8A3C1000C75
:10E7900081F8A40183F899B194F898310136B6FB59
:10E7A000F3F103FB1166F6B2013DDAE747F0040727
:10E7B000384603B0BDE8F08F0027F9E790700020DD
:10E7C000F8B5184C064648B3617804F5A170FFF718
:10E7D00059FD94F898510746294604F29910FFF71D
:10E7E00051FD2D1AEDB2AF421AD800256278EBB276
:10E7F0009A4201D80120F8BDE21892F842215AB994
:10E80000062101FB034104EB0313324601F5857138
:10E8100003F18200FFF7F0FD0135E7E70546E5E784
:10E820000020E8E790700020074B5A78824209D90F
:10E830001A1892F842212AB9062202FB003000F58C
:10E84000857070470020704790700020064B5A7802
:10E85000824281BF1B1893F83A01B0FA80F0400958
:10E8600098BF0020704700BF90700020F8B50E469A
:10E87000074606213046154600F01EF8044670B1E2
:10E880000C4B0022587803F23913D1B2884202D8D7
:10E8900001242046F8BD03F8015F0132F5E7314657
:10E8A0003846FFF7EBFE0828F3D0024B034483F809
:10E8B0003A51EDE79070002001440023884203D1D3
:10E8C000B3FA83F04009704710F8012B1343F5E7C2
:10E8D000F8B5D0E9047605460C460AF093F818B965
:10E8E00052212920F9F704FEE4B1D5E90423D21B13
:10E8F00063EB0603012A73F100014FF0000113DB03
:10E900006FF001009042994101DA5C21E9E7631E52
:10E910001344B3FBF4F35C43E41946F10006C5E984
:10E9200004461C462046F8BD0C46FBE7022905D1EB
:10E930003C281BD980100F3880B27047CB1E012BAA
:10E940000FD804290CBF96234FF4167303F5BC733C
:10E950000CBF10224022984208D9C01A90FBF2F056
:10E96000EAE7702802D9C0100E38E5E700207047AA
:10E97000022908B5034614D005D8012909D0E7219A
:10E980002920F9F7B5FD03390129F8D840F6A6602A
:10E9900008BD40F6C41040F2E242002B08BF10460A
:10E9A000F6E740F6C410F3E7034B80F880101B68CD
:10E9B0000BB14088184770477876002010B5029C4C
:10E9C000801A7E388842226894BF091A491A02EBDD
:10E9D000510222601A680129A2EB51021A6094BF09
:10E9E0000020012010BD69B1A0F57A7241F2707368
:10E9F0009A4207D84FF47A73B0FBF3F000F55060F9
:10EA000080B2704740F2E243B0FBF3F0F8E7D4D4B1
:10EA10000B2808B504D940F229112920F9F768FD1F
:10EA2000014B33F8100008BD142C040038B50C4617
:10EA300000210546FAF7AEFC206048B902212846BD
:10EA4000FAF7A8FC2060B0FA80F04009400038BD19
:10EA50000020FCE70368587BC0B293F830302BB934
:10EA600000F0FB00003818BF0120704700207047FD
:10EA700010B50C46FFF7DAFF38B92046FFF7EAFF7A
:10EA800080F001004000C0B210BD0220FCE7D4D4E9
:10EA9000036830B50024D3F8C800A3F84040B3F8A9
:10EAA000444042F210754443B4FBF1F4A3F84440EF
:10EAB0004C1E05FB0242B2FBF1F2A3F84220094AC8
:10EAC000B2FBF1F20132A3F848209A8F05FB024411
:10EAD0005A6BB4FBF1F450439C63B0FBF1F0586304
:10EAE00030BD00BF005A620238B54FF4427204468E
:10EAF0000D4600210BF092FC6FF0360284F8632083
:10EB0000042284F864206FF03B0284F865206F22B1
:10EB100084F86620032284F86720002284F86820A5
:10EB20006FF07F0284F869202B2284F86220FE2295
:10EB3000012384F89E207F22E375E27284F8A830D6
:10EB4000A4F8AA5038BDD4D413B540F6B83383879F
:10EB5000B0F8D220D0F8C8100190044601A8FFF701
:10EB600097FF0C4B1B68062B01D001330FD10A4BCA
:10EB70001B68063B08330AD9D4F8CC00FDF7BAFC71
:10EB800080F00100C0B284F8070302B010BD00207D
:10EB9000F9E700BFF07A0020F47A0020054B1B78DB
:10EBA00033B9054B1A681B79026003710120704765
:10EBB000002070475872002068210020054BFF227A
:10EBC0001A70054A016811600179117100221A70EA
:10EBD000704700BF587200206821002007B5064A20
:10EBE0001068009012798DF804206846FFF7E6FF60
:10EBF00003B05DF804FB00BF8ACC0300C2B292FAF6
:10EC0000A2F2030A93FAA3F31B0E100E40EA0320AC
:10EC1000704770B50131C9B20530002210F8013FCC
:10EC20008B4216D310F8054C0023012505FA03F694
:10EC300026421CBF01F1FF31C9B269B10133082B73
:10EC4000F4D10132D2B2052AE8D19B214620F9F74E
:10EC50004FFCC91AC9B2F4E703EBC200C0B270BDE1
:10EC60000B6870B5C0F801300B7903F01F034371D6
:10EC700000230446C3720546461D15F8010F00F037
:10EC800015FF6871E37AB5421844E072F5D170BDA2
:10EC900070B581EA11418CB20546C17A032682EA39
:10ECA0000400FFF7ABFF013E00EB0010221816F046
:10ECB000FF0690B2F5D144402522B4FBF2F302FBEB
:10ECC0001343C3F3C4022A44D8B2567803F00703AF
:10ECD000012202FA03F31E4207D161432846C1F321
:10ECE0000741BDE87040FFF794BF70BDF8B590F8DC
:10ECF00022506B1E242B044603D9E1214620F9F74C
:10ED0000F7FBDAB1C07D002843D194F8243094F8A1
:10ED1000231002FB01322523B2FBF3F103FB112385
:10ED2000DBB204EBD30284F82430117E03F0070633
:10ED30000122B240114202D084F82530F8BDB3FB65
:10ED4000F5F205FB1233013303F0FF0304F11C015C
:10ED500011F8012F9A4219D311F8055C00220126FF
:10ED600006FA02F72F4208D0013B13F0FF0304D14B
:10ED700002EBC00284F82520E0E70132082AEFD137
:10ED80000130C0B20528E3D1D721B7E79B1ADBB227
:10ED9000F6E7E288496A04F11700FFF779FF84F883
:10EDA0002500CBE70378890123F0400301F04001FF
:10EDB0000B4303707047037803F07F0343EAC113EA
:10EDC000037070470078C00970471F2A38B50546A0
:10EDD000144603D9A8212A20F9F78AFB0930063402
:10EDE0000BF09EFB6C7038BD1F2A38B505461446E3
:10EDF00003D9CA212A20F9F77BFB093006340BF02E
:10EE00008FFB6C7038BD037803F00F03032B0246B1
:10EE10003ED0052B42D1C37F90F82000034392F8E7
:10EE20002100034392F82200034392F8230000F0EC
:10EE30001F00184333D05378222B2FD1B2F819304A
:10EE4000B1B1B3F5506F13D940F607518B4225D8B5
:10EE5000B2F81B30B3F5FA7F20D2B2F81D000A38A1
:10EE600080B240F6764398428CBF00200120704764
:10EE7000991F89B240F67A4081420FD8917D481E91
:10EE800007280BD8994209D2B2F817109942DEE749
:10EE90004078A0F10C035842584170470020704759
:10EEA000C37813F03F035DD007295BD8DFE801F09A
:10EEB000040B1E29343F4A55037913F0010F0CBF90
:10EEC000002005207047027912F002004BD0052087
:10EED00002F0010202EB420200EB42000729C0B23D
:10EEE00041D1021F9A42C8BF00207047027912F038
:10EEF000040038D0052012F0020F1CBF0630C0B24B
:10EF0000E6E7027912F008002DD0052012F0040F78
:10EF10001CBF0130C0B2EEE7027912F0100022D01F
:10EF2000052012F0080F1CBF0230C0B2EEE70279D4
:10EF300012F0200017D0084612F0100F1CBF03304B
:10EF4000C0B2EEE7027912F040000CD0052012F0BA
:10EF5000200F1CBF1230C0B2EEE702795006F5D583
:10EF60000620F4E70020704770B50C4606461146AF
:10EF70001D4624B94FF41F712A20F9F7B9FAFFF79B
:10EF80008FFF10B940F27D21F6E7031F2B443F2B82
:10EF900002DD40F27E21EFE72A4621463044BDE8FB
:10EFA00070400BF0BDBA30B5C1F38003C1F38014DB
:10EFB0002344C1F3001404EB44042344C1F340147C
:10EFC00004EBC404C1F3400503EB4403C1F30004A4
:10EFD0002C4404EB4404C1F3C0052C44134403EB5C
:10EFE000440313F0FF031CBF01330171C17818BF44
:10EFF000DBB221F03F0103F03F042143C170591CF3
:10F0000041701AB104339B1A013AC25430BD43789F
:10F01000C278013B02F03F02981AC0B27047F8B5BF
:10F02000174606460D461946FFF7F1FF441AE4B2AB
:10F03000BC4228BF3C464DB1F27802F03F02043298
:10F0400011443144224628460BF06AFA2046F8BDA6
:10F050000346084671B13F2B0BD8074AD35C03F037
:10F060007F02914205D08CBF0120002000EAD3101E
:10F0700070470120704700BF2C2C04001B2A08B5E4
:10F0800004D940F299312A20F9F732FABDE8084054
:10F090000BF046BA8388A1B1B3F5506F11D940F691
:10F0A000075293421BD8C388B3F5FA7F17D2008961
:10F0B0000A3880B240F6764398428CBF0020012087
:10F0C00070479A420BD8B3F5486F08D84278511E62
:10F0D000072904D89A4202D242889A42E2E70020E5
:10F0E0007047013001F1200351F8042B40F8042B44
:10F0F0009942F9D10B880380704738B5154604460C
:10F10000FFF7EFFF2B68C4F823306B68C4F8273093
:10F1100038BD2DE9F04F85B0884603A99DF83840E9
:10F1200001931546FFF782FC814618B9039E2DB95D
:10F1300001237375012005B0BDE8F08FD6F8C0A09B
:10F1400029465046F9F7DFFD074608B90020F2E7E7
:10F15000FDF78CFC8542F9D839465046F9F712FF85
:10F16000727DA0F80190002A18BF4FF0020880F8C5
:10F17000008083463846F9F70DFF0746DCB1B6F844
:10F18000E640C4B108F082FA40F2712254432418D8
:10F1900041F1000179603C6001992A460BF10300BE
:10F1A0000BF0BEF929465046F9F7E8FD28B983214E
:10F1B0002B20F9F79DF92146ECE7039B93F8A83043
:10F1C00033B103A8FDF758FC039B0022A3F8DA2112
:10F1D0000023AEE7437837B5C3F301120446032A90
:10F1E00003D8DFE802F0050E1D05002003B030BD96
:10F1F000057803F00F00002300936288231D02218D
:10F2000007E0057803F00F00002300936288231DB8
:10F21000012145EA0020FFF77CFF60B10120E5E70E
:10F22000FEF71EFC03685B05DFD56078257800F0EB
:10F230000F000123E0E700F0D7F9EFE71A230B7086
:10F2400001234B708B707047FF230B7002234B70B0
:10F2500083238B70014B1B78CB7070475C7200204E
:10F260002DE9F84FD0F80480D8F81C6030460C46E1
:10F27000F9F77AFE054620B94FF4AA711020F9F784
:10F2800037F901463046F9F77DFEB5F800B01FFAB0
:10F290008BF7824617B94FF4AC71EFE7224B1B682E
:10F2A00000F10309D3B998F8023098F803202370CD
:10F2B0006378A4F802B002F00F0223F00F031343A7
:10F2C00023F0C00363709AF8003003F00303012BAE
:10F2D0000FD0022B0DD04FF4BB71CFE7B8F802006E
:10F2E0003A464946984705460028DCD12846BDE8FD
:10F2F000F88F627863F3051262703046F9F74CFEBE
:10F30000054610B94FF4C071B8E7FB2F02D940F29F
:10F310008F11B3E73A464946201D0BF001F93046FC
:10F32000F9F791FDE2E700BF7C76002038B5134C79
:10F3300010220021201D0BF071F8012525741022E8
:10F3400004F10803002104F11400C4E901330BF0B7
:10F3500065F884F8205004F11803C4E90533084A1D
:10F3600000236362A36284F82C30C4F82D30C4F803
:10F37000313084F835301360A36338BD5C720020EF
:10F380007C76002010B5084C2378FF2B04D040F287
:10F3900099111020F9F7ACF80AF092FE2070BDE840
:10F3A0001040FFF7C3BF00BF6D21002010B5034C14
:10F3B00020780AF09FFEFF23237010BD6D210020EE
:10F3C000FFF7B4BF014B18780AF0A4BE6D210020EE
:10F3D00010B521B940F2A9211020F9F789F84A6047
:10F3E0000B72EFF3108472B6031D0B6042681AB102
:10F3F000127A012A08BF036003681960016004B92A
:10F4000062B6BDE81040FFF7DDBFD4D4014B024A1D
:10F410001A6070478476002061F202002DE9F34102
:10F42000DFF89481054608F11407D8F80830D8F8B9
:10F430001840227A012A22D1D8F8382052B1137A02
:10F440001BB9BF211020F9F753F8D8F83840C4B9D8
:10F45000002093E01A7A012AFAD0544A1C46EFF3AE
:10F46000108172B650680068506001B962B6A3425C
:10F4700008BFC8F83840237A1BB9EE21E2E73A46C4
:10F48000EDE7267AF6B205232372731E0B2B7ED886
:10F49000DFE803F07A062336773F4E3F3F3F3F6B6E
:10F4A000636813B94FF40371CCE7204629469847A7
:10F4B0000420EFF3108272B6237A052BD9B24FF0F5
:10F4C000000369D12372D8F83810A14201D1C8F8DD
:10F4D0003830002A45D162B643E0636813B940F280
:10F4E0001521AFE72946204698470346C3F3072373
:10F4F000012BADF80400C0B23ED0022BD9D129E0D7
:10F50000636813B940F21D219CE72046984700200C
:10F51000CFE7274B1B68002BF9D06068324629469D
:10F520009847A6F10A02534253415B000420E4E7E6
:10F5300063680BB9FE2185E786222A70012259886B
:10F54000AA706A7100229869A5F80310AA71F9F7E8
:10F550007AFC0420D8F83830A34202D10023C8F83E
:10F56000383000283FF461AF08E0124B29461B6891
:10F5700020469847034668B9267298B102B0BDE8A4
:10F58000F0814FF415715DE740F257215AE740F2E0
:10F590005A2157E70220DDE711B940F27B2151E7FC
:10F5A000184696E7002B7FF440AF51E760720020C9
:10F5B00080760020847600205C72002010B513460F
:10F5C000027A22B140F202311020F8F791FF0A4688
:10F5D000BDE8104001460148FFF7FABE6072002006
:10F5E0000222FFF7EBBFD4D4044890F82C301BB9AB
:10F5F00003492430FFF7F4BF704700BF5C7200205E
:10F600003DF202000346064890F83C203AB190F8DB
:10F61000352022B900F82D3B0249FFF7E1BF7047C2
:10F620005C72002049F202000322FFF7C7BF0422E8
:10F63000FFF7C4BF10B50A46037A23B140F20A317E
:10F640001020F8F755FF0146BDE810400148072398
:10F65000FFF7BEBE707200201346027A0AB1037231
:10F6600070470A4601460148FFF7B2BE60720020AB
:10F670000222FFF7F1BF0322FFF7EEBF8D230B70CD
:10F6800030F8AF3CA1F8033030F8653CA1F8053004
:10F6900030F8613CA1F8073030F8633CA1F809303C
:10F6A00030F85F3CA1F80B30704708B5CB1E012B3A
:10F6B00004D8800100F5747080B208BD012902D120
:10F6C0000E30C000F8E7022902D10F308000F3E7C6
:10F6D0004FF40C710620F8F70BFF30B587B00446E5
:10F6E0000D46FDF7D7F980B334F8B84C694620468B
:10F6F000FDF78AFC18B1FB212C20F8F7F9FEBDF8C4
:10F700000630ADF80E30BDF80830ADF81030BDF859
:10F710000230ADF8123003A8BDF80430ADF80C404B
:10F72000ADF81430FDF76EFC10B14FF48271E3E7D1
:10F73000ADF80C009DF80C30002063F307009DF835
:10F740000D3063F30F2007B030BD2B46992203F82C
:10F75000032BD4F80920C5F80320D4F80D205A60F3
:10F76000B4F811201A810423ADF80C30E2E74068A8
:10F770007047033901298CBFC08A4FF42960704754
:10F7800070B590F878608D880C89033E012E04D9FD
:10F7900043B11678033E012E04D8B5F5296F38BF62
:10F7A0004FF4296590F87960033E012E04D943B1E6
:10F7B0005378033B012B04D8B4F5296F38BF4FF4BD
:10F7C0002964CB884A88A0F86020A0F86430A0F8AB
:10F7D0006250A0F8664070BD8383BDF8003001839D
:10F7E0004283C38370471B2200290CBF4FF4A473CC
:10F7F0004FF429634FF01B1182840284028502F1C9
:10F80000A472C0E90521C160C3844384C383838398
:10F810004382038270470346F0B5B3F85810B3F83B
:10F82000642093F87940B3F85C50B0F84E70B0F8AB
:10F830005200914228BF1146B3F86620A3F84E103B
:10F84000033CAA42E4B228BF2A46012CB3F8544034
:10F8500087BFB3F8566015464FF429664FF4296503
:10F860008C4238BF0C46B24238BF32468F42A3F8B2
:10F870005250A3F85440A3F8562026D1401B18BF7D
:10F880000120B3F86020B3F85A10B3F84C50B3F825
:10F890005040914228BF114693F87820033A012A3C
:10F8A00015D9B3F85E20B3F86260B24228BF324681
:10F8B0008D42A3F84C10A3F850200BD1944218BFEE
:10F8C00040F0010000F00100F0BD0120D9E74FF445
:10F8D0002962EDE70120F5E70149FFF7C9BE00BF46
:10F8E0007DF602000B8BA2F80B304B8BA2F80D308B
:10F8F0008B8BA2F80F30CB8BA2F809000249A2F83B
:10F9000011301046FFF790BEDBF6020038B5CB1E73
:10F91000012B044610D9C58B438C9D4228BF1D4640
:10F92000207AFFF7C2FE6389AB4228BF2B4698427C
:10F9300038BF184680B238BD4FF42965F0E72DE98D
:10F94000F84307460E4680899DF8208019461446E4
:10F950009946FFF7AAFE494605463846FFF7D6FF07
:10F96000854228BF05464146B88AA8F10308FFF73B
:10F970009CFEB8F1010F8CBFFA8A4FF429629042C5
:10F980000346ADB228BF1346A01D15FA83F33044D9
:10F990001844BDE8F88313B5828F0346403049B957
:10F9A000598F93F87940009493F87830FFF7C7FFA8
:10F9B00002B010BD198FF4E770B50C461546194614
:10F9C0004BB9068FFFF7E7FF28443044A04294BFAD
:10F9D000201A002070BD468FF4E738B50D46114659
:10F9E0000446FFF7D8FF2844606438BD01F19C034A
:10F9F00083423DBF9C38401A400800207047D4D451
:10FA0000014B1878704700BF99720020014B18789D
:10FA1000704700BF6E210020094AD2E9000343402D
:10FA200083EAB01181EA43214FEAF3435360054B67
:10FA3000116058434FEAF06000EB8000704700BF50
:10FA40009C720020BB79379E094AD2E900034340EB
:10FA500083EAB01181EA43214FEAF3435360054B37
:10FA6000116058434FEAF06000EB8000704700BF20
:10FA700070210020BB79379E10B50A4C0948082137
:10FA8000FAF732F8D4E900321343F7D0064CFFF707
:10FA9000DBFF2060FFF7D8FF236860601843F6D0D3
:10FAA00010BD00BF702100209C72002000F05503A3
:10FAB000400800F05500034403F033009B0803F0B6
:10FAC0003303034403F00F0000EB13107047036887
:10FAD00000229A7383F84A20A3F8462070470268F0
:10FAE00092F8A8302BB9A2F84E30012382F850309A
:10FAF00070470023A2F84E3092F8503001335BB2C9
:10FB0000F4E708B5026892F8A83013B982F85030CB
:10FB100008BD92F85030013B5BB2002B82F85030A8
:10FB2000F6DA52214A20F8F7E3FC08B5036883F8B7
:10FB30009B1083F89A203522DA73FFF7D0FF00205C
:10FB400008BDA0F10A03042B09D9A0F14703012B3A
:10FB500005D9243807288CBF0020012070470120D8
:10FB600070470268136810B513F0080408D143F019
:10FB70000803136082F89810FFF7B1FF204610BD0C
:10FB80000120FCE7D0F8C82041F64B539A429CBFB5
:10FB90004AF6C873B3FBF2F3B0F8D020B0F8DE0039
:10FBA00088BF0623134410FB03F080B27047D4D4FF
:10FBB000174B184A9A60184A5A60184A1A60184A2D
:10FBC0009A62184ADA62184ADA60184A9A61184A40
:10FBD0001A63184A1A62184ADA64184A9A64184A68
:10FBE0005A62184B184A9A60184A5A62184ADA62DE
:10FBF000184A1A61184A5A61184A9A61184A1A63CF
:10FC0000184A9A64184ADA64184A9A63704700BF1F
:10FC1000887600201101030037010300630203000E
:10FC2000CD040300C905030009050300DB0503003B
:10FC300095090300D106030091080300B3080300EF
:10FC40002D070300887700202701030057080300D1
:10FC5000F9050300A9050300190603003506030092
:10FC6000390A0300F7080300E30803004108030012
:10FC7000044B054A5A65054B054A1A65054A5A65FB
:10FC8000704700BF88760020DD0D030088770020D4
:10FC9000C70D0300070E0300054B064A9A65064A86
:10FCA0001A66064B064A9A65064ADA65704700BF2F
:10FCB00088760020DBDE02001DDF0200887700204E
:10FCC00035DD0200ADE00200F7B5054601A80F469C
:10FCD000FEF704FA20B94FF4AA615120F8F708FCA6
:10FCE0000198322200210AF099FB019C26463F2F01
:10FCF00006F8037F43D83F2F44D8DFE817F04600CB
:10FD00004C006C0075008D005C015C019A00B30032
:10FD10009E005C015C01A300AF00B3004300430000
:10FD2000B7005C015C01CC00CC00E300E300EA001A
:10FD3000430043005C01EF00FC00000104010B01E3
:10FD40000D010F0111011B0125013C013E01430082
:10FD500043002D014601440143004300430043009A
:10FD6000430043004300430043004300430043007B
:10FD70004300430048014A01430040014201FF2F74
:10FD800000F00D8140F24451A7E72946304600F0CB
:10FD9000CDFAC0B9BBE02E68D6F83032636096F871
:10FDA00034322372286890F89F3033B9FFF7EAFEA7
:10FDB0002B68DB881844A6F83602B6F83632637230
:10FDC0001B0AA3720820FEF795F9002840F0F58081
:10FDD00040F2575181E72B6893F8A82052BB93F863
:10FDE0002D3123710220EEE72B68D3F87822626070
:10FDF000D3F87C22A260B3F88022A281D3F85822E3
:10FE0000C4F80E20D3F85C22C4F81220D3F8903046
:10FE1000C4F816301720D6E72A68D2F8F6316360A6
:10FE2000D2F8FA31A3602B68D3F89430E3600D2048
:10FE3000C9E72B6893F8A030D3E73146284600F095
:10FE4000E1FCA6E711232371592363710023A371F9
:10FE50003923E371102323720620B4E72B6893F84B
:10FE60009A30BEE7304600F0BBFC92E72B6893F86F
:10FE7000A82052B993F8A0203AB193F89D2022719E
:10FE800093F89C30637103209DE793F89B202271C7
:10FE900093F89A30F6E72B68B3F80C212271120A16
:10FEA0006271B3F8A220A271120AE271B3F80821BC
:10FEB0002272120A6272B3F8A030A3721B0AE372B4
:10FEC000092080E72B6893F83A21227193F83B319F
:10FED000D8E729463046FDF7C3FF5AE72B680F21C4
:10FEE000B3F8AA00F9F756FA00F15B013046FFF7C4
:10FEF000F8F8232067E7304604F030FF49E7304642
:10FF000004F035FF45E72E4B1B68002B43D140F230
:10FF10004951E2E62B4BF7E72B4BF5E72B4BF3E789
:10FF20002B4B1B68002BF2D023202A4631469847E2
:10FF3000042048E7264B1B68002BE8D02A463146B0
:10FF40002420984705203EE7214B1B68002BDED07C
:10FF50002A4631462520F4E72B680F21B3F8AA0082
:10FF6000F9F718FA00F17D0200F15B013046FFF766
:10FF7000C4F82B2027E7174BC6E7174BC4E7174BEE
:10FF8000C2E7174BC0E7174BBEE7174BBCE7174B51
:10FF9000BAE7174BB8E7294630469847F9E62B6889
:10FFA000304693F8C722D3F8C812FFF767F82B68DA
:10FFB00093F8C702EDE6012005E703B0F0BD00BFEE
:10FFC00088780020907800208C7800209478002099
:10FFD00098780020A4780020A8780020AC78002031
:10FFE000B07800209C780020A0780020B478002011
:10FFF000B87800203F289ABF024B53F82000002019
:020000023000CC
:10000000704700BF887600203F289ABF024B53F804
:1000100020000020704700BF8877002030F8023CA5
:10002000F7B5B0F8826004460D4673B10122684608
:100030008DF80020ADF80160ADF80330FCF7D4FE78
:1000400018B195216320F8F753FA194B1B6813B1C7
:10005000A4F128009847174B1B680BB1304698470E
:10006000832300272B70AF70A5F80360637AD4F860
:100070009C006B71F8F7F1FE08B9BA21E2E7394646
:100080003046F9F79DF902213046F9F799F918B988
:10009000094B1B6803B198474FF4017303F0040246
:1000A000002062F307001B0A63F30F2003B0F0BDCA
:1000B000BC780020C0780020C4780020F7B505681F
:1000C000D5F8C06004464FF6FF770DF102010DF13F
:1000D00001023046ADF80270F8F76BFE01A9304618
:1000E000F8F78CFE48B10198F8F754FF2168A83161
:1000F00000220272FFF79EFAE7E7044905F12800A3
:1001000003B0BDE8F040FFF78FBA00BF1D00030049
:1001100003681A7C073A012A81BF4A785A74072279
:100120001A74002070470268137C073B012B84BFC0
:1001300008231374704770B50268D57BE5B9CB8886
:10014000D688A2F8D032013B9B1B9BB247F6FD76C6
:10015000B34206D9282382F83130FFF7AFFF284693
:1001600070BDD1F80130C2F8D2324B7982F8D63264
:1001700003680A22DA73F2E70125F0E72DE9F74F69
:100180000646894690460193FFF7FCFCD6F8F471C9
:10019000044657B90023C8F80030F38823449CB2C2
:1001A000019B1C8003B0BDE8F08F00F015FD002816
:1001B000F0D1D6E97632D6F8C8C00CFB04FE1EEBAF
:1001C000030ED7E902130B44D7E9001542F10002F0
:1001D0005B1845F10005734575EB020114D2BEEBC7
:1001E00003016FF0010B62EB050A8B4570EB0A0A05
:1001F00003D23D215620F8F77BF93869471E394470
:10020000B1FBF0F1E0FB0135B3EB0E0365EB02054A
:100210006FF001029A424FF00002AA4101D2482138
:10022000E8E7B3FBF9F209FB1233B3FBFCF291B23E
:100230000CFB1133C8F80030F3881C441444A4B2FA
:10024000AEE70B46822203F8032BD0F80920C1F851
:100250000320D0F80D205A60427C1A720023CB7024
:10026000704770B50368DD7B06460C46002D5BD1F8
:1002700093F8291106222046FEF70CFF014628B903
:1002800021783046BDE87040FFF76BBC3268638967
:10029000D088A2F8D032013B1B1A9BB247F6FD7002
:1002A000834207D9282382F831303046FFF706FF12
:1002B000284670BDA3886FF450601818062895BFB3
:1002C000A3F5506340F2E2414FF47A704B4398BF7C
:1002D0004343C2F8D83288BF29466378C1B103EBE3
:1002E000830303EB83039B00A2F8D2326388C1B17E
:1002F00064214B43C2F8D432E388A2F8DC3223896C
:10030000A2F8DE32002382F8E4320D23D373CFE764
:10031000C3EB431003EB800303EB83035B009BB24F
:10032000E2E740F2E241E4E70125C1E7F8B50D68F4
:1003300004460F46D5F8440295F82911FEF753FB01
:100340006FF45062821892B2B5F83E322071062ADC
:100350004FEA102060718BBF40F2E2426422B3FB8F
:10036000F2F3B3FBF2F36370B5F84832A3714FEACE
:100370001323E371B5F84A3223724FEA13236372F1
:10038000386890F89F308CBF002601263BB9D5F81D
:10039000441205F50F7305F51072FFF7EFFEB5F87F
:1003A0003C32A3721B0AE372D5F8403246B1642294
:1003B000B3FBF2F3A370C3F30723E3700C20F8BD83
:1003C00040F2E242F4E70B46842203F8022BD0F815
:1003D0000920C1F80220D0F80D205A6070470B4662
:1003E000852203F8022BD0F80920C1F80220B0F8CA
:1003F0000D209A807047D4D4F0B5044685B00D46E0
:10040000FF2600F8E96C10F8EA3CF3B1174F3B788F
:100410001BB162211F20F8F76BF80C21381DF9F78A
:1004200063FB3E70002304F8E93C2A468A2302F865
:10043000033BD4F80930C5F80330D4F80D305360CD
:10044000D4F81130936005B0F0BD01A80C21F9F784
:100450004BFBA4F51573039A1A6001AB03CB44F868
:10046000F20C44F8EE1C04F8EA6CDBE7A4720020FE
:1004700010B5054C23782BB90C21201DF9F734FB5E
:10048000FF23237010BD00BFA4720020024690F825
:10049000FE31BBB990F8FF3103F0FF010BB1002032
:1004A0007047094B18780028F9D01970D968C2F83C
:1004B0009410043303CBC2F8F601C2F8FA11FF23FB
:1004C00082F8FE3101207047A472002038B503681D
:1004D000DC7B054634B1113C0F2C8CBF0124082471
:1004E000204638BD1A7D002AFAD0D3F8A4302BB9A3
:1004F000FFF7F5FA2B681122DA73F1E7BDE838400F
:100500000C220A21FFF711BB38B50268D37B0446E1
:100510000D463BB1132B05D0113B0F2B8CBF012097
:10052000082038BDD2F8A430ABBB92F8523013B9D2
:100530002046FFF7D4FA2268D5F80B30C2F8EE3126
:10054000D5F80F30C2F8F2312368D5F81320C3F87C
:100550009020B3F8AA20A3F8F122D5F80120C3F81F
:10056000F322D5F80520C3F8F7222368B5F809204F
:10057000A3F8FB222368002583F8B85183F8FE51C5
:100580002068084900F53A70FFF72AF82368162218
:10059000DA732846C5E720460C22BDE8384003211F
:1005A000FFF7C3BAF903030008B50368DA7B162A1C
:1005B00004D040F253211F20F7F79AFF012283F85D
:1005C00051201822DA7308BD0368DA7B122A03BFB0
:1005D00013220020DA730220704710B50368DB7B1A
:1005E0001C2B044606D1FFF78CFA23682022DA730D
:1005F000002010BD0220FCE708B50368DA7B112A51
:1006000004D040F27E211F20F7F772FF012283F809
:1006100051201222DA7308BD08B50368DA7B182A64
:1006200004D040F28A211F20F7F762FF1C22DA7300
:1006300008BDD4D410B50368DA7B202A044604D060
:1006400040F29D211F20F7F753FF93F85220B3F893
:10065000AA00002183F8511082B1C3F8C31183F8B6
:100660005210A3F8C7110D49A3F8C40103F5DD70BA
:10067000FEF7B6FF23680022DA7310BD0121A3F84C
:10068000B30183F8B51183F8B221054983F8B92184
:10069000A3F8B62103F2A910EAE700BFDF030300C5
:1006A000C70303003E230B700C234B7004238B7095
:1006B000D0F80930C1F80330D0F80D30C1F8073058
:1006C000B0F81130A1F80B30C37C4B737047D4D411
:1006D00038B5046894F8A8501DB9E37B23B1012014
:1006E0001AE02368DB07FAD4D1F801200D4BD1F8CA
:1006F000051013400C4AC4F86230C3F307630A4084
:1007000043F00803C4F8662084F86530FFF7E7F982
:100710001DB90423E373002038BD236843F00103AF
:100720002360F8E72FC904F76FDB008038B5036852
:100730009A7B042A34D1D1F80120D1F80550C3F8AE
:100740006220C2F3076242F0080283F865200022AB
:100750009A7383F84A200268C3F8665092F8A8207A
:100760004C1C0AB983F83F2193F84021B2B993F8A1
:100770008B2102F0FF008AB9B3F8AA2083F88C011C
:10078000A3F88D21D1F80120C3F88F2162680549B3
:10079000C3F8932103F28310FEF722FF002038BD37
:1007A0000120FCE7A5060300036893F8402112B17D
:1007B000094B1B68184793F88B215AB9B3F8AA2044
:1007C000A3F88D211A22054983F88C2103F28310A6
:1007D000FEF706BF704700BFC8780020A5060300DB
:1007E00010B50446FDF736F9044A054B02400B40AC
:1007F000C4F80120C4F80530092010BD2FC904F742
:100800006FDB008037B50C460568FDF723F90A4A0F
:100810000A4B0A4095F862100192034000930B4086
:100820008DF800306B4603CBC4F801000920C4F8F2
:10083000051003B030BD00BF6FDB00802FC904F787
:1008400008B503689A7B1AB1CF211C20F7F750FE38
:1008500004229A7308BD08B5036893F8A82032B93A
:10086000DA73A3F84E20BDE80840FFF74AB91A68CA
:10087000D10703D4DD211C20F7F73AFE22F0010254
:100880001A60F0E787230B7030F8A63C4B80704766
:10089000036893F8A8109A7B49B9052A01BF002282
:1008A00083F83E2083F84A209A73002070470F2A6D
:1008B000F4E738B5046894F8A85045B9E37B4BB920
:1008C000FFF70DF945B90223E373002038BD236813
:1008D0005B07F5D50120F9E7236843F004032360A3
:1008E000F3E7036893F8A8201AB11A6822F004020B
:1008F0001A60FFF706B908B503689A7B1AB172212E
:100900004B20F7F7F5FD93F8A820002A14BF0F221B
:1009100005229A7308BD10B5D0E90D42A24206D354
:100920000B8DC98E05334B43121B934202D3012317
:1009300080F83E3010BDD4D438B5DB04154604D55C
:10094000037D13B10023436338BD446B013444631A
:10095000FFF7E1FF836B9C42F6D300234363034917
:100960002846BDE83840FEF783BE00BF8508030077
:100970000C230B7008234B7000238B70B0F856309B
:10098000A1F80330437A4B714389CB8083890B8173
:100990007047D4D470B50468A37B94F8A860012B89
:1009A000054607D01EB9E37B23B1012038E0236858
:1009B0009807FAD494F853309A0713D44A7884F8F5
:1009C0005D204A88A4F85E208A88A4F86020D807B1
:1009D00043F0020284F853200FD5164904F1540065
:1009E000FEF746FE94F85330D90710D4CEB9E37B16
:1009F00043B153214020F7F77BFD94F83E31002BA3
:100A0000EBD1EFE70123E3732846FFF768F8A37BF8
:100A1000012B4FF0000304BFA37384F84A30002079
:100A200070BD23689A0701D55821E3E743F002031C
:100A30002360E9E77109030010B5046894F85330A6
:100A40009A070CD4A37B1BB177214020F7F750FD08
:100A50000122A27384F84A20A4F8463010BD94F80D
:100A6000A8303BB9E37B0BB9FFF74BF8002384F8C0
:100A70003E31F3E723689B07F8D5FFF742F8236878
:100A800023F002032360F1E770B50568044604F023
:100A90003BF9054BE8721B6801461BB12046BDE8D7
:100AA0007040184770BD00BFD0780020024B1B6813
:100AB00003B11847704700BFCC78002010B50B7900
:100AC0004C790A68012843EA042108BF41F48031C7
:100AD000104610BDF0B51F4D2B78002414709BB14B
:100AE000013B6D68DBB21E1B012E0FDC05EBC4065B
:100AF00055F8347076688E4208BF874227D0B842D6
:100B000071EB060612D214700020F0BD1E1977108A
:100B100005EBC70E55F837C0DEF804708445C6F300
:100B200047068F412CBF33463446DCE705EBC30450
:100B300055F8335064688C4208BF854206D0A842FD
:100B400071EB040428BF01331370DDE71C461470F9
:100B50000120DAE7C472002010F0070208B503D0C4
:100B600063214820F7F7C4FC18B1034B1972586091
:100B70001A70C80008BD00BFC4720020014B0022DB
:100B80001A707047C4720020014B187A704700BF7A
:100B9000C472002007B5FFF791FF0DF10702FFF7C0
:100BA00099FF03B05DF804FB90F838300BB90020D2
:100BB000704790F83830012BF9D090F8380007389A
:100BC00018BF0120704790F83830012BDAB201D0FD
:100BD000FFF7EABF10467047024B1879003818BF7C
:100BE00001207047D472002030B50D4AFF231371E5
:100BF000D0E9065373B1D0E902140C44D9689D6161
:100C00002144D960816939B1CB610023C0E9063341
:100C1000137130BD1560F5E7002BF6D0D960F4E70D
:100C2000D472002010B5124AFF231371C16189B933
:100C30001368836103B1D8611060C1690023C36088
:100C400099B1CB687BB18468A3420AD230213720A6
:100C5000F7F74EFC8B6988618361002BEDD0D8617A
:100C6000EBE71B1BC3600023CB600023137110BD97
:100C7000D4720020034B1B68002003B9704718464C
:100C80009B69FAE7D47200200B4B00221B6830B539
:100C900004464FF0FF35104623B911B9002808BFAC
:100CA000104630BDDA68A24203D3AA423CBF1546C3
:100CB00018461A469B69EFE7D472002030B585B01C
:100CC0001546089BC01A099B61EB0304002C2146C2
:100CD00002DA404264EB440103AB00932A4602ABC4
:100CE00009F0FCFA002C039801DA00B1281A05B0CB
:100CF00030BDD4D470B50F4CFF232371036A1BB1F0
:100D000081689D68A94203D2E5213720F7F7F0FBFF
:100D1000C2698669DA619E6152B193619A691AB1BA
:100D2000D361C26811444A1BDA600023237170BD8D
:100D30002360F3E7D472002007B5002301A80193D4
:100D400009F0D8FC019810F0030018BF012003B08F
:100D50005DF804FB10B5FFF7EFFF002814BF142463
:100D6000002409F0A1FC404200F01400204410BD12
:100D700073B50C46B1F805101A29054621D9B4F807
:100D80000730B3F5A47F1CD3B4F801201A2A18D970
:100D9000B4F80340B4F5A47F13D30068009400F1C5
:100DA000A806E830FEF718FD30462C68FEF733FD44
:100DB00010B9012002B070BD04F25910FEF78CFD8D
:100DC000F7E70020F6E708B503689A7B1AB12621F9
:100DD000A320F7F78DFB21229A7308BD38B505686B
:100DE000AB7B213B022B04460BD8FFF7C1FF18B1A8
:100DF0002068062100F074FF002085F84A00A873DF
:100E000038BD0120FCE702681368D90610B5044616
:100E100003D4B821A320F7F76BFB990601D5B921BC
:100E2000F8E723F010031360FEF76BFE206806213D
:100E3000BDE8104000F054BFFF230B70074A0D239C
:100E40004B7082238B701368C1F803305368C1F86C
:100E500007309368C1F80B30704700BFDA7200208A
:100E600002481622002109F0D9BA00BFDA72002028
:100E7000F8B51C4D6B7D04469BB390F8A83023BB9E
:100E8000D0E97676FFF766FF94F82021164B33F809
:100E9000123066304FF47A7203F23F63B3FBF2F321
:100EA000DB1946F100061B18B4F8AA202A8046F187
:100EB00000066B60AE60E3886B8005F10C000B49A7
:100EC000BDE8F8400222FEF7C7BB4B0609D5B0F8D3
:100ED000AA302B80D0F878326B60D0F87C32AB60CF
:100EE000E9E7F8BDDA720020EC2D0400390E0300AA
:100EF00038B5054605F058FA00F55F4341334FF425
:100F00007A72B3FBF2F4FFF725FF033D00F1BE0355
:100F1000012D8CBF002028202344184438BD10B573
:100F2000044690F87900FFF7E3FF012201462046CE
:100F3000BDE81040FEF751BD094B53F8203070B5A5
:100F400003F523430C461646A1334FF47A72B3FBE4
:100F5000F2F505F021FA34442C44204470BD00BF62
:100F6000D82D04002DE9F04F8FB09A4600230A9344
:100F700090F821310793044688460692FCF7A8FDB5
:100F8000814694F82B01FDF743FD8144FFF7E2FE13
:100F9000E37B472B1FFA89F900F160063FD00D2B48
:100FA0003DD0A37BA3F147014B424B410393069BEA
:100FB000002B7CD1637B032B79D1039B002B62D068
:100FC000B4F8D03243455ED1D4F81832C4F80832B0
:100FD000D4F8C830B4F8EC21C4F80C32B4F88A3232
:100FE0001344C4F81032204603F0DCFD94F8295174
:100FF0003DB1D4F8D85241F64B539D428CBF0025E9
:10100000012594F8E43263B9D4F8C820D4F8D83272
:101010009A421ED0B4F8AA0003F0BFFE19E00123E3
:10102000C4E7B4F8AA0003F0B5FE20B940F242715B
:101030003020F7F75DFAB4F8E032A4F8DE30B4F807
:10104000E2328381B4F8D03243810025013B038230
:10105000C58194F82A31002B5DD1002D5CD1D4F8E4
:10106000D432C4F8D830B4F8D232A4F8DC30D4F892
:10107000D832C4F8C830D4F8DC32C4F8D0300223F7
:1010800084F82A516373A17B292954D0A1F12C0241
:1010900051425141E27B292A00D041B1B4F8D0320B
:1010A000A8EB03031B0402D4204602F053FFB4F85C
:1010B00088B294F821310893A8EB0B0B0FFA8BFB45
:1010C00004F51673BBF1000F0493BFBFD4E99C2352
:1010D000C4E9A023002384F82B32B8BF0123E7889A
:1010E000B8BF0493D54BA8BFCDF810A0A8EB070755
:1010F0001B783FB2B8BFBB4613B106F02BFAE0B97C
:101100000025637B032B00F22582DFE813F08100CA
:101110009B01DA00BF013DB14FF04D13C4F8E03040
:101120000023A4F8E4309AE74FF09613C4F8E030B7
:10113000A4F8E45093E70121ACE7B4F80032012BA6
:10114000DED9637B022BDBD094F82A32002BD7D177
:1011500094F82A31002BD3D194F82B01FDF758FCD9
:10116000637B00F5C869012B1FFA89F941D1A37C83
:10117000D4F8D850032B34D1D4F80C322B44494640
:10118000D4F80C02099306F0A9F9D4F80852099B87
:10119000D4F81022C4F80802451B494618465543A6
:1011A00006F09CF9D4F81432C4F81402C31A494664
:1011B000D4F8C8001D4406F091F9B4F8EC31D4F825
:1011C00010223B44A3EB0B039B1AD4F81822013BDB
:1011D000821A02FB03550123C4F8180284F82A324C
:1011E0008FE794F8211194F8E501FDF7C1FB43194D
:1011F000C5E7D4F8C800494606F070F9B4F8EC51D8
:10120000D4F818323D44A5EB0B05C31A5D43E2E761
:1012100094F8211194F8E501FDF7AAFB0746D4F8EC
:10122000D8004946384406F059F94946C4F8140232
:10123000D4F8C80006F052F90BA9C4F818020CA89B
:1012400004F046FF0B9B0093D4E9A001DDE90C23D9
:1012500006F026FA814604F1A800FFF760FED4F8F4
:101260008C3294F82101D4F8D8B00A9305F09CF898
:101270000A9BD4F81412203B5B445B1A9B1B3B4433
:10128000A3EB090300F523404FF47A72A130B0FBC1
:10129000F2F01B1A0A93B4F8DC3094F821013031D3
:1012A000324603EB4101FFF747FED4F88C220A9B3C
:1012B0009B1A2230DA2BC4F81C025CD840F2C741DA
:1012C000B6E6D4F8D830D4F80C024946184406F0F3
:1012D00005F94946C4F81402D4F8C80006F0FEF82F
:1012E000C4F8180204F1A800FFF719FED4F8D830AA
:1012F000D4F80C721F44B4F8EC31002B40F09A8003
:10130000BAF1000F00F0968094F8210105F04CF836
:10131000D4F81412D4F8783294F821217F1A203F9F
:101320001F44D4E99CBC464B53F82220A7EB0B0783
:101330004FF47A7302F2E732B2FBF3F21744BF1BA9
:1013400000F52340A130B0FBF3F03F1AD4F8083287
:10135000D4F8102294F821010A9702FB0311B4F883
:10136000DC30303103EB41013246FFF7E5FD01236C
:10137000C4F81C0263730A9BD4F818225B1BD4F8D0
:10138000C8500A937E3DAD1AD4F81C22AD1B95427D
:1013900028BF1546002284F85822D4E9A021D2188B
:1013A00041F10001C4E99A21C4F8E85104F1E800D0
:1013B000FEF7DDF9042384F86132D4E99A23284446
:1013C000C4E9A023C4F85C02A4F8888202F004FFF8
:1013D00020B1D4F85C321E33C4F85C32B4F8D83192
:1013E000A3EB08031BB2002BD4BF00220122520042
:1013F00084F86022039A002A40F0AF80BAF1000F0F
:1014000040F0AE80637B002B00F0C780D4F8C8109A
:10141000D4F8183204F51670C91AFDF759FA80B2DB
:10142000002800F0BA80189B03B1188001200FB08B
:10143000BDE8F08FD4F814127F1A87E7F07200200D
:10144000D82D0400D4F81802D4F8C830B4F8EC2130
:10145000D4F810121B1A0BFB03F30A93D4F81432BE
:101460003A44D4F80872521A3033013A07FB013378
:10147000B4F8DC1000FB023301EB430194F82101C6
:101480003246FFF759FDC4F81C0274E7D4F8C8309F
:1014900003FB0BF30A93BAF1000F1CD0B4F8EC2154
:1014A000CAB984F82B22D4F81892B4F8ECC109FB1D
:1014B0001B3E049BCDF828E073B3BCF1000F2BD189
:1014C000D4E99E32D4E99C01984271EB020208D320
:1014D00040F20E51ACE594F82B22002A7FF44BAF7A
:1014E000E1E70799364A52F82120D4E99C01CDE979
:1014F00004010498203B1B1A02F2E7314FF47A7B77
:1015000002F52342B1FBFBF10B44A132B2FBFBF22B
:101510009B1A9B1B73440A93674409FB07F73037F8
:101520007F00089832463946FFF706FDC4F81C02D2
:10153000D4F8C80041F64B5398423FF61CAF0AABB3
:101540000093324604F507733946FDF737FA84F8FD
:101550002B0210E740F226516AE5BAF1000F1CD0C9
:10156000B4F8000218B3B4F8021294F80422A4F8F4
:10157000021201FB0222904201F101050DDD002B58
:101580000BDD002384F86032A4F80252FEF744FA1F
:1015900000F00700013084F8040204F5167104F528
:1015A0000C7007F0BBF920B940F2765140E50146D6
:1015B000DBE7069B83F0010384F82832002036E73E
:1015C000D82D0400F0B5044685B018B9A521302007
:1015D000F6F78EFF052900F2CB80DFE801F003C4A7
:1015E0002A25C9BF90F82832C288A3B1B0F82632A4
:1015F000934208BFB0F8DC319A1AA0F8DE21E380EC
:10160000D4E99A232046C4E99C2302F037FD94F8DC
:101610004C3005B0F0BDB0F824329B1AA0F8DE3192
:10162000B0F824329BB2EAE705B0BDE8F04004F020
:1016300059BD06F02BF8D4E99C23801A61EB030115
:10164000012871F1000302DA40F20161BFE76FF097
:10165000010383424FF000038B4102DA40F2026142
:10166000B5E7D4F8C8300BB1B0FBF3F3E07BB4F8C6
:10167000262247280ED0A17B463901290AD90D28F8
:1016800008D0E1880B449BB2D11A0D0443D5013335
:101690009BB242E00132A4F82622B4F88A32E588EF
:1016A000344F0133A4F88A32B4F842301D44B4F800
:1016B0004030013DED1AADB203AE3B685BB1B4F80A
:1016C00026120139002289B220469847B4F8263202
:1016D0001844A4F82602B4F826126B1A18042CD465
:1016E000002300961A462046FFF73CFC012890D1C3
:1016F000B4F82622B4F8D811BDF80C301344521AAD
:1017000012049BB204D5EA1A12F4004F18BF0B461C
:10171000A4F82632D1E7013293B2A4F8263294F825
:101720002932002BB9D1B4F8DC31B4F82622934227
:1017300004BF0133A4F82632AFE7A37C0394002B47
:1017400014BF08233E23304684F83130FEF7B6FC40
:10175000204602F049FD002363735AE705B0BDE857
:10176000F040F9F779B9437B042BF4D0C6212EE77A
:10177000CB212CE7D478002013B500234373A0F8C5
:1017800088321A46009319460446FFF7EBFB20B156
:1017900040F2E7113020F6F7ABFE01236373C4F883
:1017A0001002C4F80802A4F82602A4F8240284F85F
:1017B0002902E388A4F88A02013BE38002B010BD4D
:1017C0002DE9F8430E46044618B9D3213020F6F728
:1017D0008FFE052900F2A780DFE801F00376413D86
:1017E000A52E06F0A1F8C4E95001204601F0A2FEA2
:1017F000D4F83401CB3805F04BFF204601F016FD3C
:10180000054600BB0146204601F07BFB00F1E506E2
:10181000D4F83401B04209D2301A322838BF32200D
:10182000032106F051F860B105F036FFC4F83461C9
:10183000204601F095FE45B12046BDE8F84301F091
:1018400090BE0125F2E70025F2E7D4E95023C4E970
:101850004A23BDE8F883BDE8F84304F043BC01F037
:1018600076FB042384F839318146884605F00EFF63
:1018700007220F46A9FB023102FB0811D4E94A52A4
:101880005B1941EB0205D4F810213AB159EA08027C
:1018900004D0984277EB050228BF012684F838610E
:1018A000D4E95226121A66EB070694F8581139B992
:1018B000012A76F100010BDA204601F055FE03E023
:1018C000012A76F10006F7DB002384F85031C0E7E7
:1018D000984277EB05010FD259EA08080CD01B1A81
:1018E00065EB07019A4276EB010005DB012B71F1F4
:1018F0000000A4BF1A460E460C490123914284F809
:1019000051314FF0000384F83031B341B8BF0A467B
:1019100004F1E80004F5987107F0ACF8002898D1BC
:1019200040F2B26152E7EF2150E700BF0040420FA2
:10193000F8B50D46D0F810110023D0E9506780F8B3
:101940001431044681F8E52180F85031D0F81001B7
:10195000FDF7FAF8D4F81001C0E99C67C0E9A06768
:10196000C0F88C52FFF708FF04F002F9BDE8F84018
:1019700006F0BABFD0F810017047D4D42DE9F8436F
:1019800004460E46154690F8503103F0FF07002B31
:1019900040F0948000F1E80839467822404608F08B
:1019A0003DFD47492246404606F0B2FFC4F81061AB
:1019B000FF2384F8503166B1FEF746F800F00700C7
:1019C000013086F804023F49324606F50C7006F0F5
:1019D0009FFF40F202434FF00009A4F8383184F829
:1019E000309105F0CDFD00F19E06204601F01EFC71
:1019F000B6B20146C0B3FCF76BF800F1280189B21A
:101A0000284605F06BFD2844C4F8340105F03EFE7D
:101A1000301841F10001C4E95001012084F814019B
:101A2000A4F8269001F09EFEE53D2D1AC4F8185149
:101A30004FF0FF356FF00041D4E95023C4E9525113
:101A40000025C4E94823C4E94A2384F8515142F2ED
:101A5000107204F59871404607F00CF838BB40F25C
:101A6000B9113020F6F744FD204601F04AFADFF8BC
:101A70005890E530C4F83401B9F8020048B1E08C60
:101A800038B1FDF7E1FFB9F80230B0FBF3F202FB29
:101A90001300064405F0FAFD361841F10001C4E9CF
:101AA0005061002DC4D0AD1941F10001C4E72946B1
:101AB000204601F085FD3846BDE8F8830C27FAE79B
:101AC000C1170300C5150300F072002038B50446A5
:101AD00090F850319BB1FF2380F85831012101F07B
:101AE0006FFD94F8503153B104F1E805284605F034
:101AF00085FE284605F096FE002384F8503100202C
:101B000038BDD4D4F0B5002385B0CDE9003303232C
:101B10008DF806306846F7F777FC88B1114E01233F
:101B200033710023CDE9023302238DF80E3002A871
:101B3000F7F76AFC044638B10023337105B0F0BDF5
:101B40000098FFF7C3FFE5E7029D6B7B002BEED00B
:101B500005F50C77384605F051FE384605F062FE73
:101B60006C73E4E7F0720020054B002201215A71EA
:101B700019701A7142F210725A80FFF7C3BF00BF8A
:101B8000F072002008B590F8582142B990F814215D
:101B900042B1D0E94631994202D901F0E5FC002278
:101BA000104608BD0122FBE708B503F0C9FC044B51
:101BB0009A6882422ABF1879002080F0010008BD8F
:101BC000F072002010B50446FFF7C4F8226A236CB7
:101BD0009A4228BF1A4600F5C1711046FDF706FF6C
:101BE000B0F5296F28BF4FF4296080B210BDD4D45E
:101BF000F0B5044685B090F84C3003F0FF05002B9B
:101C00006AD1437B032B67D105F040FDD4E99C23C7
:101C1000801A61EB0301012871F100035CDB6FF0B6
:101C20000103834275EB010104DA40F2AA5130202E
:101C3000F6F75EFCD4F8C820E3880AB1B0FBF2F2F4
:101C4000013313449BB2A4F82432B4F82422B4F82C
:101C5000DC319B1A1BB2002B3EDD04F50C7005F045
:101C6000CDFD002838D0FF2384F82932B4F8423063
:101C7000E5881A4E1D44B4F84030013DED1AADB26E
:101C80000DF10E0733686BB1B4F82412013900224C
:101C900089B220469847B4F8243210FA83F39BB2F5
:101CA000A4F82432B4F82432EB1A1B0414D4B4F888
:101CB000241200970023012289B22046FFF752F92F
:101CC000012809D1B4F82432BDF80E2012FA83F3AA
:101CD0009BB2A4F82432D5E705B0F0BDD47800203B
:101CE0002DE9F3470446062900F20481DFE811F0EC
:101CF000070086007500830089008E00FC00D0E993
:101D00009C01D4E99E23904271EB030354D294F8D2
:101D10002A32002B50D0637B032B4DD1FFF71AF8EA
:101D200094F821A18146FBF7D3FE064694F82B01D7
:101D3000FCF76EFE064494F82B01FCF769FED4E92B
:101D40009C23D4F87872D4F8E85180465046BF1AE4
:101D500004F022FB694A52F82A20A5F1600302F53B
:101D60002342A1324FF47A71B2FBF1F29B1AA3EB3A
:101D700009031B1A09F1890909EB5309B6B2603B43
:101D800008F5C86873431FFA88F8B3FBF8F36033AB
:101D90005A08A9EB53039F4202D391444F4501D9FE
:101DA00005F0DEFBD4F8C800314605F097FB0023B0
:101DB000C4F8180284F82A32514B1B7903F0FF0251
:101DC0005BB90092B4F8DC1101232046FFF7CAF892
:101DD00028B140F2CE6130202AE00423637303F07F
:101DE000C7FE06F081FDE288A4F826220023A4F8AD
:101DF0008A3284F8293202B0BDE8F08703234373A6
:101E0000F9E703F0A5FBC4E99E01F4E700F1A80897
:101E10001121B0F8AA00F7F7BDFA002862D094F8B3
:101E20002131022B5CD005D8012B08D0DC21B42055
:101E3000F6F75EFB033B012BF8D81E3000E00A30BA
:101E4000858894F82101DFF8B890C31E012B8CBF60
:101E500000272827FFF74CF86E30A842D4F8182244
:101E600034BF2B1A0023D4F8C85099188D4284BF70
:101E7000AD1AED1A99F8053007F1DC0798BF002577
:101E800023B9D4F8E8309D4228BF1D4604F1E8008C
:101E9000D4F8E861FDF76BFC0644022005F0E8FC8D
:101EA000AD1B25EAE575854228BF05460221284677
:101EB00005F00AFD10B105F0EFFB2E4401233A4670
:101EC00031464046FDF778FDD4F8E831C9F80800FE
:101ED000D4F8C800184402B0BDE8F04705F0D8BBFC
:101EE0001430ADE79625ACE7A83002B0BDE8F04766
:101EF000FFF715B840F29C716DE700BFD82D0400C4
:101F0000F0720020012A70B506460D4614460BD02B
:101F1000022A0ED08AB903F013FB22460146284656
:101F2000BDE87040FFF704BD03F00AFBC6F88C0261
:101F300070BDD0F88C120122F1E740F2C37130205D
:101F4000F6F7D6FA70B5044621B1012978D040F2EF
:101F5000D37172E000F0FBFF94F8513105460E4654
:101F6000DBB150EA010318D0D4E94832D4E950017A
:101F7000C01A61EB020133462A4608F0BBF905FBA3
:101F800001F300FB0633A5FB00021344D4E948210A
:101F9000121843EB0103C4E94823E08C30B1FDF78C
:101FA0003BFDE38CB0FBF3F202FB1300D4E94832B3
:101FB000ED1846EB02062D184FF0000346F100061F
:101FC00040F20242C4E94856C4E9505684F8303120
:101FD000A4F8382184F8513194F8583103F0FF0106
:101FE000DBB9D4E952026FF000439A4208BFB0F166
:101FF000FF3F18D02046D4E9505600F082FFD4E9C4
:102000005232E5305B1B62EB06021B1A62F10002E2
:10201000002A08DA204601F0A7FA03F0A9FDBDE87E
:10202000704006F061BC04F5987104F1E80006F018
:1020300075FC0028F1D14FF4E0613020F6F758FA32
:10204000002380F81431E8E790F85001003818BFF9
:10205000012070470B46812203F8032BB0F80920BA
:10206000A1F80320C27A9A7070470B468C2203F8BD
:10207000032BD0F80920C1F80320D0F80D205A60B6
:102080007047D4D4044B1A78012AD0B203D0187800
:10209000831E584258417047FC7200200D4B33F8A4
:1020A00011300239C9B2022910B598BF0A4C4FF459
:1020B0007A7203F2E733B3FBF2F300F1FF3298BF19
:1020C00034F811104FEAC21288BFF021134400FB0C
:1020D000013010BDEC2D0400B02C0400F0B5D9285F
:1020E000054628BFD9253035BDF81460ADB2FF2DA7
:1020F00006F0020728BFFF2516F00106044601F589
:10210000A57023D11FBB002B00F0CB80911EC9B25C
:1021100002299ABF7F4D35F8111040F64801084456
:10212000D92C40F28380D93C951EA4B2EDB2F721A0
:10213000002B00F0D680022D04F1F604B4FBF1F47C
:1021400000F2CC80744B33F815306DE0EFB1911E86
:10215000C9B202299BBF714D05EB41014FF41471C7
:10216000C9880144D01E012839D801F6144098309E
:10217000002E3CD0023AD2B2022A9BBF674B03EB3F
:102180004203C0235B8A184450E053B1911EC9B288
:1021900002299BBF614D05EB410140F64801898949
:1021A000DFE7032A06D1691D09B24FF4C87505EBB4
:1021B0008111D6E7042A06D1691D09B24FF4BF7513
:1021C00005EB0111CDE7022A0BBF05F10B0105F16B
:1021D0000A0109B209B20CBF8900C900C1E7022A8D
:1021E00014BF4FF4B070B4209C310844BFE7F3B182
:1021F000911EC9B202299ABF494D35F8111040F617
:102200004801D92C084411D9D93C951EA4B2EDB28D
:10221000F72163B3022D04F1F604B4FBF1F45DD8A9
:102220003E4B03EB45031B8B03FB0400F0BDF12C7D
:10223000214628BFF121032A06D1133109B24FF4F8
:10224000C87505EB8111DCE7042A06D1133109B208
:102250004FF4BF7505EB0111D3E7022A0BBF19310B
:10226000183109B209B20CBF8900C900C9E7022DB3
:10227000B4FBF1F3DBB23BD82A4931F8151001FB6E
:102280000300C3EB4311C3EBC103E41AA3B2002B59
:10229000CCD00833032A9BB22DD19B0103F21A4301
:1022A00071E7032A07D105352DB24FF4C87101EB50
:1022B0008515284434E7042A06D105352DB24FF49C
:1022C000BF7101EB0515F4E7022A0BBF0B350A3588
:1022D0002DB22DB20CBFAD00ED00EAE740F692132F
:1022E000A2E7022DB4FBF1F3DBB201D80E49C4E73B
:1022F00040F69211C3E7042A03D11B0103F546738C
:1023000041E7022A0BBF9B00DB0003F5BB7303F51B
:10231000CD7338E7BC2C0400C82C0400B02C04009A
:10232000BC2C0400C82C0400C82C040010B5294B98
:102330005A6AD2F80F30C0F8CC30537D117D1B049F
:1023400043EA0123D17C0B43C0F8D430B2F81930F2
:102350006FF45061591806298DBF40F2E241A3F590
:1023600050634FF47A714B4396BF4B4300210121D8
:1023700080F82A11C0F8C830937DF9B103EB8303CC
:1023800003EB83039B00A0F8DC30B2F81730F1B107
:1023900064214B43C0F8D830B2F81B30A0F8D030DD
:1023A000B2F81D30A0F8D23092F8243003F01F02AA
:1023B0005B0980F8232080F82B3110BDC3EB431458
:1023C00003EB840303EB83035B009BB2DBE740F288
:1023D000E241DEE7FC720020074A0346506AD3F868
:1023E0006920C0F80320B3F86D20A0F8072093F807
:1023F0006810FCF7D7BC00BFFC7200208B88F7B5D3
:1024000013F0180506460C461FD1086820B940F2A3
:10241000EA312D20F6F76CF801F074F9217C677C25
:10242000FFF73CFEA388009301462B463A46304610
:10243000FFF754FED4E90223BB30824273F100035C
:102440002CBF0120002003B0F0BD0120FBE738B510
:102450000B46882203F8032B0C4600F109022930B1
:1024600052F8041B43F8041B8242F9D112781A7007
:10247000A5880123A37102212846F6F78BFF58B1E6
:10248000E3784BB102212846F6F79AFF20B140F2DB
:1024900033212D20F6F72CF838BDD4D4D0F8803075
:1024A00073B50BB101221A604388DB0727D50023DF
:1024B000CDE90033134E056A02238DF80630FF2361
:1024C00033776846F6F7A0FFC8B9009CA542F8D05C
:1024D00095F8B32094F8B30005F1B40304F1B40106
:1024E000FBF76EFE0028ECD094F8AC303377D4F8CC
:1024F000AD30C6F81D30044BB4F8B1209A8002B05C
:1025000070BD00BFFC7200201973002038B5084D63
:10251000044600F169010623686A0022FCF724FDE5
:1025200094F86810686ABDE83840FCF73BBC00BF0F
:10253000FC72002070B504460D4617301946164649
:10254000FCF78EFB84F8205184F82151FF2384F896
:102550002231E91E01298CBF0021012104F1E8008C
:10256000FDF741F9314604F1A800FCF71DFA94F893
:102570002A31002B14BF4D239623A4F8E230A4F88F
:10258000E0300023A4F8E43070BDD4D470B5044624
:102590000E466588407F15F00401134618BF04F10C
:1025A00077013246FCF7A8F84107054621D4C20757
:1025B0000BD5012384F86830607FFCF735F9036898
:1025C000C4F869308388A4F86D30AB0701D40120CA
:1025D00070BD094B586AD4F87730012184F8761021
:1025E000C0F80930B4F87B30A0F80D30FCF7E3FBFD
:1025F000EDE70020ECE700BFFC72002010B50446B8
:10260000084694F8D8306BBB237884F8D930082971
:1026100004F1DB0216D004F1DA01FCF739F820B935
:102620004FF477612D20F5F763FF94F8DA3043F02B
:10263000020384F8DA3004F1D0000B49BDE8104001
:10264000FCF7CEBF094B586A034613F8031BC1F3CE
:10265000801184F8DA10D0F80310C4F8DB109B88DE
:102660009380E8E710BD00BF6B200300FC720020E0
:1026700070B504460E461546FBF7AEF998B92378B7
:1026800084F8C030637CA4F8C16084F8BF500BB1FB
:1026900094F8483084F8C33004F1B6000249BDE82C
:1026A0007040FCF79DBF70BDED2A030038B5B0F84F
:1026B00048301B4D0133C3F30E03A0F848302B7B89
:1026C00004462BB103F006FC02F0E2FB00232B735F
:1026D00000232B7094F889302BB101212046BDE8EE
:1026E0003840FFF72FBC637CC3B1B4F848209A424E
:1026F00014D301212046FFF725FC6388DB0748BF80
:10270000236A204644BFB3F8AA104322BDE83840EC
:102710005CBF43224FF6FF71FFF7AABF0021DDE740
:10272000FC72002010B5FFF7ADFC064C28B1237BEE
:102730001BB103F0CFFB02F0ABFBA06ABDE8104079
:10274000FFF7B4BFFC7200202DE9F0410746FFF708
:1027500099FC054620B940F682412D20F5F7C8FEC8
:10276000214CA26A166A0EB196F829611FB3616AFC
:1027700011F8097B02F16903F80992F86820FBF768
:102780001FFDC0B1606A3146FCF73DFB98B1A56AF8
:10279000FFF778FC10B940F65C41DEE72378E26A87
:1027A00003F180435269013B284652F8233007F079
:1027B0000F0198470546237B1BB103F08BFB02F00A
:1027C00067FB7DB1A06AFFF7DDF930B103F032F9A4
:1027D000E36ABDE8F0419B681847A06ABDE8F04194
:1027E000FFF764BFBDE8F081FC720020074A034692
:1027F000906A03B909B9FFF759BF1378D26A03F198
:1028000080431269033B52F823301847FC720020C2
:102810002DE9F043032985B00546174607D14388C3
:10282000980723D40024204605B0BDE8F0834288F1
:1028300090F88830D107DBB2F4D5002BF2D14FF0FD
:102840000108DFF8D49099F80C60C6B1FBF738FFA7
:102850000828387016D002AA0DF10701FBF718FFFF
:1028600038B940F6F7612D20F5F742FE4FF0020827
:10287000E7E79DF8070002A9FEF78CF906463B78CA
:10288000082B08D1D9F8241011F8030BC0F38010DD
:10289000FEF780F90646D9F8241095F86F2011F854
:1028A000030B05F17003C0F38010FBF789FCD9F826
:1028B0002410044611F8030BC0F38010FBF7DEFE72
:1028C0008146FBF7C3FF40B1B9F1080F1BD0484662
:1028D000FBF7F0FD80F00103D8B23A78082A14D053
:1028E0001CB96C7FA21A544254416A8853079AD487
:1028F000002897D176B9EC7C444518BF002C0CBF5A
:10290000012400248FE70020E7E780F00102224045
:10291000D4B2EAE7344686E7FC72002070B50D4673
:10292000044691F82911D5F8C8001646FCF75BF863
:10293000B5F8D030A4F8AE30B5F8D230A4F8AC0079
:10294000A4F8B03095F82B3184F8B230237F04F12D
:10295000A00273B394F86830012B2AD194F86E303A
:1029600003F0C003402B24D1D4F86930C4F8A03060
:10297000B4F86D309380236A93F8AC2084F89920E2
:10298000082E03F1AD0004F1A601D3F8AD3004F137
:102990009A0219D0C4F8A63083888B80304604F19F
:1029A0009901FBF775FE40B940F6E2312D20F5F7AD
:1029B0009FFD0023C4F8A030DCE794F8993043F081
:1029C000020384F8993070BDC4F89A3083889380EC
:1029D0000023C4F8A6308B80F5E7D4D42DE9FF415D
:1029E00008230DF10702052104468DF80730FFF793
:1029F0000FFF054620B90025284604B0BDE8F08148
:102A0000F9F7D2FE06460028F5D1344F216A7A6ADA
:102A100091F817C010460DF1080810F8033BC3F3F6
:102A2000401303EA0C03CB75D2F80330C1F8AD3084
:102A30008388A1F8B1301146D4F820C011F81F3BAB
:102A4000C3F380138CF8AC30D2F81F000B790290DE
:102A500060468DF80C30FFF769FC94F91220206A6B
:102A600043460121FFF766FD216A84F89560B1F8BD
:102A7000AA30A4F89630FF2384F8B3304FF6FF73E2
:102A80009DF80720A4F8B4302046FFF747FF14490B
:102A900004F18C00FCF7A4FDFAF79EFF60B9236AED
:102AA0001049B3F8AA20A4F8CD20DB7D84F8CF30FC
:102AB00004F1C400FCF794FD236A0022B3F8AA10C5
:102AC0002046FFF7D5FD084B1B6800223A70002B0B
:102AD00092D0206A214698478EE700BFFC72002002
:102AE0004F24030055200300DC7800200B468B2286
:102AF00010B503F8032BD0F80920C1F80320427B5E
:102B00001A71CB78A3B130F8B43C1B0710D4B1F8DC
:102B1000054002212046F6F73DFC48B1022120463F
:102B2000F6F74EFC20B140F276212D20F5F7E0FCBF
:102B300010BDD4D4032973B5044604D0052927D089
:102B4000012002B070BD08230DF107028DF8073097
:102B5000FFF75EFE0028F3D0237C23B19DF8071019
:102B60002046FFF74BFD0F4D6B6A062204265A7074
:102B70001E702046FFF730FC686A94F85C20A16D57
:102B8000FCF732F9686A2E7003F0C2F80020D8E72B
:102B9000054B1B68002BF9D0984780F00100C0B2AC
:102BA000CFE700BFFC720020D8780020F8B50446BB
:102BB0000F4619B300F13005284600F08CFDA0B98E
:102BC00063881A072ED5284600F09CFD0646284645
:102BD00000F081FD301AC0B200F0C4FD474A5368CE
:102BE00003442846536000F052FD284600F054FD8F
:102BF00002F0DEFD2179252002F0CEFC3F4E94F854
:102C00007620706A0023037043706388103B0D2B9D
:102C100064D8DFE803F05F635B0C63406363636366
:102C2000636363402046BDE8F840FFF73FBD0623DD
:102C30004370202303702046FFF7CEFB638823F008
:102C400008039BB2152B05D094F85420216D706AAF
:102C5000FCF7BBF8706A03F05BF80323217933704B
:102C6000002002F0B3FD054607B9B06063881B077A
:102C700004D500F054FD0544C4F81C516388103B92
:102C80000D2B36D8DFE803F038352F2F352F3535AB
:102C900035353535352F0C2343700346212103F894
:102CA000091B52B1D4F87720C0F80920B4F87B2072
:102CB0009A800121FCF77FF8BDE7226FC0F8092058
:102CC000B4F874209A8094F86F10F3E70623037029
:102CD0004370B0E7022303700623F9E740F259611D
:102CE0002D20F5F705FC21790120BDE8F84003F01F
:102CF00023B940F6F541F3E7F8BD00BFFC720020B0
:102D000038B54388102B044604D1BDE83840012172
:102D1000FFF74CBF0B4D2B7B23B102F09BF84020FB
:102D200003F0CCF8686A02F0F3FF608810F004004A
:102D300002D1217903F000F9002003F059F80123B2
:102D40002B7038BDFC7200200121FFF72FBFFFF769
:102D5000FBBFD4D4024B0121986AFFF727BF00BF05
:102D6000FC72002010B5144C237B1BB103F0B2F8A9
:102D700002F08EF8A06AFEF705FFA16A18B14B8831
:102D800003F0180323B9BDE810400846FFF78EBCD6
:102D9000FFF778F920B940F686312D20F5F7A8FB2A
:102DA0002378E26A03F18043D268013BBDE810401A
:102DB00052F8233008461847FC72002008B590F8F6
:102DC00094300BB1012008BD90F8CC30002BF9D124
:102DD00090F8BE3003F0FF00002BF4D0FAF7FCFDB2
:102DE00080F00100C0B2EEE710B50648037803F0AA
:102DF000FF042BB92422214607F010FB204610BD0A
:102E00000C24FBE7FC72002010B50A4C0023237051
:102E1000FAF7D4FD6062FFF7E7FF20B14FF442718B
:102E20002D20F5F765FBE36A13B940F20B31F7E7A4
:102E300010BD00BFFC72002030B54FF4B07285B0F9
:102E400004460D46002107F0E9FAFF2323701323FF
:102E5000638042F21073E384F6F704FC002201461B
:102E6000E0646846F6F748FCE06C00220121F6F7C2
:102E7000DCFCE16C04226846F6F73EFC0022E06CC4
:102E80001146F6F7D2FC04F13000A57400F0E4FB23
:102E900002A8FBF783FE20B94FF449712D20F5F706
:102EA00027FB02A904F13600FBF7DAFE05B030BDBE
:102EB000FF23C86C0B70F6F703BCD4D4014B024A55
:102EC000DA627047FC720020D8350300044B054AD3
:102ED0001A60054B054A1A60054B064A1A6070478E
:102EE000D8780020DD290300DC780020051F0300CE
:102EF000E0780020693203000078FF3818BF012015
:102F00007047F7B5044630300E4600F0FBFB618891
:102F1000CA06074605D5282200F004FC6D3003B030
:102F2000F0BD8B07E06C0FD5F6F71FFD2179054644
:102F30003846FFF7B3F86388009301466279334659
:102F40002846FFF7CBF8E9E7F6F7FFFCEEE7D0E914
:102F5000020170472DE9F041067DB31EDBB2012B63
:102F600006F0FD068CBF4FF000084FF00108371E39
:102F700018BF0127012B04461AD800F1700190F800
:102F80006F00FBF77BFB054663889B0617D4082D73
:102F900010D186B3FAF720FDB8BBE37E93B3D4F823
:102FA0001530C4F86930B4F81930A4F86D3006E073
:102FB0000825E9E72846FBF789FA0028E9D1657773
:102FC00084F81C8084F86870FBF752FB054604F017
:102FD0005DFB104B0022E5FB0301C4E9180184F8F6
:102FE000762011462046FFF7D1FA60B940F2A3419E
:102FF0002D20F5F77DFA04F169013046FBF7C6F89C
:103000000028DCD10020BDE8F08104F16901012035
:10301000F4E700BF40420F002DE9F04F07460C4691
:1030200005460FCF9DB010AE0FC60FCF0FC697E865
:103030000F000DF1200886E80F0040466E7900F081
:103040000BFBA37A277D03932378049363787A1E7E
:1030500003F07F0A022AD14600F28380D90603D406
:10306000A67D731E022B7CD8637E03F0FD03012B2B
:1030700002D1032F08BF0427A37E03F0FD03012B19
:1030800002D1032E08BF0426617A404600F0EBFA15
:10309000237D227F022B08BF617D02F1010206BF62
:1030A0000131C9B20121D2B2404600F0DEFA1AF075
:1030B000080F6CD1404600F025FB6378DA068346A2
:1030C00054D4F6F701FB394682465846FEF7E6FF30
:1030D000CDF800900146012332465046FEF7FEFF30
:1030E0002179E37843EA0123617940F2712243EACE
:1030F000014300F524705343B0FBF2F05043984273
:1031000039D84FF0000B94F818A00793A37C0593CF
:103110000AF1FF33D3F1000AE86C4AEB030AF6F731
:1031200014FC0690E86CF6F720FC0699079B814298
:1031300038BF014688B268B308A90A910AA90C935E
:103140000693ADF82C90CDF834B08DF838708DF82A
:103150003960FFF753F9069BE0B945201DB0BDE883
:10316000F08F40F212310620F5F7C2F928224946C5
:1031700000F0D8FAB4E7E179A37943EA0123217A90
:1031800043EA01435343834228BF0346B9E7002380
:103190009B46B8E7CDE9123B059B8DF85330049A66
:1031A000039B8DF844708DF845608DF850A08DF824
:1031B00054308DF84020ADF8429010AF0FCF2E461E
:1031C0000FC60FCF0FC697E80F0086E80F0098E8EC
:1031D00003002863A986E37A03F0FD03003B18BFD0
:1031E000012385F86F30E3682B67238AA5F87430D4
:1031F000E27D95F8463062F3071385F846300020EB
:10320000ACE74FF40043A0F8483043881D2B08BFBB
:1032100000214174704790F912007047408800F017
:10322000010070478078C0F3400070478078C0F399
:10323000C000704710B54488C06CE30654BFC4F3A7
:1032400040040024F6F778FB84F001042043C0B268
:1032500010BD4079C31E012B05D8B1F81E31012BDA
:1032600014BF0320042070472DE9F04385B00823E4
:103270000DF10702052104468DF80730FFF7C8FA63
:10328000002879D0F9F790FA002875D13C4D206AD2
:10329000FFF74CF86B6A02AFD3F81F0093F82320B6
:1032A00002903A71226AD3F80310C2F8AD10B3F855
:1032B0000710A2F8B1101B78206AC3F3801380F8BE
:1032C000AC30304B1B6813B1012221469847D4F82B
:1032D0002080686A98F8AC900E234370C378082663
:1032E00003F03F03C37000224FF003010670FBF7A9
:1032F0005AFE2046FFF70AF9686A4946FBF75BFD6C
:103300000623012208F1AD01686AFBF72DFE617901
:10331000FF2002F041F9686A02F0FAFCD4F820803C
:1033200020464146FFF795FF94F9122001463B469F
:103330004046FFF7FFF8216A9DF80720002384F834
:103340009530B1F8AA30A4F89630FF2384F8B33052
:103350004FF6FF73A4F8B4302046FFF7DFFA236A74
:103360002E70B3F8AA20A4F8CD20DB7D84F8CF30EE
:10337000012005B0BDE8F0832046FFF797F9F7E795
:10338000FC720020DC78002010B50446FCF744FBFA
:10339000C0F30B00A042F9D010BDD4D42DE9FF41F9
:1033A000564F3A78044602F0FF0312B90278FF2A1A
:1033B00004D140F6DD112D20F5F79AF87B60FB81F2
:1033C0007B7380F889304E4B00934E4B01934E4BEC
:1033D0000293FB6A68465B68039302F083FC02F089
:1033E00085F902F077FD01F053FD484802F0D6F967
:1033F00004F13005464802F06FFC284600F047F91A
:10340000284600F049F902F0D3F92179252002F08D
:10341000C3F894F9120002F0BBF904F15001E06C1A
:10342000F6F728FA04F158010646E06CF6F749FA77
:103430008046002E3AD094F82430BBB3B4F94850FB
:10344000ED43ED0F237F13B963885B0709D5D4E9FA
:1034500018126FF000439A4208BFB1F1FF3F2FD11D
:10346000ADBB94F88B301BB946EA0806F6B2AEB194
:10347000638813F0100511D1606CC0F30B20FFF7C7
:1034800083FF94F8463084F8450023F00F03C0F31F
:103490000320034384F8463084F88B50786A033065
:1034A000FBF718F9387304B0BDE8F081B8F1000FEC
:1034B00004D094F82550002DC0D1C3E74546C1E79C
:1034C00004F0E4F8D4E9182390429941C8D30122CA
:1034D00029462046FFF75AF850B1FBF7C9F80546D0
:1034E00004F0D4F80B4BE5FB0301C4E91801B8E77D
:1034F000002DB6D040F61C215DE700BFFC72002015
:10350000652D030049270300ED270300D6BE898EF1
:103510005555550040420F0010B50446FFF73EFFD9
:1035200020460021FFF742FB2046BDE81040FEF791
:10353000B5BFD4D4024B9862DB6A1B68184700BF42
:10354000FC72002090F86830016281F8B330D0F846
:103550006930C1F8B430B0F86D30A1F8B8307047B8
:103560007047FFF7A3B8D4D443881A0710B50446B0
:1035700012D5036A11493C2280F89520B3F8AA308D
:10358000A0F89630FF2380F8B3304FF6FF73A0F811
:10359000B4308C30FCF724F86388DB0743BF236A20
:1035A0003C22B3F8AA103C2258BF4FF6FF712046C8
:1035B000FFF75EF8FF2384F8893010BD4F24030025
:1035C00080F888107047D4D4492D0300012D0300E2
:1035D0004F2D0300352B0300193503002527030069
:1035E000552D0300C8350300CC350300D435030046
:1035F0008278034612F0010002D0D978C90710D5AD
:10360000900702D5D97889070AD512F0040008D0AE
:10361000D878C0F3800080F001008000C0B270470D
:1036200002207047C0F34002C0F38003134400F04F
:10363000010018447047022808B507D0042807D0B5
:10364000012807D039212E20F4F752FF262008BD8B
:103650002720FCE72520FAE70023C0F802300123E9
:103660004370037070478170704710B542700170ED
:1036700080781446FFF7D6FF10FB01F010FB04F230
:10368000FE2A03DD5C212E20F4F732FF10BD00235B
:10369000C37043710371704710B50446FFF7A8FF6C
:1036A000637962780133DBB29A4263710FD1E378B8
:1036B000A1780343DBB29942E37008BF23794FF04E
:1036C000000208BF0133627104BFE2702371BDE8DC
:1036D0001040FFF7B0BF38B501468078FFF7A2FF72
:1036E0000446C8784D78FFF79DFF0A790B789B1A3E
:1036F00013FB05F34A7913FB04F39B1A00FB153007
:10370000C0B238BD08B501468078FFF78BFF4B7813
:103710000A7813FB02F313FB00F0C0B208BD40F2BD
:10372000EF2070470138022808B503D9C4212F20A3
:10373000F4F7DEFE13290A4B05D811290CD81029FD
:1037400007D0D221F3E71529FBD103EB4003D8883A
:1037500001E033F8100008BD03EB40039889FAE755
:10376000D22C040040F25A33584370472C4A38B5E3
:10377000948803461C43402B1068948004D1042194
:10378000BDE83840FEF7ACBA802B01D10521F7E740
:1037900003F00304032C04D140F6A4313120F4F7E4
:1037A000A7FEDD0706D50C6891602478062C1AD098
:1037B0000B2C22D09C0711D50C6821781173072996
:1037C00029D00B2922D0052908D1C17B182905D180
:1037D00000240025C0E91E45012101759B0644BF58
:1037E0000823537338BDC47B1C2CE3D1002400256F
:1037F000C0E91C450124C474DCE7C47B122C01BF62
:103800000024C474012480F85240D3E7C17B1129FD
:10381000E4D10021E1E7617880F8A010DEE700BF85
:103820002C7300200C4A517B034689B910683BB9C0
:10383000B0F81011B0F8F420914209D8FEF7B4B9ED
:1038400093881B0706D5007C083818BF01207047F5
:1038500000207047012070472C73002073B5044688
:103860000068036813F0300F0D4649D1B1F8051018
:103870001A2904D9B5F80730B3F5A47F06D2297800
:10388000204602B0BDE87040FCF76BB9B5F80120E6
:103890001A2AF4D9B5F80360B6F5A47FEFD30096E1
:1038A000E830FBF799FF174B9A8892070DD51B7BE1
:1038B000142B0AD12268136843F0100313602046CA
:1038C000FCF70DF9002002B070BD23689A7B212A15
:1038D000F0D093F82F31002BECD1236893F82E31E0
:1038E000002BE7D123681A68B3F8AA0042F020023F
:1038F0001A6003F1E80103F5B172FBF7F3FFDEE7AD
:103900000120E0E72C73002008B50368DA7B182A51
:1039100004D040F27E513120F4F7EAFD1E22DA7322
:1039200008BD08B590F89E30FE2B04D040F66F110C
:103930003120F4F7DDFD002380F89E1080F89F30E1
:1039400012B9A0F84E2008BDA0F84630012380F837
:103950004A30F8E708B50368DA7B352A05D100223A
:10396000DA73BDE80840FCF7CCB8182A02D11E2251
:10397000DA7308BD40F293513120F4F7B9FD037DAD
:1039800063B9C37BA3F11002032A07D990F8520050
:1039900028B1202B8CBF00200120704701207047E8
:1039A000037D63B9837BA3F11002032A07D990F842
:1039B000520028B1202B8CBF00200120704701202D
:1039C0007047D4D42DE9F843854D06462C6800286D
:1039D00040F0C480AB88190746D594F89E302A2B56
:1039E00016D00CD81C2B13D0222B18D094F89E3054
:1039F000FE2B20D140F2FB513120F4F779FD3C2B16
:103A0000F4D1784B1B68002BF0D028469847EDE79F
:103A1000002384F841317248FCF759F8E6E784F84E
:103A20004201714B1B68002BF5D004F5A17104F124
:103A3000A4009847EFE7FE2384F89E30E37B1E2B1B
:103A400006D10027664884F85170FCF75AF8E773EE
:103A5000A37B242B2AD0372B30D0237C082B02BF0A
:103A60000223AB7384F89E30AB88DA074FD5D5F8C4
:103A70000080A96898F80F30D1F80090113B0F2B07
:103A800099F800700BD8BB1EDBB2092B00F2A680A0
:103A900040F2333222FA03F3DB0740F19F800979C9
:103AA0003846FBF7D5FA88B9394680E0E37B243BFA
:103AB000072B94BF2B232523A373CEE7012384F880
:103AC000C5320023A37384F84A30C6E7012F01D919
:103AD000162F4ED198F80E00FCF733F840B198F845
:103AE0000E30242B04D0252B34D12B2388F80E3014
:103AF0003846FCF77FFA0346002849D1FF2FD3D17F
:103B00002B69002B51D02B68012283F8C622AB8889
:103B1000580704D5227C072A04BF0122AA739907FB
:103B20004CD5287B2B6801220D2883F89F2042D09A
:103B300011284CD007284CD0FCF766FA0346002821
:103B40003AD12A7BFF2A46D12A683721917382F81D
:103B5000C40233E0162F14BF022620266B7B1B07FE
:103B600004D5E37B113B0F2B98BF08263046BDE8F8
:103B7000F883112F15D005D8072F14D00D2FB7D1EA
:103B80001A4B05E0142FB3D1194B1B68002B8BD0B7
:103B9000AA6813481279494698470028B7D00646C4
:103BA000DCE7144BF4E7144BF2E799F800100C48EB
:103BB000FBF7D7FFF1E7114B09489847AB88DA06C6
:103BC000CCD5E37B0A2BC9D10B23E373C6E70C4B9F
:103BD000F2E70C4BF0E740F2EE510DE70826BDE7A7
:103BE0002C7300202C79002008790020FD3D030073
:103BF000E8780020493E0300653E030009390300D0
:103C000055390300093C030010B503689A7B93F80B
:103C1000A010092A08D193F899208A4204D10022E1
:103C20009A7383F84A2010BD1A6812F0080406D06F
:103C300022F00802BDE810401A60FBF762BFFF29BE
:103C400004D137229A7383F8C442ECE74FF4AF6192
:103C50003120F4F74DFC38B513680E3814460D4684
:103C60009A7B09283ED8DFE800F0053D3D3D0F3D39
:103C7000183D3D27042A05D12046FBF728FF2046A2
:103C8000FCF792FD002038BD0F2AFBD10022204610
:103C90001146BDE83840FCF7FBBD212AF2D1204691
:103CA000FBF715FF002DEDD0226892F8623023F06B
:103CB000200382F86230E5E7DA7B272AE2D100258B
:103CC000DD732046FBF71DFF236893F83831012B85
:103CD00003D129462046F9F7E3FF2368002283F841
:103CE0003821CFE740F262213120F4F701FCD4D42F
:103CF000002908BF1F21262870B50346144639D86D
:103D00001C2806D8A0F10E03DBB2092B1CD9002019
:103D100070BDA0F11D02092AF9D801A050F822F0C7
:103D2000B13D03000F3D03000F3D0300C13D030003
:103D30000F3D03000F3D03009B3D03009B3D03002F
:103D40009B3D0300CF3D030001259D4040F25126DD
:103D5000354015D1082BDAD11668B37B252B14D149
:103D60002046F9F79DFF86F838510023B37386F893
:103D70004A30CCE73B2832D03E28C8D1194B27E047
:103D8000BDE870400021FFF766BF2B2BBFD1F37B4E
:103D9000243B072BE9D92A21E2E7134A1568002DB5
:103DA000B5D00A46204619462B46BDE87040184754
:103DB0000E4B1B68002BAAD00A461D212046F4E7B3
:103DC0000B4B1B68002BA2D00A462021F6E7094BBB
:103DD0001B68002B9BD02046BDE870401847064B5F
:103DE000F6E700BF18790020EC780020F878002072
:103DF000007900200C790020347900200246006808
:103E00004978837B212B15D00CD8042B14D00F2B91
:103E100014D0C07B272815D0332B0CBF2620FE20C2
:103E2000FFF766BF2B2B03D02D2B09D0252BF0D10C
:103E30001620F5E71420F3E70E20F1E71220EFE754
:103E40002320EDE71720EBE7024600680B4690F8C9
:103E5000621041F0040180F8621099785878FFF7F9
:103E600047BFD4D470B54B780268262B04465CD08B
:103E70001DD81D2B957B54D00FD8A3F10E02D2B2C2
:103E8000092A08D8012101FA02F640F2512006421F
:103E900020D1082A24D0002070BD232BFBD12D2D4A
:103EA000F9D1254B1B68002BF5D09847F3E73E2B43
:103EB0003DD005D82B2B3CD03B2BECD11F4BF1E751
:103EC000FF2BE8D11E4B1B69002BE4D0012382F8A5
:103ED000C632E0E722461846BDE87040FFF7BBBE99
:103EE000252D01D02B2DD6D12046FBF7F0FD2368E0
:103EF000DA7B262ACFD093F8632022F0010283F8E0
:103F00006320226892F8633023F0080382F863305C
:103F10001A212046F9F7C4FE2368002283F83821CD
:103F2000B9E7362DB7D1074BBCE7074BBAE7074BCC
:103F3000B8E7074BB6E700BFF078002038790020DB
:103F40002C730020FC780020107900201C790020C0
:103F5000247900202DE9F34790F8D28290F8D362BB
:103F600004460D46B8F1000F3BD190F82071002EA9
:103F700039D194F821A184F8207184F821A1FF237C
:103F800084F822311A4B1B6804F1A80913B1394691
:103F900048469847174B1B6823B101943A4651464F
:103FA00001A8984794F83831012B02D058EA060648
:103FB00003D0237B43F0010323734846FBF72BFC1C
:103FC00018B1237B43F00203237306212046FDF73B
:103FD00087FE002384F838313DB1A37302B0BDE8F9
:103FE000F0874746C3E7B246C5E7E573F6E700BF8B
:103FF000F47800202879002038B50C460546D1E930
:104000003001F5F7A7FA637B3BB104F50C74204649
:1040100003F0F4FB204603F005FC0D212846F5F7DC
:10402000CFF90E212846F5F7CBF910212846F5F7F0
:10403000C7F90F212846F5F7C3F911212846F5F7EE
:10404000BFF928461221BDE83840F5F7B9B9D4D4F4
:10405000024B0020C3E90400704700BF2C7300200E
:1040600008B5054B0022C3E90422FBF7A1FDBDE81A
:104070000840FCF7FDB900BF2C73002073B5514D0B
:10408000002604462860AE806E73AE73FF2380F86E
:104090004C30B0F8DA31002B00F0828090F89E307E
:1040A000FE2B7DD190F82C31002B79D0037C073B7F
:1040B000012B75D990F82D31A0F8446080F8A0301C
:1040C00002210122FFF72DFC84F8E261022128463B
:1040D000FBF7FAFDB4F8DE11B4F8E021B4F8DE30F5
:1040E000013989B2B1FBF3F31344A4F8E031B4F819
:1040F00040300B44A4F840302046FFF740FC10B19C
:10410000636B0B446363B4F8DA31012B9CBF01335A
:10411000A4F8DA31002609B184F8E661E37B84F87B
:10412000E2610A3B012B0FD8E388B4F8D0229B1A36
:10413000190409D404F2D22104F11700FAF790FD12
:10414000E673FF2384F84B30B4F8DE2104F1A801B4
:104150002046FAF7CBFDE37B1B491C4A113B0F2B92
:104160008CBF0023012300932868194BF6F71EFB30
:10417000696911B1287E01F083FE2C68237BDA0780
:1041800003D510480021F9F78BFD237B9B0703D54E
:1041900004F25910FBF7A0FB0023237302B070BD9B
:1041A00094F89E10FE2901D0064891E7094B1E683D
:1041B000002E8FD003F0B8FB02460B460148B047F3
:1041C00088E700BF2C7300206D37030025380300FB
:1041D000014203003C790020024B1869003818BFE7
:1041E000012070472C7300200022C281827490F855
:1041F0004C3013B10221FDF773BD0321FBE7D4D48A
:104200002DE9F04FDFF85C860F46B8F80410D8F8B7
:1042100000408D0556BFB4F840200023013287B01E
:10422000814646BFA4F8403084F8E631A4F8402027
:104230002046FFF7A4FB38B10B4604F5A87204F141
:10424000A8012046FCF778FBB8F8043003F4C063FB
:1042500033B1A37C002B00F0A080032B00F0A380DF
:10426000A27CB8F80430012A03D1180544BF022209
:10427000A274B9F1000F40F04C8159065DBFB4F84B
:104280000022013292B24A46A4F8002203F00A0248
:104290000A2A0FD198F80C20022A0BD123F0080328
:1042A0003846A8F80430FFF78DFB08233843C7B21F
:1042B000A8F804303846FFF785FBD8F810303843AB
:1042C000C7B2002B50D01422002101A806F0A6F896
:1042D00094F8210102F068F8054694F8210102F0F3
:1042E0005BF805F5FA754FF47A73B5FBF3F5B4F89E
:1042F000AA30ADF804300544E38894F82911D4F8C5
:10430000C800ADF80830ADF80A50FAF76CFB94F825
:10431000C632ADF8060033B1D8F808301A689B8869
:1043200004928DF814309DF80C3094F8C52262F395
:1043300000038DF80C3001A8D8F810309847049A83
:10434000002384F8C63284F8C5326AB194F8C432C6
:1043500053B9A37B372B07D09DF8143023B11178C4
:10436000FF2924D11B2B29D9D8F8006096F89E305C
:10437000FE2B49D1002F47D1337C073B012B43D97A
:1043800096F82C3113B396F82D31A6F8447086F8C0
:10439000A030012202213046E4E10121A17420462F
:1043A000FDF79EFC5CE70223A3740121F7E70729D0
:1043B000DAD1022BD8D15178FF29D5D1012184F847
:1043C000C412C4F8C82284F8C732CDE796F80FA00B
:1043D000AAF1100A5FFA8AFABAF1100F40F2558179
:1043E0003368DA0702D53A460921D4E79D0740F140
:1043F000EE803A460C213046FFF793FA96F8533098
:1044000043F0010386F85330B4F8E03194F8E351F7
:104410000133A4F8E031002D00F0FA82F6F734FB06
:1044200010B10023A4F8E031B4F8AA0000F0B2FC07
:10443000A37CB4F8DE60012B824640F22883237C03
:10444000082B40F0FD82B4F84030022B40F21F836D
:10445000B4F842500135ADB2E388DFF818B42B440C
:10446000A4F8D831DBF80030002B00F01483012EC3
:1044700040F21183F6F7F8FADBF80030E1880246E3
:104480002046984700F1010B1FFA8BFB94F8E431AA
:10449000002B3AD1012D38D9E37B0BB10B2B34D152
:1044A000A37B93BB237C83BBA37C022B2DD194F8ED
:1044B000E63153BBD4F8C000F4F7CFFC28B394F82E
:1044C0009E30FE2B21D1B4F8DA31012B1DD9B4F87E
:1044D000E021B4F8D0309A4217D2BAF1000F02D0DE
:1044E000BAF80E1089B99B1A9BB2013DADB2B5FB6B
:1044F000F6F59D4228BF1D4616FB05B6003D18BFC8
:1045000001251FFA86FB84F8E251E3889B44A4F856
:10451000DCB1B8F80430D8F800505E065FBFB5F8DB
:10452000EC31B5F8DE219B189BB248BF0023A5F8FB
:10453000EC3195F82C311BB92B7C073B012B06D8AD
:10454000B5F84430B5F8DE211344A5F8443095F8A9
:104550004A1031B1B5F84630B5F8DE211344A5F85C
:10456000463095F95020002AC1BFB5F84E30B5F855
:10457000DE011B18A5F84E3095F831306BB9B9F152
:10458000000F40F0CF8298F80E30022B40F0868268
:1045900095F8A030062B18BF162395F8302022B9C5
:1045A000B04885F83130FBF789FD2846FFF71CFE3F
:1045B000AD4B1B681BB1AD4A2046116898470023DC
:1045C00084F84C3007B0BDE8F04FF9F7AFBD58079D
:1045D00002D53A461321DEE6190706D596F898303B
:1045E00086F8A0303A460721D5E61A0602D5002201
:1045F0001B21D0E613F0300238D096F82F31002B73
:1046000060D196F82E31C3B1F37B292B06F1A800B7
:1046100006F5977106F2D22226D0B37BA3F12905C5
:104620006B426B41FBF7ACF8336823F0200343F097
:1046300010033360002386F82E313368DA0641D543
:1046400006F1A800FBF7E7F818B106F25910FBF7DE
:1046500043F9B6F80A31A6F8A030B6F80E31A6F83C
:10466000A2300022152196E60123DBE713F040017A
:1046700001D024218FE613F4807202D00A461E2155
:1046800089E6DB041ED52C2185E6D8F80050EB7BAB
:10469000182B36D011D8112B26D0162B28D0B37B4F
:1046A000002B72D1F37B103B102B76D996F83E305D
:1046B000002B72D0012212216DE6202BEFD13A4659
:1046C000062113E0D8F80000C37B352B48D006D86C
:1046D000262B4AD02F2BE2D10022202142E04E2B64
:1046E000DDD100223C213DE03A460B21284639E04D
:1046F0002846FBF7CBFE00283FF486AE00220421BB
:10470000F4E795F8C032012B07D13A460521284637
:10471000FFF707F985F8C07276E695F8C032022BEC
:10472000D9B27FF471AE95F8523053B1062385F8B3
:10473000A0303A462846FFF7F4F8002385F8C03247
:10474000EAE7D8F8003040F20632A3F89A2095F84C
:10475000623013F0040F3A460CBF0D211121E9E736
:1047600000221121FFF7DDF84EE690F83831022BD8
:1047700002D100221721F5E790F83831012B8ED1B4
:1047800090F83931002BF4D089E7092B05D196F840
:10479000993086F8A030012225E7BAF1100F7FF694
:1047A00033AED8F8005095F80EA0BAF1000F40F0E3
:1047B000C48095F83F313BB101220E212846FFF716
:1047C000B0F885F83FA1A7E795F83E3183B195F899
:1047D00053A01AF0030B0BD101220C2128464AF0FA
:1047E000010AFFF79EF885F853A085F83EB193E7DC
:1047F00095F8403173B195F86930DB0902D0012298
:104800002B2173E71A4B1B68002B00F0968015488C
:10481000984792E095F82E3183B395F82F316BBB12
:10482000EB7B292B05F1A80005F5977105F2D22243
:1048300022D0AB7BA3F1290673427341FAF7A0FFA4
:10484000002385F82E31012214212846FFF769F84C
:10485000B5F80A31A5F8A030B5F80E31A5F8A230A8
:10486000D2E500BF2C7300200479002078210020BD
:1048700024790020147900200123DFE795F83831EE
:10488000012B6ED195F83931002B6AD1E87BA0F16C
:104890002403072B65D995F820114B1EDBB2032B9F
:1048A00009D895F82121DFF898C2013AD2B2032A3B
:1048B0001CF803E004D94FF43F710620F3F718FE0B
:1048C000BEF1020F95F83A3114D0BEF1030F13D0A8
:1048D000BEF1010F04D1012B14BF002301236BB9DA
:1048E000A0F14703012B28D90A38042825D9012231
:1048F0001621FBE6022BEFE7042BF1D11CF8022076
:1049000095F83B31022A24D0032A24D0012AE7D18A
:10491000012B14BF00230123002BE1D0EB88B5F855
:104920003C0105F53472F9F77FFA8246B0B90146C9
:104930007F48F9F7B5F985F838A1B37B002B7FF4F0
:1049400063AD96F8C432002B3FF45EAD0122FF2127
:1049500021E5022BDDE7042BE0D0C1E72C23AB736C
:1049600052E595F8423113B101222221BEE695F8B5
:10497000413143B16F4B6E481B689847FE28014692
:10498000DBD00122B2E695F84A3113B101221D2194
:10499000ACE695F84B3113B101222621A6E695F835
:1049A000CC3213B101223E21A0E695F84C319BB1E7
:1049B000D8F800301021B3F8AA00F4F7EBFC036933
:1049C0009B0706D55C4B5A481B68984701223B2140
:1049D0008CE65A4B1B681AE795F84E314BB195F8A7
:1049E000393133B9EB7B243B072B02D90122232138
:1049F0007CE695F84D31012B05D1002385F84D312A
:104A00000122252172E695F84D31022B95D1F4E76C
:104A1000F6F724F808B1A4F8E051F6F73DF80028BD
:104A20003FF402AD94F8E6310133DBB2022B84F897
:104A3000E63182BF0023A4F8E03184F8E631F3E4E4
:104A400094F83E3013B1A37B0F2B20D1B4F8425021
:104A5000B4F840300135ED1A2046B100A5EB8605CB
:104A6000FEF78DFFA8B1A36B626B01339B1A5B1A33
:104A70009D42A8BF1D46BAF1000F05D0BAF80E300E
:104A8000043B9D42B8BF1D46012D3FF7E4AC012514
:104A9000E2E42B46ECE74FF0010BF7E4012B08D1E1
:104AA0006B7C002B7FF479AD00212846FDF718F9C7
:104AB0007EE55FB1F80633D4390733D4BA0633D470
:104AC000BB0733D14FF431613120F7E639B1B5F886
:104AD0004610B5F84830994201D322235DE5002AFB
:104AE00005DDB5F84E20B5F848309A42F5D2B5F854
:104AF0004420B5F842309A4209D2AA7CB5F8403039
:104B000052B1B5F842209A42CED8082345E595F82F
:104B10002C31002BE1D1F0E7052BC5D93E233CE534
:104B20001E233AE53D2338E5232336E52A2334E5E1
:104B30002C730020E47800203079002038790020A0
:104B4000E42C040038B504460846E37B162B09D054
:104B5000A3F118025342534194F8C02222B10C250C
:104B6000284638BD0123F7E7002BF8D094F8F0323F
:104B700003F0FF05002BF2D190B194F8FE3123B978
:104B800040F66C313120F3F7B3FC052304F18002C9
:104B900004F5F77105F032FA012384F8C032DFE73B
:104BA0000223FAE773B504460190D4F8C830D0F870
:104BB000D802984214D1D4F8DC62D4F8D030F61A76
:104BC00018BF012694F8E432002B3FD0B4F8AA00B5
:104BD00000F0E0F830B940F668513120F3F788FC76
:104BE0000126EFE7B4F8E022B4F8DE309A421AD199
:104BF000B4F8E23282899B1A18BF0123A57B472DA6
:104C000015D0E27B472A10D00025B4F8DE22D4F874
:104C1000D81201A8F9F73CFF95B30023A37303232F
:104C2000A37402B070BD0123E8E73343ECD0154B09
:104C30001B6813B940F67351CFE7A5F147025542FF
:104C40004FF0000101A855419847DEE7002EDBD068
:104C5000B4F8AA3094F82911A4F8A131F9F7C3FEE9
:104C6000B4F8DC32A4F8A531B4F8DE32A4F8A3011C
:104C70000549A4F8A73104F29710FAF7F9FCC3E745
:104C8000E573CCE7207900204302030008B5FAF76A
:104C9000EFFF024B024A1A6008BD00BFE87800200F
:104CA0005D380300FAF7F8BF10B50446FCF752F878
:104CB000226A236C9A4228BF1A4600F59F7110465B
:104CC000FAF794FEB0F5296F28BF4FF4296080B23F
:104CD00010BD70B50D4604210646F4F75BFB044693
:104CE00048B906213046F4F755FB20B115B190F8CC
:104CF000E53003B90446204670BDD4D4014B187486
:104D0000704700BFD873002007B57F230DF107005F
:104D10008DF8073001F0ECF803469DF9070053B118
:104D2000094B5B785B4240FA83F0142806DC10F1F3
:104D30007F0F05DB40B203B05DF804FB1420FAE7F7
:104D40006FF07E00F7E700BF46740020024B0022A0
:104D50001A705A70704700BF467400201D2310B5AA
:104D600003700446F8F7ACFE6070022010BD1E23ED
:104D700010B503700446F8F7A3FE6070022010BD62
:104D800001234380038000238380C3804FF4486362
:104D9000038170470E21F4F7FDBA73B501A90546EA
:104DA000F9F744FE044618B121215420F3F7A0FB83
:104DB0002846019EFFF7EEFF30B10123A6F8DE3052
:104DC000848144810482C48102B070BD3C2303808D
:104DD0004FF4FA4343800123C3808380002303817F
:104DE00043814FF4486383817047D4D4014B1870DA
:104DF000704700BF4874002008B500F04BFB00F07E
:104E0000CDF800F005F8BDE8084001F07DBBD4D432
:104E1000034B00214FF480521970A3F80120704712
:104E20004C74002070B50646022014460D4600F072
:104E3000C3F8064B01221A70054B033CC3F810451A
:104E4000C3F80865C3F8045570BD00BF4C7400205A
:104E500000F0004008B5022000F0AEF809480A4B07
:104E60000A494FF0010C80F800C000224FF4000006
:104E7000C3F80021C3F80421C3F80821C1F80405D0
:104E800008BD00BF4C74002000F0004000F001405D
:104E9000114B1A786AB1114A11494FF40000C2F857
:104EA0000805D1F800213AB91021002099705A70F4
:104EB0001870002000F080B8D1F80421002AF3D047
:104EC000D1F8082122B9D1F800140122C9B2ECE7C7
:104ED00010210022E9E700BF4C74002000F00140DF
:104EE00000F0004008B5114B1A7892B1104AC8235F
:104EF000D2F8001141B1D2F8040120B1D2F8080172
:104F0000B0FA80F0400908BD013B13F0FF03EFD178
:104F100002E05878022804D10620FAF773FB00203B
:104F200008BD431E5842584108BD00BF4C740020C4
:104F300000F000400A4B1A787AB10A4BD3F80021EE
:104F40004AB1D3F8042132B1D3F808211AB9D3F801
:104F50000004C0B27047102070479878704700BFB7
:104F60004C74002000F0004008B50A4BD3F800252F
:104F7000032A04BF01229A600022C3F80025C3F867
:104F8000002501F0E9FB044B4FF40002C3F80825AB
:104F900008BD00BF00F0004000F00140054B4FF499
:104FA0000042C3F88020BFF34F8FBFF36F8FFFF72E
:104FB000DBBF00BF00E100E010B50446FFF7D4FFFF
:104FC000012C06D0022C0CD054B18C213D20F3F7DB
:104FD0008FFA0B4B0222C3F800250A4AC3F81425A6
:104FE00010BD074B0322C3F80025064AC3F8142559
:104FF00003F580334FF40002C3F80425F0E700BF47
:1050000000F000404F740020EFF3108272B60F4B97
:1050100093F8451011B9C2B962B670475B78012B9D
:1050200010D0022BF7D18307F5D40948094B10B4EF
:1050300001210024C0F84045196102B962B65DF84B
:10504000044B70474107E6D4EFE7704760750020D6
:10505000008000400010004010B504463948631E2F
:105060000472072B68D8DFE803F0494E5358675D98
:105070006204354B0F22C3F810258389B3F5166FF0
:105080003ABFA3F6381343F48072A3F516622E4B91
:1050900001F07F01C3F808250022C3F85415C3F8B6
:1050A0001C21D3F80022082C42F488724FF0FF0133
:1050B00080F82F10C3F800220ABF40F2022140F20C
:1050C0000311224AC3F8341518BF40F25B62C3F8DB
:1050D00038251F48214601F059FC204601F0F6F919
:1050E0001C4B1B68062B08D0013306D0164AD2F899
:1050F000683543F4C023C2F8683510BD124B032253
:10510000C3F81025B9E7104B0422C3F81025B4E703
:105110000D4B0522C3F81025AFE70B4B0622C3F851
:105120001025AAE7084B0022C3F81025A5E7064B77
:105130000122C3F81025A0E740F645513E20F3F7C1
:10514000D7F900BF60750020001000402110010059
:105150008D750020F07A002030B5364C431E83B0A8
:105160002072072B5CD8DFE803F03D42474C5B51CF
:105170005604314B0F22C3F81025A3892E4DB3F5E9
:10518000166F3ABFA3F6381343F48073A3F5166382
:10519000C5F8083501F07F03C5F8543594F90920A6
:1051A00001AB01F027FD9DF8050005F0CDFA0028C0
:1051B0003BD19DF904001F4901F0FEF8237A1D48F8
:1051C000082B07BF1D4B40F2022240F2031240F2AF
:1051D0005B63C5F83425C5F8383503B0BDE8304009
:1051E00001F07ABB144B0322C3F81025C5E7124B1C
:1051F0000422C3F81025C0E70F4B0522C3F8102581
:10520000BBE70D4B0622C3F81025B6E70A4B002278
:10521000C3F81025B1E7084B0122C3F81025ACE70D
:1052200040F645513E20F3F763F940F2E3513E204A
:10523000F3F75EF9607500200010004021100100B6
:105240002DE9F043061E83B014BF02200420002382
:105250000F4690468DF804008DF8063002F066FB8C
:1052600001284FF0FF3088BF00208DF8050001A80D
:1052700005F002FA002840F0E0807A4D012385F81D
:10528000453002F013FA04460028FAD0764B4FF46A
:105290000022C3F80825002E41D195F82A304FF09E
:1052A000010985F80190002B54D095F82C30002B83
:1052B0005BD16E4B6E4A33F818106E4B01F5FA71E4
:1052C000A3FB0131684BA7EB9111C3F8AC252B6A06
:1052D000694A6A4F95F82B0043F400232B622B692F
:1052E0001944614BC2F84015C3F8A875012785F829
:1052F0002A704FF40027C3F80475002854D095F89D
:105300002C00002843D05E48C3F8AC05D2F84031E9
:10531000002B49D00024204603B0BDE8F083012EC5
:1053200040F0908095F82A3002226A70002B6AD0F3
:1053300095F82C3023B34E4B0022C3F81C21D3F830
:10534000002242F48872C3F80022FF23394685F810
:105350002F30BCE7A97A4046FFF7FEFE95F82C30C7
:10536000002BA6D0424BC3F80090464B33F81810E0
:10537000404B01F5FA71A3FB0131A7EB9111A6E7B0
:10538000394B414AC3F8AC25A7F129019FE7384BB7
:10539000D3F8002242F00102C3F80022D3F85035BE
:1053A00003F0F603022BB5D0334B0122DA64D3F8B5
:1053B0004C358B42AEDAEB89952B0BD9002E2DD0D4
:1053C000324B2931D9601846314905F0ABF9431CFD
:1053D000012B41D801A805F05BF9002837D16B7883
:1053E0009DF80420012B0BD0022B94D1930792D46B
:1053F00021491F4B00200122C1F840051A618AE7AC
:10540000520788D4F4E7A97A4046FFF725FE95F8BD
:105410002C30002BB4D0164B5E608CE71B4B283130
:10542000D96018461A4905F077F9431C012BD1D9E8
:1054300040F2C2613E20F3F75BF840F65C313E205B
:10544000F3F756F840F634013E20F3F751F840F6F2
:105450009F313E20F3F74CF840F2CC613E20F3F749
:1054600047F800BF6075002000F00140EC2D0400FB
:1054700000100040D34D6210008000404081004089
:1054800008100040002E0400041000408421002079
:10549000402D0400482210B50021174804F0BEFF3B
:1054A000164801F041FA164B1A68102A13D8012346
:1054B000934013F4A2341BD113F4045F0BD01148B2
:1054C0004022FF2104F0AAFF4FF08043C3F8084EAA
:1054D000C3F8104E10BD0B483822FF2104F09EFF88
:1054E0004FF080430022C3F8082EC3F8102E10BDE1
:1054F00004482422F1E700BF607500208D7500206C
:10550000F07A0020000E0040014BD881704700BFA8
:1055100060750020024B012283F82C20704700BFE9
:1055200060750020024B0344187E00F5166070473A
:10553000402D0400014B187F704700BF60750020AC
:10554000024B98691B69C01A704700BF6075002044
:1055500010B50D4A0D4B117F5469126903EB81039D
:10556000A41A186C0A4B0B4A53F8213003F2F313B8
:10557000A2FB0323241AA4EB931402F0D5F92018FC
:1055800041F1000110BD00BF60750020402D0400F6
:10559000D82D0400D34D6210FF2808B531D81B4B1D
:1055A00001391885072922D8DFE801F0041D1616F5
:1055B0002104041A164A4FF44031164B084340F0B8
:1055C0000070C3F81425C3F81805D3F8503503F05C
:1055D000F703032B10D008BD0F4A4FF44031ECE71E
:1055E0000E4A0021E9E70E4A4FF44031E5E74FF457
:1055F0004F713E20F2F77CFF40F256313E20F2F729
:1056000077FF40F2CB213E20F2F772FF6075002059
:105610000801100000100040080190630800000617
:10562000080110011E4AD2F8003223F0020343F4AD
:10563000801310B5C2F800321A4C1B4BC4F8A035C9
:1056400003F5DE431C33C4F8A4354FF48023C4F8BB
:1056500004350378032B1DD14378144C0129D2F86B
:105660001415606803F03F0321F4702143F40C33F8
:1056700040F0030043F4207308BF41F40021606050
:10568000C2F81415C2F80009C2F81039012384F8D1
:10569000443010BD40F2AB313E20F2F729FF00BF8D
:1056A0000010004000F001402C1100406075002007
:1056B0000B4B1B68062B02D0013300D07047094BFF
:1056C0001B68063B0833F9D9074AD2F8743723F030
:1056D000807323F0010343F08073C2F8743770477E
:1056E000F07A0020F47A002000100040224B2DE9CF
:1056F000F0410227C3F88070BFF34F8FBFF36F8F65
:1057000001F0CCFF044602F00FF91C4D001B1C4CAD
:1057100000264FF001082061C5F8FC6FC5F8FC8F2A
:1057200001F07CF8174AC5F83085107C40F2012260
:10573000C5F85026C5F8007205F02EF8124A134934
:10574000A683A661668584F82C6084F84460C2F85C
:105750000415D5F80019084B6160A26CC3F880717C
:105760009621E1811021C5F804131F6002B1904712
:10577000BDE8F04104F0C4BF00E100E000100040CB
:10578000607500208421002000F001400000020C20
:10579000014B5872704700BF60750020034B020E2A
:1057A0000002C3F82425C3F81C0570470010004010
:1057B000044B054A034490721B7E03F516639381E4
:1057C000704700BF402D040060750020F0B5674CA5
:1057D00094F82B3083B0002B00F0B380002814BF66
:1057E00002220422002305460F468DF804208DF87E
:1057F000063002F09BF801284FF0FF3088BF0020F0
:105800008DF8050001A804F037FF002840F09480CF
:10581000574A84F82C00012384F8453084F82A3054
:10582000D2F8003243F00103C2F8003201F03EFF2B
:105830000028FBD0002D58D0012D0AD04D4BD3F8B5
:105840004C65E389952B21D94FF4DA613E20F2F7BC
:105850004FFE0223A17A63703846FFF7FDFB6378A1
:10586000022B7DD1434B424ADD645560D3F84C6531
:10587000E389952B0AD9404A404906F1290310468D
:10588000D36004F04FFF0130012864D801A804F070
:10589000FFFE00285AD163789DF80420012B1DD00B
:1058A000022B08D1930706D4324A314B0021C2F8AB
:1058B000401501221A612369F61A1DB106F129006B
:1058C00003B0F0BD2E4B2F4A33F8173003F5FA73AF
:1058D000A2FB032306EB931003B0F0BD5207E3D500
:1058E0002369F61A002DE9D1ECE70123A17A637050
:1058F0003846FFF731FC6378012B18D11D4A1C494B
:10590000D3640B60E389D2F84C65952BBED91A4A53
:105910001A4906F128031046D36004F0FDFE013059
:105920000128B3D940F2C2613E20F2F7E1FD4FF405
:10593000E9613E20F2F7DCFD40F65C313E20F2F7F3
:10594000D7FD40F206713E20F2F7D2FD40F69F31BE
:105950003E20F2F7CDFD40F2CC613E20F2F7C8FDCB
:1059600040F251713E20F2F7C3FD00BF6075002088
:10597000001000400080004084210020402D0400E1
:10598000EC2D0400D34D621008B5FFF759FC00B1AF
:1059900008BD054B05490122C1F840051A610220E6
:1059A000BDE80840F9F72EBE00100040008000401E
:1059B000F8B51D4D6B7F8BB304461646084654B1AF
:1059C000012C1BD0002029693246411A2046FFF7DE
:1059D00037FC40B1F8BD012BAF69297F16D000F02C
:1059E000F3FC3844EFE7114B11490122C1F840059F
:1059F0001A610220BDE8F840F9F704BE012BAF6937
:105A0000297F07D000F014FD3844DCE700F0FEFCED
:105A10003844D8E700F0E6FC3844D4E740F6C1014A
:105A20003E20F2F765FD00BF6075002000100040C9
:105A300000800040F0B5474A474F484C484ED2F8E6
:105A4000045302214FF0FF3083B00023C2F8080353
:105A5000C7F88011C2F800124FF46021C6F8403533
:105A6000C4F80815D2F850153E4CC9B205F010051F
:105A7000638584F82C30002938D1E389952B04D92B
:105A80006378012B5CD0022B50D0324E3648002771
:105A9000C6F81071394600F04BFF94F84430278067
:105AA000EBB1D6F800322D4A84F8447023F4801309
:105AB00043F00203C6F800324FF48023C2F80835E1
:105AC000D6F81425636822F47022C6F8142523F052
:105AD0000303264A6360C6F80039C6F810291DB1D1
:105AE0001C4B1022C3F8042303B0F0BD01218DF834
:105AF0000700C2F8103111619DF807304BB90CE076
:105B00009DF80730013BDBB28DF807309DF8073078
:105B10001BB1D2F81031002BF2D09DF80730002BCA
:105B2000ABD140F6FF013E20F2F7E2FC04F006FEA6
:105B300001300128A9D940F617113E20F2F7D8FC10
:105B400004F0F6FD013001289FD940F611113E20E6
:105B5000F2F7CEFC0010004000E100E000F0014050
:105B600000800040607500208D75002080320200AA
:105B7000264B10B50022264CC3F84825C3F844250F
:105B8000C3F84025C3F84C25FFF754FF04F0BEFDD1
:105B900094F8453023B104F075FD68BB84F84500E6
:105BA000002004F07BFD60BB226A1A49174B42F0CB
:105BB000446242F40032C1F80825174AE07002211D
:105BC0002062C3F848056061C3F84405A061C3F8CA
:105BD0004005C3F84C05C3F84801C3F84401C3F8B5
:105BE0004001C3F84C01C2F88010BFF34F8FBFF3E0
:105BF0006F8FC2F8801110BD40F2AE413E20F2F727
:105C000077FC40F2B1413E20F2F772FC0080004088
:105C10006075002000F0014000E100E0F8B52B4C79
:105C20002378B3B188B9667FE0895F1E18BF01276A
:105C3000002E46D0012BA569217F13D0012EA2781A
:105C40003BD000F0F5FB411911E0BDE8F840FFF74B
:105C5000F1BE94F82C206370E3701AB31C4AC2F8AA
:105C60004031F8BD012E21D000F0AEFB4119206972
:105C700094F82C300022091A2280DBB1144BC3F8AF
:105C80004021A2783846FFF7DBFA0028E9D1114B12
:105C90000F490122C1F840051A610220BDE8F84011
:105CA000F9F7B0BC628584F82C20F8BD00F0AEFB9B
:105CB0004119DCE784F82A30E3E700F093FB41194F
:105CC000D5E740F6C1013E20F2F712FC60750020D6
:105CD0000080004000100040014BC3F83C057047B5
:105CE0000010004010B50446074804F0D7FC28B95E
:105CF00094E80F00054C84E80F0010BD40F66811D1
:105D00003E20F2F7F5FB00BF09500300AC75002000
:105D1000174B184A93F82A10C2F804054FF0010CEB
:105D200083F82BC0586209B393F82C3093B102F575
:105D3000F0321149114BC2F8AC15D3F84031ABB178
:105D40000E490C4B00200122C1F8400503201A61C6
:105D5000F9F758BCD2F8003243F00103C2F8003220
:105D6000D2F8503503F0F603022BE9D0704700BF9C
:105D700060750020001000400810004000800040C6
:105D800038B5174B19699A69084482421DD21549E2
:105D90000124DC704C64D1F844250532824205D3DD
:105DA000114BD3F8042102B91C6138BD1A6A0F4C9B
:105DB0000025C1F8445142F48002C1F844054FF473
:105DC00080011A62C4F8041538BD0220F9F71AFCE4
:105DD0000449054B00200122C1F840051A6138BD75
:105DE00060750020008000400010004000F001407D
:105DF00038B51F4C94F81DC0217F227ABCF1010FE9
:105E00000346E08923D000F041FBA3691844834294
:105E100023D2184A0121E1705164D2F84435053388
:105E2000984205D8144BD3F8042102B9196138BD42
:105E3000236A12490025C2F8445143F48003C2F892
:105E400044054FF480022362C1F8042538BD00F0F8
:105E5000FFFAA36918448342DBD30220F9F7D2FB8F
:105E60000449054B00200122C1F840051A6138BDE4
:105E700060750020008000400010004000F00140EC
:105E8000C30003F1804303F5F83310B4084A094C0A
:105E9000C3F81025012202FA00F0226AC3F8141593
:105EA000054B024322625DF8044BC3F804057047BA
:105EB000041100406075002000F00140044BC3F85D
:105EC0006005D3F8002242F04002C3F80022704778
:105ED00000100040054BD3F80022002122F04002C0
:105EE000C3F80022C3F86015704700BF00100040DF
:105EF0000F4AD2F81C314BB90E4A92F82F20FF2AD4
:105F000017BF52421846027001207047D2F8483538
:105F100003F07F0300215B4282B00370C2F81C11C2
:105F2000D2F81C310193019B012002B0704700BFE1
:105F3000001000406075002030B5304C83B094F8FC
:105F40002C30A17020BB0122227023B3237A994206
:105F50004ED12B4D94F90920D5F8003243F00403BB
:105F6000C5F80032084601ABA17A00F043FE9DF867
:105F7000050004F0E9FB002835D19DF90400214615
:105F800000F01AFA204603B0BDE8304000F0A4BC8F
:105F9000022222700BB903B030BD237A8B4227D185
:105FA000174A0128D2F8003218D143F00803C2F88A
:105FB0000032144800F0EAFC207A00F087FA124B15
:105FC0001B68062BE7D00133E5D00D4AD2F86835BF
:105FD00043F4C023C2F8683503B030BD43F0040376
:105FE000C2F80032E5E740F2E3513E20F2F780FAD2
:105FF00040F6C7213E20F2F77BFA00BF6075002013
:10600000001000408D750020F07A002010B5244C5F
:1060100094F82C3082B0002B3AD0224A94F808C071
:10602000D2F8003201281BD043F00403C2F800323A
:10603000D0B994F90920A17A01AB604600F0DAFDED
:106040009DF8050004F080FB20BB9DF9040021466B
:1060500000F0B2F9204602B0BDE8104000F03CBCB0
:1060600043F00803C2F800320F48614600F08EFC8E
:10607000207A00F02BFA0D4B1B68062B08D0013359
:1060800006D0084AD2F8683543F4C023C2F8683510
:1060900002B010BD40F2E3513E20F2F729FA00BFF2
:1060A00060750020001000408D750020F07A0020FF
:1060B000054B064A0021C3F84015D2F85035DBB233
:1060C0000BB10123136170470080004000100040B5
:1060D000034B93ED0E7B1B6C80ED007B0B607047D8
:1060E000607500202DE9F04101F0DCFAA44BA54CCD
:1060F0000122DA64D3F84C352364C4E90E0104F1BB
:10610000200104F12D0000F07FFC08B1BDE8F08112
:10611000E389952B054606D96378012B00F0A7800B
:10612000022B00F0AF809848236AC0F808350021A0
:10613000964BC0F8AC152162D3F8002284F82B10DE
:1061400022F48E7222F00102C3F8002294F8442057
:10615000E2B1D3F8002284F8441022F4801242F015
:106160000202C3F800224FF48022C0F80825D3F8B9
:106170001415626821F4702122F00302C3F814158B
:106180006260C3F80029824AC3F810297C4A677804
:10619000D2F84815A1616777D2F844157B4B61614D
:1061A0000026022FD3F80C01D3F81011C3F80061B8
:1061B000C3F80C61C3F81061C3F80461C3F8086147
:1061C000C3F86C610CD0012F3FD000299ED02378FA
:1061D000002B62D0FFF72EFCA36DBDE8F0411847FD
:1061E000E37813B1D2F8443133BB002868D10029D9
:1061F0008CD02378002BEDD194F82C306070E070B7
:10620000002B00F0AB805E4BC3F84001E4E71A07B7
:1062100005D013F0F00F02D013F4706F5BD15B491F
:10622000C3F30442012AD1F8541454D1012952D0A5
:10623000C3F34253022B4ED82378002B36D0FFF7FE
:10624000F9FBE36CBDE8F0411847237A2377002877
:106250005FD100293FF45AAF2378002B6AD0FFF7B3
:10626000E9FB0021636D0846BDE8F041184704F0E2
:106270005FFA013001287FF656AF40F611113E203B
:10628000F2F736F904F05AFA013001287FF64BAFE5
:1062900040F617113E20F2F72BF994F82C1063709A
:1062A000E37000293ED0C2F8403195E794F82C20E5
:1062B0006370E370002A39D0314AC2F84031C0E738
:1062C000344B1B68062B06D0013304D02F4BD3F878
:1062D0005034D9019BD4237A268D002B4BD0DA1E63
:1062E000012A2FD9012700202377FFF797FC274B9E
:1062F000D3F8000410F0010006D0636A5B78B34263
:106300008CBF002007F00100236D2946BDE8F04155
:1063100018473046FFF782FC636D39463046BDE8CA
:10632000F0411847618584F82C1055E7628584F8A0
:106330002C2086E794F82C106370E37091B1C2F8BA
:1063400040318EE7114BD3F8143413F006030DD00F
:10635000022B0ED0002701250323C4E7608584F8B3
:106360002C0039E7618584F82C107AE70323012794
:10637000B9E70423B6E740F24D213E20F2F7B8F822
:10638000008000406075002000F0014000100040D7
:1063900080320200F07A0020024B03EB8003186C7D
:1063A000704700BF402D0400024B03EB8003586D83
:1063B000704700BF402D0400024BC0B2C3F80C056B
:1063C000704700BF0010004010B504460846FFF7B4
:1063D000EBFF034AA2FB0020A4EB901010BD00BF0E
:1063E000D34D6210074A4FF47A7332F9112003FB40
:1063F00000F000F2E730044B1044A3FB00308009AA
:1064000002387047C42D0400D34D6210064B074A72
:1064100033F911104FF47A7300FB03300844A2FBE8
:1064200000208009704700BFC42D0400D34D6210C6
:1064300010B504460846FFF7B7FF044A00F2E733F9
:10644000023CA2FB0320A4EB901010BDD34D6210C0
:1064500038B50C4C34F9111004EB82041D46646904
:106460000C4404F6B7344FF47A7101FB004406493A
:106470001046A1FB0414FFF78FFFA409053525443E
:10648000284438BDC42D0400D34D621038B50546EC
:1064900008461446FFF788FF0A4B03EB84030246C5
:1064A00020465C69084B4FF47A7104F6B73401FB5F
:1064B0000544A41AA3FB0434FFF76EFFA4090530BA
:1064C000204438BDC42D0400D34D62100C4B1B6812
:1064D000082B00D070470B4A0338D2F84037012808
:1064E00023F0004302D9C2F84037704723F47F43BA
:1064F00043F0004343F44443C2F84037704700BFC1
:10650000F07A002000100040024B00221A705A70EE
:106510009A707047BC7500202DE9F04F83B0054696
:106520009DF83CA09DF830909DF84080494C1E4657
:106530000120BDF8383001938B461746FEF73CFD2D
:1065400005F00303DFF820E184F803A043EA0A43DF
:1065500043F08073CEF80435DBF80410DBF8082034
:10656000DBF80C30DBF8000004F1040BDC46ACE88F
:106570000F00C4E905760D9B84F81C90364A196813
:106580005B68CEF808B5C4F821301368C4F81D1054
:10659000062B08D0013306D0DEF81835019961F3D7
:1065A0000703CEF818352D4B2D49C3F8081515F003
:1065B000FB0F16D0B8F1020F47D813680D2B1DD171
:1065C000284A294B12F80820C3F82025012D1FD096
:1065D0000123022D637084F8255023D903B0BDE850
:1065E000F08F2249C3F89815B8F1020FA1F1FC0110
:1065F000C3F89C1529D813680D2B1FD0102BDFD0A2
:10660000B8F1000FE2D04FF4BF713C20F1F770FFFA
:10661000124B1749174AC3F8981584F82550C3F848
:106620009C256570104B012200212270C3F80011D7
:10663000C3F800121A6003B0BDE8F08F094A0A4B94
:1066400012F80820C3F82025C2E74FF4BA713C20A5
:10665000F1F74EFFBC750020F07A002000F00140F9
:1066600000000202142E040000F0004000F100407F
:10667000501100400CF000401A4A537870B563B3D3
:10668000194BC3F80C15C3F8100592F825500124D6
:106690009470B5B91278E2B1144AC3F804514FF4BA
:1066A0000035C2F80455D3F8006116B15C60C2F839
:1066B00008550B7803704B78043343708B788370E4
:1066C00070BD00211470C3F80411C3F800421C60AF
:1066D00070BD97213C20F1F70BFF4FF4D5713C20A2
:1066E000F1F706FFBC75002000F0004000F001400B
:1066F00008B5144B5A7802B3134AC2F80C1519782E
:10670000C2F810054FF0010C83F802C089B10021D6
:10671000C2F80411DB78023B012B05D80B48032398
:10672000C0F85011C2F81C35094B0A4AC3F80425B9
:1067300008BDBA213C20F1F7DBFE4FF4DF713C20AD
:10674000F1F7D6FEBC75002000F0004000100040BC
:1067500000F00140000002020A4B1A786AB10A49AF
:106760000A48C1F808050022C1F89825C1F89C25FF
:10677000C1F89825C1F89C251A7000225A709A70A9
:10678000704700BFBC75002000F00140000002020D
:10679000F8B51B4B1B786BB31A4CD4F8043113BB00
:1067A000194B0222C4F804231F691A6942F010022F
:1067B0001A61D4F8043107F0100753B9134E4FF49F
:1067C0000045C6F8805103F03DFDD4F80431002B9C
:1067D000F7D027B90C4A136923F010031361094B52
:1067E0000222C3F80823074BD3F80004003818BF6F
:1067F0000120F8BD4FF4F2713C20F1F779FE00BFA3
:10680000BC75002000F0004000ED00E000E100E079
:10681000014B01229A60704700F000402A4A136839
:10682000062B10B51DD001331BD0284C284BC4F8C3
:10683000783703F09BFF38B14FF08053D3F83033F3
:10684000591C18BFC4F84C374FF010231B6E5A1C4C
:1068500006D01E49D1F88C2563F31742C1F88C2568
:1068600010BD1C490B68063B083320D91748D0F8E7
:106870003C3723F0004323F0FF0343F0004343F091
:106880009603C0F83C371368062B0DD10B68063B06
:106890000833CAD90D4AD2F8403723F47F4343F472
:1068A000B053C2F84037C0E70133EFD0BDE7074827
:1068B000D0F83C3743F48063C0F83C371368062BAC
:1068C000D4D00133D2D0B0E7F07A002000100040DD
:1068D0002C000089F47A0020104B1B68062B02D094
:1068E000013300D070470E4B1B68063B0833F9D9C3
:1068F000027A0C4B0B49D3F88835022A4FF08052AC
:1069000023F4FE43D2F820230CBFC2F30662C2F385
:10691000062243EA0223C1F888357047F07A002046
:10692000F47A00200010004045F6FF734380704762
:10693000D1B1154AD2F83C3723F0004323F0FF03CE
:1069400043F0004343F07D03C2F83C37D2F87C3774
:1069500023F0004323F0700343F0004343F060034F
:10696000C2F87C3741707047074BD3F83C2722F0C0
:106970000042C3F83C27D3F87C2722F00042C3F83A
:106980007C274170704700BF001000401C4B1B6803
:10699000082B00D07047033901290FD9194BD3F8C0
:1069A0003C2722F00042C3F83C27D3F87C27002183
:1069B00022F00042C3F87C2741707047114A012140
:1069C000C2F80413D2F83C3723F0004323F0FF034E
:1069D00043F0004343F07D03C2F83C37D2F87C37E4
:1069E00023F0004323F0700343F0004343F06003BF
:1069F000C2F87C374170D16311640170704700BFE9
:106A0000F07A00200010004003460078002863D090
:106A1000F0B5744AD2F80441D2F810512C4383B037
:106A20005BD1D2F80051002D66D0C2F8004101249C
:106A30005461FF240094009C2CB908E0009C013CA8
:106A40000094009C1CB1D2F81C41002CF6D0009A96
:106A5000002A00F0C180634ADD78D2F8484504F08E
:106A60007F04A542C0F08C805E4A9C700123002404
:106A7000C2F81C41C2F80833136493635A4B594C53
:106A800001228025C4F804531A64D3F84025D3F8B2
:106A9000446502F56A52183296424BD9D3F8402524
:106AA00002F51C5210320025C3F8402504F5F034DD
:106AB000C3F84051A3F5DF434C4AC4F8A8256C3B0A
:106AC000C4F8AC354FF40023C4F804350B6843F424
:106AD00000230B6003B0F0BD704780244449C2F826
:106AE0000843B5FA85F04FF400240022C1F80845A8
:106AF00040091A7003B0F0BDD2F848455F7804F041
:106B00007F049C70C2F81C51DE7837BBA642D2F8D5
:106B1000742544D894B20F2C02D9B2F5003F3ED36D
:106B2000304B01221A649A632E4BD3F81C31019327
:106B3000019BA3E72E4900224FF40026C3F840250D
:106B4000C3F84021C4F80853C1F80865C3F84021D0
:106B5000C4F80853C1F80865CCE7A642E4D2D2F8DD
:106B60003C4724F00044C2F83C47D2F87C4724F06C
:106B70000044C2F87C475D70012313649363D3E73C
:106B8000D2F83C5725F00045C2F83C57D2F87C5764
:106B900025F00045C2F87C5700225A7064E7114C7A
:106BA000D4F83C2722F0004222F0FF0242F00042DB
:106BB00042F07D02C4F83C27D4F87C2722F0004242
:106BC00022F0700242F0004242F06002C4F87C27DA
:106BD00001225A702264A7E74FF4EE71AF20F1F75B
:106BE00087FC00BF00100040008000404081004052
:106BF00000F001402DE9F04F454C85B00546984620
:106C00000E46174600F094F82378AB42814602D135
:106C10006378B3423CD0082D1BD18DF80F70BB4672
:106C20004FF0040A3046FEF77DFC00210346009138
:106C300052465846414603F08DFDB8F800302570A5
:106C40006670A380A071A77084F8039005B0BDE8BA
:106C5000F08F05F1FF3ABAF1060F50D8DFE80AF0DD
:106C6000044235284F0404000DF10F033A46314623
:106C7000002000F063F8002846D19DF90FB0BAF16A
:106C8000060F3CD8DFE80AF011382B1E3B1111002B
:106C900094F90230BB42BED1E3788342BBD1A388D2
:106CA00094F90600A8F80030D0E74FF0000AB9E7E1
:106CB0000DF10F033A463146032000F03FF89DF9ED
:106CC0000FB008BB4FF0030AACE70DF10F033A46D3
:106CD0003146022000F032F89DF90FB0A0B94FF014
:106CE000020A9FE70DF10F033A463146012000F0FA
:106CF00025F89DF90FB038B94FF0010A92E740F23C
:106D000089410620F1F7F4FB4621A920F1F7F0FBB9
:106D10009C210020014B186099807047E475002089
:106D2000024BD86019745A82704700BF1076002059
:106D3000014B187D704700BF40790020042810B532
:106D400011D883B104280CBF10242824A1420AD2F0
:106D5000064C54F8200018B141568A42A8BF0A4692
:106D60001A70002010BD6FF01500FBE7407900207D
:106D700030B50346114890F91C209A4219DD90F96C
:106D800024209A4217DA9A1A846AA05C0C4A155693
:106D90009D420DD00E32002918BF01309442C0B27E
:106DA00006D129B1013BDBB2012B01D80130C0B2C1
:106DB00030BD0D20FCE70020FAE700BF407900203D
:106DC000222E040008B5054B93F91C30984203DAD3
:106DD000FFF7CEFF024B1B56184608BD4079002036
:106DE000222E040008B5184B93F82C20FAB9012282
:106DF00083F82C20154A1268A2F10800082803D84D
:106E000013490141C90709D5911F092910D9013238
:106E100012D04FF4DF71742002F08AFF0D4A9A629B
:106E2000D8221A6283F8242008229A611A7708BDB2
:106E3000094A0A41D207ECD4084A9A62D8221A6257
:106E400083F824200422F0E740790020F07A002023
:106E5000DEFEFFFF5D2E0400EEFCFFFF302E04007F
:106E6000C0B208B520B94FF0804301221A6008BDB6
:106E70004D21B52002F05CFF10F0FF0008B508D1ED
:106E80004FF0804301225A60C3F80001034B187091
:106E900008BD7C21B52002F04BFF00BF6D790020BA
:106EA000014B01221A7070476D79002008B548B96E
:106EB0004FF08043D3F8003113B9044B187808BD64
:106EC0000120FCE7C221B52002F032FF6D790020DD
:106ED0000020FFF7EBBF4FF08043D3F8080400F029
:106EE000010070474FF08043D3F8140400F0010014
:106EF00070474FF08043D3F81C0400F00300704744
:106F00004FF08042D2F81834D2F81824C3F300436B
:106F100002F00302824214BF002003F00100704718
:106F2000044B1868062818BFB0F1FF3F0CBF0120C2
:106F300000207047F07A002008B5094B1A680A2A29
:106F400002D1084B1B6823B1FFF7EAFF08B9082AF2
:106F500004D14FF080430222C3F8342C08BD00BF97
:106F6000F07A0020F47A0020014BD889704700BFE6
:106F700070790020014B9889704700BF707900201C
:106F800010B5EFF3108472B6064B03441A7C01323D
:106F9000D2B21A741B7C012B01D1FFF761FF04B937
:106FA00062B610BD707900200020FFF7E9BFD4D48D
:106FB00010B5FFF7F9FFFFF78BFF4FF0804408494A
:106FC00040B1FFF7B9FF0123236104238B74002331
:106FD000CB7410BD03238B740123C4F80433F6E78C
:106FE0007079002010B5EFF3108472B6094B03449A
:106FF0001A7C22B940F257216D2002F099FE1A7CCA
:10700000013AD2B21A741B7C0BB9FFF735FF04B9F1
:1070100062B610BD707900200020FFF7E3BF0020AA
:10702000FFF744BF024B987C003818BF012070471F
:107030007079002073B51B4D6B7D63B9286A00F031
:107040000300FFF75DFF30B1EFF3108372B6AA7C47
:107050001AB103B962B602B070BD0122AA7403B9B5
:1070600062B64FF080430822C3F808234FF4207320
:10707000ADF80630BDF80640A4B2631E9BB2ADF871
:107080000630002CF6D14FF080460748C6F80C4178
:1070900002F0FAFF85F82540FFF78AFF0823C6F8BB
:1070A0000433D8E770790020947900202DE9F34764
:1070B000484C237D002B00F08A800323ADF8043078
:1070C0004FF08043D3F80051F5B9D3F80481B8F1FB
:1070D000000F09D04FF080430022C3F804210222A0
:1070E000C3F80823FFF7A6FF94F825603A484FF04D
:1070F0008047F6B2D7F80C8102F0CAFF48B340F2DD
:1071000043316D2002F014FE00258DF80450012259
:10711000D3F80481C3F808230DF10409271DA61C28
:1071200019F8010B03280AD0337843B13B684FF0BC
:10713000000A86F800A013B19847C7F800A06B1C9E
:10714000022B07F1040706F101064FF00105E7D114
:10715000BDE745B1A37C032B05D10423A374FFF73E
:10716000EBFE01233B61B8F1000F1FD04FF08043CD
:107170000022C3F80C21A37C042B02D040F2693119
:10718000BFE7164B1A680A2A02D1154B1B6823B1B8
:10719000FFF7C6FE08B9082A04D14FF08043002249
:1071A000C3F8342C0223A374FFF736FF4EB100233B
:1071B00084F82530A37C022B01D1FFF7F9FEFFF7FD
:1071C0002BFF054802B0BDE8F04702F070BF02B0E7
:1071D000BDE8F0877079002094790020F07A0020D3
:1071E000F47A002010B5054C206A00F00300FFF788
:1071F00087FE0028F8D0002010BD00BF7079002065
:10720000F8B5054650B10278042A07D8437842B948
:10721000013B1F2B02D88378212B07D96FF0150073
:1072200075E0002BFAD18378002BF7D17B4B012737
:10723000C3F88070BFF34F8FBFF36F8F4FF080465E
:10724000C3F88071764C0B23C6F808330023C6F8C8
:107250000031C6F80431C6F80C3123746374AB886E
:10726000E381FFF738FE08B127702774D6F80C24A5
:10727000D6F80C34D20303D5DF0701D5FFF710FE93
:107280004FF4AF63A3812B78A97863750022226243
:10729000A175E274042B4DD8DFE803F005033A48EA
:1072A0004A0001232362FFF71DFE00284DD0FFF79F
:1072B00020FE236A03F00303984246D1AB79002BEA
:1072C0003DD1FFF78FFFA37D6BB12B785BB9FFF743
:1072D000FFFD054602F09CFE6FF00043002D00F01C
:1072E0009980C4E906034FF08043D3F80C24D3F807
:1072F0000C34D20303D5DB0701D5FFF7D1FD474A94
:1073000001230020A0742375C2F880311360F8BDFA
:10731000FFF74AFE4FF08043D3F80C14D3F80C2447
:10732000CE03F9D5D007F7D50223BBE73D4BB9E72C
:107330003D4BB7E740F21E516D2002F0F9FC4FF0D3
:1073400080430222C3F80423BDE74FF080430122AB
:10735000DA600022C3F80421226AC3F81825334AF0
:107360001368A3F10E01012904D90A2B02D0FFF7FB
:10737000D7FD48B14FF080534FF08041D3F84432ED
:10738000C3F34233C1F83C351368A3F10E02012A5E
:1073900004D90A2B02D0FFF7C3FD20B14FF0804380
:1073A0000122C3F84C254FF0804301229A6002224B
:1073B000C3F80423AA79002A85D1D3F804239107BE
:1073C00002D440F2D141B7E7194A1669116941F078
:1073D00010011161D3F8043106F010060BB902F068
:1073E00033FF4FF08047D7F8043183B1FFF7FAFE3F
:1073F00026B90F4A136923F0100313614FF080433D
:107400000222C3F808230022C3F804215BE702F03C
:1074100019FFE8E7C4E9063065E700BF00E100E0D6
:10742000707900200100020001000300F07A0020C2
:1074300000ED00E010B50D4C04F1240002F028FE30
:1074400048B9A37C022B01D1FFF7B2FDBDE8104083
:10745000074802F02CBE074A012384F82530BDE816
:107460001040C2F80031FFF79FBD00BF70790020C7
:107470009479002000E100E038B5164C2078002314
:10748000237508B9FFF7F8FCA37C042B0ED14FF04D
:1074900080450020FFF734FD18B1D5F80C31002BE2
:1074A000F7D04FF080430022C3F80C21002323744F
:1074B000A3746374084B0122C3F88020BFF34F8F7D
:1074C000BFF36F8FC3F880214FF080430B22C3F8C6
:1074D000082338BD7079002000E100E010B501B349
:1074E000F0B14FF0FF33104A1C46E0FB01349442E8
:1074F00003D9DB216F2002F01BFC1A0D42EA043293
:10750000C3F30F10094B00EB02404FF22444B2FBCF
:10751000F4F103FB1100B0FBF4F040EA014001304C
:1075200010BD0846FCE700BF3F420F00000024F4F6
:10753000014B9B68184700BF98790020014BDB681E
:10754000184700BF98790020014B1B69184700BFFE
:1075500098790020014B1B6A184700BF98790020DA
:10756000014BDB69184700BF98790020034B1A795B
:107570000AB9FFF7F9BC988D704700BF98790020D1
:10758000034B1A790AB9FFF7F5BC988A704700BF18
:1075900098790020024B1B790BB9FFF74BBD704760
:1075A00098790020014B9B69184700BF987900200B
:1075B00010B5144C2379A3B1636A9847002806DB01
:1075C00094F82E3023B1012384F83030002010BD10
:1075D000FFF7E8FF0028F6DA40F28D116F2002F085
:1075E000A7FB094BA361094BE361094B2362094BDC
:1075F000A360094BE360094B2361FFF701FE0028FC
:10760000E1D0E4E798790020E571030035740300C8
:1076100025700300A96F0300197003001F70030099
:1076200010B50A4C23795BB194F8303053B1A36A9A
:107630009847002806DA4FF4E2716F2002F078FBD9
:10764000FFF71AFF002384F8303010BD987900202E
:1076500008B5074801F04CF8054800F02FF801F094
:1076600099FA01F07BFA00F039FB012008BD00BF58
:10767000CC79002008B501F01DF801F02FFB01F0D6
:107680000BFBBDE8084000F045BB00BF01F084BC27
:10769000103001F04DB800BF01F062B801F0B4BD88
:1076A00001F07CBE01F08EBE01F072BD01F0F0BCB5
:1076B00008B52721032002F03BFB00BF024B1860F6
:1076C00000221A719A607047D479002070B582B098
:1076D0001E4C2379012B11D0DAB2022A0BD1A068FB
:1076E0000DF1070100F02EFB0023A36023719DF82C
:1076F000070002B070BD012002B070BDA0680DF19E
:10770000070100F015FBA5686B7DDB07ECD5AB7FAF
:10771000042BE9D001F068F806460028E4D001F017
:1077200069F82A69B3682E686D68961945F10005F5
:1077300000220A3342F100021B1842EB0102B3425D
:10774000AA41D1D3A06800F09FFCCDE7D4790020F6
:10775000837F0BB10020704710B50A684B688C68B6
:10776000D1F80CC0C0F80CC08460026043600A69A4
:107770004B694361012402618477054B1A792AB968
:1077800098601C7100F0C6FF204610BDFFF790FF07
:10779000D479002070B5044682B00D4601F024F87B
:1077A000A37F012B17D02B686A68A9680646E86892
:1077B000E060A160236062606A692B6962610122F6
:1077C0002361A2770DF10701204600F0B1FA2EB136
:1077D000012002B070BD002002B070BD024B042138
:1077E000186802F02FFBF3E7D4790020024B062142
:1077F000186802F027BB00BFD479002010B5084BF1
:107800001A7952B90446986002221A7100F082FF78
:10781000A07FB0FA80F0400910BDFFF749FF00BF1C
:10782000D479002038B5837FC3B1044609E0A37F33
:10783000042B09D0A37F012B11D002F003FDA37FFD
:1078400063B1A37F032BF2D1EFF3108572B620460C
:1078500000F0D6FA05B962B6A37F2BB938BD4FF454
:107860008271032002F064FAFF21032002F060FA23
:1078700070B5054600F0B8FF08B3044600F0BAFF43
:10788000A4680346E41841F1000628463346224620
:1078900000F08CFBA04271EB06034FF000050CD307
:1078A000001B6FF0010361EB0601834275EB0101E0
:1078B00000D370BD4FF0FF3070BD284670BD40F260
:1078C0002911032002F034FA2DE9F04104460F4655
:1078D00000F08AFF10B38568002362195B410646F9
:1078E00013B10020BDE8F08100F084FF2A1841F1B7
:1078F00000033846A51843F1000800F057FBA842E2
:1079000071EB0801EDD301F047FB00F033FAB368E7
:10791000377523440120B360BDE8F0814FF4A371B3
:10792000032002F005FA00BF00F064BF08B500F0C4
:107930005BFF08B1007D08BD40F29B11032002F0FF
:10794000F7F900BFF8B50369002B4ED1044601F0EA
:1079500023FB05460E46FFF7F7FD78B3D4E9000395
:10796000643546F10006A84273EB060223D3C4E94E
:107970000003EFF3108672B600F036FF054698B1AB
:1079800000F038FFAB6800220B3342F100021B18F5
:1079900042EB0101D4E90002834271EB02053CBFD6
:1079A00003461146C4E9003106B962B62046BDE877
:1079B000F84000F091BB28463346D8E7FFF7E0FDDA
:1079C000074600F025FFB8422168626838BF384694
:1079D000963546F10006401946F10003884273EBE4
:1079E00002053CBF08461346C1E74FF4D17103209E
:1079F00002F09EF91C4B1868A0B350E9063130B56F
:107A000050F8104C13F10A02036841F100011519F6
:107A1000A0F1180041F1000C1BB922E014D31B683F
:107A2000FBB153E90621AA4271EB0C0419D290F87C
:107A300014E013F8044C7445F0D19C88B0F81CE0B5
:107A4000A4EB0E042404EAD553F8100C0A3241F1D9
:107A500000018518A3F118001B6841F1000C002BF0
:107A6000DFD130BD704700BFE079002070B5264DF2
:107A700000236B60EFF3108172B6AA686A60AB6096
:107A8000EB6009B962B66A6872B3204C002693793C
:107A9000032BA2F1180028D0136873B39A79042A33
:107AA000A3F118038446A6460FD1818B9A8B521AF4
:107AB00012049A6944BF0CF1180E184642B19C4654
:107AC000A2F118039A7F042AEFD09B7F032B16D1D3
:107AD000DEF800201368CEF800300221C3688677F4
:107AE00098476A68002AD2D170BD116852F80C3CE0
:107AF0009671696001219847F3E7A646EAE763219A
:107B00009F2002F015F900BFE0790020E479002001
:107B10002DE9F04F6F4B04681B68456883B0828382
:107B2000427D0646894602F00102002B00F0CB8020
:107B3000A3F1180C002A6ED0DCE90001844275EB39
:107B40000107644A2FD39CF81420337D9A421BD836
:107B5000DCF808301B1841F1000113F10A0E41F165
:107B60000007744575EB070280F0A880326912198E
:107B700045F10000964577EB000801D27246384681
:107B80009A428841C0F08280DCF818300CF118026B
:107B9000002B00F09180A3F1180CDCE90001844275
:107BA00075EB0107CFD21F466346B068001945F157
:107BB0000008002B44D0CDE90027CA46D3E9007164
:107BC00010F10A0C48F10002674571EB020245D240
:107BD0001A7D96F814C0944519D39A68D21941F1C8
:107BE000000112F10A0941F1000E4C4575EB0E0738
:107BF00045D237693F1945F1000CB9457EEB0C0BB6
:107C000001D24F46F44697427CEB010C3DD39B6971
:107C100023B3183BD2E7DCE90001844275EB010194
:107C20002C4A0CD3DCF818300CF118023BB1A3F14C
:107C3000180CDCE90001844275EB0101F2D21F4609
:107C4000334643F8187F1360FFF7D4FE864210D006
:107C5000002389F8003003B0BDE8F08FDDE900278C
:107C60003346D14643F8187F1360FFF7C3FE8642C0
:107C7000EED1012389F8003003B0BDE8F08F27462C
:107C8000AC4697427CEB010CC1D2D146114A042389
:107C9000B3779168002333767376B376F37606F183
:107CA00018020C4B69B1DB681A600B4B0949187854
:107CB000CA6002F02FFACBE71F4676E72246284635
:107CC0005EE79A60F1E712B91746024AB8E7014A3F
:107CD0001F466AE7E0790020CC21002010B50A4C4D
:107CE0002378FF2B0AD1094802F0EAF9084B2070EB
:107CF00000221A609A60DA601A8210BD4FF48D710A
:107D00009F2002F015F800BFCC2100206D7A0300FF
:107D1000E079002010B5054C2078FF2800D110BD77
:107D200002F0E8F9FF23237010BD00BFCC21002032
:107D3000034B1A8A02F1010CA3F810C0FFF7E8BE4A
:107D4000E079002038B504460D46FFF753FE0346A0
:107D5000E31AB3FA83F35B0905482B7004F11801A9
:107D600002F096F810B10023A377012038BD00BFC0
:107D7000E07900202DE9F0431F4E34686CB34FF0DA
:107D800000083546C6464FF004092346246853F8D8
:107D9000187C53F8082CD21953F8147C47F1000CC6
:107DA00082427CEB010C1AD22A6812682A6083F89E
:107DB0000690B26883F800E083F801E083F802E0FF
:107DC00083F803E07AB1F2681360F3604FF00108C2
:107DD000002CDAD1B8F1000F07D1BDE8F0831D46C1
:107DE000002CD2D1F6E7B360EFE7044BBDE8F043D7
:107DF000187802F08FB900BFE0790020CC21002074
:107E000070B5154EB368054600F11801BBB1B368F3
:107E1000002423B913E01A681C4682B11346994224
:107E2000F9D10CB1AA692260B268914204BF1B6803
:107E3000B360F36899420AD00023AB7770BD07485E
:107E400002F026F80028F9D00023AB77F6E70023EC
:107E5000F460AB77F2E700BFE0790020E47900201E
:107E60002DE9F843484E3468002C00F087804FF02D
:107E700000080F460546B14641464FF0040E234622
:107E8000246853F8180C53F8082C121853F8140CE3
:107E900040F1000CAA427CEB070C69D2D9F8002013
:107EA0001268C9F8002083F806E0B26819705970AA
:107EB0009970D970002A5FD0F2681360F3604FF0B8
:107EC0000108002CDBD1B8F1000F03D02F4B18783C
:107ED00002F020F93368002B50D053E90612A94272
:107EE00072EB070053F8100C3CBF29463A46A3F149
:107EF000180C0A304FF000041B6844F10004091804
:107F000042EB04021BB92DE016D81B6853B353E9AA
:107F10000604884274EB020E24D29CF8148013F8F5
:107F200004ECF045F0D1B3F804E0BCF81C80AEEBF3
:107F3000080E1EF4004FE8D0854277EB040E294668
:107F400038BF014653F8100C3A46A3F1180C38BF5D
:107F500022461B68091842F100020A3142F1000270
:107F6000002BD4D10CF1180373616046BDE8F8838F
:107F70009946002C83D1A6E7B3609FE700239C4677
:107F800073616046BDE8F883E0790020CC210020D1
:107F900010B5054C6169204601F07AFF18B160699F
:107FA00000231838636110BDE07900201C4909687E
:107FB00039B3A1F1180C9CF8141081421DD870B58A
:107FC000DCE9004112F10A0543F1000EAC4271EB0D
:107FD0000E0620D2DCF81060341941F10001AC42E9
:107FE00071EB0E0115D2DCF8181071B1A1F1180C6B
:107FF0009CF814108142F6D8E2E7DCF8181000294A
:10800000D7D14FF0FF30014670474FF0FF300146A7
:1080100070BD2C467146B4F10A0041F1FF3170BDCC
:10802000E079002010B5837F022B06D0837F012BDF
:1080300002D0837F042B1DD110BD437D13F00203BA
:1080400013D103210E4A81779468037600F1180159
:1080500043768376C3765CB1D3681960094BD160EF
:10806000BDE81040187802F055B80023837710BDA2
:108070009160F3E74FF4FF719F2001F059FE00BFBC
:10808000E0790020CC21002070B5114D00F11806D8
:1080900004463146284601F0FBFE98B10423A3773D
:1080A000AA68002323766376A376E37642B1EB6871
:1080B0001E60084BEE601878BDE8704002F02AB8E8
:1080C000AE60F6E74FF402719F2001F031FE00BF71
:1080D000E0790020CC2100202DE9F04F066983B023
:1080E000002E6ED1D0E900158368077DEFF3108470
:1080F00072B6DFF8D8C0DCF80020002A52D0BCF8F5
:10810000108013F10A0E46F10006CDE90008183A76
:10811000B046D2E9003611EB0E0A45EB08099A4544
:1081200079EB060C3DD38B4276EB050C27D3106917
:1081300010EB030C46F1000BD4457BEB090B34BF6D
:108140004FF0010C4FF0000CBCF1000F13D092F86F
:1081500014C0BC452DD034BF4FF0010C4FF0000CC3
:10816000BCF1000F07D013F10A01936846F1000536
:10817000591845F1000592699AB1183AC9E7906813
:1081800013F10A0C46F1000910EB0C0C49F100093F
:10819000614575EB090934BF4FF0010C4FF0000C3D
:1081A000D2E7009804B962B6C0E9001503B0BDE893
:1081B000F08FB2F81CC00198ACEB000CCCF3C03CC3
:1081C000CEE740F227219F2001F0B2FDE0790020A8
:1081D000024B0521186801F035BE00BFF879002078
:1081E000054B586810B1C3680521184710B54FF406
:1081F0001B71B02001F09CFDF87900202DE9F047BB
:108200001646002B55D0D3E900894B4C804579EBBD
:108210000103A38A3CBF804689466433B8EB00055E
:1082200069EB01070022AB422261BA41C4E902892D
:1082300016DBA36903F2A3139D4277F1000769DA05
:108240003E4AC4F8288040464946C4F82C9000F0C5
:10825000C7FD3B4A052384F830303260BDE8F08723
:10826000627F237F1AB19A071ED40022627703F03F
:10827000010AA36903F2A3139D4277F100072EDAE6
:10828000BAF1000FDCD0A08A2C4AB8EB000069F1EB
:108290000001C4E90A0100F0A3FD0623284A84F87E
:1082A00030303260BDE8F087236A01209847237F91
:1082B000DBE7214C637F2BB1237F9B0702D5236A29
:1082C000012098470025657701F000F9FFF736F99E
:1082D0002B461C4A84F830303260BDE8F08701F04C
:1082E000F5F8FFF72BF9A08AA369BAF1000F01D0C6
:1082F000984215D8B8EB0300104A69F10001C4E9AF
:108300000A0100F06DFD02230D4A84F8303032601E
:10831000BDE8F08701F0DAF8FFF710F9A369E9E7A3
:10832000B8EB0000054A69F10001C4E90A0100F058
:1083300057FD034A01238EE7F8790020D18103001D
:108340008D8403008586030002392DE9F04104295C
:108350002DD8DFE801F00309292C0C00164A137F01
:10836000003B18BF012353770020BDE8F08104468D
:1083700000F002FD00F010FE0E460746FFF770FD0C
:108380000D4D80466868FFF74DFE2246384631465F
:108390004346002400260027C5E902676C60FFF70A
:1083A0002DFF0220BDE8F081FFF790F9DCE740F2F5
:1083B0001721B02001F0BCFCF87900202DE9F84F1E
:1083C0002E4C637FA769804683BB94F81C9019F0FC
:1083D000010934D100F0E0FD10EB070B41F1000A78
:1083E00005460E4658465146FFF73AFDA8B3D0E978
:1083F00000329B457AEB02011BD30023204AA56281
:1084000028463146C4E902BAE662236100F0E8FC7E
:10841000B9F1000F18D0A38A1A4A9F4216D002233E
:1084200084F83030C8F80020BDE8F88F4FF000091C
:10843000D0E7DD1B9B4662F100069246DDE7A38A8A
:108440009F4238BF1F46C5E70E4AE8E7012384F87C
:108450003030C8F80020BDE8F88F637F2BB1237F50
:108460009B0702D5236A012098470023064A84F817
:1084700030306377C8F80020BDE8F88FF879002025
:10848000D18103008D84030085860300023970B515
:108490000546032900F2EB80DFE801F006024508FB
:1084A000754B002283F83120002070BD724C94F887
:1084B00030301A1F012A40F29F8000F06DFDA26A41
:1084C0002369801A9842B8BF184694F8303020616A
:1084D000022B7FD0237FD90740F1C480607F002822
:1084E00040F0C080236A98470123637794F83020D6
:1084F000022AD4E902034BD0012A70D02269323813
:1085000043F1FF31101841EBE2715C4AC4E90A0102
:1085100000F066FC94F83030062B0CBF05230423D2
:1085200084F83030C0E7544C94F83030042B0FD826
:10853000022B25D8013B012B00F28F80FFF7C6F8F4
:108540000028B1D000F016FD2846FFF737FF15E0F0
:10855000053B012B00F28180FFF7B8F80028A3D07B
:1085600000F008FD00F018FD06460C46FFF778FC09
:108570002A46034621463046FFF740FE022070BDE2
:10858000FFF7A4F800288FD0012384F831308BE75F
:10859000227FD2070ED5627F62B9A18A374A401A7C
:1085A00063F10001C4E90A0100F01AFC032384F816
:1085B000303079E72169314A323843F1FF334018CE
:1085C00043EBE171C4E90A0100F00AFC042384F8DA
:1085D000303069E700F072FFFEF7AAFF86E7A16975
:1085E000264A401A63F10001C4E90A0100F0F8FBD1
:1085F000022384F8303057E7042B94F8316019D007
:10860000002EAFD1FFF7C4FC0028ABD06060C4E9F6
:108610000D6600F0A5FB6068022383773146C368CE
:108620009847D4E90201FFF7A5FB154B84F83060A9
:108630002B60A3E700F052FF0028E1D100200021C9
:10864000FFF70EFC08B1FFF71FFD00F03FFFFEF73C
:1086500075FF2846FFF7B2FE90E74FF4CD71B020CA
:1086600001F066FB40F2B311B02001F061FB40F273
:10867000F111B02001F05CFBF8790020D1810300FA
:1086800049830300032910B506D801290AD840F20E
:108690005D11B02001F04CFB0429F8D10446FFF72E
:1086A00015F808B9002010BD2046FFF787FE02200C
:1086B00010BD00BF10B5EFF3108472B60A4B0B4A21
:1086C00019680968914202D004B962B610BD93F8E6
:1086D0003030033B012BF7D800F0F8FEFEF72EFFF9
:1086E00000F048FCF0E700BFF87900208D8403001B
:1086F00010B5064A064C02600023206084F8303032
:108700002377FEF73DFF5130A06110BD8586030041
:10871000F879002010B5EFF3108472B6034B0421F2
:10872000186801F08FFB04B962B610BDF87900201B
:1087300008B5094B5A684AB1D3E902218018BDE84F
:108740000840064A41F1000100F04ABB40F27221A4
:10875000B02001F0EDFA00BFF8790020E1810300BC
:1087600008B5064B5B681BB1BDE8084000F002BCD1
:108770004FF41E71B02001F0DBFA00BFF879002041
:1087800008B5054B5A680AB1586308BD40F27E210E
:10879000B02001F0CDFA00BFF879002008B5054BF4
:1087A0005A680AB1986308BD4FF42171B02001F0F6
:1087B000BFFA00BFF8790020044B9B6B03B1184748
:1087C00010B540F28A21B02001F0B2FAF879002009
:1087D000044B5B6B03B1184710B54FF42471B02004
:1087E00001F0A6FAF8790020014B5868704700BFE5
:1087F000F879002008B5054B5A6812B1D3E9020197
:1088000008BD40F29B21B02001F092FAF8790020D7
:10881000034B187F10F0010018BF988A704700BF03
:10882000F8790020054B1B681BB1D3E9082004210F
:10883000104710B57221452001F07AFA387A0020ED
:10884000054B1B681BB1D3E908200321104710B565
:108850006C21452001F06CFA387A00202DE9F041B6
:1088600004460D4679B9174F3B683BBB16483C6040
:10887000FFF786FF1548FFF791FFFFF755F8637D77
:108880005B07064605D4D4E908302946BDE8F04127
:108890001847FEF703FF2036361A7E6000F0F8FB1B
:1088A0000028FBD00A4B0022C3F8A8252946C3F8AC
:1088B000AC25D4E90830BDE8F041184786214520B1
:1088C00001F036FA387A0020418803002588030039
:1088D00000F00140024B00221A601A81704700BF6D
:1088E000387A0020704700BF08B5074B1A683AB1C4
:1088F0000648D06000211960BDE80840FEF776BF49
:10890000B921452001F014FA387A00205D8803006F
:10891000C0E908122022002101F080BD30B587B0E7
:108920004B7A00220D460592CDE900220492C3F352
:10893000800282F001024FF0000162F382010446DE
:108940002A78287A8DF815108DF8140069682B485C
:1089500002910390002A40D1D5E904209DF815C06A
:108960001CF0040FCDE9002028D19DF815202449E2
:10897000C3F340035B0043F0010322F003021343FF
:108980008DF815304B68C3F308038BB1103B5BB215
:10899000002B1CDB03F1604303F5614393F80033C4
:1089A0005B092BB969462046FEF7F4FE07B030BDDF
:1089B00069462046FEF7CCFE07B030BD203A01F1F3
:1089C000200140F1FF30009202910190CDE703F0C9
:1089D0000F0319440B7D5B09E3E72B690493FEF752
:1089E00055FE9DF815305B07CDE9000104D5029ACC
:1089F0006B7A20320292B8E76B7AB6E75D880300A3
:108A000000ED00E010B5037886B0B3B990ED047BBB
:108A100004464068217ACDE902036846CDE9043373
:108A20008DED007B8DF81410FEF78CFFDDE900233F
:108A30000120C4E9042306B010BD4FF4AB714520FA
:108A400001F076F908B50A4B1B6863B15B7D5B07E3
:108A500005D5FEF769FF203041F1000108BDBDE8F2
:108A60000840FEF761BF4FF4EE71452001F060F958
:108A7000387A002030B50C7887B07CBB4B7A0594EF
:108A80000C7A8DF81440C3F3800E174C4D68039494
:108A90008EF0010ED1E904414FF0000C6EF3820C10
:108AA0001CF0040FCDE900418DF815C0029507D0E8
:108AB000203C05F1200541F1FF3100940295019120
:108AC0009DF815400492C3F3400363F341046946E3
:108AD0008DF81540FEF73CFE07B030BD40F21F2177
:108AE000452001F025F900BF5D88030070B4EFF365
:108AF000108672B617490D78ADB1174BD3F80445FF
:108B0000D3F848314FF6FF7294421FD0E3B147F6D5
:108B1000FE739C4218D84B68013306B962B6C0E9AF
:108B2000004370BC70470C4AD2F80445D2F80431B7
:108B300053B14B6801334B60C2F80451D2F804457D
:108B4000D2F80431002BF4D14B68E6E7002BFBD1BF
:108B50001C46F9E7707A002000B0004010B50A4CBE
:108B6000002222742277094B094801215960C3F879
:108B70004025C3F840214FF400221961C0F80825B0
:108B800001F018FB206210BD707A002000800040C8
:108B900000F001403749384BF0B44D6A374C0022A1
:108BA00001204A6058609860C3F80843C3F84843FE
:108BB000C3F80421C3F84021C3F84421C3F8482175
:108BC000002D55D02E4C2F4EC4F8A8652E4AC4F85F
:108BD000AC55C4F85C394FF40023C4F804350523C0
:108BE000C2F840351060D2F84031002BFBD0244849
:108BF000002301244FF40025C0F808555460D460C8
:108C0000C2F84031C2F84035C0F8A835C0F8AC35DC
:108C1000C0F8AC350B7833B391F8284018481649A2
:108C20001A4E1B4DE30003F1804303F5F833012294
:108C3000A2404FF6FF774FF48024C0F80825C1F812
:108C40004443C1F84875C1F80443C3F81065C3F83C
:108C50001455C0F804250F4B4FF40062C3F880216F
:108C6000F0BC1A607047044B0222C3F80423F2E7F9
:108C70001860CFE7707A002000B0004002000700C3
:108C800000F00140408100400080004048B10040B9
:108C900008B0004000E100E00D4B0E4A30B4012066
:108CA00000210D4C58604FF40025C3F84015C3F85F
:108CB00040114FF480711861C4F80855C2F8801152
:108CC000C2F88010BFF34F8FBFF36F8F30BC704777
:108CD0000080004000E100E000F0014030B41B4A99
:108CE0001B4C1C4D1C4800230121636051609160A6
:108CF000C2F80853C2F84853C2F80431C2F84031F0
:108D0000C2F84431C2F848312278C0F8A835C0F81A
:108D1000AC3572B194F828209140D20002F1804223
:108D200002F5F832C2F81035C2F81435C0F808154B
:108D300023700A4B4FF40062C3F88021C3F88020EF
:108D4000BFF34F8FBFF36F8F30BC704700B0004050
:108D5000707A00200200070000F0014000E100E00E
:108D6000044B4FF080411A6A0123C1F808351360A3
:108D7000704700BF707A002010B4144C1449154A93
:108D80000023C4F8A8350120C4F8AC354FF0FF34F7
:108D900048600861C1F808430F4891684FF4807437
:108DA000C0F8804141B10D494FF48030C1F808034B
:108DB0001374C1F840319360126A5DF8044B4FF0B0
:108DC00080410023C1F808351360704700F001406E
:108DD00000800040707A002000E100E000B0004018
:108DE000F0B55A4CA36883B0002B40F09F802578E3
:108DF000A260002D5CD1564B994200F29C80430F3B
:108E0000544E554F43EAC101A6FB0132C0F34F3324
:108E1000920B03EB014307FB1233A6FB03639B0B8F
:108E200043EA02434D4A02FB1300420B48F237610A
:108E300001FB02F2120C43F60957494907FB1200E5
:108E400000FB01F1490D43F6085601EB422207FBF6
:108E50000161B0EB512F88BF01320026002D41D0B7
:108E60001F0C1B049D18684647F10007FFF73EFEE4
:108E7000DDE90032053346F100064FF48031E2FBB4
:108E800001369D4277EB060647D32A0C4FF6FF7159
:108E9000ADB242EA0742002D08BF0D4631494FF4FA
:108EA0008030C1F84055E260C1F8040303B0F0BD62
:108EB0002D4B994244D8430D264E274F43EAC121FA
:108EC000A6FB0132C0F34F13920B03EB014307FBE8
:108ED0001233A6FB03639B0B43EA0243234A02FBC4
:108EE0001300A2E71F0A1B069E18684647F10007F9
:108EF000FFF7FCFDDDE90032053345F100054FF0D9
:108F00008071E2FB01359E4277EB050505D3320EF9
:108F100042EA072226F07F45C0E7FF232374144B63
:108F20004FF40062C3F8002103B0F0BD40F2F92114
:108F3000052000F0FDFE4FF49471052000F0F8FECE
:108F400040F22311052000F0F3FE00BF707A0020EC
:108F5000FF7F841E83DE1B43000024F40080841EF8
:108F60006F0C010000B000407F841E0080841E0052
:108F700000E100E0064B9A684AB106494FF480329E
:108F8000C1F8082300221A74C1F840219A60704782
:108F9000707A002000B0004070B4EFF3108572B614
:108FA000364C207820B3364BD3F80425D3F84861EB
:108FB0004FF6FF739A4252D043F60951C2F30803A9
:108FC00001FB03F3500A01FB00F003F5807300EB93
:108FD00053200021002E45D047F6FE739A4241D817
:108FE0006368013325B3274A70BCE3FB0201704775
:108FF000234AD2F80435D2F8041111B3636801335F
:109000006360C2F80401D2F80435D2F804110029D3
:10901000F4D143F6095CC3F30802580A0CFB02F2D0
:1090200002F580730CFB00F000EB532063681DB960
:1090300062B62278002AD6D1134AE3FB020170BC43
:10904000704743F60956C3F30802580A06FB02F3B9
:1090500006FB00F003F5807300EB5320E6E71EB13A
:109060000A4800216368BDE7636815B928462946A8
:10907000DEE7044A30463146DFE700BF707A002061
:1090800000B0004080841E000080841E61841E00A9
:1090900070B4EFF3108072B6384A15780DB3384BC0
:1090A000D3F80455D3F848614FF6FF739D4256D06C
:1090B00043F60954C5F3080104FB01F16B0A04FBF4
:1090C00003F301F5807103EB51230024002E49D0F6
:1090D00047F6FE718D4245D85168013108B32948E1
:1090E00024E02749D1F80435D1F804414CB3536842
:1090F00001335360C1F80451D1F80435D1F804416B
:10910000002CF4D143F6095CC3F308010CFB01F118
:109110005B0A01F580710CFB03F303EB51235168EB
:1091200018B962B610780028D9D11748E1FB00348D
:10913000D2E90C128B4294412CBF0120002070BC5C
:109140007047C3F3080143F609555B0A05FB01F1BB
:1091500005FB03F301F5807103EB5123DFE71EB13B
:109160000A4B00245168B9E7516810B90346044618
:10917000D7E7044833463446D8E700BF707A00206A
:1091800000B0004080841E000080841E61841E00A8
:10919000194B1A4810B5012200214FF400245A60DF
:1091A000C3F84015C3F840111A61C0F80845D3F858
:1091B000040520F00300C3F80405D3F8080540F0C7
:1091C00003001021C3F8080591FAA1F1B1FA81F169
:1091D00009290CDC0A48C3F810154FF48074DA60D2
:1091E000C0F8804104605A60DA601A6010BD05481A
:1091F00040F29F3100F092FD0080004000F00140FD
:1092000000E100E0982E04002DE9F047DFF88881A6
:109210005C4E012100234FF4002284B0C8F80410F2
:10922000C8F84035C8F84031C8F81010C6F808250D
:10923000D8F8042522F00302C8F80425D8F8082538
:1092400042F00302C8F80825102292FAA2F2B2FAFC
:1092500082F2092A00F39180C8F810254A4A4B4F40
:10926000C8F80C104FF48070C2F880011060484AB2
:10927000C8F80410C8F80C10C6F8A8253A78C6F843
:10928000AC8502A8002A56D0019306E00123C6F857
:1092900008A5C8F80430C8F80C30FFF727FCDDE952
:1092A0000243019D4FF4002A4FF48039C6F804A50B
:1092B000E3FB0945FFF71AFCDDE902320199E2FB05
:1092C0000931A94208BFA342E0D1013443F6095253
:1092D000C4F3080345F1000502FB03F3210EC4F3B8
:1092E0004E2441EA052102FB04F02D0E03F58073A4
:1092F00000EB53204C016B01641A43EAD16363EB2A
:109300000506B201A3011B1B42EA946262EB06024E
:10931000D20042EA5372DB005B1845EB0205E90319
:10932000DA03801841EA534141F10001C7E90C0119
:1093300004B0BDE8F087019206E00123C6F808A555
:10934000C8F80430C8F80C30FFF7D0FBDDE9024361
:10935000019D4FF4002A4FF08079C6F804A5E3FB85
:109360000945FFF7C3FBDDE902320199E2FB093150
:10937000A94208BFA342E0D1A7E7064840F29F31C7
:1093800000F0CCFC00F0014000E100E0707A002029
:1093900000B10040982E04000080004010B5029CEF
:1093A000201841F10001801A61EB0301B0F1004F78
:1093B00071F1000100DA10BD40F2A931052000F082
:1093C000B7FC00BF70B4EFF3108572B6364C20784E
:1093D00020B3364BD3F80425D3F848614FF6FF731A
:1093E0009A4252D043F60951C2F3080301FB03F33A
:1093F000500A01FB00F003F5807300EB53200021BD
:10940000002E45D047F6FE739A4241D86368013377
:1094100025B3274A70BCE3FB02017047234AD2F808
:109420000435D2F8041111B3636801336360C2F8E4
:109430000401D2F80435D2F804110029F4D143F61E
:10944000095CC3F30802580A0CFB02F202F58073B0
:109450000CFB00F000EB532063681DB962B6227864
:10946000002AD6D1134AE3FB020170BC704743F6D1
:109470000956C3F30802580A06FB02F306FB00F084
:1094800003F5807300EB5320E6E71EB10A48002184
:109490006368BDE7636815B928462946DEE7044AD4
:1094A00030463146DFE700BF707A002000B0004050
:1094B00080841E000080841E61841E00024B0122F5
:1094C000C3F84423704700BF00B00040024B0122A4
:1094D000C3F84823704700BF00B0004008B5FEF74E
:1094E00033F830B9074A936B0133312B936304D8B7
:1094F00008BD044B00229A6308BD40F2F5310520F7
:1095000000F016FC707A002010B53F4C237882B032
:10951000002B55D03D4BD3F8042352035BD43B4B77
:10952000E168D3F80423D00334D5D3F84031002BBD
:1095300030D0636899425DD800232374334AA16810
:10954000C2F840314FF48030C2F80803002955D0EA
:10955000A36088472D4BA169D3F80423920324D537
:10956000D3F844310BB363688B423FD30022227798
:10957000264B6169C3F844214FF40030C3F8080357
:1095800000293BD08847214BD3F840310193019B00
:1095900002B010BD6268237C002BCDD19142D9D995
:1095A0001A4B0022C3F84021D4E76268237F002BC6
:1095B000DCD18A42E7D2154B0022C3F84421E2E70E
:1095C000124AD2F804110029A9D0C2F80431636804
:1095D00001336360A3E7D3F84821002A9FD000221B
:1095E000C3F8482163680133636098E7237F002B49
:1095F000E1D0BBE7237C002BD2D09DE740F237417E
:10960000052000F095FB00BF707A002000B00040FC
:10961000034610B3007888B91A79012A1ED85A79FE
:10962000012A1BD89A680E49643A8A4216D8D8682B
:109630000C4B98422CBF00200120704701280CD110
:109640001A79012A09D85A79012A06D8DA68044910
:10965000643A8A4201D89868EAE70020704700BF60
:109660003C8601000040420F08B500230B8581F8BD
:109670002A300B6A0921984728B103781BB1E921E8
:109680006A2000F055FB08BD436A19444162A1F10C
:109690005000FDF7FDBFD4D470B50446FDF7F6FFCA
:1096A000D4E90632656A503342F100025B1942F197
:1096B000000205F5DF6540F2F966B5FBF6F55B19CA
:1096C00042F1000283428A410ED294F82A30052BDF
:1096D00003D0B3216A2000F02BFB0A21236A94F8FF
:1096E00058009847B621F5E7044C236813B1984712
:1096F00000232360BDE87040FFF7F6B8AC7A002085
:1097000070B504460D4639B9012380F85930FFF78A
:10971000C3FF0226304670BD0E78032E70D801A319
:1097200053F826F013970300359703009F97030023
:10973000579703004868C72801D80026EAE70421A4
:10974000FEF7C2F80028F8D0FDF7A6FF69682046AA
:10975000FFF79AFFDEE790F8286006BB4D682846C1
:10976000FFF756FF00284BD02B78D3B90121217089
:109770002B796A79003B18BF0123002A14BF042209
:1097800002222272AA6843F004036F326260EA6820
:1097900063720323226184F82A3084F8291020465A
:1097A000B5E794F82A30052B04D040F293116A20D3
:1097B00000F0BEFA26702B796A79003B18BF0123AE
:1097C000002A14BF042202222272EA6843F0040332
:1097D0006F3263726260D4E90632A9685B1842EBAB
:1097E000E172C4E90432042384F82A30214604F1EA
:1097F0003000FFF793F80028D1D140F29511D6E759
:10980000012384F85930CAE7F8B5044620B940F27C
:10981000AD116A2000F08CFA90F85850052900F23A
:10982000CA80DFE801F003834668727C90F82A3032
:10983000033B012B02D94FF4DC71EAE7052380F8E2
:109840002A30002380F859300378EBB12378012BBC
:1098500027D1FFF7F7F894F8286063686362C4E9DA
:1098600006010EBBFDF720FF31462046FFF70CFF37
:10987000236A31462846984701462046FFF740FFB5
:10988000022840F09B80F8BDFDF700FF06460F461A
:10989000FFF7D8F81F3647F1000786428F41F3D310
:1098A000D4E7D4E90401D6E72046BDE8F840FFF745
:1098B000F3BE90F82A30DA1E012A02D940F2ED11E7
:1098C000A7E790F828202AB121462846BDE8F840AD
:1098D000FFF7CABE042B18BF012180F82A10036AC3
:1098E0000521284698470028CDD00378002BCAD000
:1098F0004FF400718DE790F82A30052B02D040F22A
:10990000062186E7036A0221B4E790F82A30052B86
:1099100002D04FF403717CE7036A0121AAE790F8B3
:109920002A30052BC0D040F2122172E790F82A307D
:10993000052B07D090F829200AB1032B02D040F262
:10994000172166E794F82820002ABDD194F85930F1
:1099500083B1022384F82A3084F85920236A08212D
:109960002846984700288ED00378002B8BD040F2F1
:1099700023214EE794F8292062B184F8293021464A
:1099800004F13000FEF7CAFF00287FF47CAF4FF4EB
:109990000A713EE7022384F82A300721236A284609
:1099A000984700283FF46FAF0378002B3FF46BAF6C
:1099B00040F22F212DE74FF40D712AE70128236A89
:1099C0000CBF0421032155E770B500F0EDF8002429
:1099D00005462646E0B2854200D870BD00F0EAF8A0
:1099E0000134068580F82A60F4E7F8B504460D4690
:1099F00000F0DAF800270646F8B2864204D8082DAF
:109A00000CD96FF0150008E000F0D4F890F82A3077
:109A10000137002BF0D04FF0FF30F8BD2CB12946B4
:109A20002046BDE8F84000F0D1B821462046F8E7CE
:109A30002DE9F8438846074658B300F0B5F84FF0D3
:109A4000000904465FFA89F6B44203D86FF00B00B0
:109A5000BDE8F883304600F0ADF890F82A5009F1DF
:109A60000109002DEED1304600F0A4F80A49058521
:109A7000044680F82A5080F8586002463030FEF7DD
:109A800047FF0123276284F82A30284688F80060BF
:109A9000DEE76FF01500DBE70998030010B5044618
:109AA00000F088F8014688B190F828308BB990F81A
:109AB0002A3073B1013B012B04D82046FFF7D4FDB7
:109AC000002010BD012380F82830F9E76FF0010075
:109AD000F7E76FF02200F4E770B50D4600F06AF882
:109AE000044600284CD090F82A60731E012B4DD8F4
:109AF000002D48D02846FFF78BFD002843D02B7857
:109B00000BBB012323702B796A79003B18BF01231B
:109B1000002A14BF042202222272AA686F3243F084
:109B200004036260EA6822616372032384F82A30C6
:109B3000214604F13000FEF7F1FE50BB40F2C12196
:109B40006A2000F0F5F8022E20D1002323702B7933
:109B50006A79003B18BF0123002A18BF0426267229
:109B6000EA6843F004036F3263726260D4E906323C
:109B7000A9685B1842EBE172C4E904320423D5E71B
:109B80006FF0010070BD6FF01500FBE76FF0220071
:109B9000F8E70020F6E7D4D4024B00221A601A71CD
:109BA000704700BFB07A0020014B1879704700BFA2
:109BB000B07A0020044B1A79824283BF1B6860226E
:109BC00002FB003000207047B07A00200A4610F0F7
:109BD000030110B50AD1074C2271206008B900209A
:109BE00010BD60235A4300F019FCF8E76FF00D0038
:109BF000F6E700BFB07A0020BFF34F8F0549064B50
:109C0000CA6802F4E0621343CB60BFF34F8F00BF1A
:109C1000FDE700BF00ED00E00400FA05094B01225A
:109C20005A604FF0FF32C3F80823074B4FF48042CD
:109C3000C3F88020BFF34F8FBFF36F8FC3F880212D
:109C4000704700BF00E0004000E100E0094B012246
:109C50005A604FF0FF32C3F80823074B4FF480528D
:109C6000C3F88020BFF34F8FBFF36F8FC3F88021FD
:109C7000704700BF00C0004000E100E0084B002238
:109C8000C3F8FC2F0122C3F8FC2F064B0222C3F8B5
:109C90008020BFF34F8FBFF36F8FC3F880217047D1
:109CA0000010004000E100E038B5184C237863B3A1
:109CB000FDF7E0FCEFF3108572B600236360FEF75A
:109CC00011FEFDF7ADFCFFF7D9FFFFF7BFFFFFF770
:109CD000A5FF94F90830002B0DDB5A09012103F090
:109CE0001F03994002F12003094A42F82310BFF3F1
:109CF0004F8FBFF36F8FFFF74FFF064B064AC3F836
:109D0000082505B962B60023237038BDB87A002053
:109D100000E100E000F00140000008C008B572B6A4
:109D2000024B5B6803B19847FFF766FFB87A0020E3
:109D30001FB572B6134B5D6895B9FFF75DFF2346FB
:109D4000B2FBF6F25C1C002AF9D104AEDCB256FA82
:109D500083F303F80C2C0A2234B901A8A847ECE7D6
:109D6000024600230A26EDE7631E04AEDCB256FA73
:109D700083F3B0FBF2F602FB1600303003F80C0C54
:109D80003046E9E7B87A0020F8B51F4E337805462B
:109D90000C461746A3BB00F001FAFDF723F87760E5
:109DA0003472FFF76BFFFFF751FFFFF737FF174BD9
:109DB000002D14BF28461846FDF7FAFB0546E8B902
:109DC000FEF788FDFDF7E6FBFFF7FEFDFDF740FC23
:109DD00018B9B8211120FFF7ABFF002C0CDB04F001
:109DE0001F026409A40004F1604404F561440123E6
:109DF0009340C4F880312360012333702846F8BDB6
:109E00004FF0FF35FAE700BFB87A00208E2E04002D
:109E1000074B93F90830002B09DB5A09012103F0A5
:109E20001F03994002F14003024A42F82310704791
:109E3000B87A002000E100E0014B1878704700BFBD
:109E4000B87A0020F8B5037904461BB11B219D2088
:109E5000FFF76EFF4679017126B90123437121791D
:109E600009B96171F8BD276826712046B8470228F4
:109E70000546F4D103212046B84708B12F21E6E773
:109E800023682946204698470028E8D03021DEE79D
:109E90000346006800B970478842F9D102681A6029
:109EA0007047D4D4F0B5284D284C294F83B02E7874
:109EB0000136F6B2D5E84F3F0133DBB2C5E8423F89
:109EC000002AF7D101236360C4F80021C4F80421FB
:109ED000EFF3108272B6C4F80405236052B962B67B
:109EE00008E0D4F804314BB92B789E4206D13B6987
:109EF000DB0613D4D4F80031002BF2D0D4F80431AF
:109F0000002BD4D12A78B242D1D10322C4F8003137
:109F1000C4F80431C4F8082303B0F0BD0D4B03218D
:109F20004FF48042C4F80413C3F88021D4F8003100
:109F3000002BDFD1D4F80431002BDBD1019000F0ED
:109F400081F90198D6E700BFC17A002000E0004007
:109F500000ED00E000E100E070B51446DA078CB0D7
:109F60001D4686468C4633D5C36842681BBA0093AB
:109F7000CB681BBA049383681BBA019303681BBAAE
:109F800003938B6812BA1BBA029205934A680B6856
:109F900012BA1BBA6E46069207933046FFF782FF4D
:109FA000AB070DD5DDE90A10DDE9083200BA09BAC0
:109FB00012BA1BBA20606160A260E3600CB070BD91
:109FC00008AD0FCD20606160A260E3600CB070BD91
:109FD000DEF80410DEF80820DEF80C300068EE46EB
:109FE000AEE80F00DCF80000DCF80410DCF8082014
:109FF000DCF80C306E46AEE80F00CEE710B500245A
:10A0000082B0CDE90044FFF7A7FF02B010BD00BF4A
:10A010001A4B4FF4805270B5C3F88020BFF34F8FB6
:10A02000BFF36F8F164C174D0021C4F80011C3F811
:10A0300080212E692B6943F010032B610123C4F8A2
:10A04000043306F010062360D4F800319BB11EB92A
:10A050002B6923F010032B610123D4F808056360FA
:10A06000C4F808330023C4F80031044B4FF4805285
:10A07000C3F8802170BD00F0E5F8E5E700E100E0FD
:10A0800000C0004000ED00E003460020187070475B
:10A09000EFF3108272B603780121DBB2017002B9CE
:10A0A00062B6012B0CBF6FF0220000207047EFF367
:10A0B000108372B60022027003B962B600207047A6
:10A0C0000B4938B5042301EBC302157905F0FF04F1
:10A0D0002DB1013BF7D240216920FFF729FE41F85D
:10A0E00033000121547194711171D8B238BD00BF91
:10A0F000C47A0020042808B503D947216920FFF756
:10A1000017FE034B03EBC00300221A7108BD00BF0A
:10A11000C47A0020042808B503D950216920FFF72C
:10A1200007FE094B03EBC0000379012B01D051213D
:10A13000F4E7437982790133DBB29A4218BF437165
:10A14000BDE80840FFF764BEC47A002038B5114D61
:10A15000052495F8281005EBC1031A79012A09D1C5
:10A1600058799A79904205D05A79D2B29A7155F8B5
:10A170003130984795F828300133DBB2052B04F1D4
:10A18000FF3428BF002314F0FF0485F82830E0D105
:10A1900038BD00BFC47A0020FFF7D8BF4FF080520F
:10A1A000034BD2F830111960D2F834215A6070474D
:10A1B000F07A0020084B1B68083B082B0AD840F2B5
:10A1C000211222FA03F313F0010F044B044818BFC5
:10A1D0001846704702487047F07A002000E70140B7
:10A1E0000C050040144B1B68062B03D0013301D033
:10A1F00020BF7047EFF3108072B6104A13691169DF
:10A2000041F0100111610E49D1F80021D1F804117B
:10A210000A4303F0100300D040BF20BF00BF00BFBF
:10A2200000BF00BF23B9054A136923F0100313616F
:10A2300000B962B6704700BFF07A002000ED00E080
:10A2400000E100E0FFF7CEBFFFF7CCBF914270B551
:10A250003FD2B2FA82F33BB1C3F1200420FA04F4F6
:10A260009940214398409A40150CB1FBF5FC05FB41
:10A270001C1E4FEA0E4E030C84B20EEB10401FFA68
:10A2800082FE0CFB0EF6864206D9361A964294BF21
:10A2900001260226ACEB060C03EB01430CFB123348
:10A2A000B3FBF5F005FB103304EB034400FB0EFE9B
:10A2B000A6454FEA0C4C09D9AEEB040E964594BF67
:10A2C0004FF0010E4FF0020EA0EB0E0040EA0C0022
:10A2D00070BD73219620FFF72BFD00BF70B51D46A2
:10A2E00004461646FFF7B2FF049B286000FB1644A5
:10A2F0001C6070BD2DE9F8431C4652EA040349D0A6
:10A30000074615460E4684B9914204D2FFF79EFFD8
:10A310002146BDE8F88321463046FFF797FF044603
:10A320002A46384604FB1561F0E74FF00108B4FAFD
:10A3300084F908FA09F3A3FB021220FA08F003FBE0
:10A34000042240EAC67026FA08F1FFF77FFFC9F140
:10A350001F0230FA02F34FF0000C08D140461946B4
:10A36000AF42A6413CBF18466146BDE8F8835A1E7D
:10A3700061466CEB0C0C05FB0CFE02FB04EE184670
:10A380001346A5FB0228BA1A0EEB080766EB070670
:10A390001746E5E7A6219620FFF7CAFC431A934229
:10A3A00028D382B370B5541E052C2DD95C1E022C07
:10A3B00084460B4628D922F0030596084C1953F819
:10A3C00004EB4CF804EBA342F9D1AA4200EB050CD4
:10A3D000A2EB05040DD011F8262000F82620012C50
:10A3E00007D05A788CF80120022C02D09B788CF888
:10A3F000023070BD8B18024413F801CD02F801CD74
:10A400009942F9D17047704701390244034611F867
:10A41000014F03F8014B9342F9D170BD10F0030FC7
:10A42000C9B2034607D0BAB303F8011B13F0030FF8
:10A4300002F1FF32F7D170B5032A01EB012404EBDE
:10A4400004441ED9161FB508032E05F1010521D9B4
:10A450004FEA550E03EBCE0E9C46CCE900440CF1BE
:10A46000080CF445F9D115F0010F04D025F00105D1
:10A4700003EB85052C6026F003060433334402F019
:10A48000030232B1012A197003D0022A597018BF91
:10A49000997070BD1D46EDE7704700BF10F0030FC7
:10A4A000C9B2034607D0CAB303F8011B13F0030F68
:10A4B00002F1FF32F7D170B5032A01EB012404EB5E
:10A4C000044420D9161FB508032E05F1010523D930
:10A4D0004FEA550E03EBCE0E9C46CCE900440CF13E
:10A4E000080CE645F9D115F0010F06D025F001055D
:10A4F000C5EB8575A3EB85052C6026F003060433B8
:10A5000002F00302334432B1012A197003D0022A47
:10A51000597018BF997070BD1D46EDE7704700BFB8
:10A52000844641EA000313F003037DD1403A51D33E
:10A53000F0B4F0C9F0C0F0C9F0C0F0C9F0C0F0C983
:10A54000F0C0403AF5D2F0BC44E0403A42D300BFFC
:10A5500051F8043B40F8043B51F8043B40F8043BFD
:10A5600051F8043B40F8043B51F8043B40F8043BED
:10A5700051F8043B40F8043B51F8043B40F8043BDD
:10A5800051F8043B40F8043B51F8043B40F8043BCD
:10A5900051F8043B40F8043B51F8043B40F8043BBD
:10A5A00051F8043B40F8043B51F8043B40F8043BAD
:10A5B00051F8043B40F8043B51F8043B40F8043B9D
:10A5C00051F8043B40F8043B51F8043B40F8043B8D
:10A5D000403ABDD2303211D351F8043B40F8043B2D
:10A5E00051F8043B40F8043B51F8043B40F8043B6D
:10A5F00051F8043B40F8043B103AEDD20C3205D33D
:10A6000051F8043B40F8043B043AF9D2043208D034
:10A61000D2071CBF11F8013B00F8013B01D30B88A6
:10A6200003806046704700BF082A14D38B078CD084
:10A6300010F0030389D0C3F10403D21ADB071CBF57
:10A6400011F8013B00F8013BFFF47FAF31F8023B0A
:10A6500020F8023B79E7043AD8D3013A11F8013BDC
:10A6600000F8013BF9D20B7803704B7843708B787C
:10A6700083706046704700BF014B1B681B6818471A
:10A68000D0210020014B1B685B681847D0210020B7
:10A69000014B1B689B681847D0210020014B1B68A9
:10A6A0001B691847D0210020034B1868034BC01AC0
:10A6B00018BF0120704700BFD0210020E0A6030092
:10A6C00000280CBF6FF01500002070470020704775
:10A6D0000723037000207047002070470020704758
:10A6E000C1A60300CDA60300D1A60300D9A603008E
:10A6F000DDA60300014B1B681B681847D82100200A
:10A70000014B1B685B681847D8210020014B1B6870
:10A710009B681847D8210020014B1B681B6918470C
:10A72000D8210020014B1B685B691847D821002005
:10A73000014B1B689B691847D8210020014B1B68FF
:10A74000DB691847D8210020014B1B689B6A18471A
:10A75000D821002030B4044C9DF80850246802959C
:10A76000E468A44630BC6047D8210020014B18782B
:10A77000704700BF6C7B0020801A00F3070038B5DB
:10A7800040B20D4659B21446FCF71CFB002328705A
:10A790006B70204440B238BD10B500220C491346FE
:10A7A00040FA02F4E40744BFCA545C1C02F10102FF
:10A7B00048BFE3B2042AF3D1054AFF24D118032B82
:10A7C00001D9107110BD013301F8014BDBB2F6E77E
:10A7D000787B00200023036070477047002070479B
:10A7E0004FF0FF3070474FF0FF30704770474FF029
:10A7F000FF3070470020704700207047002303702F
:10A8000070479DF800300022FFF7B6BF4FF0FF30D1
:10A810007047002070474FF0FF3070474FF0FF3017
:10A8200070477047D5A70300DBA70300DDA703002F
:10A8300003A80300E1A703000DA80300E7A7030096
:10A8400017A80300EDA7030023A80300F9A703003E
:10A85000FDA70300EFA70300F5A7030013A803005B
:10A860001DA80300002A04BF00207047F0B503AF05
:10A870002DE9000BA2F1010CC2F1000E00240B5DCA
:10A88000055D9D4224D1A4451ED001EB040800EBD8
:10A89000040998F8013099F801509D4218D10EEB47
:10A8A0000406B31C10D098F8023099F802509D426B
:10A8B0000ED1F31C08D098F8033099F803509D424C
:10A8C00006D10434A242DAD10020BDE8000BF0BD6D
:10A8D000E81ABDE8000BF0BD80B56F460146007870
:10A8E00060B100200A18537853B1937853B1D378EC
:10A8F00053B112790430002AF4D180BD002080BD0C
:10A90000013080BD023080BD033080BD042A09D3F0
:10A91000D0B502AFA2F1040E6FEA0E0313F00C0FD4
:10A9200006D123E00B4684466046194600F03CB849
:10A930000B46844653F8044B1EF00C0F4CF8044BA6
:10A9400009D04B6843600EF00C03042B07D1083A82
:10A950000831083008E072466046194606E08B6808
:10A960000C3A83600C310C3084460B46BEF10C0F60
:10A9700014D384460B461868103ACCF80000032A1A
:10A980005868CCF804009868CCF80800D86803F13F
:10A990001003CCF80C000CF1100CECD8BDE8D04042
:10A9A0006046194600F000B8F0B503AF2DE9000F7E
:10A9B0008CB0102A1ED3434203F0030800EB0803B7
:10A9C000984233D2A8F1010C06460C46B8F1000FAC
:10A9D0001AD00C46064614F801EBB8F1010F06F840
:10A9E00001EB11D04E78B8F1020F467008D18C1CE3
:10A9F000861C09E084460CEB02039C4540D36CE0C6
:10AA00008E78CC1C8670C61CBCF1030F0ED3043CA0
:10AA1000043E14F8045F06F8045F65787570A57845
:10AA2000B570E578F570351D9D42F2D1A2EB080EA8
:10AA300001EB08042EF0030214F0030603EB020CF2
:10AA400059D1634515D221460D6843F8045B63452F
:10AA50000FD24D6843F8045B63453EBF8D6843F8F1
:10AA6000045B634505D2CD68103143F8045B634550
:10AA7000EAD3A1180EF003020CEB02039C452CD282
:10AA8000A2F1010E12F0030413D00A46654612F833
:10AA9000016B012C05F8016B0DD04A78022C8CF863
:10AAA00001201ED18A1C0CF10205BEF1030F05D254
:10AAB00013E065460A46BEF1030F0ED3111F2A1F8D
:10AAC00011F8046F02F8046F4E7856708E78967005
:10AAD000CE78D670161D9E42F2D10CB0BDE8000FA4
:10AAE000F0BD8A780CF103058CF80220CA1CBEF177
:10AAF000030FE3D2F1E74FF00009C6F1040A0BADF2
:10AB0000CDF82C9005EB060B5FEACA751EBF2578C1
:10AB10008BF800504FF00109A51B0795F500019532
:10AB20005FEA8A7544BF34F809502BF80950DDF804
:10AB300004B01D1DDDF82CA06545CBF10005009586
:10AB40006DD2734201EB030905F018010546079128
:10AB5000CDF81090C144079B2AFA0BFAD9F80410DB
:10AB6000089101FA03F305EB080143EA0A038A4658
:10AB70004AF8083BE2453DD2089B0395CDF8189072
:10AB800023FA0BF5D9F80890079B059109FA03F30E
:10AB90002B434B6001F10C03634533D2069DED68F6
:10ABA000089529FA0BF50295DDE9075101FA05F937
:10ABB0000599029D103145EA09056145CAF8005022
:10ABC00028D20699079DDDF81090D1F810A00899B9
:10ABD00009F110090AFA05F521FA0BF12943039D41
:10ABE0001960103505EB0803191D6145B0D309EB59
:10ABF000080113E00B4609F1040107910433DDF865
:10AC000020A00CE00699CA4608310791059901F188
:10AC1000080304E00699DDF820A00C310791002517
:10AC2000012E8DF8285007F8265C05D10DF1280972
:10AC30004FF00008002609E00799A7F1260902262F
:10AC40000D7949798DF828504FEA0128E10701D1A3
:10AC5000002109E007990431895D89F8001017F88F
:10AC6000261C9DF82850090441EA0801019E294349
:10AC7000009D05F018052AFA06F6A940314319602F
:10AC8000F7E6F0B503AF2DE9000F8FB0431A9342FA
:10AC90002BD201EB020900EB020C102A4AD30CF074
:10ACA000030A2CF0030ECAF1000BE64563D2AAF1A9
:10ACB0000105BAF1000F49D0C846634618F8016D86
:10ACC000BAF1010F03F8016D42D0C846634618F887
:10ACD000026DBAF1020F03F8026D1FBFC84618F8E3
:10ACE000036D634603F8036D32E0102A27D3434215
:10ACF00003F0030800EB0803984280F0C480A8F139
:10AD0000010C06460D46B8F1000F00F0AA800D4672
:10AD1000064615F801EBB8F1010F06F801EB00F05B
:10AD2000A0804E78B8F1020F467040F096808D1CDE
:10AD3000861C96E06346991A99425CD3FAE08446F1
:10AD40000CEB02039C45C0F0C880F3E06346C846A4
:10AD5000032D10D3A8F10406F57803F8015CB5784B
:10AD600003F8025C757803F8035C16F8045903F8DD
:10AD7000045D9E45F0D3A2EB0A0A09EB0B082AF00A
:10AD8000030618F00305AEEB0603C6F100040894B1
:10AD900040F0DE80734525D2A9F11001ABF1040922
:10ADA00001EB0B060CEB0B05F26845F8042C0CEBE1
:10ADB0000902934216D2B46845F8084C141FA34206
:10ADC0003FBF766845F80C6C083A93420AD251F8B6
:10ADD0000B20ACF1100C103945F8102C0CEB0B02C9
:10ADE0009342DDD308990AF0030208EB0109991A8E
:10ADF000994280F09F80A2F1010C12F0030413D05D
:10AE00004D461A4615F8016D012C02F8016D0DD062
:10AE10004D461A4615F8026D022C02F8026D05D057
:10AE200019F8032D03F8032D4D461A46BCF1030F04
:10AE3000C0F08080AB1E5E7802F8016C1E7802F8CC
:10AE4000026C13F8016C02F8036C13F8026C043BFB
:10AE500002F8046D9142EED36CE08E78CD1C8670C2
:10AE6000C61CBCF1030F0ED3043D043E15F8044F7D
:10AE700006F8044F6C787470AC78B470EC78F470A9
:10AE8000341D9C42F2D1A2EB080201EB080522F02E
:10AE9000030615F0030903EB060C6BD1634515D2CD
:10AEA00029460C6843F8044B63450FD24C6843F8BD
:10AEB000044B63453EBF8C6843F8044B634505D2A1
:10AEC000CC68103143F8044B6345EAD3A91902F06A
:10AED00003020CEB02039C452CD2A2F1010E12F0EE
:10AEE000030413D00A46654612F8016B012C05F8DD
:10AEF000016B0DD04A78022C8CF801201ED18A1CDF
:10AF00000CF10205BEF1030F05D213E065460A46B7
:10AF1000BEF1030F0ED3111F2A1F11F8046F02F8A0
:10AF2000046F4E7856708E789670CE78D670161D57
:10AF30009E42F2D10FB0BDE8000FF0BD8A780CF14F
:10AF400003058CF80220CA1CBEF1030FE3D2F1E71F
:10AF5000A8EB050400260794EC00012D8DF8346061
:10AF600007F8266C059440F08C800DAC0494002406
:10AF7000069499E04FF0000BC9F1040A0BACCDF830
:10AF80002CB004EB090E5FEACA741EBF2C788EF851
:10AF900000404FF0010BA5EB090407944FEAC904E8
:10AFA00001945FEA8A7444BF35F80B402EF80B40D9
:10AFB0000B9CDDF804A008941C1D6445CAF1000434
:10AFC00000946AD2C9F10003DDF820B001EB030E52
:10AFD00004F0180104460791CDF810E0C644079B21
:10AFE0002BFA0AFBDEF804100891039401FA03F32C
:10AFF00004EB080143EA0B038B464BF8083BE3459F
:10B0000080F0CF80089BCDF818E0DEF808E023FA46
:10B010000AF4079B05910EFA03F323434B6001F1F9
:10B020000C03634580F0CC80069CE46808942EFAFB
:10B030000AF40294DDE9074101FA04FE0599029C35
:10B04000103144EA0E046145CBF8004080F0C8801E
:10B050000699079CDDF810E0D1F810B008990EF1C0
:10B06000100E0BFA04F421FA0AF12143039C196033
:10B07000103404EB0803191D6145ADD30EEB080134
:10B08000B2E0079E96F8009074785FEAC87606945E
:10B090008DF8349004D1002611E0DDF820B0A4E052
:10B0A000A7F1260604960226DDF81C90049C19F8E8
:10B0B0000660267017F8266C9DF834903604069CBE
:10B0C00046EA042646EA09041E1D7645059EC6F199
:10B0D000000962D2521B1144ABF10402CDE90129EF
:10B0E00009F01802079222460491594406910CEB8C
:10B0F0000B0951F8044C0799DDF814E002FA01F14C
:10B1000024FA0EF2114349F8041CABF104010CEBD4
:10B110000102191D914271464BD2069E56F808EC69
:10B12000079ECDF80CE02EFA01FEB4404EEA040171
:10B13000A2F1040E1E1D764549F8081C48D2069956
:10B14000039E51F80C4C079906FA01FE059924FA62
:10B1500001F141EA0E01A2F1080E49F80C1C191D7B
:10B1600071457BD20699ACF1100C059A51F810ECA0
:10B1700007992EFA02F204FA01F11C1D114349F855
:10B18000101C049972460CEB0B0E10397445ABD3AE
:10B19000DDF814C05944934666E0DDF814C0A346B8
:10B1A00065E00B460EF1040107910433DDF820B091
:10B1B0001BE08C460499019EA3469646314453E019
:10B1C0000699F34608310791059901F108030CE04F
:10B1D000DDE9041C019ADDF80CB00A44111F43E0BC
:10B1E0000699DDF820B00C3107910024B9F1010F68
:10B1F0008DF8284007F8324C06D10DF128094FF0A0
:10B2000000084FF0000E0AE00799A7F132094FF04D
:10B21000020E0C7949798DF828404FEA0128E90798
:10B2200002D14FF0000E0BE00799043111F80E1017
:10B2300089F8001017F8321C9DF828404FEA014E9B
:10B2400001992BFA01F948EA0E012143009C04F010
:10B250001804A14041EA0901196037E6DDE9041C40
:10B26000A346019A114408390791DDF808900EA908
:10B2700000264A1907990E9629440C1FC5F10401AE
:10B28000CD071EBF267816700126890744BFA15B33
:10B2900091530E9909F018020BFA02F221FA0CF1FF
:10B2A00011434EF8041C9DE5B0B502AF10293FD301
:10B2B000424202F003054219904220D2A5F1010C4E
:10B2C0008DB1002386460EF8013B012D07D0437057
:10B2D000022D1ABF837000F1030E00F1020EBCF1C3
:10B2E000030F04D20BE08646BCF1030F07D3AEF187
:10B2F0000400002340F8043F041D9442FAD1491B86
:10B3000021F003001044824210D2002342F8043B93
:10B3100082420BD242F8043B82423CBF42F8043BDB
:10B32000824203D242F8043B8242EFD301F0030190
:10B33000421890421FD24B1E11F003040CD04FF064
:10B34000000C014601F801CB012C0AD0022C80F838
:10B3500001C003D1811C04E0014602E0002181709C
:10B36000C11C032B38BFB0BD081F002140F8041FCB
:10B37000031D9342FAD1B0BD80B56F46BDE8804051
:10B38000FFF77FBC80B56F4693060BD44AB102F03D
:10B390001F03524202F01F02D84001FA02F210438A
:10B3A000D94080BD02F01F0021FA00F0002180BDCD
:10B3B000042A09D3D0B502AFA2F1040E6FEA0E033E
:10B3C00013F00C0F06D123E00B4684466046194665
:10B3D000FFF7EABA0B46844653F8044B1EF00C0FF5
:10B3E0004CF8044B09D04B6843600EF00C03042B5F
:10B3F00007D1083A0831083008E07246604619461D
:10B4000006E08B680C3A83600C310C3084460B46A6
:10B41000BEF10C0F14D384460B461868103ACCF8D2
:10B420000000032A5868CCF804009868CCF808009B
:10B43000D86803F11003CCF80C000CF1100CECD818
:10B44000BDE8D04060461946FFF7AEBA80B56F46FA
:10B4500004290DD35FFA82FC4FF001330CFB03FC8F
:10B46000A1F1040E6FEA0E0313F00C0F02D118E0E5
:10B47000034622E003461EF00C0F43F804CB08D02D
:10B480000EF00C03C0F804C0042B05D108390830B5
:10B4900006E07146184604E0C0F808C00C390C30CC
:10B4A0000346BEF10C0F08D303461039C3E900CCA4
:10B4B000C3E902CC10330329F7D85818834220D2AD
:10B4C000A1F1010C11F0030E0DD01946BEF1010FD0
:10B4D00001F8012B08D05A70BEF1020F1ABF9A7002
:10B4E000D91C991C00E01946BCF1030F38BF80BD80
:10B4F000043901F8042F0B1D8342CA708A704A7008
:10B50000F7D180BD80B56F46BDE88040FFF74CBAEB
:10B5100080B56F46042905D30B1FDA4312F00C0FD8
:10B5200002D11AE0024624E04FF0000C024642F835
:10B5300004CB13F00C0F08D003F00C02C0F804C0C9
:10B54000042A05D10839083006E01946104604E0FF
:10B5500000220C3982600C3002460C2B09D30023E8
:10B5600002461039C2E90033C2E90233103203291E
:10B57000F7D85018824221D2A1F1010C11F0030337
:10B580000CD04FF0000E114601F801EB012B0AD050
:10B59000022B82F801E003D1911C04E0114602E085
:10B5A00000219170D11CBCF1030F38BF80BD04395C
:10B5B000002241F8042F0B1D8342FAD180BD80B5D3
:10B5C0006F46BDE88040FFF75CBB80B56F469306D1
:10B5D0000BD44AB102F01F03524202F01F029940FD
:10B5E00020FA02F21143984080BD02F01F0100FAD8
:10B5F00001F1002080BD80B56F46BDE88040FFF7B7
:10B60000D3B980B56F46042905D30B1FDA4312F076
:10B610000C0F02D11AE0024624E04FF0000C024663
:10B6200042F804CB13F00C0F08D003F00C02C0F862
:10B6300004C0042A05D10839083006E0194610462E
:10B6400004E000220C3982600C3002460C2B09D336
:10B65000002302461039C2E90033C2E90233103236
:10B660000329F7D85018824221D2A1F1010C11F020
:10B6700003030CD04FF0000E114601F801EB012B33
:10B680000AD0022B82F801E003D1911C04E011469C
:10B6900002E000219170D11CBCF1030F38BF80BDC6
:10B6A0000439002241F8042F0B1D8342FAD180BDDA
:10B6B00010B584B002AC009400F004F8029A039B29
:10B6C00004B010BD80B56F4686B0844602A8CDE9AF
:10B6D000002362460B4600F00DF8D7F808C0DDE9FC
:10B6E0000201BCF1000F1CBFDDE90432CCE90032DD
:10B6F00006B080BDF0B503AF2DE9000BD7E902E835
:10B70000BEF1000F72D0B8F1000F6FD1002B00F026
:10B71000FC80734580F00781B3FA83F1BEFA8EF6A0
:10B72000711A01F1200608BF1F26C6F1200508FA8C
:10B7300006F10EFA06F82EFA05F52943B6F12005B2
:10B7400006F01F0658BF0EFA05F14FF0010505FA85
:10B7500006FC4FF0000558BF4FF0000808E02246F5
:10B7600033464FEA181444EA01784FEA1C1C0909D1
:10B77000B2EB080463EB0106002E03D445EA0C0586
:10B7800002D12DE014461E465FEA51034FEA38020B
:10B79000A21A66EB0303002B04D445EA5C051446A9
:10B7A00002D11DE0224633464FEA980444EA8174F0
:10B7B000141B63EB9106002E03D445EA9C0502D1CD
:10B7C0000EE014461E464FEAD80242EA4172A21A1F
:10B7D00066EBD103002BC2D445EADC051446C0D188
:10B7E000B4FBFEF101FB1E46294392E00021002B31
:10B7F00000F08080B2EB0E0673EB08067AD3B3FA42
:10B8000083F1B8FA88F6711A01F03F0601F01F01C2
:10B81000C6F1200408FA06F50EFA06FC2EFA04F426
:10B820002C43B6F1200558BF0EFA05F44FF0010580
:10B8300005FA01F94FF0000158BF4FF0000C08E085
:10B8400032462B464FEA1C1646EA047C4FEA191989
:10B850002409B2EB0C0673EB040507D441EA090195
:10B86000B6EB0E0275EB080202D23AE016461D4610
:10B870005FEA54034FEA3C02B21A75EB030309D4A2
:10B88000B2EB0E0541EA590173EB080516461D4659
:10B8900002D226E032462B464FEA9C0545EA8475E3
:10B8A000561B63EB9405002D07D441EA9901B6EBD2
:10B8B0000E0275EB080202D213E016461D464FEA4F
:10B8C000DC0242EA4472B21A65EBD403002BB7D40F
:10B8D000B2EB0E0541EAD90173EB080516461D4689
:10B8E000B0D24FF0000CC0E9001CC0E90265BDE811
:10B8F000000BF0BD4FF0000C16461D46C0E9001CC1
:10B90000C0E90265BDE8000BF0BDB2FBFEF101FB32
:10B910001E264FF0000C0025C0E9001CC0E902659E
:10B92000BDE8000BF0BD0DD1B2FBF3F1002501FB2A
:10B9300013264FF0010CC0E9001CC0E90265BDE808
:10B94000000BF0BDB3FBFEFCBEF5803F0CFB1E35CB
:10B950001AD22904002541EA1241B1FBFEF303FB90
:10B960000EF14CEA134CC1EB1241C2EA0141B1FBAA
:10B97000FEF202FB1E1642EA0341C0E9001CC0E9C8
:10B980000265BDE8000BF0BDB2EB0E0175EB0801DE
:10B9900008D200211646C0E9001CC0E90265BDE8D6
:10B9A000000BF0BD4FEAC87141EA5E034FEACE7961
:10B9B0004FF00048002108E0224635464FEA1914AE
:10B9C00044EA03794FEA18181B09B2EB090465EB46
:10B9D0000306002E03D441EA080102D12DE01446EB
:10B9E0002E465FEA53054FEA3902A21A66EB0505B7
:10B9F000002D04D441EA5801144602D11DE022462C
:10BA000035464FEA990444EA8374141B65EB9306A8
:10BA1000002E03D441EA980102D10EE014462E46CE
:10BA20004FEAD90242EA4372A21A66EBD305002D0F
:10BA3000C2D441EAD8011446C0D1B4FBFEF20025BD
:10BA400002FB1E461143C0E9001CC0E90265BDE8C7
:10BA5000000BF0BD10B584B002AC009400F004F807
:10BA6000029A039B04B010BDF0B503AF4DF804BDBE
:10BA700086B00D4682EAE37183EAE372B1EBE371CB
:10BA800062EBE37280EAE5701C46CDE90012B0EB90
:10BA9000E57285EAE57102A861EBE573FFF72AFE1E
:10BAA000DDE904014FF0000CDDE902E342426CEBFA
:10BAB0000106002D58BF0246B86858BF0E46C0E9BF
:10BAC0000026DEF100006CEB030194EA05025CBF86
:10BAD0001946704606B05DF804BBF0BD80B56F46F0
:04BAE000FEE7D4D4D5
:10BAE8002F686F6D652F6A6F6F6C732F2E6361728D
:10BAF800676F2F72656769737472792F7372632F1A
:10BB0800696E6465782E6372617465732E696F2D32
:10BB180031393439636638633662356235353766AC
:10BB28002F62742D6863692D302E31302E312F73BA
:10BB380072632F6C69622E727300C0023A20C000D3
:10BB48002F686F6D652F6A6F6F6C732F2E6361722C
:10BB5800676F2F72656769737472792F7372632FB9
:10BB6800696E6465782E6372617465732E696F2DD2
:10BB7800313934396366386336623562353537664C
:10BB88002F73657175656E7469616C2D73746F724E
:10BB98006167652D382E302E312F7372632F6C69D3
:10BBA800622E72730010617373657274696F6E2010
:10BBB800606C65667420C0102072696768746020C4
:10BBC8006661696C65643A20C0090A20206C656664
:10BBD800743A20C0090A2072696768743A20C00064
:10BBE8002F686F6D652F6A6F6F6C732F2E6361728C
:10BBF800676F2F72656769737472792F7372632F19
:10BC0800696E6465782E6372617465732E696F2D31
:10BC180031393439636638633662356235353766AB
:10BC28002F6465666D742D312E312E312F7372633A
:10BC38002F6C69622E7273002F686F6D652F6A6FA3
:10BC48006F6C732F2E636172676F2F7265676973EC
:10BC58007472792F7372632F696E6465782E6372BC
:10BC6800617465732E696F2D3139343963663863B1
:10BC780036623562353537662F656D626173737963
:10BC88002D6E72662D302E31312E302F7372632F48
:10BC98006770696F74652E727300726D6B2D7570A5
:10BCA80073747265616D2F726D6B2F7372632F736E
:10BCB800706C69742F626C652F7065726970686545
:10BCC80072616C2E7273002F686F6D652F6A6F6FCB
:10BCD8006C732F2E636172676F2F72656769737457
:10BCE80072792F7372632F696E6465782E6372613F
:10BCF8007465732E696F2D3139343963663863364C
:10BD0800623562353537662F74726F75626C652DD2
:10BD1800686F73742D302E382E302F7372632F6135
:10BD280074747269627574655F7365727665722E74
:10BD38007273002F686F6D652F6A6F6F6C732F2E8B
:10BD4800636172676F2F72656769737472792F7395
:10BD580072632F696E6465782E6372617465732EE1
:10BD6800696F2D3139343963663863366235623527
:10BD78003537662F74726F75626C652D686F7374D2
:10BD88002D302E382E302F7372632F637572736FB8
:10BD9800722E7273002F686F6D652F6A6F6F6C73E8
:10BDA8002F2E636172676F2F72656769737472797A
:10BDB8002F7372632F696E6465782E637261746580
:10BDC800732E696F2D3139343963663863366235BD
:10BDD80062353537662F686561706C6573732D3011
:10BDE8002E392E332F7372632F7665632F6D6F6430
:10BDF8002E7273002F686F6D652F6A6F6F6C732FCB
:10BE08002E636172676F2F72656769737472792F19
:10BE18007372632F696E6465782E637261746573DB
:10BE28002E696F2D3139343963663863366235626D
:10BE3800353537662F656D62617373792D6E72665D
:10BE48002D302E31312E302F7372632F74696D654A
:10BE58005F6472697665722E727300726D6B2D75F0
:10BE68007073747265616D2F726D6B2F7372632FAF
:10BE78006D61747269782E7273002F686F6D652F0B
:10BE88006A6F6F6C732F2E636172676F2F726567AD
:10BE980069737472792F7372632F696E6465782E73
:10BEA8006372617465732E696F2D31393439636635
:10BEB800386336623562353537662F74726F75624E
:10BEC8006C652D686F73742D302E382E302F737279
:10BED800632F74797065732F7072696D69746976F0
:10BEE80065732E7273002F686F6D652F6A6F6F6CA4
:10BEF800732F2E636172676F2F726567697374722F
:10BF0800792F7372632F696E6465782E637261741A
:10BF180065732E696F2D313934396366386336623B
:10BF28003562353537662F656D62617373792D73A8
:10BF3800796E632D302E382E302F7372632F707503
:10BF4800627375622F7075626C69736865722E72A0
:10BF580073002F686F6D652F6A6F6F6C732F2E6378
:10BF68006172676F2F72656769737472792F737264
:10BF7800632F696E6465782E6372617465732E69C8
:10BF88006F2D313934396366386336623562353539
:10BF980037662F74726F75626C652D686F73742DB8
:10BFA800302E382E302F7372632F73656375726964
:10BFB80074795F6D616E616765722F70616972690E
:10BFC8006E672F7574696C2E7273002F686F6D65BC
:10BFD8002F6A6F6F6C732F2E636172676F2F726594
:10BFE8006769737472792F7372632F696E646578E9
:10BFF8002E6372617465732E696F2D31393439631C
:10C0080066386336623562353537662F74726F75F8
:10C01800626C652D686F73742D302E382E302F7337
:10C0280072632F636F6D6D616E642E7273002F687B
:10C038006F6D652F6A6F6F6C732F2E636172676FF8
:10C048002F72656769737472792F7372632F696EC3
:10C058006465782E6372617465732E696F2D31394A
:10C0680034396366386336623562353537662F642E
:10C07800626C2D302E332E322F7372632F6C6962EF
:10C088002E7273002F72757374632F3539383037F9
:10C09800363136653166613235343037323462666E
:10C0A80062616331346437393736643765346133F4
:10C0B8003836302F6C6962726172792F636F7265DE
:10C0C8002F7372632F736C6963652F697465722EA1
:10C0D8007273002F686F6D652F6A6F6F6C732F2EE8
:10C0E800636172676F2F72656769737472792F73F2
:10C0F80072632F696E6465782E6372617465732E3E
:10C10800696F2D3139343963663863366235623583
:10C118003537662F73657175656E7469616C2D733B
:10C12800746F726167652D382E302E312F737263EC
:10C138002F63616368652F6B65795F706F696E74D3
:10C148006572732E7273002F686F6D652F6A6F6F3B
:10C158006C732F2E636172676F2F726567697374D2
:10C1680072792F7372632F696E6465782E637261BA
:10C178007465732E696F2D313934396366386336C7
:10C18800623562353537662F656D6265646465644E
:10C198002D696F2D302E372E312F7372632F696DF5
:10C1A800706C732F736C6963655F6D75742E727331
:10C1B80000726D6B2D757073747265616D2F726D81
:10C1C8006B2F7372632F6576656E742F696E707549
:10C1D800742E727300007372632F706572697068D1
:10C1E8006572616C2E7273002F686F6D652F6A6FB0
:10C1F8006F6C732F2E636172676F2F726567697337
:10C208007472792F7372632F696E6465782E637206
:10C21800617465732E696F2D3139343963663863FB
:10C2280036623562353537662F74726F75626C65A4
:10C238002D686F73742D302E382E302F7372632F44
:10C248007065726970686572616C2E7273002F6810
:10C258006F6D652F6A6F6F6C732F2E636172676FD6
:10C268002F72656769737472792F7372632F696EA1
:10C278006465782E6372617465732E696F2D313928
:10C2880034396366386336623562353537662F74FC
:10C29800726F75626C652D686F73742D302E382E31
:10C2A800302F7372632F676174742E7273000F419D
:10C2B80074207061676520696E6465783A20C000F3
:10C2C8002F72757374632F353938303736313665C8
:10C2D80031666132353430373234626662616331D7
:10C2E8003464373937366437653461333836302F3C
:10C2F8006C6962726172792F636F72652F737263F2
:10C308002F756E69636F64652F7072696E746162F0
:10C318006C652E727300726D6B2D75707374726517
:10C32800616D2F726D6B2F7372632F73706C6974EC
:10C338002F626C652F6D6F642E7273002F686F6D9E
:10C34800652F6A6F6F6C732F2E636172676F2F7220
:10C35800656769737472792F7372632F696E646588
:10C36800782E6372617465732E696F2D3139343993
:10C378006366386336623562353537662F656D62B8
:10C38800617373792D73796E632D302E382E302FAB
:10C398007372632F6D757465782E7273002F686FD2
:10C3A8006D652F6A6F6F6C732F2E636172676F2FC5
:10C3B80072656769737472792F7372632F696E641B
:10C3C80065782E6372617465732E696F2D31393407
:10C3D800396366386336623562353537662F61658D
:10C3E800732D302E382E342F7372632F736F66744B
:10C3F8002F666978736C69636533322E7273002611
:10C40800636F70795F66726F6D5F736C6963653AAD
:10C4180020736F7572636520736C696365206C6542
:10C428006E6774682028C02B2920646F6573206E9E
:10C438006F74206D617463682064657374696E61DC
:10C4480074696F6E20736C696365206C656E6774C0
:10C45800682028C00129002F686F6D652F6A6F6FEB
:10C468006C732F2E636172676F2F726567697374BF
:10C4780072792F7372632F696E6465782E637261A7
:10C488007465732E696F2D313934396366386336B4
:10C49800623562353537662F7070762D6C69746534
:10C4A80038362D302E322E32312F7372632F676556
:10C4B8006E657269632E7273002F686F6D652F6ADF
:10C4C8006F6F6C732F2E636172676F2F7265676968
:10C4D800737472792F7372632F696E6465782E6333
:10C4E80072617465732E696F2D313934396366381A
:10C4F8006336623562353537662F62742D68636935
:10C508002D302E31302E312F7372632F6461746198
:10C518002E7273002F686F6D652F6A6F6F6C732FA3
:10C528002E636172676F2F72656769737472792FF2
:10C538007372632F696E6465782E637261746573B4
:10C548002E696F2D31393439636638633662356246
:10C55800353537662F62742D6863692D302E31307A
:10C568002E312F7372632F706172616D2E7273009A
:10C57800C0002F686F6D652F6A6F6F6C732F2E6305
:10C588006172676F2F72656769737472792F73723E
:10C59800632F696E6465782E6372617465732E69A2
:10C5A8006F2D313934396366386336623562353513
:10C5B80037662F74726F75626C652D686F73742D92
:10C5C800302E382E302F7372632F6C326361702FC8
:10C5D8007361722E7273002F686F6D652F6A6F6FAB
:10C5E8006C732F2E636172676F2F7265676973743E
:10C5F80072792F7372632F696E6465782E63726126
:10C608007465732E696F2D31393439636638633632
:10C61800623562353537662F74726F75626C652DB9
:10C62800686F73742D302E382E302F7372632F730A
:10C63800656375726974795F6D616E616765722F84
:10C6480063727970746F2E72730016736C69636508
:10C6580020696E64657820737461727473206174E4
:10C6680020C00D2062757420656E6473206174208B
:10C67800C0002F686F6D652F6A6F6F6C732F2E6304
:10C688006172676F2F72656769737472792F73723D
:10C69800632F696E6465782E6372617465732E69A1
:10C6A8006F2D313934396366386336623562353512
:10C6B80037662F73657175656E7469616C2D737457
:10C6C8006F726167652D382E302E312F7372632F8C
:10C6D8006D61702E7273002F686F6D652F6A6F6FB2
:10C6E8006C732F2E636172676F2F7265676973743D
:10C6F80072792F7372632F696E6465782E63726125
:10C708007465732E696F2D31393439636638633631
:10C71800623562353537662F74726F75626C652DB8
:10C72800686F73742D302E382E302F7372632F611B
:10C7380074742E7273001173746172742062797448
:10C748006520696E64657820C026206973206E6F45
:10C75800742061206368617220626F756E64617213
:10C76800793B20697420697320696E736964652058
:10C77800C0082028627974657320C00629206F6676
:10C788002060C00160C00020696E646578206F7504
:10C7980074206F6620626F756E64733A20746865E2
:10C7A800206C656E20697320C01220627574207435
:10C7B800686520696E64657820697320C0002F68F9
:10C7C8006F6D652F6A6F6F6C732F2E636172676F61
:10C7D8002F72656769737472792F7372632F696E2C
:10C7E8006465782E6372617465732E696F2D3139B3
:10C7F80034396366386336623562353537662F7487
:10C80800726F75626C652D686F73742D302E382EBB
:10C81800302F7372632F73656375726974795F6DF6
:10C82800616E616765722F6D6F642E72730011738C
:10C8380074617274206279746520696E6465782009
:10C84800C016206973206F7574206F6620626F753B
:10C858006E6473206F662060C00160C0002F686F2F
:10C868006D652F6A6F6F6C732F2E636172676F2F00
:10C8780072656769737472792F7372632F696E6456
:10C8880065782E6372617465732E696F2D31393442
:10C89800396366386336623562353537662F6E72AE
:10C8A800662D7364632D302E342E302F7372632FF0
:10C8B8007364632E7273002F686F6D652F6A6F6FD4
:10C8C8006C732F2E636172676F2F7265676973745B
:10C8D80072792F7372632F696E6465782E63726143
:10C8E8007465732E696F2D31393439636638633650
:10C8F800623562353537662F74726F75626C652DD7
:10C90800686F73742D302E382E302F7372632F6139
:10C9180074747269627574652E7273002F686F6D16
:10C92800652F6A6F6F6C732F2E636172676F2F723A
:10C93800656769737472792F7372632F696E6465A2
:10C94800782E6372617465732E696F2D31393439AD
:10C958006366386336623562353537662F74726FB1
:10C9680075626C652D686F73742D302E382E302FDC
:10C978007372632F636F6E6E656374696F6E2E7268
:10C9880073002F686F6D652F6A6F6F6C732F2E633E
:10C998006172676F2F72656769737472792F73722A
:10C9A800632F696E6465782E6372617465732E698E
:10C9B8006F2D3139343963663863366235623535FF
:10C9C80037662F656D62617373792D6E72662D30CF
:10C9D8002E31312E302F7372632F7573622F6D6F66
:10C9E800642E7273002F686F6D652F6A6F6F6C739A
:10C9F8002F2E636172676F2F72656769737472791E
:10CA08002F7372632F696E6465782E637261746523
:10CA1800732E696F2D313934396366386336623560
:10CA280062353537662F72616E645F636F72652D8C
:10CA3800302E362E342F7372632F626C6F636B2E19
:10CA48007273002F686F6D652F6A6F6F6C732F2E6E
:10CA5800636172676F2F72656769737472792F7378
:10CA680072632F696E6465782E6372617465732EC4
:10CA7800696F2D313934396366386336623562350A
:10CA88003537662F6465666D742D7274742D312E7A
:10CA9800332E302F7372632F6C69622E727300729B
:10CAA8006D6B2D757073747265616D2F726D6B2F60
:10CAB8007372632F626C652F6D6F642E7273002F13
:10CAC80072757374632F35393830373631366531BE
:10CAD80066613235343037323462666261633134CC
:10CAE80064373937366437653461333836302F6CFC
:10CAF8006962726172792F636F72652F7372632F27
:10CB0800666D742F6D6F642E7273001072616E679C
:10CB18006520656E6420696E64657820C022206F88
:10CB28007574206F662072616E676520666F72206B
:10CB3800736C696365206F66206C656E6774682026
:10CB4800C0002F686F6D652F6A6F6F6C732F2E632F
:10CB58006172676F2F72656769737472792F737268
:10CB6800632F696E6465782E6372617465732E69CC
:10CB78006F2D31393439636638633662356235353D
:10CB880037662F73657175656E7469616C2D737482
:10CB98006F726167652D382E302E312F7372632FB7
:10CBA80063616368652F706167655F73746174653D
:10CBB800732E7273002F72757374632F3539383082
:10CBC8003736313665316661323534303732346262
:10CBD8006662616331346437393736643765346186
:10CBE800333836302F6C6962726172792F636F72D5
:10CBF800652F7372632F736C6963652F6D6F642E75
:10CC08007273002F686F6D652F6A6F6F6C732F2EAC
:10CC1800636172676F2F72656769737472792F73B6
:10CC280072632F696E6465782E6372617465732E02
:10CC3800696F2D3139343963663863366235623548
:10CC48003537662F74726F75626C652D686F7374F3
:10CC58002D302E382E302F7372632F7365637572E3
:10CC68006974795F6D616E616765722F7061697251
:10CC7800696E672F7065726970686572616C2E7273
:10CC88007300FFFFFFFF1F00726D6B2D75707374CB
:10CC98007265616D2F726D6B2F7372632F696E7081
:10CCA80075745F6465766963652F62617474657213
:10CCB800792E727300726D6B2D7570737472656165
:10CCC8006D2F726D6B2F7372632F73706C69742F75
:10CCD8007065726970686572616C2E7273002F6876
:10CCE8006F6D652F6A6F6F6C732F2E636172676F3C
:10CCF8002F72656769737472792F7372632F696E07
:10CD08006465782E6372617465732E696F2D31398D
:10CD180034396366386336623562353537662F6E67
:10CD280072662D7061632D302E342E302F7372632E
:10CD38002F2E2F63686970732F6E72663532383400
:10CD4800302F7061632E7273001272616E676520F6
:10CD5800737461727420696E64657820C022206FD4
:10CD68007574206F662072616E676520666F722029
:10CD7800736C696365206F66206C656E67746820E4
:10CD8800C000726D6B2D757073747265616D2F7252
:10CD98006D6B2F7372632F7761746368646F672F8D
:10CDA8006E726635322E7273002F686F6D652F6A4A
:10CDB8006F6F6C732F2E636172676F2F726567696F
:10CDC800737472792F7372632F696E6465782E633A
:10CDD80072617465732E696F2D3139343963663821
:10CDE8006336623562353537662F706F73746361E9
:10CDF80072642D312E312E332F7372632F76617248
:10CE0800696E742E7273002F686F6D652F6A6F6F6D
:10CE18006C732F2E636172676F2F72656769737405
:10CE280072792F7372632F696E6465782E637261ED
:10CE38007465732E696F2D313934396366386336FA
:10CE4800623562353537662F74726F75626C652D81
:10CE5800686F73742D302E382E302F7372632F70D5
:10CE680064752E7273002F686F6D652F6A6F6F6C13
:10CE7800732F2E636172676F2F726567697374729F
:10CE8800792F7372632F696E6465782E637261748B
:10CE980065732E696F2D31393439636638633662AC
:10CEA8003562353537662F656D62617373792D7418
:10CEB800696D652D302E352E312F7372632F696E93
:10CEC8007374616E742E7273000F556E6B6E6F778C
:10CED8006E206572726E6F3A20C0002F686F6D65A4
:10CEE8002F6A6F6F6C732F2E636172676F2F726575
:10CEF8006769737472792F7372632F696E646578CA
:10CF08002E6372617465732E696F2D3139343963FC
:10CF180066386336623562353537662F74726F75D9
:10CF2800626C652D686F73742D302E382E302F7318
:10CF380072632F7061636B65745F706F6F6C2E72B4
:10CF48007300726D6B2D757073747265616D2F72DD
:10CF58006D6B2F7372632F6576656E742F6D6F64BA
:10CF68002E7273002F686F6D652F6A6F6F6C732F49
:10CF78002E636172676F2F72656769737472792F98
:10CF88007372632F696E6465782E6372617465735A
:10CF98002E696F2D313934396366386336623562EC
:10CFA800353537662F74726F75626C652D686F73CF
:10CFB800742D302E382E302F7372632F736563757E
:10CFC800726974795F6D616E616765722F706169EE
:10CFD80072696E672F63656E7472616C2E7273006E
:10CFE8002F686F6D652F6A6F6F6C732F2E63617278
:10CFF800676F2F72656769737472792F7372632F05
:10D00800696E6465782E6372617465732E696F2D1D
:10D018003139343963663863366235623535376697
:10D028002F72616E645F636F72652D302E362E34F9
:10D038002F7372632F696D706C732E7273002F6873
:10D048006F6D652F6A6F6F6C732F2E636172676FD8
:10D058002F72656769737472792F7372632F696EA3
:10D068006465782E6372617465732E696F2D31392A
:10D0780034396366386336623562353537662F650D
:10D088006D62617373792D6E72662D302E31312E7B
:10D09800302F7372632F73616164632E7273002F74
:10D0A800686F6D652F6A6F6F6C732F2E636172677F
:10D0B8006F2F72656769737472792F7372632F6942
:10D0C8006E6465782E6372617465732E696F2D3195
:10D0D8003934396366386336623562353537662FD9
:10D0E80074726F75626C652D686F73742D302E388D
:10D0F8002E302F7372632F6368616E6E656C5F6D7F
:10D10800616E616765722E727300726D6B2D75703A
:10D1180073747265616D2F726D6B2F7372632F73E9
:10D12800746F726167652F6D6F642E7273000F657F
:10D138006E64206279746520696E64657820C01613
:10D14800206973206F7574206F6620626F756E6436
:10D1580073206F662060C00160C0002F686F6D6526
:10D168002F6A6F6F6C732F2E636172676F2F7265F2
:10D178006769737472792F7372632F696E64657847
:10D188002E6372617465732E696F2D31393439637A
:10D1980066386336623562353537662F656D62618C
:10D1A8007373792D6E72662D302E31312E302F73B8
:10D1B80072632F726E672E7273002F686F6D652F02
:10D1C8006A6F6F6C732F2E636172676F2F7265675A
:10D1D80069737472792F7372632F696E6465782E20
:10D1E8006372617465732E696F2D313934396366E2
:10D1F800386336623562353537662F626C6F636B1C
:10D208002D6275666665722D302E31302E342F737F
:10D2180072632F6C69622E7273002F686F6D652FB1
:10D228006A6F6F6C732F2E636172676F2F726567F9
:10D2380069737472792F7372632F696E6465782EBF
:10D248006372617465732E696F2D31393439636681
:10D25800386336623562353537662F7374617469A1
:10D26800635F63656C6C2D322E312E312F737263C0
:10D278002F6C69622E7273002F686F6D652F6A6F4D
:10D288006F6C732F2E636172676F2F726567697396
:10D298007472792F7372632F696E6465782E637266
:10D2A800617465732E696F2D31393439636638635B
:10D2B80036623562353537662F62742D6863692D9D
:10D2C800302E31302E312F7372632F6576656E7470
:10D2D8002E7273000F656E64206279746520696E22
:10D2E80064657820C026206973206E6F74206120E1
:10D2F8006368617220626F756E646172793B206940
:10D308007420697320696E7369646520C0082028D9
:10D31800627974657320C00629206F662060C00199
:10D3280060C0002F686F6D652F6A6F6F6C732F2E4A
:10D33800636172676F2F72656769737472792F738F
:10D3480072632F696E6465782E6372617465732EDB
:10D35800696F2D3139343963663863366235623521
:10D368003537662F656D62617373792D73796E63D6
:10D378002D302E382E302F7372632F7075627375AF
:10D38800622F737562736372696265722E727300BD
:10D398002F686F6D652F6A6F6F6C732F2E636172C4
:10D3A800676F2F72656769737472792F7372632F51
:10D3B800696E6465782E6372617465732E696F2D6A
:10D3C80031393439636638633662356235353766E4
:10D3D8002F6465666D742D7274742D312E332E3062
:10D3E8002F7372632F6368616E6E656C2E727300A3
:10D3F8002F686F6D652F6A6F6F6C732F2E63617264
:10D40800676F2F72656769737472792F7372632FF0
:10D41800696E6465782E6372617465732E696F2D09
:10D428003139343963663863366235623535376683
:10D438002F656D62617373792D73796E632D302E4C
:10D44800382E302F7372632F7075627375622F6D6B
:10D458006F642E7273002F686F6D652F6A6F6F6C23
:10D46800732F2E636172676F2F72656769737472A9
:10D47800792F7372632F696E6465782E6372617495
:10D4880065732E696F2D31393439636638633662B6
:10D498003562353537662F74726F75626C652D6825
:10D4A8006F73742D302E382E302F7372632F617482
:10D4B800747269627574655F7365727665722F63DD
:10D4C8006C69656E745F6174745F7461626C652EFB
:10D4D800727300726D6B2D757073747265616D2F48
:10D4E800726D6B2F7372632F626C652F6164762E79
:10D4F800727300C0013AC0013AC0002F686F6D65B1
:10D508002F6A6F6F6C732F2E636172676F2F72654E
:10D518006769737472792F7372632F696E646578A3
:10D528002E6372617465732E696F2D3139343963D6
:10D5380066386336623562353537662F6E72662D0A
:10D548006D70736C2D302E342E302F7372632F66EE
:10D558006C6173682E7273002F686F6D652F6A6F28
:10D568006F6C732F2E636172676F2F7265676973B3
:10D578007472792F7372632F696E6465782E637283
:10D58800617465732E696F2D313934396366386378
:10D5980036623562353537662F74726F75626C6521
:10D5A8002D686F73742D302E382E302F7372632FC1
:10D5B800636F6E6E656374696F6E5F6D616E6167D0
:10D5C80065722E727300726D6B2D7570737472654F
:10D5D800616D2F726D6B2F7372632F6576656E7434
:10D5E8002F626174746572792E7273002F686F6D83
:10D5F800652F6A6F6F6C732F2E636172676F2F725E
:10D60800656769737472792F7372632F696E6465C5
:10D61800782E6372617465732E696F2D31393439D0
:10D628006366386336623562353537662F736571E0
:10D6380075656E7469616C2D73746F726167652DA1
:10D64800382E302E312F7372632F6974656D2E72E8
:10D658007300726D6B2D757073747265616D2F72C6
:10D668006D6B2F7372632F696E7075745F64657666
:10D678006963652F6164632F6E72662E7273002F63
:10D68800686F6D652F6A6F6F6C732F2E6361726799
:10D698006F2F72656769737472792F7372632F695C
:10D6A8006E6465782E6372617465732E696F2D31AF
:10D6B8003934396366386336623562353537662FF3
:10D6C80074726F75626C652D686F73742D302E38A7
:10D6D8002E302F7372632F686F73742E7273000D60
:10D6E800626567696E203E20656E642028C003204D
:10D6F8003E20C01029207768656E20736C696369C5
:10D708006E672060C00160C0002F686F6D652F6A6A
:10D718006F6F6C732F2E636172676F2F7265676905
:10D72800737472792F7372632F696E6465782E63D0
:10D7380072617465732E696F2D31393439636638B7
:10D748006336623562353537662F74726F75626C71
:10D75800652D686F73742D302E382E302F737263D9
:10D768002F74797065732F757569642E7273000054
:10D778005AD603002C000000090000000A0000002F
:10D78800DEC1030011000000540000000100000089
:10D79800DEC10300110000006E000000250000003B
:10D7A80063BE03001E0000006B0100003300000090
:10D7B80063BE03001E000000870100001A0000007D
:10D7C800A2BC03002C000000450000004800000037
:10D7D800A2BC03002C000000A20000005A000000B8
:10D7E800EEBE03006B000000350100002B000000B6
:10D7F80090CC03002C000000620000000100000033
:10D808000000000004000000040000003DA3010027
:10D818005977000000000000040000000400000028
:10D828002DA3010005770000616C6C206675747586
:10D8380072657320696E2073656C65637421207747
:10D8480065726520636F6D706C657465642C206209
:10D858007574206E6F2060636F6D706C65746520E1
:10D868003D3E602068616E646C657220776173204C
:10D8780070726F76696465644ACF03002100000006
:10D888009D0000003300000063BE03001E0000007E
:10D89800E00100002600000063BE03001E00000037
:10D8A8002E010000290000004ACF030021000000DB
:10D8B800940000002F00000046D003006000000024
:10D8C800FC0000003800000046D0030060000000A3
:10D8D800DC0000002300000040BC030061000000E1
:10D8E800780200002B00000040BC0300610000002B
:10D8F8005D0200002B00000040BC03006100000036
:10D908005F03000042000000605374617469634360
:10D91800656C6C6020697320616C72656164792044
:10D9280066756C6C2C2069742063616E27742062A4
:10D938006520696E697469616C697A6564207477B9
:10D948006963652E22D203005D00000054000000C8
:10D958000D000000C2D103005F000000A20000001B
:10D96800270000002BD303006C00000025000000F6
:10D9780034000000F8D303006500000078010000BF
:10D988004B000000F8D30300650000007E01000092
:10D9980037000000F8D3030065000000980100007C
:10D9A8002C000000F8D3030065000000B30000005D
:10D9B8002700000024C9030065000000B802000029
:10D9C8004B00000024C90300650000005B02000052
:10D9D8003100000024C90300650000004E02000069
:10D9E8003A00000024C9030065000000600200003E
:10D9F8003C000000F0C10300650000006E0100005B
:10DA080047000000F0C1030065000000420000006C
:10DA180005000000F0C1030065000000730000006D
:10DA280010000000F0C10300650000007300000052
:10DA38003A000000F0C10300650000007300000018
:10DA48001C000000F0C10300650000007A0000001F
:10DA580010000000F0C10300650000007A0000001B
:10DA68003B000000F0C10300650000007A000000E0
:10DA78001C000000A7D003006A0000008500000019
:10DA880023000000A7D003006A0000008500000002
:10DA98003A000000A7D003006A000000D000000090
:10DAA80026000000A7D003006A000000DA0000008A
:10DAB80024000000A7D003006A000000490300000A
:10DAC80026000000A7D003006A0000005D030000E4
:10DAD80028000000A7D003006A000000930400009B
:10DAE80024000000A7D003006A000000970400008B
:10DAF8002D000000A7D003006A0000009C0400006D
:10DB08002E000000A7D003006A000000F402000005
:10DB180028000000A7D003006A0000001A030000D4
:10DB28002A000000A7D003006A0000003C030000A0
:10DB38001C000000A7D003006A0000004203000098
:10DB48001C000000A7D003006A0000003103000099
:10DB580018000000A7D003006A000000710300004D
:10DB68002600000002000100A7D003006A000000A0
:10DB7800750300001C000000A7D003006A00000025
:10DB880081030000260000000000000003000000E0
:10DB980062746C6574727565060000004D70736C74
:10DBA8007575696442757379202020204F70656E01
:10DBB800A7D003006A000000E70000002A00000068
:10DBC800A7D003006A0000008202000022000000C3
:10DBD800A7D003006A00000089020000310000009D
:10DBE800A7D003006A0000004602000037000000CA
:10DBF800A7D003006A0000004702000040000000B0
:10DC0800A7D003006A000000470200004A00000095
:10DC1800A7D003006A000000610200002C00000089
:10DC2800A7D003006A0000004B0200003900000082
:10DC3800A7D003006A000000C4000000290000000B
:10DC4800A7D003006A000000DE04000027000000DF
:10DC5800A7D003006A000000DF04000019000000DC
:10DC6800A7D003006A000000F30400002D000000A4
:10DC7800A7D003006A000000DC0400006D0000006B
:10DC8800A7D003006A000000060500001700000086
:10DC9800A7D003006A000000060500000900000084
:10DCA8005ED403007C000000C80100001B000000D7
:10DCB8005ED403007C000000DE01000017000000B5
:10DCC8005ED403007C0000002E0200001B00000050
:10DCD8005ED403007C000000F00100001700000083
:10DCE8005ED403007C000000F7010000270000005C
:10DCF8005ED403007C000000F90100001900000058
:10DD08005ED403007C000000F9010000210000003F
:10DD18005ED403007C000000090200001B00000024
:10DD28005ED403007C000000A50100001B00000079
:10DD3800CFBC03006B000000C902000021000000F6
:10DD4800CFBC03006B000000C90200002D000000DA
:10DD5800C6C703006F000000DB03000028000000B6
:10DD6800C6C703006F000000E50300000E000000B6
:10DD7800C6C703006F000000C7020000550000007E
:10DD8800C6C703006F000000C90200002800000099
:10DD9800C6C703006F0000006C0300001D000000F0
:10DDA800C6C703006F000000710300000E000000EA
:10DDB800C6C703006F000000720300002D000000BA
:10DDC800C6C703006F000000170400002E00000003
:10DDD800C6C703006F000000180400002D000000F3
:10DDE800C6C703006F0000002504000024000000DF
:10DDF800C6C703006F000000260400002D000000C5
:10DE0800C6C703006F000000560300001D00000095
:10DE1800C6C703006F0000005A030000140000008A
:10DE2800C6C703006F0000005B0300001D00000070
:10DE3800C6C703006F00000038030000130000008D
:10DE4800C6C703006F000000380300003900000057
:10DE5800C6C703006F000000380300001C00000064
:10DE6800C6C703006F0000008503000028000000FB
:10DE7800C6C703006F000000AD03000011000000DA
:10DE8800C6C703006F000000C603000014000000AE
:10DE9800C6C703006F000000C70300001D00000094
:10DEA800C6C703006F000000AE000000220000009B
:10DEB800C6C703006F0000009E00000014000000A9
:10DEC800C6C703006F0000009E0000001A00000093
:10DED800C6C703006F0000009F0000001B00000081
:10DEE8000BCC03007E000000BA0000002F000000E9
:10DEF8000BCC03007E000000700000000D00000045
:10DF08005ABF0300780000009E0000000E000000C9
:10DF18005ABF030078000000750000000E000000E2
:10DF28005ABF030078000000840000000D000000C4
:10DF38005ABF0300780000008400000019000000A8
:10DF48005ABF030078000000850000000D000000A3
:10DF58005ABF030078000000850000002A00000076
:10DF68005ABF0300780000008D0000000D0000007B
:10DF78005ABF0300780000008D0000001D0000005B
:10DF88005ABF030078000000B60000000D00000032
:10DF98005ABF030078000000C2000000050000001E
:10DFA8005ABF030078000000C30000000C00000006
:10DFB8005ABF030078000000C300000013000000EF
:10DFC8006CCF03007B0000003A0100002F00000026
:10DFD8006CCF03007B0000006B0100002B000000E9
:10DFE8006CCF03007B000000920100003C000000A1
:10DFF8006CCF03007B0000005803000019000000EC
:10E008006CCF03007B0000006103000036000000B5
:10E0180060D503006D0000007F02000030000000A2
:10E0280060D503006D0000005402000024000000C9
:10E0380060D503006D0000006002000030000000A1
:10E0480060D503006D000000A10200002900000057
:10E0580060D503006D000000DD0100003000000005
:10E0680060D503006D0000008A0000002600000053
:10E0780060D503006D0000008A0000003D0000002C
:10E0880060D503006D000000F302000029000000C5
:10E0980060D503006D0000000C010000270000009F
:10E0A80060D503006D000000940200002400000009
:10E0B80060D503006D0000009702000029000000F1
:10E0C80060D503006D0000001A0200002400000063
:10E0D80060D503006D0000001D0200003000000044
:10E0E80060D503006D000000D50000002700000087
:10E0F80060D503006D0000008B01000024000000C3
:10E1080060D503006D0000009001000030000000A1
:10E1180060D503006D0000008E0000002A0000009A
:10E1280060D503006D000000150400003E000000EB
:10E1380060D503006D0000002404000016000000F4
:10E1480060D503006D000000DF030000050000003B
:10E1580060D503006D000000330300005600000086
:10E1680060D503006D000000AE0300002D00000024
:10E1780060D503006D0000009C0000002D00000029
:10E1880060D503006D000000820100001C00000043
:10E1980060D503006D000000BD00000043000000D2
:10E1A80060D503006D000000CE02000045000000AD
:10E1B80060D503006D0000008F02000064000000BD
:10E1C80060D503006D0000008C02000026000000EE
:10E1D80060D503006D000000DC020000490000006B
:10E1E80060D503006D000000C20000004700000079
:10E1F80060D503006D00000000010000270000004A
:10E2080060D503006D00000093040000300000009A
:10E2180060D503006D000000940400001C0000009D
:10E2280000000000000001000000000000000000E5
:10E2380000000000000000000000000000000000D6
:10E2480000000000000000000000000000000000C6
:10E2580000000000000000000000000000000000B6
:10E2680000000000000000000000000000000000A6
:10E278000000000000000000000000000000000096
:10E288000000000000000000000000000000000086
:10E298000000000000000000000000000000000076
:10E2A8000000000000000000000000000000000066
:10E2B8000000000000000000000000000000000056
:10E2C8000000000000000000000000000000000046
:10E2D8000000000000000000000000000000000036
:10E2E8000000000000000000000000000000000026
:10E2F8000000000000000000000000000000000016
:10E308000000000000000000000000000000000005
:10E3180000000000000000000000000000000000F5
:10E3280000000000000000000000000000000000E5
:10E3380000000000000000000000000000000000D5
:10E3480000000000000000000000000000000000C5
:10E3580000000000000000000000000000000000B5
:10E3680000000000000000000000000000000000A5
:10E378000000000000000000000000000000000095
:10E3880056C203005F000000E30300002100000004
:10E3980056C203005F00000087030000320000003F
:10E3A80056C203005F000000B20300001300000023
:10E3B80056C203005F0000007D0100003900000024
:10E3C80056C203005F000000D300000049000000AF
:10E3D80075AA0100E0030000080000009544010050
:10E3E80091410100AD440100094201005942010078
:10E3F800B1430100F5420100A9420100A14F01000B
:10E40800ED4F010087D603005F00000025050000DE
:10E4180005000000050004000600000087D6030080
:10E428005F000000BE0300002A00000087D603003A
:10E438005F000000CD0100000500000087D6030042
:10E448005F0000001D0400002D00000087D60300B7
:10E458005F0000008B0200000500000087D6030063
:10E468005F000000930100004A00000087D6030007
:10E478005F000000B70200003400000087D60300E8
:10E488005F000000AF0100006A00000087D60300AB
:10E498005F000000E70100000500000087D60300C8
:10E4A8005F000000BF0100002D00000087D60300B8
:10E4B8005F0000003D0200000500000087D6030051
:10E4C8005F000000800200000500000087D60300FE
:10E4D8005F0000003D0400007700000087D60300BD
:10E4E8005F0000004A0500000500000087D6030011
:10E4F8005F0000006F0500003800000087D60300A9
:10E508005F0000006B0600003C00000087D6030097
:10E518005F000000100800004700000087D60300D5
:10E528005F000000640800001A00000087D603009E
:10E538005F0000005D0800005B00000087D6030054
:10E548005F000000BF0600000500000087D603003A
:10E558005F000000C80600001700000087D603000F
:10E568005F0000008E0700002D00000087D6030022
:10E578005F000000150100001E00000087D60300A0
:10E588005F000000170100001800000087D6030094
:10E598005F0000001A010000270000007AC5030090
:10E5A8006400000025000000210000007AC5030077
:10E5B80064000000250000004B0000003BBD030084
:10E5C80061000000460000002A000000D3BF0300DD
:10E5D800620000002400000024000000D3BF0300F4
:10E5E80062000000290000002B000000BFC80300E3
:10E5F80064000000000400001C000000BFC8030005
:10E6080064000000B10400001C000000BFC8030043
:10E6180064000000F00300001C000000F8D30300B1
:10E6280065000000FD0000001B000000F8D3030097
:10E6380065000000160100001B000000F8D303006D
:10E64800650000000F0100001B000000F8D3030064
:10E6580065000000DE0000001B000000DBC00300B6
:10E6680073000000A200000053000000DBC003009C
:10E67800730000009F0000003A00000048BB030040
:10E6880064000000110100005600000048BB0300B0
:10E6980064000000CD0000002C00000048BB03000F
:10E6A80064000000C40000006100000048BB0300D3
:10E6B80064000000DD0000001C00000048BB0300EF
:10E6C80064000000660000003100000048BB030041
:10E6D80064000000300100002D00000048BB03006A
:10E6E800640000004D0000004B00000048BB030020
:10E6F80064000000AD0000002D00000048BB0300CE
:10E7080064000000B10000001100000048BB0300D5
:10E7180064000000390000004600000048BB030008
:10E7280064000000FC000000550000004D617020EE
:10E73800636F6E666967206D757374206265206308
:10E748006F727265637400007AC60300640000008B
:10E7580023000000170000007AC6030064000000D0
:10E76800BF0000002D0000007AC60300640000000E
:10E77800CC0000002C0000007AC6030064000000F2
:10E78800D00000002D0000007AC6030064000000DD
:10E79800D00000003D00000071AC0100080100003D
:10E7A80008000000E5AF01007AC60300640000001D
:10E7B80092010000260000007AC6030064000000F1
:10E7C8009C0300005B0000007AC6030064000000A0
:10E7D80058030000260000007AC603006400000009
:10E7E800B3010000260000007AC6030064000000A0
:10E7F800E3010000390000007AC60300640000004D
:10E8080001020000250000007AC603006400000031
:10E81800DB00000050000000F4D503006500000094
:10E82800AF00000064000000F4D50300650000009C
:10E838003A00000030000000F4D503006500000035
:10E84800450000002B000000F4D50300650000001F
:10E858008100000031000000F4D5030065000000CD
:10E868009B0000002C000000F4D5030065000000A8
:10E878009200000041000000F4D50300650000008C
:10E88800700200003D000000F4D5030065000000A0
:10E898007C0200003D000000F4D503006500000084
:10E8A8006101000026000000F4D5030065000000A7
:10E8B800110100002E000000F4D5030065000000DF
:10E8C8002301000026000000F4D5030065000000C5
:10E8D8004A01000013000000F4D5030065000000A1
:10E8E8004A01000027000000F4D50300650000007D
:10E8F800F30100002F000000F4D5030065000000BC
:10E908004B0200003B000000F4D503006500000046
:10E918004E0200002D0000005665633A3A66726F99
:10E928006D5F69746572206F766572666C6F7700CB
:10E938009DBD03005E000000B30500001E0000003E
:10E948005AD603002C000000390000003B000000EC
:10E958005AD603002C0000006300000013000000DA
:10E968005AD603002C00000080000000250000009B
:10E978005AD603002C0000007C0000003400000080
:10E988005AD603002C0000007C0000001D00000087
:10E998005AD603002C000000850000002D0000005E
:10E9A80090CC03002C000000B700000046000000D7
:10E9B80090CC03002C000000D70000004C000000A1
:10E9C800DBD403001F0000007800000050000000A6
:10E9D800A7CA03001F000000D30100007800000050
:10E9E8004ACF030021000000D800000042000000C8
:10E9F80076616C7565000000BDCC0300280000003E
:10EA08005E00000028000000BDCC030028000000C4
:10EA1800730000002800000000000000040000004F
:10EA2800040000006DA301002D8301000000000018
:10EA380004000000040000005DA30100C57F010080
:10EA48000000000004000000040000007DA3010095
:10EA58005F830100000000000400000004000000C3
:10EA68004DA3010079810100BDCC030028000000FE
:10EA78007400000011000000BDCC03002800000055
:10EA88003B00000003000000A2BC03002C000000B3
:10EA98002301000050000000A2BC03002C0000006D
:10EAA800CF00000003000000726D6B00A2BC0300E1
:10EAB8002C000000E00000004300000012D1030019
:10EAC80023000000470100001D00000012D10300D0
:10EAD800230000008F0100004800000012D103004D
:10EAE80023000000870100000900000012D1030084
:10EAF800230000007D0100005F00000012D1030028
:10EB080023000000540000004F00000012D1030051
:10EB180023000000480000004000000012D103005C
:10EB2800230000003A000000670000006368756E6B
:10EB38006B2073697A65206D757374206265206E29
:10EB48006F6E2D7A65726F000000000008000000EB
:10EB580004000000ED1002000000000000000000AA
:10EB6800010000000109020000000000040000008C
:10EB7800040000006D300200486369486369446519
:10EB8800636F646541747400536563757269747961
:10EB98004E6F74466F756E64546F6F204C61746568
:10EBA800454E4554444F574E000000500003005056
:10EBB8007772697461626C650209000000000000E8
:10EBC8007265616461626C65006000400600000067
:10EBD8005F70726976617465454E4F54434F4E4E6F
:10EBE8006578706563746564496E73756666696394
:10EBF80069656E745370616365496E76616C6964AA
:10EC080056616C7565556E657870656374656444A6
:10EC18006174614C656E67746861637475616C4397
:10EC2800616E6E6F74436F6E73747275637447614F
:10EC3800747456616C7565436F6E66696746696C76
:10EC48007465724163636570744C69737449734584
:10EC58006D707479556E6578706563746564476125
:10EC68007474526573706F6E73654D616C666F7204
:10EC78006D65644368617261637465726973746910
:10EC8800634465636C61726174696F6E496E766125
:10EC98006C696443686172616374657269737469ED
:10ECA800634465636C61726174696F6E4461746119
:10ECB8004861726477617265204661696C75726536
:10ECC800303132333435363738394142434445469A
:10ECD80053656375726974792052657175657374CB
:10ECE800496E76616C69644368616E6E656C4964EF
:10ECF8005370736D4E6F74537570706F7274656472
:10ED080000000000000000000000000000000000FB
:10ED18004661696C6564546F46696E616C697A65B1
:10ED28003031323334353637383961626364656679
:10ED38005265706561746564417474656D7074734F
:10ED480050616972696E6720526573706F6E736582
:10ED580044484B6579436865636B4661696C6564D3
:10ED6800436F6465634572726F72457874656E644B
:10ED780065644164766572746973696E674E6F7411
:10ED8800537570706F72746564496E76616C6964EE
:10ED9800557569644C656E6774684164766572740C
:10EDA8006973656D656E744C32636170436F6E6E26
:10EDB8006563744572726F724E6F4368616E6E65FB
:10EDC8006C417661696C61626C65496E76616C69EB
:10EDD8006453746174654F75744F664D656D6F72D9
:10EDE800794E6F74537570706F727465644368619F
:10EDF8006E6E656C436C6F73656454696D656F7591
:10EE0800744E6F5065726D697473446973636F6E85
:10EE18006E6563746564436F6E6E656374696F6E67
:10EE28004C696D697452656163686564476174749F
:10EE3800537562736372696265724C696D69745265
:10EE4800656163686564416C7265616479496E5592
:10EE580073654F74686572496E76616C696453694D
:10EE68007A654F75744F66426F756E6473556E613F
:10EE78006C69676E65644174744572726F72436F32
:10EE8800646500008AC9030062000000A301000055
:10EE98000A0000008AC9030062000000B4010000F3
:10EEA8000A000000436F6E74726F6C6C6572426C7E
:10EEB80065486F7374000000EDC903005D00000031
:10EEC800E50000003B000000EDC903005D00000004
:10EED800BF0000001500000065C8030059000000CD
:10EEE800A90400000500000065C8030059000000DF
:10EEF800B90400002600000065C80300590000009E
:10EF0800B80400007600000065C80300590000003E
:10EF1800BE0400000500000065C803005900000099
:10EF2800C10400000500000065C803005900000086
:10EF3800C20400000500000065C803005900000075
:10EF4800990300005600000065C80300590000003E
:10EF5800280500000500000065C8030059000000EE
:10EF6800FE0400000500000065C803005900000009
:10EF7800000500000500000065C8030059000000F6
:10EF8800FC0400000500000065C8030059000000EB
:10EF98001A0500000500000065C8030059000000BC
:10EFA8001D0500000500000065C8030059000000A9
:10EFB800020500000500000065C8030059000000B4
:10EFC8001B0500000500000065C80300590000008B
:10EFD8003E0500000500000065C803005900000058
:10EFE8001E0500000500000065C803005900000068
:10EFF8000F0500000500000065C803005900000067
:10F00800290500000500000065C80300590000003C
:10F01800320500000500000065C803005900000023
:10F02800FF0400000500000065C803005900000047
:10F038002A0500000500000065C80300590000000B
:10F04800340500000500000065C8030059000000F1
:10F05800300500000500000065C8030059000000E5
:10F068001F0500000500000065C8030059000000E6
:10F07800310500000500000065C8030059000000C4
:10F08800350500000500000065C8030059000000B0
:10F09800DE04000005000000506173736B6579455C
:10F0A8006E7472794661696C65644F6F624E6F74F5
:10F0B800417661696C61626C6541757468656E74EE
:10F0C80069636174696F6E526571756972656D65A2
:10F0D8006E7473436F6E6669726D56616C756546C2
:10F0E80061696C656450616972696E674E6F7453CB
:10F0F8007570706F72746564456E63727970746947
:10F108006F6E4B657953697A65436F6D6D616E6497
:10F118004E6F74537570706F72746564556E73704A
:10F1280065636966696564526561736F6E496E7679
:10F13800616C6964506172616D65746572734E7556
:10F148006D65726963436F6D70617269736F6E4646
:10F1580061696C6564427245647250616972696E76
:10F1680067496E50726F677265737347656E657233
:10F178006174696F6E4E6F74416C6C6F7765644B28
:10F18800657952656A6563746564546F6F4C6F6E18
:10F19800670000009DBD03005E0000002806000017
:10F1A8003C00000065C8030059000000E9030000A6
:10F1B8006500000065C8030059000000FF03000057
:10F1C80078000000000000000400000004000000B7
:10F1D800599B01000000000004000000040000002A
:10F1E800119B010003D503005C000000CD02000064
:10F1F8004E00000003D503005C000000D1020000AF
:10F20800550000004E6F5265736F757263657349E0
:10F218006E73756666696369656E74417574686551
:10F228006E7469636174696F6E496E737566666939
:10F238006369656E74417574686F72697A6174691F
:10F248006F6E456E6372797074696F6E4B65795431
:10F258006F6F53686F7274496E7375666669636918
:10F26800656E74456E6372797074696F6E496E76F7
:10F27800616C6964536F757263654964536369644B
:10F28800416C7265616479416C6C6F63617465642B
:10F29800556E61636365707461626C65506172611B
:10F2A8006D6574657273000003D503005C0000008F
:10F2B800EA0000005D00000003D503005C000000C8
:10F2C8002F0100005100000003D503005C0000007E
:10F2D8004A01000057000000B1CD03005D000000A6
:10F2E8002F0000001C000000B1CD03005D000000ED
:10F2F8003F0000001C000000B1CD03005D000000CD
:10F308004F0000001C000000B1CD03005D000000AC
:10F318005F0000001C000000B1CD03005D0000008C
:10F328001F0000001C00000003D503005C00000063
:10F33800C0020000580000000FCE03005E0000006D
:10F34800230000001E0000008CC003004E000000D7
:10F35800E6050000250000005AD603002C00000036
:10F368000F00000001000000060006001000100059
:10F37800010010000A001000070010000100400002
:10F38800100001000000010002000200020002005B
:10F398000200020002000200020000000700000054
:10F3A8000000000010000000000000000B0000003A
:10F3B8001A000000190000001500000016000000E7
:10F3C8000F0000001400000016000000C82204000E
:10F3D80000000000F8EC0300000000000CF203003D
:10F3E80017F2030031F203004AF203005FF2030050
:10F3F80075F2030084F2030098F20300070000008E
:10F40800120000000F0000001A00000012000000A7
:10F41800130000001100000013000000110000009C
:10F42800100000001100000010000000170000008C
:10F4380016000000140000000B000000040000008B
:10F44800C8220400A0F00300B2F00300C1F00300DA
:10F45800DBF00300EDF0030000F1030011F10300FD
:10F4680024F1030038ED030035F1030058ED0300E3
:10F4780046F103005DF1030073F1030087F1030017
:10F48800ACDB0300000000000100000002000000E7
:10F49800020000000200000002000000020000005C
:10F4A800020000000200000002000000020000004C
:10F4B800008182838F00000080000000810000002E
:10F4C8008200000083000000840000008500000026
:10F4D8008600000087000000880000008900000006
:10F4E8008A0000008B0000008C0000008D000000E6
:10F4F8008E0000008F0000009000000091000000C6
:10F5080092000000930000009400000095000000A5
:10F518009600000097000000980000009900000085
:10F528009A0000009B0000009C0000009D00000065
:10F538009E0000009F000000A0000000A100000045
:10F54800A2000000A3000000A4000000A500000025
:10F55800A6000000A7000000A8000000A900000005
:10F56800AA000000AB000000AC000000AD000000E5
:10F57800AE000000AF000000B0000000B1000000C5
:10F58800B2000000B3000000B4000000B5000000A5
:10F59800B6000000B7000000B8000000B900000085
:10F5A800BA000000BB000000BC000000BD00000065
:10F5B800BE000000BF000000C0000000C100000045
:10F5C800C200000000000000000000000000000071
:10F5D8000000000000000000000000000000000023
:10F5E800000000000000000000000000C300000050
:10F5F800C4000000C5000000C6000000C7000000ED
:10F60800C8000000C9000000CA000000CB000000CC
:10F61800CC000000CD000000CE000000CF000000AC
:10F62800D0000000D1000000D2000000D30000008C
:10F63800D4000000D5000000D6000000D70000006C
:10F64800D8000000D9000000DA000000DB0000004C
:10F65800DC000000DD0000000000000000000000E9
:10F668000000000000000000000000000000000092
:10F678000000000000000000000000000000000082
:10F688000000000000000000000000000000000072
:10F698000000000000000000000000000000000062
:10F6A8000000000000000000000000000000000052
:10F6B8000000000000000000000000000100000041
:10F6C8000200000003000000040000000500000024
:10F6D8000600000007000000080000000900000004
:10F6E8000A0000000B0000000C0000000D000000E4
:10F6F8000E0000000F0000001000000011000000C4
:10F7080012000000130000001400000015000000A3
:10F718001600000017000000180000001900000083
:10F728001A0000001B0000001C0000001D00000063
:10F738001E0000001F000000200000002100000043
:10F748002200000023000000240000002500000023
:10F758002600000027000000280000002900000003
:10F768002A0000002B0000002C0000002D000000E3
:10F778002E0000002F0000003000000031000000C3
:10F7880032000000330000003400000035000000A3
:10F798003600000037000000380000003900000083
:10F7A8003A0000003B0000003C0000003D00000063
:10F7B8003E0000003F000000400000004100000043
:10F7C8004200000043000000440000004500000023
:10F7D8004600000047000000480000004900000003
:10F7E8004A0000004B0000004C0000004D000000E3
:10F7F8004E0000004F0000005000000051000000C3
:10F8080052000000530000005400000055000000A2
:10F818005600000057000000580000005900000082
:10F828005A0000005B0000005C0000005D00000062
:10F838005E0000005F000000600000006100000042
:10F848006200000063000000640000006500000022
:10F858006600000067000000680000006900000002
:10F868006A0000006B0000006C0000006D000000E2
:10F878006E0000006F0000007000000071000000C2
:10F8880072000000730000007400000075000000A2
:10F898007600000077000000780000007900000082
:10F8A8007A0000007B0000007C0000007D00000062
:10F8B8007E0000007F000000A5C303006100000077
:10F8C8001405000009000000A5C303006100000042
:10F8D8008904000012000000A5C3030061000000B5
:10F8E800890400003D000000A5C30300610000007A
:10F8F8003801000029000000A5C3030061000000D2
:10F90800480100002D000000A5C3030061000000AD
:10F918004D0100002D000000A5C303006100000098
:10F928005301000029000000A5C303006100000086
:10F93800B803000005000000A5C303006100000033
:10F94800B903000005000000A5C303006100000022
:10F95800BA03000005000000A5C303006100000011
:10F96800BB03000005000000A5C303006100000000
:10F978005300000022000000A5C30300610000003E
:10F988004A00000028000000A5C303006100000031
:10F998004B00000028000000A5C303006100000020
:10F9A8004C00000028000000A5C30300610000000F
:10F9B800310000001D000000A5C303006100000025
:10F9C8003200000022000000A5C30300610000000F
:10F9D800370000002E000000A5C3030061000000EE
:10F9E800380000002E000000A5C3030061000000DD
:10F9F800390000002E000000A5C3030061000000CC
:10FA08003A0000002E000000A5C3030061000000BA
:10FA1800350000002E000000A5C3030061000000AF
:10FA28002405000005000000A5C3030061000000D4
:10FA3800C204000005000000A5C303006100000027
:10FA4800C304000005000000A5C303006100000016
:10FA5800C404000005000000A5C303006100000005
:10FA6800C504000005000000A5C3030061000000F4
:10FA7800C604000005000000A5C3030061000000E3
:10FA8800C704000005000000A5C3030061000000D2
:10FA9800C804000005000000A5C3030061000000C1
:10FAA800C904000005000000A5C3030061000000B0
:10FAB8000F0300000E000000A5C303006100000052
:10FAC800100300000E000000A5C303006100000041
:10FAD800110300000E000000A5C303006100000030
:10FAE800120300000E000000A5C30300610000001F
:10FAF800130300000E000000A5C30300610000000E
:10FB0800140300000E000000A5C3030061000000FC
:10FB1800150300000E000000A5C3030061000000EB
:10FB2800160300000E00000080D203005B000000F6
:10FB3800B100000001000000E8BA0300590000000D
:10FB4800A300000025000000556E6B6E6F776E20D5
:10FB580048434920436F6D6D616E64556E6B6E6FDF
:10FB6800776E20436F6E6E656374696F6E204964AB
:10FB7800656E746966696572506167652054696D60
:10FB8800656F757441757468656E746963617469CD
:10FB98006F6E204661696C75726550494E206F72B0
:10FBA800204B6579204D697373696E674D656D6F7C
:10FBB800727920436170616369747920457863655F
:10FBC80065646564436F6E6E656374696F6E205417
:10FBD800696D656F7574436F6E6E656374696F6E7A
:10FBE800204C696D69742045786365656465645364
:10FBF800796E6368726F6E6F757320436F6E6E6592
:10FC08006374696F6E204C696D697420546F20416C
:10FC18002044657669636520457863656564656435
:10FC2800436F6E6E656374696F6E20416C726561B7
:10FC3800647920457869737473436F6D6D616E6480
:10FC480020446973616C6C6F776564436F6E6E6591
:10FC58006374696F6E2052656A65637465642064B5
:10FC6800756520746F204C696D69746564205265F0
:10FC7800736F7572636573436F6E6E656374696FD6
:10FC88006E2052656A656374656420447565205406
:10FC98006F20536563757269747920526561736F5B
:10FCA8006E73436F6E6E656374696F6E2052656A1A
:10FCB80065637465642064756520746F20556E6192
:10FCC800636365707461626C652042445F414444BB
:10FCD80052436F6E6E656374696F6E20416363652E
:10FCE80070742054696D656F757420457863656517
:10FCF800646564556E737570706F727465642046C0
:10FD0800656174757265206F7220506172616D65EE
:10FD18007465722056616C7565496E76616C6964AC
:10FD28002048434920436F6D6D616E6420506172B5
:10FD3800616D657465727352656D6F746520557376
:10FD48006572205465726D696E6174656420436FD5
:10FD58006E6E656374696F6E52656D6F746520446D
:10FD68006576696365205465726D696E6174656452
:10FD780020436F6E6E656374696F6E2064756520CD
:10FD8800746F204C6F77205265736F75726365735B
:10FD980052656D6F746520446576696365205465A6
:10FDA800726D696E6174656420436F6E6E6563740D
:10FDB800696F6E2064756520746F20506F77657267
:10FDC800204F6666436F6E6E656374696F6E20546C
:10FDD80065726D696E61746564204279204C6F6349
:10FDE800616C20486F737452657065617465642036
:10FDF800417474656D70747350616972696E6720BF
:10FE08004E6F7420416C6C6F776564556E6B6E6FC6
:10FE1800776E204C4D5020504455556E7375707058
:10FE28006F727465642052656D6F746520466561F4
:10FE38007475726553434F204F666673657420521C
:10FE4800656A656374656453434F20496E746572CF
:10FE580076616C2052656A656374656453434F200C
:10FE6800416972204D6F64652052656A65637465E7
:10FE780064496E76616C6964204C4D502050617203
:10FE8800616D6574657273202F20496E76616C69A7
:10FE980064204C4C20506172616D657465727355B5
:10FEA8006E737065636966696564204572726F7206
:10FEB800556E737570706F72746564204C4D502068
:10FEC800506172616D657465722056616C7565204C
:10FED8002F20556E737570706F72746564204C4C6A
:10FEE80020506172616D657465722056616C75652C
:10FEF800526F6C65204368616E6765204E6F742091
:10FF0800416C6C6F7765644C4D5020526573706F0F
:10FF18006E73652054696D656F7574202F204C4C85
:10FF280020526573706F6E73652054696D656F75C7
:10FF3800744C4D50204572726F72205472616E730A
:10FF4800616374696F6E20436F6C6C6973696F6E5F
:10FF5800202F204C4C2050726F63656475726520A9
:10FF6800436F6C6C6973696F6E4C4D5020504455EB
:10FF7800204E6F7420416C6C6F776564456E6372B8
:10FF8800797074696F6E204D6F6465204E6F7420B0
:10FF980041636365707461626C654C696E6B204B7C
:10FFA80065792063616E6E6F7420626520436861B5
:10FFB8006E67656452657175657374656420516F09
:10FFC80053204E6F7420537570706F727465644956
:10FFD8006E7374616E7420506173736564506169E7
:10FFE80072696E67205769746820556E6974204B72
:08FFF8006579204E6F7420535F
:020000024000BC
:100000007570706F72746564446966666572656E5A
:1000100074205472616E73616374696F6E20436FF4
:100020006C6C6973696F6E516F5320556E616363B9
:1000300065707461626C6520506172616D65746594
:1000400072516F532052656A6563746564436861D9
:100050006E6E656C20436C6173736966696361746D
:10006000696F6E204E6F7420537570706F72746577
:1000700064496E73756666696369656E742053655D
:10008000637572697479506173736B657920656EFD
:100090007472792063616E63656C6564206F722091
:1000A0006661696C6564506172616D65746572202A
:1000B0004F7574204F66204D616E6461746F727964
:1000C0002052616E676552656643656C6C20616C99
:1000D0007265616479206D757461626C7920626FFC
:1000E00072726F776564436F6D6D616E6420616ECF
:1000F000642F6F7220706172616D65746572206922
:100100006E76616C6964526F6C65205377697463B5
:10011000682050656E64696E6752657365727665B6
:100120006420536C6F742056696F6C6174696F6ED4
:10013000526F6C6520537769746368204661696CFF
:100140006564457874656E64656420496E7175698F
:10015000727920526573706F6E736520546F6F20D3
:100160004C617267655365637572652053696D7084
:100170006C652050616972696E67204E6F74205300
:100180007570706F7274656420427920486F737463
:10019000486F73742042757379202D205061697205
:1001A000696E67436F6E6E656374696F6E2052652A
:1001B0006A65637465642064756520746F204E6F92
:1001C000205375697461626C65204368616E6E6569
:1001D0006C20466F756E64436F6E74726F6C6C65E5
:1001E000722042757379556E6163636570746162E4
:1001F0006C6520436F6E6E656374696F6E2050612D
:1002000072616D6574657273416476657274697349
:10021000696E672054696D656F7574436F6E6E65A6
:100220006374696F6E205465726D696E6174656484
:100230002064756520746F204D4943204661696CC8
:10024000757265436F6E6E656374696F6E2046618B
:10025000696C656420746F20626520457374616207
:100260006C6973686564202F2053796E6368726FC0
:100270006E697A6174696F6E2054696D656F75740B
:10028000436F6172736520436C6F636B2041646AD6
:100290007573746D656E742052656A656374656408
:1002A000206275742057696C6C2054727920746FC9
:1002B0002041646A757374205573696E6720436CBE
:1002C0006F636B204472616767696E67547970650C
:1002D00030205375626D6170204E6F7420446566E6
:1002E000696E6564556E6B6E6F776E2041647665DE
:1002F00072746973696E67204964656E74696669B2
:1003000065724C696D697420526561636865644FFC
:100310007065726174696F6E2043616E63656C6CA9
:10032000656420627920486F73745061636B6574F3
:1003300020546F6F204C6F6E67546F6F2045617251
:100340006C79496E73756666696369656E7420437E
:1003500068616E6E656C7300C1C403005A000000D2
:100360006B00000025000000C1C403005A0000001B
:100370006F000000200000001CC503005B000000AF
:10038000A50100000100000000700007002D010120
:10039000010201020101480B301510016507020638
:1003A0000202010423011E1B5B0B3A090901180418
:1003B0000109010301052B033B092A18012037011C
:1003C00001010408040103070A021D013A010101A9
:1003D0000204080109010A021A0102023901040299
:1003E0000402020303011E0203010B02390104058A
:1003F000010204011402160601013A01010201047E
:10040000080107030A021E013B0101010C01090159
:1004100028010301370101030503010407020B0250
:100420001D013A01020201010303010407020B024C
:100430001C02390201010204080109010A021D011E
:1004400048010401020301010801510102070C08DF
:10045000620102090B0749021B0101010101370E6C
:1004600001050102050B01240901660401060102D0
:1004700002021902040310040D01020206010F0119
:10048000000300041C031D021E02400201070801B4
:10049000020B09012D0301017502220176030402FA
:1004A00009010603DB0202013A0101070101010112
:1004B0000208060A0201302E020C1404300A04035A
:1004C00026090C022004020638010102030101057D
:1004D000380802029803010D010704010601030216
:1004E000C6400001C32100038D016020000669029F
:1004F0000004010A20025002000103010401190254
:10050000050197021A120D012608190B01012C038F
:100510003001020402020201240143060202020227
:100520000C0108012F013301010302020502010140
:100530002A020801EE01020104010001001010105E
:1005400000020001E20195050003010205042803F1
:100550000401A5020004410500024D06460B3104CA
:100560007B01360F290102020A033104020207014E
:100570003D03240501083E010C0234090101080471
:1005800002015F030204060102019D010308150236
:100590003902010101010C0109010E0703054301A4
:1005A0000206010102010103040301010E025508C4
:1005B00002030101170151010206010102010102BA
:1005C0000102EB010204060201021B0255080201AE
:1005D00001026A010101020865010101020401052D
:1005E00000090102F5010A04040190040202040159
:1005F000200A280602040801090602032E0D010242
:10060000C60101030101C9070106010152160207D3
:10061000010201027A0603010102010701014802F9
:100620000301010100020B0234050503170100015B
:10063000060F000C030300053B0700013F045101B6
:100640000B020002002E021700050306080802072D
:100650001E0494030037043208010E011605010F31
:10066000000701110207010201056401A007000152
:100670003D040004FE02F301020107020501000728
:100680006D07006080F000207B202C203A20207B2A
:100690000A2C0A28280A7D295D207D000000000020
:1006A0000C00000004000000F3EF01005BF101000A
:1006B000A7F101005B2E2E2E5D63616C6C656420DA
:1006C000604F7074696F6E3A3A756E777261702818
:1006D0002960206F6E206120604E6F6E656020760D
:1006E000616C75653D3D30303031303230333034FF
:1006F00030353036303730383039313031313132D1
:1007000031333134313531363137313831393230B6
:1007100032313232323332343235323632373238A5
:100720003239333033313332333333343335333694
:10073000333733383339343034313432343334347A
:100740003435343634373438343935303531353260
:100750003533353435353536353735383539363046
:100760003631363236333634363536363637363835
:100770003639373037313732373337343735373624
:10078000373737383739383038313832383338340A
:1007900038353836383738383839393039313932F0
:1007A00039333934393539363937393839395B00E5
:1007B0000601010301040205070702080809020AED
:1007C000050B020E04100111021205131C14011571
:1007D000021702190D1C051D081F0124016A046B74
:1007E000026E02AF03B102BC02CF02D102D40CD51B
:1007F00009D602D702DA01E005E102E601E704E8E2
:1008000002EE20F004F802FA05FB010C273B3E4EF5
:100810004F8F9E9E9F7B8B9396A2B2BA86B106079E
:1008200009363D3E56F3D0D1041418363756577F5B
:10083000AAAEAFBD35E01287898E9E040D0E11124F
:100840002931343A4546494A4E4F64658A8C8D8F2A
:10085000B6C1C3C4C6CBD65CB6B71B1C07080A0B0F
:10086000141736393AA8A9D8D909379091A8070A98
:100870003B3E66698F92116F5FBFEEEF5A62B9BA65
:10088000F4FCFF53549A9B2E2F2728559DA0A1A31B
:10089000A4A7A8ADBABCC4060B0C151D3A3F455120
:1008A000A6A7CCCDA007191A22253E3FDFE7ECEF23
:1008B000FFC5C604202325262833383A484A4C5021
:1008C000535556585A5C5E606365666B73787D7FDE
:1008D0008AA4AAAFB0C0D0AEAF6E6FC7DDDE935EA4
:1008E000227B0503042D036603012F2E80821D0346
:1008F000310F1C0424091E052B0544040E2A80AA6E
:1009000006240424042808340B4E03340C813709D0
:10091000160A08183B4539036308093016052103F8
:100920001B051B2638044B052F040A070907402026
:1009300027040C0936033A051A07040C07504937F7
:10094000330D33072E080A0626031D080280D052F5
:1009500010060809212E082A161A261C1417094EFB
:10096000042409440D19070A0648082709750B4293
:100970003E2A063B050A06510601051003050B59E0
:1009800008021D621E48080A80A65E22450B0A0660
:100990000D133A060A06141C2C041780B93C645344
:1009A0000C48090A46451B4808530D49070A5608D2
:1009B00058220E0A06460A1D03474937030E080A45
:1009C0000639070A062C040A80F619073B031D5551
:1009D000010F320D839B66750B80C48A4C630D84B6
:1009E0003010160A8F9B0582479AB93A86C682391B
:1009F000072A045C06260A460A28051381B03A80B5
:100A0000C65B05342C4B0439071140050B07099CC4
:100A1000D629206173A1FD81330F011D060E040844
:100A2000818C89046B050D030907108F6080FD031D
:100A300081B406170F110F4709743C80F60A73083A
:100A40007015467A140C140C5709198087814703D6
:100A500085420F1584501F060680D52B053E2101C7
:100A6000702D031A040281401F113A050181D02A1A
:100A700080D62B040180C036080280E080F7294C24
:100A8000040A04028311444C3D80C23C0601045513
:100A9000051B3402810E2C04640C560A80AE381DEE
:100AA0000D2C040907020E06809A83D90311030D49
:100AB0000380DA060C04010F0C0438080A06280823
:100AC0002C04020E09278158081D030B033B041E4A
:100AD000040A0780FB8405000103050506060207DA
:100AE00006080709110A1C0B190C190D100E0C0F22
:100AF0000410031212130916011704180119031A1E
:100B0000091B011C021F1620032B022D0B2E013086
:100B10000431023201A902AA04AB08FA02FB05FE65
:100B200003FF09AD78798B8DA23057588B8C901CC0
:100B3000DD0E0F4B4CFBFC2E2F3F5C5D5FE2848D86
:100B40008E9192A9B1BABBC5C6C9CADEE4E5FF0061
:100B5000041112293134373A3B3D494A5D848E9263
:100B6000A9B1B4BABBC6CACECFE4E500040D0E11DC
:100B7000122931343A3B4546494A5E646584919B6B
:100B80009DC9CECF0D11293A3B4549575B5E5F6445
:100B9000658D91A9B4BABBC5C9DFE4E5F00D114577
:100BA0004964658084B2BCBEBFD5D7F0F183858B24
:100BB000A4A6BEBFC5C7CFDADB4898BDCDC6CECF91
:100BC000494E4F57595E5F898E8FB1B6B7BFC1C6C8
:100BD000C7D71116175B5CF6F7FEFF806D71DEDF7D
:100BE0000E1F6E6F1C1D5F7D7EAEAFDEDF4DBBBC8A
:100BF00016171E1F46474E4F585A5C5E7E7FB5C57E
:100C0000D4D5DCF0F1F572738F7475262E2FA7AF53
:100C1000B7BFC7CFD7DF9A00409798308F1FCEFF5E
:100C20004E4F5A5B07080F10272FEEEF6E6F373DC0
:100C30003F4245536775C8C9D0D1D8D9E7FEFF00F8
:100C4000205F2282DF048244081B04061181AC0E5F
:100C500080AB052007811C03190801042F0434040C
:100C6000070301070607110A500F1207550703046F
:100C70001C0A090308030703020303030C0405030A
:100C80000B06010E15054E071B0757070205180C2A
:100C9000500443032D03010411060F0C3A041D25D3
:100CA0005F206D046A2580C80582B0031A0682FDA4
:100CB00003590716091809140C140C6A060A061AB7
:100CC0000659072B05460A2C040C040103310B2C92
:100CD000041A060B0380AC060A064C1480F4083C88
:100CE000030F033E0538082B0582FF1118082F114A
:100CF0002D03220E210F808C04829A160B158894E6
:100D0000052F053B07020E180980BE22740C80D601
:100D10001A81100580E109F29E033709815C148075
:100D2000B80880DD143C030A06380846080C06742F
:100D30000B1E035A0459098083181C0A16094C0417
:100D4000808A06ABA40C170431A10481DA26070CB3
:100D5000050582B3202A064C04808D0480BE031B47
:100D6000030F0D00C8C20300550000000A00000078
:100D70002B000000C8C20300550000001A0000004C
:100D800036000000617474656D707420746F2063A8
:100D9000616C63756C617465207468652072656D43
:100DA00061696E6465722077697468206120646986
:100DB0007669736F72206F66207A65726F606173F7
:100DC000796E6320666E6020726573756D65642050
:100DD000616674657220636F6D706C6574696F6EA7
:100DE0000003000083042000910560005D13A00053
:100DF0001217201F0C20601FEF2C602B2A30E02BD5
:100E00006FA6A02C02A8202D1EFB202E00FE60360F
:100E10009EFFA036FD012137010A6137240D2138DC
:100E2000AB0EA1392F18213AF31E214B4034A153A8
:100E30001E61E154F06A61554F6FE1559DBC6156EA
:100E400000CF615765D1A15700DA215800E0A159C0
:100E5000AEE2215BECE4E15CD0E8615D2000EE5E97
:100E6000F0017F5F2E2E307870616E69636B656470
:100E7000206174203A0A66616C736500C7CA03007A
:100E80004B0000007E0B000026000000C7CA0300D4
:100E90004B000000870B00001A00000052656643FB
:100EA000656C6C20616C726561647920626F72722E
:100EB0006F776564FF000000000000000000000084
:100EC000010000001D05020081040200050502006A
:100ED0006578706C696369742070616E6963000085
:100EE000E8BB03005700000081010000050000007E
:100EF0006465666D74206C6F676765722074616BE2
:100F0000656E207265656E7472616E746C79000036
:100F10004BCA03005B000000AD0000000D000000A4
:100F20006465666D742072656C65617365206F75AC
:100F300074206F6620636F6E746578744BCA03000B
:100F40005B000000E20000000D00000098D30300E9
:100F50005F000000290000001F000000A908020037
:100F6000B9080200B9080200E90802004275737965
:100F7000202D20546F6F206D616E7920696E73741F
:100F8000616E636573206F66207468697320746195
:100F9000736B2061726520616C7265616479207287
:100FA000756E6E696E672E20436865636B2074688A
:100FB000652060706F6F6C5F73697A656020617423
:100FC00074726962757465206F6620746865207438
:100FD00061736B2EFCBD0300660000004801000039
:100FE0002E000000FCBD0300660000004A01000066
:100FF0002A00000063D103005E0000002C01000005
:101000001F00000040BC030061000000F60000006B
:1010100011000000617373657274696F6E20666100
:10102000696C65643A206E203C2033327573697AAE
:1010300065000000E6CC03006A000000EE36000008
:101040000D000000FCBD030066000000AC010000C4
:101050003300000040BC03006100000051020000AA
:10106000090000006F766572666C6F77207768659F
:101070006E20616464696E67206475726174696F63
:101080006E20746F20696E7374616E746ECE03008F
:1010900062000000BF0000000E00000045504552F5
:1010A0004D454E4F454E5445494F454E4F4D454D8C
:1010B000454143434553454641554C5445494E5699
:1010C000414C45414741494E4550524F544F545968
:1010D0005045454E4F50524F544F4F50544550522B
:1010E0004F544F4E4F535550504F525445534F430A
:1010F0004B544E4F535550504F5254454F504E4FF6
:1011000054535550504541464E4F535550504F52F1
:10111000544541444452494E555345454E45545516
:101120004E524541434845434F4E4E524553455418
:10113000454953434F4E4E4554494D45444F5554F0
:10114000454E4F4255465345484F5354444F574ED2
:1011500045494E50524F47524553534543414E43E4
:10116000454C4544454E4F4B4559454B45594558CF
:101170005049524544454B45595245564F4B4544BD
:10118000454B455952454A454354454403D5030010
:101190005C000000DF0000000F00000003D503002A
:1011A0005C000000D3010000230000004FC10300D9
:1011B00069000000280000000B00000065C8030063
:1011C00059000000830300005600000065C80300BA
:1011D00059000000D2030000390000002829000057
:1011E000000000000400000004000000A91B020031
:1011F0000A0B0D0E0F000000E8CF03005D00000099
:101200005C00000040000000E8CF03005D0000002B
:101210005C0000004F000000E8CF03005D0000000C
:101220005C0000001A00000000000000F8D303007A
:1012300065000000CB0000001B00000044C3030059
:1012400060000000500000001F000000F8D3030001
:10125000650000006701000028000000F8D30300CB
:10126000650000005E0000001F000000F8D30300CE
:10127000650000007E0000001F00000060D5030034
:101280006D000000860000002300000060D5030010
:101290006D0000008600000032000000BFC803009F
:1012A00064000000B001000029000000BFC8030076
:1012B00064000000D40100001F000000BFC803004C
:1012C00064000000DB01000023000000BFC8030031
:1012D00064000000640300001E0000000004000021
:1012E00000000000000000000B0053529D18040095
:1012F0000100000057445420616C726561647920DC
:1013000061637469766500008ACD030026000000E1
:101310001A0000004700000000000000010000006B
:1013200001000000B51C02000000000000000000E9
:1013300001000000F1280200000000002C00000065
:1013400004000000395A02004D6178696D756D53D3
:101350007562736372696265727352656163686511
:10136000644D6178696D756D5075626C69736865FF
:101370007273526561636865640C574454466169D1
:101380006C656420746F2063726561746520737589
:10139000627363726962657220666F72204B657951
:1013A000626F6172644576656E742E2054686520A4
:1013B000277375627327206C696D69742068617387
:1013C000206265656E2065786365656465642E20BE
:1013D000496E637265617365202773756273272098
:1013E000666F722074686973206576656E74206913
:1013F0006E206B6579626F6172642E746F6D6C2004
:101400005B6576656E745D20286F7220235B657660
:10141000656E742873756273203D204E295D2066C9
:101420006F7220637573746F6D206576656E74736B
:10143000292E0000B9C1030023000000180000009D
:10144000010000004661696C656420746F2063725E
:101450006561746520737562736372696265722079
:10146000666F7220506F696E74696E674576656E3F
:10147000742E2054686520277375627327206C6969
:101480006D697420686173206265656E206578639C
:1014900065656465642E20496E63726561736520BD
:1014A00027737562732720666F72207468697320D2
:1014B0006576656E7420696E206B6579626F617206
:1014C000642E746F6D6C205B6576656E745D20288C
:1014D0006F7220235B6576656E7428737562732066
:1014E0003D204E295D20666F7220637573746F6DA9
:1014F000206576656E7473292E000000B9C1030063
:101500002300000069000000010000004661696CD2
:10151000656420746F206372656174652073756201
:101520007363726962657220666F722042617474BF
:101530006572794164634576656E742E20546865E2
:1015400020277375627327206C696D697420686148
:1015500073206265656E2065786365656465642ED9
:1015600020496E6372656173652027737562732706
:1015700020666F722074686973206576656E7420CA
:10158000696E206B6579626F6172642E746F6D6C29
:10159000205B6576656E745D20286F7220235B6525
:1015A00076656E742873756273203D204E295D2028
:1015B000666F7220637573746F6D206576656E74E7
:1015C00073292E00CED50300250000000E00000078
:1015D000010000004661696C656420746F206372CD
:1015E00065617465207375627363726962657220E8
:1015F000666F722042617474657279537461747598
:10160000734576656E742E20546865202773756265
:101610007327206C696D6974206861732062656549
:101620006E2065786365656465642E20496E63721B
:10163000656173652027737562732720666F72205A
:1016400074686973206576656E7420696E206B65B9
:1016500079626F6172642E746F6D6C205B65766564
:101660006E745D20286F7220235B6576656E74282A
:1016700073756273203D204E295D20666F72206372
:101680007573746F6D206576656E7473292E000016
:10169000CED503002500000024000000010000005A
:1016A0004661696C656420746F206372656174655E
:1016B000207375627363726962657220666F72204F
:1016C0004368617267696E675374617465457665D6
:1016D0006E742E2054686520277375627327206C02
:1016E000696D697420686173206265656E20657834
:1016F0006365656465642E20496E63726561736518
:101700002027737562732720666F7220746869736F
:10171000206576656E7420696E206B6579626F61F5
:1017200072642E746F6D6C205B6576656E745D20DF
:10173000286F7220235B6576656E742873756273FB
:10174000203D204E295D20666F7220637573746F93
:101750006D206576656E7473292E0000CED503006A
:101760002500000018000000010000001EC3030057
:10177000250000003F000000120000004ACB0300DB
:1017800072000000A10000003B0000004ACB0300F3
:1017900072000000A500000023000000696E74655F
:1017A000726E616C206572726F723A20656E74653C
:1017B00072656420756E726561636861626C652034
:1017C000636F64653A205765206E65766572206F99
:1017D0007574726967687420636C6F73652061202B
:1017E00066756C6C79206F70656E2070616765003E
:1017F0004ACB030072000000A9000000190000009D
:10180000696E7465726E616C206572726F723A20D7
:10181000656E746572656420756E7265616368617A
:10182000626C6520636F64653A2043616E277420A3
:101830007061727469616C6C79206F70656E206183
:1018400020636C6F73656420706167654ACB030029
:10185000720000008E000000190000004ACB030057
:1018600072000000D0000000360000004ACB0300E8
:1018700072000000C40000003A000000F4D503002C
:1018800065000000CA01000028000000436C6F736F
:1018900065645061727469616C4F70656E0102031A
:1018A0000405060708090000BFC803006400000023
:1018B000E00000000E000000BFC80300640000004C
:1018C000E00000001C000000C2D103005F00000027
:1018D000A400000018000000C2D103005F00000057
:1018E000A400000020000000C2D103005F0000003F
:1018F000AE00000014000000C2D103005F00000031
:10190000AE0000001A000000C2D103005F0000001A
:101910009D00000018000000C2D103005F0000001D
:101920009D0000001F000000C2D103005F00000006
:101930009D00000025000000C2D103005F000000F0
:10194000BC00000014000000E3CE030066000000AD
:101950003500000009000000E3CE0300660000002F
:101960005A00000023000000E3CE030066000000E0
:1019700053000000230000005ED403007C00000040
:10198000310000000C0000005ED403007C00000069
:1019900033000000150000005ED403007C0000004E
:1019A000330000001E0000005ED403007C00000035
:1019B00033000000240000005ED403007C0000001F
:1019C00072000000110000005ED403007C000000E3
:1019D0004A000000150000005ED403007C000000F7
:1019E0004A000000220000005ED403007C000000DA
:1019F000F8000000150000005ED403007C00000029
:101A0000F2000000150000005ED403007C0000001E
:101A1000220100001B0000005ED403007C000000D7
:101A200022010000320000005ED403007C000000B0
:101A3000E90000001E0000005ED403007C000000EE
:101A4000100100000C0000005ED403007C000000C8
:101A500012010000210000005ED403007C000000A1
:101A600012010000320000005ED403007C00000080
:101A700071010000110000005ED403007C00000032
:101A800071010000170000005ED403007C0000001C
:101A900075010000110000005ED403007C0000000E
:101AA0007501000018000000436C69656E74417494
:101AB000745461626C6520627566666572206F762B
:101AC0006572666C6F7700005ED403007C000000D6
:101AD0004C0100000E0000005ED403007C000000FA
:101AE00053010000200000005ED403007C000000D1
:101AF000560100000D0000005ED403007C000000D1
:101B00007B01000020000000C6C703006F0000003A
:101B10008E0400000E000000C6C703006F00000026
:101B2000C10200000E000000C6C703006F000000E5
:101B30000203000014000000C6C703006F0000008D
:101B4000D103000024000000C6C703006F0000009E
:101B5000AE02000014000000C6C703006F000000C2
:101B60000803000024000000C6C703006F00000047
:101B7000B702000020000000C6C703006F0000008D
:101B8000DD02000014000000C6C703006F00000063
:101B9000A602000024000000C6C703006F0000007A
:101BA0002C03000014000000DFC5030072000000D9
:101BB0007E00000010000000DFC50300720000007E
:101BC0007E00000017000000DFC503007200000067
:101BD0007F00000010000000DFC50300720000005D
:101BE0007F00000017000000DFC503007200000046
:101BF000FC01000021000000DFC5030072000000AE
:101C0000FD01000021000000DFC50300720000009C
:101C1000FD0100000B000000DFC5030072000000A2
:101C2000AF0100000E000000DFC5030072000000DD
:101C3000AF01000015000000DFC5030072000000C6
:101C4000B00100000E000000DFC5030072000000BC
:101C5000B0010000150000000BCC03007E00000066
:101C600031020000190000000BCC03007E000000D0
:101C70003B02000027000000DFC603005E000000FA
:101C80009E0300001F000000DFC603005E0000008E
:101C90009E03000036000000DFC603005E00000067
:101CA0009F03000024000000DFC603005E00000068
:101CB0002203000025000000DFC603005E000000D4
:101CC000220300003C000000DFC603005E000000AD
:101CD0002303000023000000DFC603005E000000B5
:101CE000230300003A000000DFC603005E0000008E
:101CF0002803000027000000DFC603005E0000008C
:101D00003503000025000000DFC603005E00000070
:101D1000350300003C000000DFC603005E00000049
:101D20003603000023000000DFC603005E00000051
:101D3000360300003A000000DFC603005E0000002A
:101D4000480300001F000000DFC603005E00000023
:101D50004803000036000000DFC603005E000000FC
:101D60004D0300001F000000DFC603005E000000FE
:101D70004D03000036000000DFC603005E000000D7
:101D80004E03000024000000DFC603005E000000D8
:101D9000530300001C000000DFC603005E000000CB
:101DA0005303000033000000DFC603005E000000A4
:101DB0005703000025000000DFC603005E0000009E
:101DC000570300003C000000DFC603005E00000077
:101DD0005803000023000000DFC603005E0000007F
:101DE000580300003A000000DFC603005E00000058
:101DF0005903000021000000DFC603005E00000060
:101E00005903000038000000DFC603005E00000038
:101E10005A03000029000000DFC603005E00000036
:101E20006403000025000000DFC603005E00000020
:101E3000640300003C000000DFC603005E000000F9
:101E40006503000023000000DFC603005E00000001
:101E5000650300003A000000DFC603005E000000DA
:101E60006D0300001F000000DFC603005E000000DD
:101E70006D03000036000000DFC603005E000000B6
:101E80006E0300001F000000DFC603005E000000BC
:101E90006E03000036000000DFC603005E00000095
:101EA0007203000024000000DFC603005E00000093
:101EB000760300001D000000DFC603005E00000086
:101EC0007B0300001F000000DFC603005E0000006F
:101ED0007B03000036000000DFC603005E00000048
:101EE0007C0300001F000000DFC603005E0000004E
:101EF0007C030000360000006E6F7420696D706C0A
:101F0000656D656E74656400DFC603005E000000E9
:101F1000DD02000012000000DFC603005E000000CA
:101F2000190300001200000087D603005F000000C4
:101F3000F20000002300000087D603005F000000CD
:101F4000F50000001400000087D603005F000000C9
:101F50000B0100002800000087D603005F0000008E
:101F6000110100000D00000087D603005F00000093
:101F7000FA0000002300000087D603005F00000085
:101F8000020100001400000082BE03006B0000008C
:101F90002F0000000900000082BE03006B0000005B
:101FA000360000000E00000011D70300650000009D
:101FB000570000002800000011D703006500000052
:101FC000580000002800000011D703006500000041
:101FD000590000002900000011D70300650000002F
:101FE000720000001600000011D703006500000019
:101FF000720000001C0000003BBD030061000000F7
:10200000840000001D0000003BBD030061000000D3
:102010008E000000210000003BBD030061000000B5
:102020009D000000130000003BBD030061000000A4
:10203000230000002D0000003BBD030061000000F4
:102040003B000000270000003BBD030061000000D2
:1020500030000000160000003BBD030061000000DE
:1020600030000000380000003BBD030061000000AC
:1020700072000000170000003BBD0300610000007B
:1020800059000000170000003BBD03006100000084
:102090005100000027000000BFC8030064000000DA
:1020A0004A01000023000000BFC8030064000000D4
:1020B0004E01000023000000BFC8030064000000C0
:1020C0004001000012000000BFC8030064000000CF
:1020D000400100002C000000BFC8030064000000A5
:1020E0004001000037000000BFC80300640000008A
:1020F0004001000018000000BFC803006400000099
:10210000410100001F000000BFC803006400000080
:102110002001000042000000BFC80300640000006E
:102120002101000047000000BFC803006400000058
:10213000670100001A000000BFC80300640000002F
:102140006701000038000000BFC803006400000001
:10215000790100001A000000BFC8030064000000FD
:102160007901000038000000BFC8030064000000CF
:102170000F0100000E000000BFC803006400000053
:102180000F01000015000000BFC80300640000003C
:10219000100100000E000000BFC803006400000032
:1021A000100100002600000036C0030055000000AA
:1021B000520000000C00000036C003005500000073
:1021C000520000001200000036C00300550000005D
:1021D00053000000120000006D6964203E206C6511
:1021E0006E000000BDCB03004D000000F2030000B4
:1021F0001C000000BDCB03004D000000F3030000F5
:102200001C000000BDCB03004D000000F7030000E0
:1022100020000000BDCB03004D000000F7030000CC
:102220002B00000063616C6C6564206052657375FF
:102230006C743A3A756E77726170282960206F6EFF
:1022400020616E2060457272602076616C75650059
:10225000000000000800000004000000054A020021
:1022600055756964313655756964333255756964DD
:10227000313238417474726962757465EDC9030056
:102280005D000000E500000054000000DFC6030010
:102290005E000000A10000001A000000DFC603007D
:1022A0005E0000009A0000000900000053697A6592
:1022B0004572726F720000005FC40300610000008D
:1022C0004302000037000000537563636573734F6A
:1022D00075742D6F662D62616E6420646174612077
:1022E0006E6F7420617661696C61626C65417574B2
:1022F00068656E7469636174696F6E20726571756B
:102300006972656D656E7473206E6F74206D65748F
:10231000436F6E6669726D2076616C756520646FBF
:102320006573206E6F74206D6174636844657669AF
:10233000636520646F206E6F7420737570706F72A8
:10234000742070616972696E67456E63727970742A
:10235000696F6E206B65792073697A6520697320D7
:102360006E6F74206C6F6E6720656E6F7567685353
:1023700065637572697479206D616E61676572203D
:1023800070726F746F636F6C20636F6D6D616E64DC
:10239000206E6F7420737570706F72746564506115
:1023A0006972696E67206661696C65642064756531
:1023B00020746F20616E20756E7370656369666945
:1023C000656420726561736F6E50616972696E67D2
:1023D000206661696C65642064756520746F207285
:1023E0006570656174656420617474656D70747383
:1023F0004448206B657920636865636B2076616C67
:10240000756520646F6573206E6F74206D617463F1
:10241000684E756D6572696320636F6D7061726976
:10242000736F6E2076616C75657320646F206E6FBC
:1024300074206D6174636850616972696E672069A8
:102440006E2070726F67657373206F7665722042BD
:10245000522F4544524C696E6B206B65792067653D
:102460006E65726174696F6E206661696C65644443
:1024700065766963652072656A6563746564206466
:1024800069737472696275746564206B65794465FB
:1024900076696365206973206E6F7420726561646C
:1024A0007920746F207065666F726D20706169723B
:1024B000696E6750616972696E67205265717565F2
:1024C000737450616972696E6720436F6E666972DA
:1024D0006D50616972696E672052616E646F6D50F4
:1024E000616972696E67204661696C6564456E63F7
:1024F00072797074696F6E20496E666F726D617467
:10250000696F6E43656E7472616C204964656E74A8
:10251000696669636174696F6E4964656E74697434
:102520007920496E666F726D6174696F6E4964657A
:102530006E74697479204164647265737320496EA6
:10254000666F726D6174696F6E5369676E696E67ED
:1025500020496E666F726D6174696F6E5061697249
:10256000696E67205075626C6963204B65795061B4
:102570006972696E67204448204B6579204368651D
:10258000636B4B65797072657373204E6F74696607
:1025900069636174696F6E000F0000001000000035
:1025A0000F0000000E0000000E00000016000000EA
:1025B00016000000140000001C00000013000000C2
:1025C00010000000120000001400000015000000C0
:1025D000B324040048ED0300C2240400D124040005
:1025E000DF240400ED240400032504001925040061
:1025F0002D25040049250400D8EC03005C250400C7
:102600006E2504008225040000010202020202027B
:1026100002020200DDC103009D1804009E180400A0
:102620009F180400A0180400A1180400A2180400B8
:10263000A3180400A4180400A5180400F011040055
:10264000F111040079130400F2110400F3110400E5
:10265000F41104000000000001000000020000006E
:102660000200000002000000020000000200000062
:102670000200000002000000020000000200000052
:10268000060000000B000000040000008C1804008D
:1026900092180400B4DB03000700000020000000D3
:1026A0001E000000230000001C0000001D000000B0
:1026B000260000002F0000002B0000002700000073
:1026C0002000000021000000260000001E00000085
:1026D0001A0000001F00000025000000C8220400AE
:1026E00086000400CF220400ED2204001023040021
:1026F0002C230400492304006F2304009E230400BC
:10270000C9230400E6000400F0230400112404009F
:1027100037240400552404006F2404008E24040090
:10272000DDC10300000000009D180400000000004F
:102730009E1804009F180400A0180400A1180400AB
:10274000A2180400A3180400A4180400A51804008B
:102750000200000004000000100000000000000063
:102760000002030100030100000000000301000358
:10277000E0440867C9A7D8529DA268EFDC3BE3009C
:102780006173DB4B48283D0F4D30C59121C8225263
:1027900025FC73DF44296DEA1BC85502550F4CA078
:1027A000A888E4EF97DCAC29DE60A5808F152EBEEB
:1027B00073E6132BEE1185FC24ED03D1EE8DC5FFDE
:1027C000B8997EEA3A522210178AFC4A39EA438FB6
:1027D0000B3DF3C5BC2D4E8F8116AAD0FA99C03B94
:1027E000F19DFF79417BBBFFC4578BD59DE00D1850
:1027F000A5CDD18B52074356A5ED058E7F570718FF
:10280000E99668959B699C09B5EFF0F13D09D6837F
:102810001C0697ED7EF15AEF3C4C0D03B877B935A5
:1028200039942249A275FA815DD3B6A07020A2F531
:10283000F11CF87465534C815B062001F7AF0BE384
:10284000212613155612AE808807A836CBB8D216AB
:10285000CA0BC5EC9746D13321DDAE17B0DFA919FD
:1028600066F7C3EDC7BC3F52FD5ACFB2DDE64D9CC3
:102870006D9F0DCFE6A9055321B0A9812F173958B7
:10288000CF87C675DDA4A7CC2FE24B843E9BD536FF
:10289000E9531A11627ECECAA1F363F0D443C89102
:1028A000DA12A80DF0E577BF76317F439CAF640E56
:1028B0007D5107CFBB68D5DBB93068BAA2FB1A2FB0
:1028C000A6C2C4E67C80B615EF6A96E4BCEAC7915E
:1028D000E6B6B2D61BEA6D714B5BF819D1438C2476
:1028E0002A5E314A60FDDC160B3D2BC703D3FD1574
:1028F000D5DFB742F4F90BE42A4F932DF3893667FD
:102900000BF5A630B4BE14834EC66E97BCF27AD1D6
:10291000F1DDE71E4F6CF6393C37EA688BE1687FE2
:1029200086B1D053F2C16651148FE57B01A6DD95C7
:102930007430914256E35A0DB142A548271B4955C0
:102940002A7310B365A69C46C14C1A5F521D5929C3
:102950003F984FB86B5B6FE7E1845F9F41EF7EBEAE
:1029600089A1BA8096D400122C33EF181F557663D4
:10297000F5544E7CC0CBE5B9340E41E1171A3AC587
:10298000254445EC3091193E2E9000177EC929B0A0
:10299000B6236478116EE62DBE951AB414C92D269F
:1029A00083B65104BD6A7651B16FBB85345FAD55B6
:1029B00079CB66901C4F4F074EB9C830D61BB31A5F
:1029C000B37542D72F013F6D40CEDC9DB1D014A22C
:1029D0000A0565D174DFAE243EDCE5E0CE7EF195DC
:1029E000564422D9DA9CDA6AEA0ED62DD1B2AD1F4E
:1029F0009BFB0CE29130D8A3CBE076BA75C979AED7
:102A00006E8A85C888A5F2A568314A87F4A597E83B
:102A100096F0487D40EFC1F62C135BC36B519C1FB1
:102A2000FD79C453910F04E14367F09D1F880E06A2
:102A3000510EA95272ADE009960AC538A36EE6B7E9
:102A40007077997D05AD32ABCB715644E2FFEA0C4D
:102A500099CC375D3C75BEDFD5A2FEE0CC68D09541
:102A6000B67CD74DDACD371E88065355BBA4C58832
:102A7000F144770C33F01334026781BC895CC023C6
:102A8000ACB592119AEE2223BB803137A036160CDA
:102A90000702DEBDD4F3E20FD87835C23A091A0E28
:102AA000AD8E880CD1F0E50660B6A252A585A29C39
:102AB000643992CE9569E7DA93794CA33A4996CC7A
:102AC000E7D973EA44519BD1346E1E3163C2A50429
:102AD00043A4A2D92BB3B57D0C96FD2C33BD54373E
:102AE000150F430A98CC5B0C7445A9D91F20515689
:102AF000FE1804FC2189DDEB3600E234395B013736
:102B000053A303DF8FCD4FCF16AB2CF1E1E62DDCC5
:102B100014DF71D01ACC179C30554163A3E6C5D79A
:102B20001EFBF368601630B501932618C90BF7B584
:102B30000F1AEC79FDAE8D2D979CB3CEFDD6BC3B24
:102B4000951AF658FC5F57F520B4F7ADC486D9DB6B
:102B5000B79EF3151488AA816C978DB9F5FCE26EC7
:102B60007D712FCF5D476554D0BB6068C4D3248E80
:102B7000010000000000000000000000FFFFFFFF58
:102B8000FFFFFFFFFFFFFFFFFEFFFFFF0000000052
:102B900025262700010203032804000090420000BC
:102BA000BE1100004C010000E80B0000860400008C
:102BB00001020303010203030101000207000102F5
:102BC00004010001000001010000010001000001FA
:102BD0000001000000000000020B000001000B00DB
:102BE00002000A00050009000A000800140007009E
:102BF0001E000600320005004B00040064000300C4
:102C000096000200FA000100F40100000102030333
:102C100002030001F401FA00960064004B00320048
:102C20001E0014000A000500020001000C08021733
:102C30000D01010209090101060209181803010129
:102C40000909838385030201230202240910040475
:102C500005050B0B040B2B1B1B159A9A1C021D164A
:102C6000130501490D150508061B1B0F0101000086
:102C7000FEFEFEFEFEFEFEFEFEFEFEFEFEFEFEFE74
:102C8000FEFEFEFEFE16FEFEFEFEFEFEFEFEFEFE4C
:102C9000FEFE1F1FFE26FEFEFEFEFEFEFEFEFEFEEA
:102CA000FEFEFEFEFEFEFEFE3E3EFEFEFEFE3B3B4A
:102CB00060009006BE022C01D012CE05280490427E
:102CC000BE1164005006AE027205DA43081300011B
:102CD0000202A301B103BF05EF024906A309C5051E
:102CE000F50B251201020303010203030102040193
:102CF0000203030028049042BE117205DA43081350
:102D00002C00D002CE010440100028049042BE11D5
:102D10002C00D002CE01B400500BEE03640050062C
:102D2000AE02B400500BEE030102030328049042EC
:102D3000BE1128049042BE110102030300010202E9
:102D40000100000010110040000000000000000021
:102D500000000000000000000406080A0C0E10121B
:102D60001416181C1E20222426282A2C2E30323419
:102D700036383A3C3E40424446484A4C4E021A508D
:102D800000000000280000001800000050010000B2
:102D90005001000000000000141E0000301100006F
:102DA0003C730000B45F0000B80BD0076C396C397D
:102DB0000000000070170000A00F00003C28000079
:102DC0003C2800000000DC05E803D41700000000E8
:102DD000000000000000000000000000141E0000C1
:102DE0003011000060EA000060EA000000002CA63C
:102DF000E0A120A820A800000000000000000000C2
:102E000000003408E803280A280A00000000000037
:102E100000000000E3A3C30001020005040008084D
:102E20000000D8ECF0F4F8FC0002030405060708E3
:102E30000000000000000000000000000000000092
:102E4000000000000101010102020202030303036A
:102E5000040404040505050506060608090000002B
:102E60000000000000000000000000000000000062
:102E7000000101010102020202030303030404042E
:102E8000040505050506060708090A0B0C0D0010C8
:102E90000200FA0000000000647261676F6F6E2F1D
:102EA0006C6962732F73636865642F7372632F7329
:102EB000636865645F68616C5F7274632E630000B1
:102EC0006465666D740000005345474745522052C3
:102ED0005454000000000000010000000000000049
:102EE00008000020807B002000040000000000009B
:102EF0000000000001000000FFFFFFFFFFFFFFFFD9
:102F000000000000000000000000000000000000C1
:102F100000000000000000000000000000000000B1
:102F2000000000000400000000000000000000009D
:102F3000000000000000000000000000010100008F
:102F400000000000307500000000000000000000DC
:102F50000000000000000000000000000000000071
:102F60001100000000000000000000000000000050
:102F70000000000000000000000000000000000051
:102F80000000000000000000000000000000000041
:102F90000000000000000000000000000000000031
:102FA0000000000000000000000000000000000021
:102FB0000000000000000000000000000000000011
:102FC0000000000000000000000000000000000001
:102FD00000000000000000000000000000000000F1
:102FE00000000000000000000000000000000000E1
:102FF00000000000000000000000000000000000D1
:1030000000000000000000000000000000000000C0
:1030100000000000000000000000000000000000B0
:1030200000000000000000000000000000000000A0
:103030000000000000000000000000000000000090
:103040000000000000000000000000000000000080
:103050000000000000000000000000000000000070
:10306000000000000000000000000000010000005F
:103070000000000000000000000000000000000050
:103080000000000000000000000000000000000040
:103090000000000000000000000000000000000030
:1030A0000000000000000000000000000000000020
:1030B0000000000000000000000000000000000010
:1030C0000000000000000000000000000000000000
:1030D00000000000000000000000000000000000F0
:1030E00000000000000000000000000000000000E0
:1030F00000000000000000000000000000000000D0
:1031000000000000000000000000000000000000BF
:1031100000000000000000000000000000000000AF
:10312000000000000000000000000000000000009F
:10313000000000000000000000000000000000008F
:10314000000000000000000000000000000000007F
:10315000000000000000000000000000000000006F
:10316000000000000000000001000000000000005E
:10317000000000000000000000000000000000004F
:10318000000000000000000000000000000000003F
:10319000000000000000000000000000000000002F
:1031A000000000000000000000000000000000001F
:1031B000000000000000000000000000000000000F
:1031C00000000000000000000000000000000000FF
:1031D00000000000000000000000000000000000EF
:1031E00000000000000000000000000000000000DF
:1031F00000000000000000000000000000000000CF
:1032000000000000000000000000000000000000BE
:1032100000000000000000000000000000000000AE
:10322000000000000000000000000000000000009E
:10323000000000000000000000000000000000008E
:10324000000000000000000000000000000000007E
:10325000000000000000000000000000000000006E
:10326000000000000100000000000000000000005D
:10327000000000000000000000000000000000004E
:10328000000000000000000000000000000000003E
:10329000000000000000000000000000000000002E
:1032A000000000000000000000000000000000001E
:1032B000000000000000000000000000000000000E
:1032C00000000000000000000000000000000000FE
:1032D00000000000000000000000000000000000EE
:1032E00000000000000000000000000000000000DE
:1032F00000000000000000000000000000000000CE
:1033000000000000000000000000000000000000BD
:1033100000000000000000000000000000000000AD
:10332000000000000000000000000000000000009D
:10333000000000000000000000000000000000008D
:10334000000000000000000000000000000000007D
:10335000000000000000000000000000000000006D
:10336000010000000000000000000000000000005C
:10337000000000000000000000000000000000004D
:10338000000000000000000000000000000000003D
:10339000000000000000000000000000000000002D
:1033A000000000000000000000000000000000001D
:1033B000000000000000000000000000000000000D
:1033C00000000000000000000000000000000000FD
:1033D00000000000000000000000000000000000ED
:1033E00000000000000000000000000000000000DD
:1033F00000000000000000000000000000000000CD
:1034000000000000000000000000000000000000BC
:1034100000000000000000000000000000000000AC
:10342000000000000000000000000000000000009C
:10343000000000000000000000000000000000008C
:10344000000000000000000000000000000000007C
:10345000000000000000000000000000010000006B
:10346000000000000000000000000000000000005C
:10347000000000000000000000000000000000004C
:10348000000000000000000000000000000000003C
:10349000000000000000000000000000000000002C
:1034A000000000000000000000000000000000001C
:1034B000000000000000000000000000000000000C
:1034C00000000000000000000000000000000000FC
:1034D00000000000000000000000000000000000EC
:1034E00000000000000000000000000000000000DC
:1034F00000000000000000000000000000000000CC
:1035000000000000000000000000000000000000BB
:1035100000000000000000000000000000000000AB
:10352000000000000000000000000000000000009B
:10353000000000000000000000000000000000008B
:10354000000000000000000000000000000000007B
:10355000000000000000000001000000000000006A
:10356000000000000000000000000000000000005B
:10357000000000000000000000000000000000004B
:10358000000000000000000000000000000000003B
:10359000000000000000000000000000000000002B
:1035A000000000000000000000000000000000001B
:1035B000000000000000000000000000000000000B
:1035C00000000000000000000000000000000000FB
:1035D00000000000000000000000000000000000EB
:1035E00000000000000000000000000000000000DB
:1035F00000000000000000000000000000000000CB
:1036000000000000000000000000000000000000BA
:1036100000000000000000000000000000000000AA
:10362000000000000000000000000000000000009A
:10363000000000000000000000000000000000008A
:10364000000000000000000000000000000000007A
:103650000000000001000000000000000000000069
:10366000000000000000000000000000000000005A
:10367000000000000000000000000000000000004A
:10368000000000000000000000000000000000003A
:10369000000000000000000000000000000000002A
:1036A000000000000000000000000000000000001A
:1036B000000000000000000000000000000000000A
:1036C00000000000000000000000000000000000FA
:1036D00000000000000000000000000000000000EA
:1036E00000000000000000000000000000000000DA
:1036F00000000000000000000000000000000000CA
:1037000000000000000000000000000000000000B9
:1037100000000000000000000000000000000000A9
:103720000000000000000000000000000000000099
:103730000000000000000000000000000000000089
:103740000000000000000000000000000000000079
:103750000100000000000000000000000000000068
:103760000000000000000000000000000000000059
:103770000000000000000000000000000000000049
:103780000000000000000000000000000000000039
:103790000000000000000000000000000000000029
:1037A0000000000000000000000000000000000019
:1037B0000000000000000000000000000000000009
:1037C00000000000000000000000000000000000F9
:1037D00000000000000000000000000000000000E9
:1037E00000000000000000000000000000000000D9
:1037F00000000000000000000000000000000000C9
:1038000000000000000000000000000000000000B8
:1038100000000000000000000000000000000000A8
:103820000000000000000000000000000000000098
:103830000000000000000000000000000000000088
:103840000000000000000000000000000100000077
:103850000000000000000000000000000000000068
:103860000000000000000000000000000000000058
:103870000000000000000000000000000000000048
:103880000000000000000000000000000000000038
:103890000000000000000000000000000000000028
:1038A0000000000000000000000000000000000018
:1038B0000000000000000000000000000000000008
:1038C00000000000000000000000000000000000F8
:1038D00000000000000000000000000000000000E8
:1038E00000000000000000000000000000000000D8
:1038F00000000000000000000000000000000000C8
:1039000000000000000000000000000000000000B7
:1039100000000000000000000000000000000000A7
:103920000000000000000000000000000000000097
:103930000000000000000000000000000000000087
:103940000000000000000000010000000000000076
:103950000000000000000000000000000000000067
:103960000000000000000000000000000000000057
:103970000000000000000000000000000000000047
:103980000000000000000000000000000000000037
:103990000000000000000000000000000000000027
:1039A0000000000000000000000000000000000017
:1039B0000000000000000000000000000000000007
:1039C00000000000000000000000000000000000F7
:1039D00000000000000000000000000000000000E7
:1039E00000000000000000000000000000000000D7
:1039F00000000000000000000000000000000000C7
:103A000000000000000000000000000000000000B6
:103A100000000000000000000000000000000000A6
:103A20000000000000000000000000000000000096
:103A30000000000000000000000000000000000086
:103A40000000000001000000000000000000000075
:103A50000000000000000000000000000000000066
:103A60000000000000000000000000000000000056
:103A70000000000000000000000000000000000046
:103A80000000000000000000000000000000000036
:103A90000000000000000000000000000000000026
:103AA0000000000000000000000000000000000016
:103AB0000000000000000000000000000000000006
:103AC00000000000000000000000000000000000F6
:103AD00000000000000000000000000000000000E6
:103AE00000000000000000000000000000000000D6
:103AF00000000000000000000000000000000000C6
:103B000000000000000000000000000000000000B5
:103B100000000000000000000000000000000000A5
:103B20000000000000000000000000000000000095
:103B30000000000000000000000000000000000085
:103B40000100000000000000000000000000000074
:103B50000000000000000000000000000000000065
:103B60000000000000000000000000000000000055
:103B70000000000000000000000000000000000045
:103B80000000000000000000000000000000000035
:103B90000000000000000000000000000000000025
:103BA0000000000000000000000000000000000015
:103BB0000000000000000000000000000000000005
:103BC00000000000000000000000000000000000F5
:103BD00000000000000000000000000000000000E5
:103BE00000000000000000000000000000000000D5
:103BF00000000000000000000000000000000000C5
:103C000000000000000000000000000000000000B4
:103C100000000000000000000000000000000000A4
:103C20000000000000000000000000000000000094
:103C30000000000000000000000000000100000083
:103C40000000000000000000000000000000000074
:103C50000000000000000000000000000000000064
:103C60000000000000000000000000000000000054
:103C70000000000000000000000000000000000044
:103C80000000000000000000000000000000000034
:103C90000000000000000000000000000000000024
:103CA0000000000000000000000000000000000014
:103CB0000000000000000000000000000000000004
:103CC00000000000000000000000000000000000F4
:103CD00000000000000000000000000000000000E4
:103CE00000000000000000000000000000000000D4
:103CF00000000000000000000000000000000000C4
:103D000000000000000000000000000000000000B3
:103D100000000000000000000000000000000000A3
:103D20000000000000000000000000000000000093
:103D30000000000000000000010000000000000082
:103D40000000000000000000000000000000000073
:103D50000000000000000000000000000000000063
:103D60000000000000000000000000000000000053
:103D70000000000000000000000000000000000043
:103D80000000000000000000000000000000000033
:103D90000000000000000000000000000000000023
:103DA0000000000000000000000000000000000013
:103DB0000000000000000000000000000000000003
:103DC00000000000000000000000000000000000F3
:103DD00000000000000000000000000000000000E3
:103DE00000000000000000000000000000000000D3
:103DF00000000000000000000000000000000000C3
:103E000000000000000000000000000000000000B2
:103E100000000000000000000000000000000000A2
:103E20000000000000000000000000000000000092
:103E30000000000001000000000000000000000081
:103E40000000000000000000000000000000000072
:103E50000000000000000000000000000000000062
:103E60000000000000000000000000000000000052
:103E70000000000000000000000000000000000042
:103E80000000000000000000000000000000000032
:103E90000000000000000000000000000000000022
:103EA0000000000000000000000000000000000012
:103EB0000000000000000000000000000000000002
:103EC00000000000000000000000000000000000F2
:103ED00000000000000000000000000000000000E2
:103EE00000000000000000000000000000000000D2
:103EF00000000000000000000000000000000000C2
:103F000000000000000000000000000000000000B1
:103F100000000000000000000000000000000000A1
:103F20000000000000000000000000000000000091
:103F30000100000000000000000000000000000080
:103F40000000000000000000000000000000000071
:103F50000000000000000000000000000000000061
:103F60000000000000000000000000000000000051
:103F70000000000000000000000000000000000041
:103F80000000000000000000000000000000000031
:103F90000000000000000000000000000000000021
:103FA0000000000000000000000000000000000011
:103FB0000000000000000000000000000000000001
:103FC00000000000000000000000000000000000F1
:103FD00000000000000000000000000000000000E1
:103FE00000000000000000000000000000000000D1
:103FF00000000000000000000000000000000000C1
:1040000000000000000000000000000000000000B0
:1040100000000000000000000000000000000000A0
:10402000000000000000000000000000010000008F
:104030000000000000000000000000000000000080
:104040000000000000000000000000000000000070
:104050000000000000000000000000000000000060
:104060000000000000000000000000000000000050
:104070000000000000000000000000000000000040
:104080000000000000000000000000000000000030
:104090000000000000000000000000000000000020
:1040A0000000000000000000000000000000000010
:1040B0000000000000000000000000000000000000
:1040C00000000000000000000000000000000000F0
:1040D00000000000000000000000000000000000E0
:1040E00000000000000000000000000000000000D0
:1040F00000000000000000000000000000000000C0
:1041000000000000000000000000000000000000AF
:10411000000000000000000000000000000000009F
:10412000000000000000000001000000000000008E
:10413000000000000000000000000000000000007F
:10414000000000000000000000000000000000006F
:10415000000000000000000000000000000000005F
:10416000000000000000000000000000000000004F
:10417000000000000000000000000000000000003F
:10418000000000000000000000000000000000002F
:10419000000000000000000000000000000000001F
:1041A000000000000000000000000000000000000F
:1041B00000000000000000000000000000000000FF
:1041C00000000000000000000000000000000000EF
:1041D00000000000000000000000000000000000DF
:1041E00000000000000000000000000000000000CF
:1041F00000000000000000000000000000000000BF
:1042000000000000000000000000000000000000AE
:10421000000000000000000000000000000000009E
:10422000000000000100000000000000000000008D
:10423000000000000000000000000000000000007E
:10424000000000000000000000000000000000006E
:10425000000000000000000000000000000000005E
:10426000000000000000000000000000000000004E
:10427000000000000000000000000000000000003E
:10428000000000000000000000000000000000002E
:10429000000000000000000000000000000000001E
:1042A000000000000000000000000000000000000E
:1042B00000000000000000000000000000000000FE
:1042C00000000000000000000000000000000000EE
:1042D00000000000000000000000000000000000DE
:1042E00000000000000000000000000000000000CE
:1042F00000000000000000000000000000000000BE
:1043000000000000000000000000000000000000AD
:10431000000000000000000000000000000000009D
:10432000010000000000000000000000000000008C
:10433000000000000000000000000000000000007D
:10434000000000000000000000000000000000006D
:10435000000000000000000000000000000000005D
:10436000000000000000000000000000000000004D
:10437000000000000000000000000000000000003D
:10438000000000000000000000000000000000002D
:10439000000000000000000000000000000000001D
:1043A000000000000000000000000000000000000D
:1043B00000000000000000000000000000000000FD
:1043C00000000000000000000000000000000000ED
:1043D00000000000000000000000000000000000DD
:1043E00000000000000000000000000000000000CD
:1043F00000000000000000000000000000000000BD
:1044000000000000000000000000000000000000AC
:10441000000000000000000000000000010000009B
:10442000000000000000000000000000000000008C
:10443000000000000000000000000000000000007C
:10444000000000000000000000000000000000006C
:10445000000000000000000000000000000000005C
:10446000000000000000000000000000000000004C
:10447000000000000000000000000000000000003C
:10448000000000000000000000000000000000002C
:10449000000000000000000000000000000000001C
:1044A000000000000000000000000000000000000C
:1044B00000000000000000000000000000000000FC
:1044C00000000000000000000000000000000000EC
:1044D00000000000000000000000000000000000DC
:1044E00000000000000000000000000000000000CC
:1044F00000000000000000000000000000000000BC
:1045000000000000000000000000000000000000AB
:10451000000000000000000001000000000000009A
:10452000000000000000000000000000000000008B
:10453000000000000000000000000000000000007B
:10454000000000000000000000000000000000006B
:10455000000000000000000000000000000000005B
:10456000000000000000000000000000000000004B
:10457000000000000000000000000000000000003B
:10458000000000000000000000000000000000002B
:10459000000000000000000000000000000000001B
:1045A000000000000000000000000000000000000B
:1045B00000000000000000000000000000000000FB
:1045C00000000000000000000000000000000000EB
:1045D00000000000000000000000000000000000DB
:1045E00000000000000000000000000000000000CB
:1045F00000000000000000000000000000000000BB
:1046000000000000000000000000000000000000AA
:104610000000000001000000000000000000000099
:10462000000000000000000000000000000000008A
:10463000000000000000000000000000000000007A
:10464000000000000000000000000000000000006A
:10465000000000000000000000000000000000005A
:10466000000000000000000000000000000000004A
:10467000000000000000000000000000000000003A
:10468000000000000000000000000000000000002A
:10469000000000000000000000000000000000001A
:1046A000000000000000000000000000000000000A
:1046B00000000000000000000000000000000000FA
:1046C00000000000000000000000000000000000EA
:1046D00000000000000000000000000000000000DA
:1046E00000000000000000000000000000000000CA
:1046F00000000000000000000000000000000000BA
:1047000000000000000000000000000000000000A9
:104710000100000000000000000000000000000098
:104720000000000000000000000000000000000089
:104730000000000000000000000000000000000079
:104740000000000000000000000000000000000069
:104750000000000000000000000000000000000059
:104760000000000000000000000000000000000049
:104770000000000000000000000000000000000039
:104780000000000000000000000000000000000029
:104790000000000000000000000000000000000019
:1047A0000000000000000000000000000000000009
:1047B00000000000000000000000000000000000F9
:1047C00000000000000000000000000000000000E9
:1047D00000000000000000000000000000000000D9
:1047E00000000000000000000000000000000000C9
:1047F00000000000000000000000000000000000B9
:1048000000000000000000000000000001000000A7
:104810000000000000000000000000000000000098
:104820000000000000000000000000000000000088
:104830000000000000000000000000000000000078
:104840000000000000000000000000000000000068
:104850000000000000000000000000000000000058
:104860000000000000000000000000000000000048
:104870000000000000000000000000000000000038
:104880000000000000000000000000000000000028
:104890000000000000000000000000000000000018
:1048A0000000000000000000000000000000000008
:1048B00000000000000000000000000000000000F8
:1048C00000000000000000000000000000000000E8
:1048D00000000000000000000000000000000000D8
:1048E00000000000000000000000000000000000C8
:1048F00000000000000000000000000000000000B8
:1049000000000000000000000100000000000000A6
:104910000000000000000000000000000000000097
:104920000000000000000000000000000000000087
:104930000000000000000000000000000000000077
:104940000000000000000000000000000000000067
:104950000000000000000000000000000000000057
:104960000000000000000000000000000000000047
:104970000000000000000000000000000000000037
:104980000000000000000000000000000000000027
:104990000000000000000000000000000000000017
:1049A0000000000000000000000000000000000007
:1049B00000000000000000000000000000000000F7
:1049C00000000000000000000000000000000000E7
:1049D00000000000000000000000000000000000D7
:1049E00000000000000000000000000000000000C7
:1049F00000000000000000000000000000000000B7
:104A000000000000010000000000000000000000A5
:104A10000000000000000000000000000000000096
:104A20000000000000000000000000000000000086
:104A30000000000000000000000000000000000076
:104A40000000000000000000000000000000000066
:104A50000000000000000000000000000000000056
:104A60000000000000000000000000000000000046
:104A70000000000000000000000000000000000036
:104A80000000000000000000000000000000000026
:104A90000000000000000000000000000000000016
:104AA0000000000000000000000000000000000006
:104AB00000000000000000000000000000000000F6
:104AC00000000000000000000000000000000000E6
:104AD00000000000000000000000000000000000D6
:104AE00000000000000000000000000000000000C6
:104AF00000000000000000000000000000000000B6
:104B000001000000000000000000000000000000A4
:104B10000000000000000000000000000000000095
:104B20000000000000000000000000000000000085
:104B30000000000000000000000000000000000075
:104B40000000000000000000000000000000000065
:104B50000000000000000000000000000000000055
:104B60000000000000000000000000000000000045
:104B70000000000000000000000000000000000035
:104B80000000000000000000000000000000000025
:104B90000000000000000000000000000000000015
:104BA0000000000000000000000000000000000005
:104BB00000000000000000000000000000000000F5
:104BC00000000000000000000000000000000000E5
:104BD00000000000000000000000000000000000D5
:104BE00000000000000000000000000000000000C5
:104BF00000000000000000000000000001000000B4
:104C000000000000000000000000000000000000A4
:104C10000000000000000000000000000000000094
:104C20000000000000000000000000000000000084
:104C30000000000000000000000000000000000074
:104C40000000000000000000000000000000000064
:104C50000000000000000000000000000000000054
:104C60000000000000000000000000000000000044
:104C70000000000000000000000000000000000034
:104C80000000000000000000000000000000000024
:104C90000000000000000000000000000000000014
:104CA0000000000000000000000000000000000004
:104CB00000000000000000000000000000000000F4
:104CC00000000000000000000000000000000000E4
:104CD00000000000000000000000000000000000D4
:104CE00000000000000000000000000000000000C4
:104CF00000000000000000000100000000000000B3
:104D000000000000000000000000000000000000A3
:104D10000000000000000000000000000000000093
:104D20000000000000000000000000000000000083
:104D30000000000000000000000000000000000073
:104D40000000000000000000000000000000000063
:104D50000000000000000000000000000000000053
:104D60000000000000000000000000000000000043
:104D70000000000000000000000000000000000033
:104D80000000000000000000000000000000000023
:104D90000000000000000000000000000000000013
:104DA0000000000000000000000000000000000003
:104DB00000000000000000000000000000000000F3
:104DC00000000000000000000000000000000000E3
:104DD00000000000000000000000000000000000D3
:104DE00000000000000000000000000000000000C3
:104DF00000000000010000000000000000000000B2
:104E000000000000000000000000000000000000A2
:104E10000000000000000000000000000000000092
:104E20000000000000000000000000000000000082
:104E30000000000000000000000000000000000072
:104E40000000000000000000000000000000000062
:104E50000000000000000000000000000000000052
:104E60000000000000000000000000000000000042
:104E70000000000000000000000000000000000032
:104E80000000000000000000000000000000000022
:104E90000000000000000000000000000000000012
:104EA0000000000000000000000000000000000002
:104EB00000000000000000000000000000000000F2
:104EC00000000000000000000000000000000000E2
:104ED00000000000000000000000000000000000D2
:104EE00000000000000000000000000000000000C2
:104EF00001000000000000000000000000000000B1
:104F000000000000000000000000000000000000A1
:104F10000000000000000000000000000000000091
:104F20000000000000000000000000000000000081
:104F30000000000000000000000000000000000071
:104F40000000000000000000000000000000000061
:104F50000000000000000000000000000000000051
:104F60000000000000000000000000000000000041
:104F70000000000000000000000000000000000031
:104F80000000000000000000000000000000000021
:104F90000000000000000000000000000000000011
:104FA0000000000000000000000000000000000001
:104FB00000000000000000000000000000000000F1
:104FC00000000000000000000000000000000000E1
:104FD00000000000000000000000000000000000D1
:104FE00000000000000000000000000002000000BF
:104FF0000002000000000000FFFFFFFFFF1F000095
:105000001F000000000000007FFE0000E407000019
:105010001D40000000000000000000000000000033
:10502000FFFFFFFF1FFF1B00BAABBABA1010101032
:10503000A0354D00FF000000C40900000000000082
:105040000080004000000000000000000C00000094
:105050000000000000FF7F0000000000AFD8020049
:10506000000000004BD8020000000000DDD8020064
:105070000000000097D802000000000093D8020052
:1050800000000000FF000000E0A603000100000097
:0450900024A803004D
:0400000300001101E7
:00000001FF
